Timestamp,Phase,TargetShoulderPitch,TargetElbowAngle,TargetPosX,TargetPosY,TargetPosZ,ActualPosX,ActualPosY,ActualPosZ,ActualShoulderPitch,ActualElbowAngle,PositionError,JointSpaceError,ShoulderPitchVel,ElbowVel,ShoulderPitchJerk,ElbowJerk,PathLength,OptimalPathLength,PathEfficiency,EMGRawCh1,EMGRawCh2,EMGRawCh3,EMGRawCh4,EMGFilteredCh1,EMGFilteredCh2,EMGFilteredCh3,EMGFilteredCh4,EMGNormalizedCh1,EMGNormalizedCh2,EMGNormalizedCh3,EMGNormalizedCh4
0.08496094,InitialFreeze,0,92,-0.1607564,0.6876712,0.1761328,0.239,-0.08831209,0.3404917,75,0,0.8882393,83.5,0,0,0,0,0,0.8882393,888.2392,-1.635,0.591,-1.635,-1.635,1.63458,0.5910001,1.632603,1.626117,0,0,0,0
0.1701431,InitialFreeze,0,92,-0.1607564,0.6876712,0.1761328,0.239,-0.08831209,0.3404917,75,0,0.8882393,83.5,0,0,0,0,0,0.8882393,888.2392,-1.635,0.591,-1.635,-1.635,1.6347,0.5910001,1.600761,1.626774,0,0,0,0
0.2609558,InitialFreeze,0,92,-0.1607564,0.6876712,0.1761328,0.239,-0.08831209,0.3404917,75,0,0.8882393,83.5,0,0,0,0,0,0.8882393,888.2392,-1.635,0.591,-1.635,-1.635,1.6347,0.5910001,1.600761,1.626774,0,0,0,0
0.3291473,InitialFreeze,0,92,-0.1607564,0.6876712,0.1761328,0.239,-0.08831209,0.3404917,75,0,0.8882393,83.5,0,0,0,0,0,0.8882393,888.2392,-1.635,0.591,-1.635,-1.635,1.63458,0.5910001,1.565033,1.627014,0,0,0,0
0.4116516,InitialFreeze,0,92,-0.1607564,0.6876712,0.1761328,0.239,-0.08831209,0.3404917,75,0,0.8882393,83.5,0,0,0,0,0,0.8882393,888.2392,-1.635,0.591,-1.635,-1.635,1.63458,0.5910001,1.565033,1.627014,0,0,0,0
0.4724808,InitialFreeze,0,92,-0.1607564,0.6876712,0.1761328,0.239,-0.08831209,0.3404917,75,0,0.8882393,83.5,0,0,0,0,0,0.8882393,888.2392,-1.635,0.591,-1.635,-1.635,1.63452,0.5910001,1.567671,1.626455,0,0,0,0
0.5373383,InitialFreeze,0,92,-0.1607564,0.6876712,0.1761328,0.239,-0.08831209,0.3404917,75,0,0.8882393,83.5,0,0,0,0,0,0.8882393,888.2392,-1.635,0.591,-1.635,-1.635,1.63452,0.5910001,1.567671,1.626455,0,0,0,0
0.6121674,InitialFreeze,0,92,-0.1607564,0.6876712,0.1761328,0.239,-0.08831209,0.3404917,75,0,0.8882393,83.5,0,0,0,0,0,0.8882393,888.2392,-1.635,0.591,-1.635,-1.635,1.63464,0.5910001,1.58923,1.626057,0,0,0,0
0.7123947,InitialFreeze,0,92,-0.1607564,0.6876712,0.1761328,0.239,-0.08831209,0.3404917,75,0,0.8882393,83.5,0,0,0,0,0,0.8882393,888.2392,-1.635,0.591,-1.635,-1.635,1.63464,0.5910001,1.58923,1.626057,0,0,0,0
0.7780762,InitialFreeze,0,92,-0.1607564,0.6876712,0.1761328,0.239,-0.08831209,0.3404917,75,0,0.8882393,83.5,0,0,0,0,0,0.8882393,888.2392,-1.635,0.591,-1.635,-1.635,1.63458,0.5910001,1.595055,1.625936,0,0,0,0
0.8563385,InitialFreeze,0,92,-0.1607564,0.6876712,0.1761328,0.239,-0.08831209,0.3404917,75,0,0.8882393,83.5,0,0,0,0,0,0.8882393,888.2392,-1.635,0.591,-1.635,-1.635,1.63458,0.5910001,1.595055,1.625936,0,0,0,0
0.9320297,InitialFreeze,0,92,-0.1607564,0.6876712,0.1761328,0.239,-0.08831209,0.3404917,75,0,0.8882393,83.5,0,0,0,0,0,0.8882393,888.2392,-1.635,0.591,1.629,-1.613,1.63452,0.5910001,1.551183,1.625635,0,0,0,0
1.079788,Movement,0,92,-0.1607564,0.6876712,0.1761328,0.239,-0.08831209,0.3404917,75,0,0.8882393,83.5,0,0,0,0,0,0.8882393,888.2392,-1.635,0.591,1.629,-1.613,1.63476,0.5910001,1.568237,1.626256,0,0,0,0
1.160118,Movement,0,92,-0.1607564,0.6876712,0.1761328,0.239,-0.08831209,0.3404917,75,0,0.8882393,83.5,0,0,0,0,0,0.8882393,888.2392,-1.635,0.591,1.629,-1.613,1.63458,0.5910001,1.59035,1.626554,0,0,0,0
1.2314,Movement,0,92,-0.1607564,0.6876712,0.1761328,0.239,-0.08831209,0.3404917,75,0,0.8882393,83.5,0,0,0,0,0,0.8882393,888.2392,-1.635,0.591,1.629,-1.613,1.63458,0.5910001,1.59035,1.626554,0,0,0,0
1.317253,Movement,0,92,-0.1607564,0.6876712,0.1761328,0.239,-0.08831209,0.3404917,75,0,0.8882393,83.5,0,0,0,0,0,0.8882393,888.2392,-1.635,0.591,1.629,-1.613,1.63458,0.5910001,1.59035,1.626554,0,0,0,0
1.388733,Movement,0,92,-0.1607564,0.6876712,0.1761328,0.239,-0.08831209,0.3404917,75,0,0.8882393,83.5,0,0,0,0,0,0.8882393,888.2392,-1.635,0.591,1.629,-1.613,1.63452,0.5910001,1.597874,1.626815,0,0,0,0
1.471947,Movement,0,92,-0.1607564,0.6876712,0.1761328,0.239,-0.08831209,0.3404917,75,0,0.8882393,83.5,0,0,0,0,0,0.8882393,888.2392,-1.635,0.591,1.629,-1.613,1.63452,0.5910001,1.597874,1.626815,0,0,0,0
1.536987,Movement,0,92,-0.1607564,0.6876712,0.1761328,0.239,-0.08831209,0.3404917,75,0,0.8882393,83.5,0,0,0,0,0,0.8882393,888.2392,-1.635,0.591,1.629,-1.613,1.6347,0.5910001,1.600913,1.626995,0,0,0,0
1.613091,Movement,0,92,-0.1607564,0.6876712,0.1761328,0.239,-0.08831209,0.3404917,75,0,0.8882393,83.5,0,0,0,0,0,0.8882393,888.2392,-1.635,0.591,1.629,-1.613,1.6347,0.5910001,1.600913,1.626995,0,0,0,0
1.679283,Movement,0,92,-0.1607564,0.6876712,0.1761328,0.239,-0.08831209,0.3404917,75,0,0.8882393,83.5,0,0,0,0,0,0.8882393,888.2392,-1.635,0.591,1.629,-1.613,1.6347,0.5910001,1.600913,1.626995,0,0,0,0
1.717636,Movement,0,92,-0.1607564,0.6876712,0.1761328,0.239,-0.08831209,0.3404917,75,0,0.8882393,83.5,0,0,0,0,0,0.8882393,888.2392,-1.635,0.591,1.629,-1.613,1.63452,0.5910001,1.617434,1.626935,0,0,0,0
1.762497,Movement,0,92,-0.1607564,0.6876712,0.1761328,0.239,-0.08831209,0.3404917,75,0,0.8882393,83.5,0,0,0,0,0,0.8882393,888.2392,-1.635,0.591,1.629,-1.613,1.63452,0.5910001,1.617434,1.626935,0,0,0,0
1.804016,Movement,0,92,-0.1607564,0.6876712,0.1761328,0.239,-0.08831209,0.3404917,75,0,0.8882393,83.5,0,0,0,0,0,0.8882393,888.2392,-1.635,0.591,1.629,-1.613,1.6344,0.5910001,1.598452,1.625677,0,0,0,0
1.882011,Movement,0,92,-0.1607564,0.6876712,0.1761328,0.239,-0.08831209,0.3404917,75,0,0.8882393,83.5,0,0,0,0,0,0.8882393,888.2392,-1.635,0.591,1.629,-1.613,1.6344,0.5910001,1.598452,1.625677,0,0,0,0
1.944077,Movement,0,92,-0.1607564,0.6876712,0.1761328,0.239,-0.08831209,0.3404917,75,0,0.8882393,83.5,0,0,0,0,0,0.8882393,888.2392,-1.635,0.591,-1.635,-1.635,1.63452,0.5910001,1.632842,1.626117,0,0,0,0
2.031288,Movement,0,92,-0.1607564,0.6876712,0.1761328,0.239,-0.08831209,0.3404917,75,0,0.8882393,83.5,0,0,0,0,0,0.8882393,888.2392,-1.635,0.591,-1.635,-1.635,1.63452,0.5910001,1.632842,1.626117,0,0,0,0
2.099075,Movement,0,92,-0.1607564,0.6876712,0.1761328,0.239,-0.08831209,0.3404917,75,0,0.8882393,83.5,0,0,0,0,0,0.8882393,888.2392,-1.635,0.591,-1.635,-1.635,1.63458,0.5910001,1.632404,1.626296,0,0,0,0
2.157837,Movement,0,92,-0.1607564,0.6876712,0.1761328,0.239,-0.08831209,0.3404917,75,0,0.8882393,83.5,0,0,0,0,0,0.8882393,888.2392,-1.635,0.591,-1.635,-1.635,1.63458,0.5910001,1.632404,1.626296,0,0,0,0
2.234863,Movement,0,92,-0.1607564,0.6876712,0.1761328,0.239,-0.08831209,0.3404917,75,0,0.8882393,83.5,0,0,0,0,0,0.8882393,888.2392,-1.635,0.591,-1.635,-1.635,1.63452,0.5910001,1.604067,1.626695,0,0,0,0
2.298691,Movement,0,92,-0.1607564,0.6876712,0.1761328,0.239,-0.08831209,0.3404917,75,0,0.8882393,83.5,0,0,0,0,0,0.8882393,888.2392,-1.635,0.591,-1.635,-1.635,1.63452,0.5910001,1.604067,1.626695,0,0,0,0
2.378128,Movement,0,92,-0.1607564,0.6876712,0.1761328,0.239,-0.08831209,0.3404917,75,0,0.8882393,83.5,0,0,0,0,0,0.8882393,888.2392,-1.635,0.591,-1.635,-1.635,1.63458,0.5910001,1.558291,1.626954,0,0,0,0
2.446953,Movement,0,92,-0.1607564,0.6876712,0.1761328,0.239,-0.08831209,0.3404917,75,0,0.8882393,83.5,0,0,0,0,0,0.8882393,888.2392,-1.635,0.591,-1.635,-1.635,1.63458,0.5910001,1.558291,1.626954,0,0,0,0
2.531357,Movement,0,92,-0.1607564,0.6876712,0.1761328,0.239,-0.08831209,0.3404917,75,0,0.8882393,83.5,0,0,0,0,0,0.8882393,888.2392,-1.635,0.591,-1.635,-1.635,1.63458,0.5910001,1.563023,1.626615,0,0,0,0
2.598259,Movement,0,92,-0.1607564,0.6876712,0.1761328,0.239,-0.08831209,0.3404917,75,0,0.8882393,83.5,0,0,0,0,0,0.8882393,888.2392,-1.635,0.591,-1.635,-1.635,1.63458,0.5910001,1.563023,1.626615,0,0,0,0
2.673531,Movement,0,92,-0.1607564,0.6876712,0.1761328,0.239,-0.08831209,0.3404917,75,0,0.8882393,83.5,0,0,0,0,0,0.8882393,888.2392,-1.635,0.591,-1.635,-1.635,1.63458,0.5910001,1.563023,1.626615,0,0,0,0
2.744438,Movement,0,92,-0.1607564,0.6876712,0.1761328,0.239,-0.08831209,0.3404917,75,0,0.8882393,83.5,0,0,0,0,0,0.8882393,888.2392,-1.635,0.591,-1.635,-1.635,1.63452,0.5910001,1.596993,1.626436,0,0,0,0
2.800354,Movement,0,92,-0.1607564,0.6876712,0.1761328,0.239,-0.08831209,0.3404917,75,0,0.8882393,83.5,0,0,0,0,0,0.8882393,888.2392,-1.635,0.591,-1.635,-1.635,1.63458,0.5910001,1.563514,1.625955,0,0,0,0
2.936958,Movement,0,92,-0.1607564,0.6876712,0.1761328,0.239,-0.08831209,0.3404917,75,0,0.8882393,83.5,0,0,0,0,0,0.8882393,888.2392,-1.635,0.591,-1.635,-1.635,1.63458,0.5910001,1.563514,1.625955,0,0,0,0
3.008926,Movement,0,92,-0.1607564,0.6876712,0.1761328,0.239,-0.08831209,0.3404917,75,0,0.8882393,83.5,0,0,0,0,0,0.8882393,888.2392,-1.635,0.591,-1.635,-1.635,1.63476,0.5910001,1.580765,1.626556,0,0,0,0
3.097733,Movement,0,92,-0.1607564,0.6876712,0.1761328,0.239,-0.08831209,0.3404917,75,0,0.8882393,83.5,0,0,0,0,0,0.8882393,888.2392,-1.635,0.591,-1.635,-1.635,1.63476,0.5910001,1.580765,1.626556,0,0,0,0
3.173042,Movement,0,92,-0.1607564,0.6876712,0.1761328,0.239,-0.08831209,0.3404917,75,0,0.8882393,83.5,0,0,0,0,0,0.8882393,888.2392,-1.635,0.591,-1.635,-1.635,1.63458,0.5910001,1.60948,1.626895,0,0,0,0
3.244873,Movement,0,92,-0.1607564,0.6876712,0.1761328,0.239,-0.08831209,0.3404917,75,0,0.8882393,83.5,0,0,0,0,0,0.8882393,888.2392,-1.635,0.591,-1.635,-1.635,1.63458,0.5910001,1.60948,1.626895,0,0,0,0
3.291069,Movement,0,92,-0.1607564,0.6876712,0.1761328,0.239,-0.08831209,0.3404917,75,0,0.8882393,83.5,0,0,0,0,0,0.8882393,888.2392,-1.635,0.591,1.629,-1.613,1.63458,0.5910001,1.585278,1.626935,0,0,0,0
3.364647,Movement,0,92,-0.1607564,0.6876712,0.1761328,0.239,-0.08831209,0.3404917,75,0,0.8882393,83.5,0,0,0,0,0,0.8882393,888.2392,-1.635,0.591,1.629,-1.613,1.63458,0.5910001,1.585278,1.626935,0,0,0,0
3.423409,Movement,0,92,-0.1607564,0.6876712,0.1761328,0.239,-0.08831209,0.3404917,75,0,0.8882393,83.5,0,0,0,0,0,0.8882393,888.2392,-1.635,0.591,1.632,-1.613,1.63476,0.5910001,1.593579,1.626995,0,0,0,0
3.50177,Movement,0,92,-0.1607564,0.6876712,0.1761328,0.239,-0.08831209,0.3404917,75,0,0.8882393,83.5,0,0,0,0,0,0.8882393,888.2392,-1.635,0.591,1.632,-1.613,1.63476,0.5910001,1.593579,1.626995,0,0,0,0
3.558647,Movement,0,92,-0.1607564,0.6876712,0.1761328,0.239,-0.08831209,0.3404917,75,0,0.8882393,83.5,0,0,0,0,0,0.8882393,888.2392,-1.635,0.591,1.632,-1.613,1.63476,0.5910001,1.593579,1.626995,0,0,0,0
3.640106,Movement,0,92,-0.1607564,0.6876712,0.1761328,0.239,-0.08831209,0.3404917,75,0,0.8882393,83.5,0,0,0,0,0,0.8882393,888.2392,-1.635,0.591,1.629,-1.613,1.63458,0.5910001,1.602464,1.626176,0,0,0,0
3.705055,Movement,0,92,-0.1607564,0.6876712,0.1761328,0.239,-0.08831209,0.3404917,75,0,0.8882393,83.5,0,0,0,0,0,0.8882393,888.2392,-1.635,0.591,1.629,-1.613,1.63458,0.5910001,1.602464,1.626176,0,0,0,0
3.763771,Movement,0,92,-0.1607564,0.6876712,0.1761328,0.239,-0.08831209,0.3404917,75,0,0.8882393,83.5,0,0,0,0,0,0.8882393,888.2392,-1.635,0.591,1.629,-1.613,1.63458,0.5910001,1.602464,1.626176,0,0,0,0
3.814125,Movement,0,92,-0.1607564,0.6876712,0.1761328,0.239,-0.08831209,0.3404917,75,0,0.8882393,83.5,0,0,0,0,0,0.8882393,888.2392,-1.635,0.591,1.629,-1.613,1.63458,0.5910001,1.632543,1.625677,0,0,0,0
3.890686,Movement,0,92,-0.1607564,0.6876712,0.1761328,0.239,-0.08831209,0.3404917,75,0,0.8882393,83.5,0,0,0,0,0,0.8882393,888.2392,-1.635,0.591,1.629,-1.613,1.63458,0.5910001,1.632543,1.625677,0,0,0,0
3.947914,Movement,0,92,-0.1607564,0.6876712,0.1761328,0.239,-0.08831209,0.3404917,75,0,0.8882393,83.5,0,0,0,0,0,0.8882393,888.2392,-1.635,0.591,1.629,-1.613,1.6347,0.5910001,1.632363,1.625916,0,0,0,0
4.005424,Movement,0,92,-0.1607564,0.6876712,0.1761328,0.239,-0.08831209,0.3404917,75,0,0.8882393,83.5,0,0,0,0,0,0.8882393,888.2392,-1.635,0.591,1.629,-1.613,1.6347,0.5910001,1.632363,1.625916,0,0,0,0
4.078163,Movement,0,92,-0.1607564,0.6876712,0.1761328,0.239,-0.08831209,0.3404917,75,0,0.8882393,83.5,0,0,0,0,0,0.8882393,888.2392,-1.635,0.591,1.629,-1.613,1.63452,0.5910001,1.58573,1.626694,0,0,0,0
4.146591,Movement,0,92,-0.1607564,0.6876712,0.1761328,0.239,-0.08831209,0.3404917,75,0,0.8882393,83.5,0,0,0,0,0,0.8882393,888.2392,-1.635,0.591,1.629,-1.613,1.63452,0.5910001,1.58573,1.626694,0,0,0,0
4.188667,Movement,0,92,-0.1607564,0.6876712,0.1761328,0.239,-0.08831209,0.3404917,75,0,0.8882393,83.5,0,0,0,0,0,0.8882393,888.2392,-1.635,0.591,1.629,-1.613,1.63452,0.5910001,1.58573,1.626694,0,0,0,0
4.229675,Movement,0,92,-0.1607564,0.6876712,0.1761328,0.239,-0.08831209,0.3404917,75,0,0.8882393,83.5,0,0,0,0,0,0.8882393,888.2392,-1.635,0.591,1.629,-1.613,1.63458,0.5910001,1.551412,1.626554,0,0,0,0
4.328331,Movement,0,92,-0.1607564,0.6876712,0.1761328,0.239,-0.08831209,0.3404917,75,0,0.8882393,83.5,0,0,0,0,0,0.8882393,888.2392,-1.635,0.591,1.629,-1.613,1.63458,0.5910001,1.551412,1.626554,0,0,0,0
4.335342,Movement,0,92,-0.1607564,0.6876712,0.1761328,0.239,-0.08831209,0.3404917,75,0,0.8882393,83.5,0,0,0,0,0,0.8882393,888.2392,-1.635,0.591,1.629,-1.613,1.63458,0.5910001,1.551412,1.626554,0,0,0,0
4.341537,Movement,0,92,-0.1607564,0.6876712,0.1761328,0.239,-0.08831209,0.3404917,75,0,0.8882393,83.5,0,0,0,0,0,0.8882393,888.2392,-1.635,0.591,1.629,-1.613,1.63458,0.5910001,1.551412,1.626554,0,0,0,0
4.348427,Movement,0,92,-0.1607564,0.6876712,0.1761328,0.239,-0.08831209,0.3404917,75,0,0.8882393,83.5,0,0,0,0,0,0.8882393,888.2392,-1.635,0.591,1.629,-1.613,1.63458,0.5910001,1.551412,1.626554,0,0,0,0
4.354652,Movement,0,92,-0.1607564,0.6876712,0.1761328,0.239,-0.08831209,0.3404917,75,0,0.8882393,83.5,0,0,0,0,0,0.8882393,888.2392,-1.635,0.591,1.629,-1.613,1.63458,0.5910001,1.551412,1.626554,0,0,0,0
4.360085,Movement,0,92,-0.1607564,0.6876712,0.1761328,0.239,-0.08831209,0.3404917,75,0,0.8882393,83.5,0,0,0,0,0,0.8882393,888.2392,-1.635,0.591,1.629,-1.613,1.63458,0.5910001,1.551412,1.626554,0,0,0,0
4.365532,Movement,0,92,-0.1607564,0.6876712,0.1761328,0.239,-0.08831209,0.3404917,75,0,0.8882393,83.5,0,0,0,0,0,0.8882393,888.2392,-1.635,0.591,1.629,-1.613,1.63458,0.5910001,1.551412,1.626554,0,0,0,0
4.370148,Movement,0,92,-0.1607564,0.6876712,0.1761328,0.239,-0.08831209,0.3404917,75,0,0.8882393,83.5,0,0,0,0,0,0.8882393,888.2392,-1.635,0.591,-1.635,-1.635,1.6347,0.5910001,1.589407,1.626056,0,0,0,0
4.375366,Movement,0,92,-0.1607564,0.6876712,0.1761328,0.239,-0.08831209,0.3404917,75,0,0.8882393,83.5,0,0,0,0,0,0.8882393,888.2392,-1.635,0.591,-1.635,-1.635,1.6347,0.5910001,1.589407,1.626056,0,0,0,0
4.380386,Movement,0,92,-0.1607564,0.6876712,0.1761328,0.239,-0.08831209,0.3404917,75,0,0.8882393,83.5,0,0,0,0,0,0.8882393,888.2392,-1.635,0.591,-1.635,-1.635,1.6347,0.5910001,1.589407,1.626056,0,0,0,0
4.385994,Movement,0,92,-0.1607564,0.6876712,0.1761328,0.239,-0.08831209,0.3404917,75,0,0.8882393,83.5,0,0,0,0,0,0.8882393,888.2392,-1.635,0.591,-1.635,-1.635,1.6347,0.5910001,1.589407,1.626056,0,0,0,0
4.390488,Movement,0,92,-0.1607564,0.6876712,0.1761328,0.239,-0.08831209,0.3404917,75,0,0.8882393,83.5,0,0,0,0,0,0.8882393,888.2392,-1.635,0.591,-1.635,-1.635,1.6347,0.5910001,1.589407,1.626056,0,0,0,0
4.396591,Movement,0,92,-0.1607564,0.6876712,0.1761328,0.239,-0.08831209,0.3404917,75,0,0.8882393,83.5,0,0,0,0,0,0.8882393,888.2392,-1.635,0.591,-1.635,-1.635,1.6347,0.5910001,1.589407,1.626056,0,0,0,0
4.400497,Movement,0,92,-0.1607564,0.6876712,0.1761328,0.239,-0.08831209,0.3404917,75,0,0.8882393,83.5,0,0,0,0,0,0.8882393,888.2392,-1.635,0.591,-1.635,-1.635,1.6347,0.5910001,1.589407,1.626056,0,0,0,0
4.404549,Movement,0,92,-0.1607564,0.6876712,0.1761328,0.239,-0.08831209,0.3404917,75,0,0.8882393,83.5,0,0,0,0,0,0.8882393,888.2392,-1.635,0.591,-1.635,-1.635,1.6347,0.5910001,1.589407,1.626056,0,0,0,0
4.408241,Movement,0,92,-0.1607564,0.6876712,0.1761328,0.239,-0.08831209,0.3404917,75,0,0.8882393,83.5,0,0,0,0,0,0.8882393,888.2392,-1.635,0.591,-1.635,-1.635,1.6347,0.5910001,1.589407,1.626056,0,0,0,0
4.412331,Movement,0,92,-0.1607564,0.6876712,0.1761328,0.239,-0.08831209,0.3404917,75,0,0.8882393,83.5,0,0,0,0,0,0.8882393,888.2392,-1.635,0.591,-1.635,-1.635,1.6347,0.5910001,1.589407,1.626056,0,0,0,0
4.416557,Movement,0,92,-0.1607564,0.6876712,0.1761328,0.239,-0.08831209,0.3404917,75,0,0.8882393,83.5,0,0,0,0,0,0.8882393,888.2392,-1.635,0.591,-1.635,-1.635,1.6347,0.5910001,1.589407,1.626056,0,0,0,0
4.420586,Movement,0,92,-0.1607564,0.6876712,0.1761328,0.239,-0.08831209,0.3404917,75,0,0.8882393,83.5,0,0,0,0,0,0.8882393,888.2392,-1.635,0.591,-1.635,-1.635,1.6347,0.5910001,1.589407,1.626056,0,0,0,0
4.424744,Movement,0,92,-0.1607564,0.6876712,0.1761328,0.239,-0.08831209,0.3404917,75,0,0.8882393,83.5,0,0,0,0,0,0.8882393,888.2392,-1.635,0.591,-1.635,-1.635,1.6347,0.5910001,1.589407,1.626056,0,0,0,0
4.42868,Movement,0,92,-0.1607564,0.6876712,0.1761328,0.239,-0.08831209,0.3404917,75,0,0.8882393,83.5,0,0,0,0,0,0.8882393,888.2392,-1.635,0.591,-1.635,-1.635,1.6347,0.5910001,1.589407,1.626056,0,0,0,0
4.433472,Movement,0,92,-0.1607564,0.6876712,0.1761328,0.239,-0.08831209,0.3404917,75,0,0.8882393,83.5,0,0,0,0,0,0.8882393,888.2392,-1.635,0.591,-1.635,-1.635,1.6347,0.5910001,1.589407,1.626056,0,0,0,0
4.437561,Movement,0,92,-0.1607564,0.6876712,0.1761328,0.239,-0.08831209,0.3404917,75,0,0.8882393,83.5,0,0,0,0,0,0.8882393,888.2392,-1.635,0.591,-1.635,-1.635,1.6347,0.5910001,1.589407,1.626056,0,0,0,0
4.442192,Movement,0,92,-0.1607564,0.6876712,0.1761328,0.239,-0.08831209,0.3404917,75,0,0.8882393,83.5,0,0,0,0,0,0.8882393,888.2392,-1.635,0.591,-1.635,-1.635,1.6347,0.5910001,1.589407,1.626056,0,0,0,0
4.44619,Movement,0,92,-0.1607564,0.6876712,0.1761328,0.239,-0.08831209,0.3404917,75,0,0.8882393,83.5,0,0,0,0,0,0.8882393,888.2392,-1.635,0.591,-1.635,-1.635,1.6347,0.5910001,1.589407,1.626056,0,0,0,0
4.449776,Movement,0,92,-0.1607564,0.6876712,0.1761328,0.239,-0.08831209,0.3404917,75,0,0.8882393,83.5,0,0,0,0,0,0.8882393,888.2392,-1.635,0.591,-1.635,-1.635,1.6347,0.5910001,1.589407,1.626056,0,0,0,0
4.453773,Movement,0,92,-0.1607564,0.6876712,0.1761328,0.239,-0.08831209,0.3404917,75,0,0.8882393,83.5,0,0,0,0,0,0.8882393,888.2392,-1.635,0.591,-1.635,-1.635,1.6347,0.5910001,1.589407,1.626056,0,0,0,0
4.457397,Movement,0,92,-0.1607564,0.6876712,0.1761328,0.239,-0.08831209,0.3404917,75,0,0.8882393,83.5,0,0,0,0,0,0.8882393,888.2392,-1.635,0.591,-1.635,-1.635,1.6347,0.5910001,1.589407,1.626056,0,0,0,0
4.46212,Movement,0,92,-0.1607564,0.6876712,0.1761328,0.239,-0.08831209,0.3404917,75,0,0.8882393,83.5,0,0,0,0,0,0.8882393,888.2392,-1.635,0.591,-1.635,-1.635,1.6347,0.5910001,1.589407,1.626056,0,0,0,0
4.466415,Movement,0,92,-0.1607564,0.6876712,0.1761328,0.239,-0.08831209,0.3404917,75,0,0.8882393,83.5,0,0,0,0,0,0.8882393,888.2392,-1.635,0.591,-1.635,-1.635,1.6347,0.5910001,1.589407,1.626056,0,0,0,0
4.470154,Movement,0,92,-0.1607564,0.6876712,0.1761328,0.239,-0.08831209,0.3404917,75,0,0.8882393,83.5,0,0,0,0,0,0.8882393,888.2392,-1.635,0.591,-1.635,-1.635,1.6347,0.5910001,1.589407,1.626056,0,0,0,0
4.474144,Movement,0,92,-0.1607564,0.6876712,0.1761328,0.239,-0.08831209,0.3404917,75,0,0.8882393,83.5,0,0,0,0,0,0.8882393,888.2392,-1.635,0.591,-1.635,-1.635,1.6347,0.5910001,1.589407,1.626056,0,0,0,0
4.478386,Movement,0,92,-0.1607564,0.6876712,0.1761328,0.239,-0.08831209,0.3404917,75,0,0.8882393,83.5,0,0,0,0,0,0.8882393,888.2392,-1.635,0.591,-1.635,-1.635,1.6347,0.5910001,1.589407,1.626056,0,0,0,0
4.48307,Movement,0,92,-0.1607564,0.6876712,0.1761328,0.239,-0.08831209,0.3404917,75,0,0.8882393,83.5,0,0,0,0,0,0.8882393,888.2392,-1.635,0.591,-1.635,-1.635,1.6347,0.5910001,1.589407,1.626056,0,0,0,0
4.487167,Movement,0,92,-0.1607564,0.6876712,0.1761328,0.239,-0.08831209,0.3404917,75,0,0.8882393,83.5,0,0,0,0,0,0.8882393,888.2392,-1.635,0.591,-1.635,-1.635,1.6347,0.5910001,1.589407,1.626056,0,0,0,0
4.491058,Movement,0,92,-0.1607564,0.6876712,0.1761328,0.239,-0.08831209,0.3404917,75,0,0.8882393,83.5,0,0,0,0,0,0.8882393,888.2392,-1.635,0.591,-1.635,-1.635,1.6347,0.5910001,1.589407,1.626056,0,0,0,0
4.494591,Movement,0,92,-0.1607564,0.6876712,0.1761328,0.239,-0.08831209,0.3404917,75,0,0.8882393,83.5,0,0,0,0,0,0.8882393,888.2392,-1.635,0.591,-1.635,-1.635,1.6347,0.5910001,1.589407,1.626056,0,0,0,0
4.499893,Movement,0,92,-0.1607564,0.6876712,0.1761328,0.239,-0.08831209,0.3404917,75,0,0.8882393,83.5,0,0,0,0,0,0.8882393,888.2392,-1.635,0.591,-1.635,-1.635,1.6347,0.5910001,1.589407,1.626056,0,0,0,0
4.504593,Movement,0,92,-0.1607564,0.6876712,0.1761328,0.239,-0.08831209,0.3404917,75,0,0.8882393,83.5,0,0,0,0,0,0.8882393,888.2392,-1.635,0.591,-1.635,-1.635,1.6347,0.5910001,1.589407,1.626056,0,0,0,0
4.509338,Movement,0,92,-0.1607564,0.6876712,0.1761328,0.239,-0.08831209,0.3404917,75,0,0.8882393,83.5,0,0,0,0,0,0.8882393,888.2392,-1.635,0.591,-1.635,-1.635,1.6347,0.5910001,1.589407,1.626056,0,0,0,0
4.513641,Movement,0,92,-0.1607564,0.6876712,0.1761328,0.239,-0.08831209,0.3404917,75,0,0.8882393,83.5,0,0,0,0,0,0.8882393,888.2392,-1.635,0.591,-1.635,-1.635,1.6347,0.5910001,1.589407,1.626056,0,0,0,0
4.517006,Movement,0,92,-0.1607564,0.6876712,0.1761328,0.239,-0.08831209,0.3404917,75,0,0.8882393,83.5,0,0,0,0,0,0.8882393,888.2392,-1.635,0.591,-1.635,-1.635,1.6347,0.5910001,1.589407,1.626056,0,0,0,0
4.520561,Movement,0,92,-0.1607564,0.6876712,0.1761328,0.239,-0.08831209,0.3404917,75,0,0.8882393,83.5,0,0,0,0,0,0.8882393,888.2392,-1.635,0.591,-1.635,-1.635,1.6347,0.5910001,1.589407,1.626056,0,0,0,0
4.525475,Movement,0,92,-0.1607564,0.6876712,0.1761328,0.239,-0.08831209,0.3404917,75,0,0.8882393,83.5,0,0,0,0,0,0.8882393,888.2392,-1.635,0.591,-1.635,-1.635,1.6347,0.5910001,1.589407,1.626056,0,0,0,0
4.528893,Movement,0,92,-0.1607564,0.6876712,0.1761328,0.239,-0.08831209,0.3404917,75,0,0.8882393,83.5,0,0,0,0,0,0.8882393,888.2392,-1.635,0.591,-1.635,-1.635,1.6347,0.5910001,1.589407,1.626056,0,0,0,0
4.533112,Movement,0,92,-0.1607564,0.6876712,0.1761328,0.239,-0.08831209,0.3404917,75,0,0.8882393,83.5,0,0,0,0,0,0.8882393,888.2392,-1.635,0.591,-1.635,-1.635,1.6347,0.5910001,1.589407,1.626056,0,0,0,0
4.536484,Movement,0,92,-0.1607564,0.6876712,0.1761328,0.239,-0.08831209,0.3404917,75,0,0.8882393,83.5,0,0,0,0,0,0.8882393,888.2392,-1.635,0.591,-1.635,-1.635,1.6347,0.5910001,1.589407,1.626056,0,0,0,0
4.540535,Movement,0,92,-0.1607564,0.6876712,0.1761328,0.239,-0.08831209,0.3404917,75,0,0.8882393,83.5,0,0,0,0,0,0.8882393,888.2392,-1.635,0.591,-1.635,-1.635,1.6347,0.5910001,1.589407,1.626056,0,0,0,0
4.544312,Movement,0,92,-0.1607564,0.6876712,0.1761328,0.239,-0.08831209,0.3404917,75,0,0.8882393,83.5,0,0,0,0,0,0.8882393,888.2392,-1.635,0.591,-1.635,-1.635,1.6347,0.5910001,1.589407,1.626056,0,0,0,0
4.54808,Movement,0,92,-0.1607564,0.6876712,0.1761328,0.239,-0.08831209,0.3404917,75,0,0.8882393,83.5,0,0,0,0,0,0.8882393,888.2392,-1.635,0.591,-1.635,-1.635,1.6347,0.5910001,1.589407,1.626056,0,0,0,0
4.551758,Movement,0,92,-0.1607564,0.6876712,0.1761328,0.239,-0.08831209,0.3404917,75,0,0.8882393,83.5,0,0,0,0,0,0.8882393,888.2392,-1.635,0.591,-1.635,-1.635,1.6347,0.5910001,1.589407,1.626056,0,0,0,0
4.55732,Movement,0,92,-0.1607564,0.6876712,0.1761328,0.239,-0.08831209,0.3404917,75,0,0.8882393,83.5,0,0,0,0,0,0.8882393,888.2392,-1.635,0.591,1.613,-1.613,1.63458,0.5910001,1.555532,1.625516,0,0,0,0
4.562157,Movement,0,92,-0.1607564,0.6876712,0.1761328,0.239,-0.08831209,0.3404917,75,0,0.8882393,83.5,0,0,0,0,0,0.8882393,888.2392,-1.635,0.591,1.613,-1.613,1.63458,0.5910001,1.555532,1.625516,0,0,0,0
4.566292,Movement,0,92,-0.1607564,0.6876712,0.1761328,0.239,-0.08831209,0.3404917,75,0,0.8882393,83.5,0,0,0,0,0,0.8882393,888.2392,-1.635,0.591,1.613,-1.613,1.63458,0.5910001,1.555532,1.625516,0,0,0,0
4.570747,Movement,0,92,-0.1607564,0.6876712,0.1761328,0.239,-0.08831209,0.3404917,75,0,0.8882393,83.5,0,0,0,0,0,0.8882393,888.2392,-1.635,0.591,1.613,-1.613,1.63458,0.5910001,1.555532,1.625516,0,0,0,0
4.574867,Movement,0,92,-0.1607564,0.6876712,0.1761328,0.239,-0.08831209,0.3404917,75,0,0.8882393,83.5,0,0,0,0,0,0.8882393,888.2392,-1.635,0.591,1.613,-1.613,1.63458,0.5910001,1.555532,1.625516,0,0,0,0
4.578697,Movement,0,92,-0.1607564,0.6876712,0.1761328,0.239,-0.08831209,0.3404917,75,0,0.8882393,83.5,0,0,0,0,0,0.8882393,888.2392,-1.635,0.591,1.613,-1.613,1.63458,0.5910001,1.555532,1.625516,0,0,0,0
4.589394,Movement,0,92,-0.1607564,0.6876712,0.1761328,0.239,-0.08831209,0.3404917,75,0,0.8882393,83.5,0,0,0,0,0,0.8882393,888.2392,-1.635,0.591,1.613,-1.613,1.63458,0.5910001,1.555532,1.625516,0,0,0,0
4.59346,Movement,0,92,-0.1607564,0.6876712,0.1761328,0.239,-0.08831209,0.3404917,75,0,0.8882393,83.5,0,0,0,0,0,0.8882393,888.2392,-1.635,0.591,1.613,-1.613,1.63458,0.5910001,1.555532,1.625516,0,0,0,0
4.597931,Movement,0,92,-0.1607564,0.6876712,0.1761328,0.239,-0.08831209,0.3404917,75,0,0.8882393,83.5,0,0,0,0,0,0.8882393,888.2392,-1.635,0.591,1.613,-1.613,1.63458,0.5910001,1.555532,1.625516,0,0,0,0
4.602272,Movement,0,92,-0.1607564,0.6876712,0.1761328,0.239,-0.08831209,0.3404917,75,0,0.8882393,83.5,0,0,0,0,0,0.8882393,888.2392,-1.635,0.591,1.613,-1.613,1.63458,0.5910001,1.555532,1.625516,0,0,0,0
4.606003,Movement,0,92,-0.1607564,0.6876712,0.1761328,0.239,-0.08831209,0.3404917,75,0,0.8882393,83.5,0,0,0,0,0,0.8882393,888.2392,-1.635,0.591,1.613,-1.613,1.63458,0.5910001,1.555532,1.625516,0,0,0,0
4.609917,Movement,0,92,-0.1607564,0.6876712,0.1761328,0.239,-0.08831209,0.3404917,75,0,0.8882393,83.5,0,0,0,0,0,0.8882393,888.2392,-1.635,0.591,1.613,-1.613,1.63458,0.5910001,1.555532,1.625516,0,0,0,0
4.614098,Movement,0,92,-0.1607564,0.6876712,0.1761328,0.239,-0.08831209,0.3404917,75,0,0.8882393,83.5,0,0,0,0,0,0.8882393,888.2392,-1.635,0.591,1.613,-1.613,1.63458,0.5910001,1.555532,1.625516,0,0,0,0
4.618439,Movement,0,92,-0.1607564,0.6876712,0.1761328,0.239,-0.08831209,0.3404917,75,0,0.8882393,83.5,0,0,0,0,0,0.8882393,888.2392,-1.635,0.591,1.613,-1.613,1.63458,0.5910001,1.555532,1.625516,0,0,0,0
4.623306,Movement,0,92,-0.1607564,0.6876712,0.1761328,0.239,-0.08831209,0.3404917,75,0,0.8882393,83.5,0,0,0,0,0,0.8882393,888.2392,-1.635,0.591,1.613,-1.613,1.63458,0.5910001,1.555532,1.625516,0,0,0,0
4.628098,Movement,0,92,-0.1607564,0.6876712,0.1761328,0.239,-0.08831209,0.3404917,75,0,0.8882393,83.5,0,0,0,0,0,0.8882393,888.2392,-1.635,0.591,1.613,-1.613,1.63458,0.5910001,1.555532,1.625516,0,0,0,0
4.632675,Movement,0,92,-0.1607564,0.6876712,0.1761328,0.239,-0.08831209,0.3404917,75,0,0.8882393,83.5,0,0,0,0,0,0.8882393,888.2392,-1.635,0.591,1.613,-1.613,1.63458,0.5910001,1.555532,1.625516,0,0,0,0
4.636856,Movement,0,92,-0.1607564,0.6876712,0.1761328,0.239,-0.08831209,0.3404917,75,0,0.8882393,83.5,0,0,0,0,0,0.8882393,888.2392,-1.635,0.591,1.613,-1.613,1.63458,0.5910001,1.555532,1.625516,0,0,0,0
4.640488,Movement,0,92,-0.1607564,0.6876712,0.1761328,0.239,-0.08831209,0.3404917,75,0,0.8882393,83.5,0,0,0,0,0,0.8882393,888.2392,-1.635,0.591,1.613,-1.613,1.63458,0.5910001,1.555532,1.625516,0,0,0,0
4.644211,Movement,0,92,-0.1607564,0.6876712,0.1761328,0.239,-0.08831209,0.3404917,75,0,0.8882393,83.5,0,0,0,0,0,0.8882393,888.2392,-1.635,0.591,1.613,-1.613,1.63458,0.5910001,1.555532,1.625516,0,0,0,0
4.648209,Movement,0,92,-0.1607564,0.6876712,0.1761328,0.239,-0.08831209,0.3404917,75,0,0.8882393,83.5,0,0,0,0,0,0.8882393,888.2392,-1.635,0.591,1.613,-1.613,1.63458,0.5910001,1.555532,1.625516,0,0,0,0
4.652763,Movement,0,92,-0.1607564,0.6876712,0.1761328,0.239,-0.08831209,0.3404917,75,0,0.8882393,83.5,0,0,0,0,0,0.8882393,888.2392,-1.635,0.591,1.613,-1.613,1.63458,0.5910001,1.555532,1.625516,0,0,0,0
4.658043,Movement,0,92,-0.1607564,0.6876712,0.1761328,0.239,-0.08831209,0.3404917,75,0,0.8882393,83.5,0,0,0,0,0,0.8882393,888.2392,-1.635,0.591,1.613,-1.613,1.63458,0.5910001,1.555532,1.625516,0,0,0,0
4.661568,Movement,0,92,-0.1607564,0.6876712,0.1761328,0.239,-0.08831209,0.3404917,75,0,0.8882393,83.5,0,0,0,0,0,0.8882393,888.2392,-1.635,0.591,1.613,-1.613,1.63458,0.5910001,1.555532,1.625516,0,0,0,0
4.666145,Movement,0,92,-0.1607564,0.6876712,0.1761328,0.239,-0.08831209,0.3404917,75,0,0.8882393,83.5,0,0,0,0,0,0.8882393,888.2392,-1.635,0.591,1.613,-1.613,1.63458,0.5910001,1.555532,1.625516,0,0,0,0
4.670074,Movement,0,92,-0.1607564,0.6876712,0.1761328,0.239,-0.08831209,0.3404917,75,0,0.8882393,83.5,0,0,0,0,0,0.8882393,888.2392,-1.635,0.591,1.613,-1.613,1.63458,0.5910001,1.555532,1.625516,0,0,0,0
4.673973,Movement,0,92,-0.1607564,0.6876712,0.1761328,0.239,-0.08831209,0.3404917,75,0,0.8882393,83.5,0,0,0,0,0,0.8882393,888.2392,-1.635,0.591,1.613,-1.613,1.63458,0.5910001,1.555532,1.625516,0,0,0,0
4.677765,Movement,0,92,-0.1607564,0.6876712,0.1761328,0.239,-0.08831209,0.3404917,75,0,0.8882393,83.5,0,0,0,0,0,0.8882393,888.2392,-1.635,0.591,1.613,-1.613,1.63458,0.5910001,1.555532,1.625516,0,0,0,0
4.683052,Movement,0,92,-0.1607564,0.6876712,0.1761328,0.239,-0.08831209,0.3404917,75,0,0.8882393,83.5,0,0,0,0,0,0.8882393,888.2392,-1.635,0.591,1.613,-1.613,1.63458,0.5910001,1.555532,1.625516,0,0,0,0
4.688492,Movement,0,92,-0.1607564,0.6876712,0.1761328,0.239,-0.08831209,0.3404917,75,0,0.8882393,83.5,0,0,0,0,0,0.8882393,888.2392,-1.635,0.591,1.613,-1.613,1.63458,0.5910001,1.555532,1.625516,0,0,0,0
4.693787,Movement,0,92,-0.1607564,0.6876712,0.1761328,0.239,-0.08831209,0.3404917,75,0,0.8882393,83.5,0,0,0,0,0,0.8882393,888.2392,-1.635,0.591,1.629,-1.613,1.6347,0.5910001,1.565588,1.626136,0,0,0,0
4.699112,Movement,0,92,-0.1607564,0.6876712,0.1761328,0.239,-0.08831209,0.3404917,75,0,0.8882393,83.5,0,0,0,0,0,0.8882393,888.2392,-1.635,0.591,1.629,-1.613,1.63458,0.5910001,1.586704,1.626355,0,0,0,0
4.705009,Movement,0,92,-0.1607564,0.6876712,0.1761328,0.239,-0.08831209,0.3404917,75,0,0.8882393,83.5,0,0,0,0,0,0.8882393,888.2392,-1.635,0.591,1.629,-1.613,1.63458,0.5910001,1.586704,1.626355,0,0,0,0
4.710129,Movement,0,92,-0.1607564,0.6876712,0.1761328,0.239,-0.08831209,0.3404917,75,0,0.8882393,83.5,0,0,0,0,0,0.8882393,888.2392,-1.635,0.591,1.629,-1.613,1.63458,0.5910001,1.586704,1.626355,0,0,0,0
4.71505,Movement,0,92,-0.1607564,0.6876712,0.1761328,0.239,-0.08831209,0.3404917,75,0,0.8882393,83.5,0,0,0,0,0,0.8882393,888.2392,-1.635,0.591,1.629,-1.613,1.63458,0.5910001,1.586704,1.626355,0,0,0,0
4.720322,Movement,0,92,-0.1607564,0.6876712,0.1761328,0.239,-0.08831209,0.3404917,75,0,0.8882393,83.5,0,0,0,0,0,0.8882393,888.2392,-1.635,0.591,1.629,-1.613,1.63458,0.5910001,1.586704,1.626355,0,0,0,0
4.726158,Movement,0,92,-0.1607564,0.6876712,0.1761328,0.239,-0.08831209,0.3404917,75,0,0.8882393,83.5,0,0,0,0,0,0.8882393,888.2392,-1.635,0.591,1.629,-1.613,1.63458,0.5910001,1.586704,1.626355,0,0,0,0
4.73204,Movement,0,92,-0.1607564,0.6876712,0.1761328,0.239,-0.08831209,0.3404917,75,0,0.8882393,83.5,0,0,0,0,0,0.8882393,888.2392,-1.635,0.591,1.629,-1.613,1.63458,0.5910001,1.586704,1.626355,0,0,0,0
4.737221,Movement,0,92,-0.1607564,0.6876712,0.1761328,0.239,-0.08831209,0.3404917,75,0,0.8882393,83.5,0,0,0,0,0,0.8882393,888.2392,-1.635,0.591,1.629,-1.613,1.63458,0.5910001,1.586704,1.626355,0,0,0,0
4.745728,Movement,0,92,-0.1607564,0.6876712,0.1761328,0.239,-0.08831209,0.3404917,75,0,0.8882393,83.5,0,0,0,0,0,0.8882393,888.2392,-1.635,0.591,1.629,-1.613,1.63458,0.5910001,1.586704,1.626355,0,0,0,0
4.751221,Movement,0,92,-0.1607564,0.6876712,0.1761328,0.239,-0.08831209,0.3404917,75,0,0.8882393,83.5,0,0,0,0,0,0.8882393,888.2392,-1.635,0.591,1.629,-1.613,1.63458,0.5910001,1.586704,1.626355,0,0,0,0
4.756561,Movement,0,92,-0.1607564,0.6876712,0.1761328,0.239,-0.08831209,0.3404917,75,0,0.8882393,83.5,0,0,0,0,0,0.8882393,888.2392,-1.635,0.591,1.629,-1.613,1.63458,0.5910001,1.586704,1.626355,0,0,0,0
4.761391,Movement,0,92,-0.1607564,0.6876712,0.1761328,0.239,-0.08831209,0.3404917,75,0,0.8882393,83.5,0,0,0,0,0,0.8882393,888.2392,-1.635,0.591,1.629,-1.613,1.63458,0.5910001,1.586704,1.626355,0,0,0,0
4.766823,Movement,0,92,-0.1607564,0.6876712,0.1761328,0.239,-0.08831209,0.3404917,75,0,0.8882393,83.5,0,0,0,0,0,0.8882393,888.2392,-1.635,0.591,1.629,-1.613,1.63458,0.5910001,1.586704,1.626355,0,0,0,0
4.771576,Movement,0,92,-0.1607564,0.6876712,0.1761328,0.239,-0.08831209,0.3404917,75,0,0.8882393,83.5,0,0,0,0,0,0.8882393,888.2392,-1.635,0.591,1.629,-1.613,1.63458,0.5910001,1.586704,1.626355,0,0,0,0
4.776138,Movement,0,92,-0.1607564,0.6876712,0.1761328,0.239,-0.08831209,0.3404917,75,0,0.8882393,83.5,0,0,0,0,0,0.8882393,888.2392,-1.635,0.591,1.629,-1.613,1.63458,0.5910001,1.586704,1.626355,0,0,0,0
4.781609,Movement,0,92,-0.1607564,0.6876712,0.1761328,0.239,-0.08831209,0.3404917,75,0,0.8882393,83.5,0,0,0,0,0,0.8882393,888.2392,-1.635,0.591,1.629,-1.613,1.63458,0.5910001,1.586704,1.626355,0,0,0,0
4.786407,Movement,0,92,-0.1607564,0.6876712,0.1761328,0.239,-0.08831209,0.3404917,75,0,0.8882393,83.5,0,0,0,0,0,0.8882393,888.2392,-1.635,0.591,1.629,-1.613,1.63458,0.5910001,1.586704,1.626355,0,0,0,0
4.790596,Movement,0,92,-0.1607564,0.6876712,0.1761328,0.239,-0.08831209,0.3404917,75,0,0.8882393,83.5,0,0,0,0,0,0.8882393,888.2392,-1.635,0.591,1.629,-1.613,1.63458,0.5910001,1.586704,1.626355,0,0,0,0
4.794464,Movement,0,92,-0.1607564,0.6876712,0.1761328,0.239,-0.08831209,0.3404917,75,0,0.8882393,83.5,0,0,0,0,0,0.8882393,888.2392,-1.635,0.591,1.629,-1.613,1.63458,0.5910001,1.586704,1.626355,0,0,0,0
4.799858,Movement,0,92,-0.1607564,0.6876712,0.1761328,0.239,-0.08831209,0.3404917,75,0,0.8882393,83.5,0,0,0,0,0,0.8882393,888.2392,-1.635,0.591,1.629,-1.613,1.63458,0.5910001,1.586704,1.626355,0,0,0,0
4.804436,Movement,0,92,-0.1607564,0.6876712,0.1761328,0.239,-0.08831209,0.3404917,75,0,0.8882393,83.5,0,0,0,0,0,0.8882393,888.2392,-1.635,0.591,1.629,-1.613,1.63458,0.5910001,1.586704,1.626355,0,0,0,0
4.808502,Movement,0,92,-0.1607564,0.6876712,0.1761328,0.239,-0.08831209,0.3404917,75,0,0.8882393,83.5,0,0,0,0,0,0.8882393,888.2392,-1.635,0.591,1.629,-1.613,1.63458,0.5910001,1.586704,1.626355,0,0,0,0
4.813835,Movement,0,92,-0.1607564,0.6876712,0.1761328,0.239,-0.08831209,0.3404917,75,0,0.8882393,83.5,0,0,0,0,0,0.8882393,888.2392,-1.635,0.591,1.629,-1.613,1.63458,0.5910001,1.586704,1.626355,0,0,0,0
4.818695,Movement,0,92,-0.1607564,0.6876712,0.1761328,0.239,-0.08831209,0.3404917,75,0,0.8882393,83.5,0,0,0,0,0,0.8882393,888.2392,-1.635,0.591,1.629,-1.613,1.63458,0.5910001,1.586704,1.626355,0,0,0,0
4.822975,Movement,0,92,-0.1607564,0.6876712,0.1761328,0.239,-0.08831209,0.3404917,75,0,0.8882393,83.5,0,0,0,0,0,0.8882393,888.2392,-1.635,0.591,1.629,-1.613,1.63458,0.5910001,1.586704,1.626355,0,0,0,0
4.827766,Movement,0,92,-0.1607564,0.6876712,0.1761328,0.239,-0.08831209,0.3404917,75,0,0.8882393,83.5,0,0,0,0,0,0.8882393,888.2392,-1.635,0.591,1.629,-1.613,1.63458,0.5910001,1.586704,1.626355,0,0,0,0
4.831703,Movement,0,92,-0.1607564,0.6876712,0.1761328,0.239,-0.08831209,0.3404917,75,0,0.8882393,83.5,0,0,0,0,0,0.8882393,888.2392,-1.635,0.591,1.629,-1.613,1.63458,0.5910001,1.586704,1.626355,0,0,0,0
4.835793,Movement,0,92,-0.1607564,0.6876712,0.1761328,0.239,-0.08831209,0.3404917,75,0,0.8882393,83.5,0,0,0,0,0,0.8882393,888.2392,-1.635,0.591,1.629,-1.613,1.63458,0.5910001,1.586704,1.626355,0,0,0,0
4.840294,Movement,0,92,-0.1607564,0.6876712,0.1761328,0.239,-0.08831209,0.3404917,75,0,0.8882393,83.5,0,0,0,0,0,0.8882393,888.2392,-1.635,0.591,0.485,-1.629,1.63464,0.5910001,1.592382,1.626834,0,0,0,0
4.84597,Movement,0,92,-0.1607564,0.6876712,0.1761328,0.239,-0.08831209,0.3404917,75,0,0.8882393,83.5,0,0,0,0,0,0.8882393,888.2392,-1.635,0.591,-1.635,-1.635,1.63458,0.5910001,1.601141,1.626695,0,0,0,0
4.850456,Movement,0,92,-0.1607564,0.6876712,0.1761328,0.239,-0.08831209,0.3404917,75,0,0.8882393,83.5,0,0,0,0,0,0.8882393,888.2392,-1.635,0.591,-1.635,-1.635,1.63458,0.5910001,1.601141,1.626695,0,0,0,0
4.854202,Movement,0,92,-0.1607564,0.6876712,0.1761328,0.239,-0.08831209,0.3404917,75,0,0.8882393,83.5,0,0,0,0,0,0.8882393,888.2392,-1.635,0.591,-1.635,-1.635,1.63458,0.5910001,1.601141,1.626695,0,0,0,0
4.858574,Movement,0,92,-0.1607564,0.6876712,0.1761328,0.239,-0.08831209,0.3404917,75,0,0.8882393,83.5,0,0,0,0,0,0.8882393,888.2392,-1.635,0.591,-1.635,-1.635,1.63458,0.5910001,1.601141,1.626695,0,0,0,0
4.86264,Movement,0,92,-0.1607564,0.6876712,0.1761328,0.239,-0.08831209,0.3404917,75,0,0.8882393,83.5,0,0,0,0,0,0.8882393,888.2392,-1.635,0.591,-1.635,-1.635,1.63458,0.5910001,1.601141,1.626695,0,0,0,0
4.867676,Movement,0,92,-0.1607564,0.6876712,0.1761328,0.239,-0.08831209,0.3404917,75,0,0.8882393,83.5,0,0,0,0,0,0.8882393,888.2392,-1.635,0.591,-1.635,-1.635,1.63458,0.5910001,1.601141,1.626695,0,0,0,0
4.871742,Movement,0,92,-0.1607564,0.6876712,0.1761328,0.239,-0.08831209,0.3404917,75,0,0.8882393,83.5,0,0,0,0,0,0.8882393,888.2392,-1.635,0.591,-1.635,-1.635,1.63458,0.5910001,1.601141,1.626695,0,0,0,0
4.87571,Movement,0,92,-0.1607564,0.6876712,0.1761328,0.239,-0.08831209,0.3404917,75,0,0.8882393,83.5,0,0,0,0,0,0.8882393,888.2392,-1.635,0.591,-1.635,-1.635,1.63458,0.5910001,1.601141,1.626695,0,0,0,0
4.880043,Movement,0,92,-0.1607564,0.6876712,0.1761328,0.239,-0.08831209,0.3404917,75,0,0.8882393,83.5,0,0,0,0,0,0.8882393,888.2392,-1.635,0.591,-1.635,-1.635,1.63458,0.5910001,1.601141,1.626695,0,0,0,0
4.884834,Movement,0,92,-0.1607564,0.6876712,0.1761328,0.239,-0.08831209,0.3404917,75,0,0.8882393,83.5,0,0,0,0,0,0.8882393,888.2392,-1.635,0.591,-1.635,-1.635,1.63458,0.5910001,1.601141,1.626695,0,0,0,0
4.889038,Movement,0,92,-0.1607564,0.6876712,0.1761328,0.239,-0.08831209,0.3404917,75,0,0.8882393,83.5,0,0,0,0,0,0.8882393,888.2392,-1.635,0.591,-1.635,-1.635,1.63458,0.5910001,1.601141,1.626695,0,0,0,0
4.893021,Movement,0,92,-0.1607564,0.6876712,0.1761328,0.239,-0.08831209,0.3404917,75,0,0.8882393,83.5,0,0,0,0,0,0.8882393,888.2392,-1.635,0.591,-1.635,-1.635,1.63458,0.5910001,1.601141,1.626695,0,0,0,0
4.897583,Movement,0,92,-0.1607564,0.6876712,0.1761328,0.239,-0.08831209,0.3404917,75,0,0.8882393,83.5,0,0,0,0,0,0.8882393,888.2392,-1.635,0.591,-1.635,-1.635,1.63458,0.5910001,1.601141,1.626695,0,0,0,0
4.901733,Movement,0,92,-0.1607564,0.6876712,0.1761328,0.239,-0.08831209,0.3404917,75,0,0.8882393,83.5,0,0,0,0,0,0.8882393,888.2392,-1.635,0.591,-1.635,-1.635,1.63458,0.5910001,1.601141,1.626695,0,0,0,0
4.906044,Movement,0,92,-0.1607564,0.6876712,0.1761328,0.239,-0.08831209,0.3404917,75,0,0.8882393,83.5,0,0,0,0,0,0.8882393,888.2392,-1.635,0.591,-1.635,-1.635,1.63458,0.5910001,1.601141,1.626695,0,0,0,0
4.910339,Movement,0,92,-0.1607564,0.6876712,0.1761328,0.239,-0.08831209,0.3404917,75,0,0.8882393,83.5,0,0,0,0,0,0.8882393,888.2392,-1.635,0.591,-1.635,-1.635,1.63458,0.5910001,1.601141,1.626695,0,0,0,0
4.914658,Movement,0,92,-0.1607564,0.6876712,0.1761328,0.239,-0.08831209,0.3404917,75,0,0.8882393,83.5,0,0,0,0,0,0.8882393,888.2392,-1.635,0.591,-1.635,-1.635,1.63458,0.5910001,1.601141,1.626695,0,0,0,0
4.918884,Movement,0,92,-0.1607564,0.6876712,0.1761328,0.239,-0.08831209,0.3404917,75,0,0.8882393,83.5,0,0,0,0,0,0.8882393,888.2392,-1.635,0.591,-1.635,-1.635,1.63458,0.5910001,1.601141,1.626695,0,0,0,0
4.923851,Movement,0,92,-0.1607564,0.6876712,0.1761328,0.239,-0.08831209,0.3404917,75,0,0.8882393,83.5,0,0,0,0,0,0.8882393,888.2392,-1.635,0.591,-1.635,-1.635,1.63458,0.5910001,1.601141,1.626695,0,0,0,0
4.927719,Movement,0,92,-0.1607564,0.6876712,0.1761328,0.239,-0.08831209,0.3404917,75,0,0.8882393,83.5,0,0,0,0,0,0.8882393,888.2392,-1.635,0.591,-1.635,-1.635,1.63458,0.5910001,1.601141,1.626695,0,0,0,0
4.932243,Movement,0,92,-0.1607564,0.6876712,0.1761328,0.239,-0.08831209,0.3404917,75,0,0.8882393,83.5,0,0,0,0,0,0.8882393,888.2392,-1.635,0.591,-1.635,-1.635,1.63458,0.5910001,1.601141,1.626695,0,0,0,0
4.936302,Movement,0,92,-0.1607564,0.6876712,0.1761328,0.239,-0.08831209,0.3404917,75,0,0.8882393,83.5,0,0,0,0,0,0.8882393,888.2392,-1.635,0.591,-1.635,-1.635,1.63458,0.5910001,1.601141,1.626695,0,0,0,0
4.940132,Movement,0,92,-0.1607564,0.6876712,0.1761328,0.239,-0.08831209,0.3404917,75,0,0.8882393,83.5,0,0,0,0,0,0.8882393,888.2392,-1.635,0.591,-1.635,-1.635,1.63458,0.5910001,1.601141,1.626695,0,0,0,0
4.944412,Movement,0,92,-0.1607564,0.6876712,0.1761328,0.239,-0.08831209,0.3404917,75,0,0.8882393,83.5,0,0,0,0,0,0.8882393,888.2392,-1.635,0.591,-1.635,-1.635,1.63458,0.5910001,1.601141,1.626695,0,0,0,0
4.953781,Movement,0,92,-0.1607564,0.6876712,0.1761328,0.239,-0.08831209,0.3404917,75,0,0.8882393,83.5,0,0,0,0,0,0.8882393,888.2392,-1.635,0.591,-1.635,-1.635,1.63458,0.5910001,1.601141,1.626695,0,0,0,0
4.958664,Movement,0,92,-0.1607564,0.6876712,0.1761328,0.239,-0.08831209,0.3404917,75,0,0.8882393,83.5,0,0,0,0,0,0.8882393,888.2392,-1.635,0.591,-1.635,-1.635,1.63458,0.5910001,1.601141,1.626695,0,0,0,0
4.963112,Movement,0,92,-0.1607564,0.6876712,0.1761328,0.239,-0.08831209,0.3404917,75,0,0.8882393,83.5,0,0,0,0,0,0.8882393,888.2392,-1.635,0.591,-1.635,-1.635,1.63458,0.5910001,1.601141,1.626695,0,0,0,0
4.967232,Movement,0,92,-0.1607564,0.6876712,0.1761328,0.239,-0.08831209,0.3404917,75,0,0.8882393,83.5,0,0,0,0,0,0.8882393,888.2392,-1.635,0.591,-1.635,-1.635,1.63458,0.5910001,1.601141,1.626695,0,0,0,0
4.972397,Movement,0,92,-0.1607564,0.6876712,0.1761328,0.239,-0.08831209,0.3404917,75,0,0.8882393,83.5,0,0,0,0,0,0.8882393,888.2392,-1.635,0.591,-1.635,-1.635,1.63458,0.5910001,1.601141,1.626695,0,0,0,0
4.976006,Movement,0,92,-0.1607564,0.6876712,0.1761328,0.239,-0.08831209,0.3404917,75,0,0.8882393,83.5,0,0,0,0,0,0.8882393,888.2392,-1.635,0.591,-1.635,-1.635,1.63458,0.5910001,1.601141,1.626695,0,0,0,0
4.979744,Movement,0,92,-0.1607564,0.6876712,0.1761328,0.239,-0.08831209,0.3404917,75,0,0.8882393,83.5,0,0,0,0,0,0.8882393,888.2392,-1.635,0.591,-1.635,-1.635,1.63458,0.5910001,1.601141,1.626695,0,0,0,0
4.984001,Movement,0,92,-0.1607564,0.6876712,0.1761328,0.239,-0.08831209,0.3404917,75,0,0.8882393,83.5,0,0,0,0,0,0.8882393,888.2392,-1.635,0.591,-1.635,-1.635,1.63458,0.5910001,1.601141,1.626695,0,0,0,0
4.987518,Movement,0,92,-0.1607564,0.6876712,0.1761328,0.239,-0.08831209,0.3404917,75,0,0.8882393,83.5,0,0,0,0,0,0.8882393,888.2392,-1.635,0.591,-1.635,-1.635,1.63458,0.5910001,1.601141,1.626695,0,0,0,0
4.992561,Movement,0,92,-0.1607564,0.6876712,0.1761328,0.239,-0.08831209,0.3404917,75,0,0.8882393,83.5,0,0,0,0,0,0.8882393,888.2392,-1.635,0.591,-1.635,-1.635,1.63458,0.5910001,1.601141,1.626695,0,0,0,0
4.996246,Movement,0,92,-0.1607564,0.6876712,0.1761328,0.239,-0.08831209,0.3404917,75,0,0.8882393,83.5,0,0,0,0,0,0.8882393,888.2392,-1.635,0.591,-1.635,-1.635,1.63458,0.5910001,1.601141,1.626695,0,0,0,0
5.000092,Movement,0,92,-0.1607564,0.6876712,0.1761328,0.239,-0.08831209,0.3404917,75,0,0.8882393,83.5,0,0,0,0,0,0.8882393,888.2392,-1.635,0.591,-1.635,-1.635,1.63458,0.5910001,1.601141,1.626695,0,0,0,0
5.004517,Movement,0,92,-0.1607564,0.6876712,0.1761328,0.239,-0.08831209,0.3404917,75,0,0.8882393,83.5,0,0,0,0,0,0.8882393,888.2392,-1.635,0.591,1.629,-1.613,1.63458,0.5910001,1.58636,1.627134,0,0,0,0
5.009209,Movement,0,92,-0.1607564,0.6876712,0.1761328,0.239,-0.08831209,0.3404917,75,0,0.8882393,83.5,0,0,0,0,0,0.8882393,888.2392,-1.635,0.591,-1.635,-1.635,1.63464,0.5910001,1.60356,1.626995,0,0,0,0
5.013969,Movement,0,92,-0.1607564,0.6876712,0.1761328,0.239,-0.08831209,0.3404917,75,0,0.8882393,83.5,0,0,0,0,0,0.8882393,888.2392,-1.635,0.591,-1.635,-1.635,1.63464,0.5910001,1.60356,1.626995,0,0,0,0
5.018173,Movement,0,92,-0.1607564,0.6876712,0.1761328,0.239,-0.08831209,0.3404917,75,0,0.8882393,83.5,0,0,0,0,0,0.8882393,888.2392,-1.635,0.591,-1.635,-1.635,1.63464,0.5910001,1.60356,1.626995,0,0,0,0
5.022667,Movement,0,92,-0.1607564,0.6876712,0.1761328,0.239,-0.08831209,0.3404917,75,0,0.8882393,83.5,0,0,0,0,0,0.8882393,888.2392,-1.635,0.591,-1.635,-1.635,1.63464,0.5910001,1.60356,1.626995,0,0,0,0
5.026947,Movement,0,92,-0.1607564,0.6876712,0.1761328,0.239,-0.08831209,0.3404917,75,0,0.8882393,83.5,0,0,0,0,0,0.8882393,888.2392,-1.635,0.591,-1.635,-1.635,1.63464,0.5910001,1.60356,1.626995,0,0,0,0
5.030647,Movement,0,92,-0.1607564,0.6876712,0.1761328,0.239,-0.08831209,0.3404917,75,0,0.8882393,83.5,0,0,0,0,0,0.8882393,888.2392,-1.635,0.591,-1.635,-1.635,1.63464,0.5910001,1.60356,1.626995,0,0,0,0
5.034653,Movement,0,92,-0.1607564,0.6876712,0.1761328,0.239,-0.08831209,0.3404917,75,0,0.8882393,83.5,0,0,0,0,0,0.8882393,888.2392,-1.635,0.591,-1.635,-1.635,1.63464,0.5910001,1.60356,1.626995,0,0,0,0
5.038681,Movement,0,92,-0.1607564,0.6876712,0.1761328,0.239,-0.08831209,0.3404917,75,0,0.8882393,83.5,0,0,0,0,0,0.8882393,888.2392,-1.635,0.591,-1.635,-1.635,1.63464,0.5910001,1.60356,1.626995,0,0,0,0
5.043076,Movement,0,92,-0.1607564,0.6876712,0.1761328,0.239,-0.08831209,0.3404917,75,0,0.8882393,83.5,0,0,0,0,0,0.8882393,888.2392,-1.635,0.591,-1.635,-1.635,1.63464,0.5910001,1.60356,1.626995,0,0,0,0
5.047226,Movement,0,92,-0.1607564,0.6876712,0.1761328,0.239,-0.08831209,0.3404917,75,0,0.8882393,83.5,0,0,0,0,0,0.8882393,888.2392,-1.635,0.591,-1.635,-1.635,1.63464,0.5910001,1.60356,1.626995,0,0,0,0
5.051308,Movement,0,92,-0.1607564,0.6876712,0.1761328,0.239,-0.08831209,0.3404917,75,0,0.8882393,83.5,0,0,0,0,0,0.8882393,888.2392,-1.635,0.591,-1.635,-1.635,1.63464,0.5910001,1.60356,1.626995,0,0,0,0
5.05497,Movement,0,92,-0.1607564,0.6876712,0.1761328,0.239,-0.08831209,0.3404917,75,0,0.8882393,83.5,0,0,0,0,0,0.8882393,888.2392,-1.635,0.591,-1.635,-1.635,1.63464,0.5910001,1.60356,1.626995,0,0,0,0
5.058731,Movement,0,92,-0.1607564,0.6876712,0.1761328,0.239,-0.08831209,0.3404917,75,0,0.8882393,83.5,0,0,0,0,0,0.8882393,888.2392,-1.635,0.591,-1.635,-1.635,1.63464,0.5910001,1.60356,1.626995,0,0,0,0
5.063034,Movement,0,92,-0.1607564,0.6876712,0.1761328,0.239,-0.08831209,0.3404917,75,0,0.8882393,83.5,0,0,0,0,0,0.8882393,888.2392,-1.635,0.591,-1.635,-1.635,1.63464,0.5910001,1.60356,1.626995,0,0,0,0
5.067505,Movement,0,92,-0.1607564,0.6876712,0.1761328,0.239,-0.08831209,0.3404917,75,0,0.8882393,83.5,0,0,0,0,0,0.8882393,888.2392,-1.635,0.591,-1.635,-1.635,1.63464,0.5910001,1.60356,1.626995,0,0,0,0
5.071861,Movement,0,92,-0.1607564,0.6876712,0.1761328,0.239,-0.08831209,0.3404917,75,0,0.8882393,83.5,0,0,0,0,0,0.8882393,888.2392,-1.635,0.591,-1.635,-1.635,1.63464,0.5910001,1.60356,1.626995,0,0,0,0
5.076088,Movement,0,92,-0.1607564,0.6876712,0.1761328,0.239,-0.08831209,0.3404917,75,0,0.8882393,83.5,0,0,0,0,0,0.8882393,888.2392,-1.635,0.591,-1.635,-1.635,1.63464,0.5910001,1.60356,1.626995,0,0,0,0
5.080727,Movement,0,92,-0.1607564,0.6876712,0.1761328,0.239,-0.08831209,0.3404917,75,0,0.8882393,83.5,0,0,0,0,0,0.8882393,888.2392,-1.635,0.591,-1.635,-1.635,1.63464,0.5910001,1.60356,1.626995,0,0,0,0
5.090881,Movement,0,92,-0.1607564,0.6876712,0.1761328,0.239,-0.08831209,0.3404917,75,0,0.8882393,83.5,0,0,0,0,0,0.8882393,888.2392,-1.635,0.591,-1.635,-1.635,1.63464,0.5910001,1.60356,1.626995,0,0,0,0
5.094505,Movement,0,92,-0.1607564,0.6876712,0.1761328,0.239,-0.08831209,0.3404917,75,0,0.8882393,83.5,0,0,0,0,0,0.8882393,888.2392,-1.635,0.591,-1.635,-1.635,1.63464,0.5910001,1.60356,1.626995,0,0,0,0
5.099045,Movement,0,92,-0.1607564,0.6876712,0.1761328,0.239,-0.08831209,0.3404917,75,0,0.8882393,83.5,0,0,0,0,0,0.8882393,888.2392,-1.635,0.591,-1.635,-1.635,1.63464,0.5910001,1.60356,1.626995,0,0,0,0
5.102882,Movement,0,92,-0.1607564,0.6876712,0.1761328,0.239,-0.08831209,0.3404917,75,0,0.8882393,83.5,0,0,0,0,0,0.8882393,888.2392,-1.635,0.591,-1.635,-1.635,1.63464,0.5910001,1.60356,1.626995,0,0,0,0
5.10656,Movement,0,92,-0.1607564,0.6876712,0.1761328,0.239,-0.08831209,0.3404917,75,0,0.8882393,83.5,0,0,0,0,0,0.8882393,888.2392,-1.635,0.591,-1.635,-1.635,1.63464,0.5910001,1.60356,1.626995,0,0,0,0
5.109932,Movement,0,92,-0.1607564,0.6876712,0.1761328,0.239,-0.08831209,0.3404917,75,0,0.8882393,83.5,0,0,0,0,0,0.8882393,888.2392,-1.635,0.591,-1.635,-1.635,1.63464,0.5910001,1.60356,1.626995,0,0,0,0
5.113831,Movement,0,92,-0.1607564,0.6876712,0.1761328,0.239,-0.08831209,0.3404917,75,0,0.8882393,83.5,0,0,0,0,0,0.8882393,888.2392,-1.635,0.591,-1.635,-1.635,1.63464,0.5910001,1.60356,1.626995,0,0,0,0
5.117584,Movement,0,92,-0.1607564,0.6876712,0.1761328,0.239,-0.08831209,0.3404917,75,0,0.8882393,83.5,0,0,0,0,0,0.8882393,888.2392,-1.635,0.591,-1.635,-1.635,1.63464,0.5910001,1.60356,1.626995,0,0,0,0
5.121017,Movement,0,92,-0.1607564,0.6876712,0.1761328,0.239,-0.08831209,0.3404917,75,0,0.8882393,83.5,0,0,0,0,0,0.8882393,888.2392,-1.635,0.591,-1.635,-1.635,1.63464,0.5910001,1.60356,1.626995,0,0,0,0
5.126656,Movement,0,92,-0.1607564,0.6876712,0.1761328,0.239,-0.08831209,0.3404917,75,0,0.8882393,83.5,0,0,0,0,0,0.8882393,888.2392,-1.635,0.591,-1.635,-1.635,1.63464,0.5910001,1.60356,1.626995,0,0,0,0
5.131035,Movement,0,92,-0.1607564,0.6876712,0.1761328,0.239,-0.08831209,0.3404917,75,0,0.8882393,83.5,0,0,0,0,0,0.8882393,888.2392,-1.635,0.591,-1.635,-1.635,1.63464,0.5910001,1.60356,1.626995,0,0,0,0
5.134399,Movement,0,92,-0.1607564,0.6876712,0.1761328,0.239,-0.08831209,0.3404917,75,0,0.8882393,83.5,0,0,0,0,0,0.8882393,888.2392,-1.635,0.591,-1.635,-1.635,1.63464,0.5910001,1.60356,1.626995,0,0,0,0
5.137917,Movement,0,92,-0.1607564,0.6876712,0.1761328,0.239,-0.08831209,0.3404917,75,0,0.8882393,83.5,0,0,0,0,0,0.8882393,888.2392,-1.635,0.591,-1.635,-1.635,1.63464,0.5910001,1.60356,1.626995,0,0,0,0
5.141556,Movement,0,92,-0.1607564,0.6876712,0.1761328,0.239,-0.08831209,0.3404917,75,0,0.8882393,83.5,0,0,0,0,0,0.8882393,888.2392,-1.635,0.591,-1.635,-1.635,1.63464,0.5910001,1.60356,1.626995,0,0,0,0
5.145737,Movement,0,92,-0.1607564,0.6876712,0.1761328,0.239,-0.08831209,0.3404917,75,0,0.8882393,83.5,0,0,0,0,0,0.8882393,888.2392,-1.635,0.591,-1.635,-1.635,1.63464,0.5910001,1.60356,1.626995,0,0,0,0
5.149475,Movement,0,92,-0.1607564,0.6876712,0.1761328,0.239,-0.08831209,0.3404917,75,0,0.8882393,83.5,0,0,0,0,0,0.8882393,888.2392,-1.635,0.591,-1.635,-1.635,1.63464,0.5910001,1.60356,1.626995,0,0,0,0
5.153244,Movement,0,92,-0.1607564,0.6876712,0.1761328,0.239,-0.08831209,0.3404917,75,0,0.8882393,83.5,0,0,0,0,0,0.8882393,888.2392,-1.635,0.591,-1.635,-1.635,1.63464,0.5910001,1.60356,1.626995,0,0,0,0
5.157394,Movement,0,92,-0.1607564,0.6876712,0.1761328,0.239,-0.08831209,0.3404917,75,0,0.8882393,83.5,0,0,0,0,0,0.8882393,888.2392,-1.635,0.591,-1.635,-1.635,1.63464,0.5910001,1.60356,1.626995,0,0,0,0
5.161324,Movement,0,92,-0.1607564,0.6876712,0.1761328,0.239,-0.08831209,0.3404917,75,0,0.8882393,83.5,0,0,0,0,0,0.8882393,888.2392,-1.635,0.591,-1.635,-1.635,1.63458,0.5910001,1.600635,1.626176,0,0,0,0
5.166359,Movement,0,92,-0.1607564,0.6876712,0.1761328,0.239,-0.08831209,0.3404917,75,0,0.8882393,83.5,0,0,0,0,0,0.8882393,888.2392,-1.635,0.591,-1.635,-1.635,1.63458,0.5910001,1.600635,1.626176,0,0,0,0
5.169945,Movement,0,92,-0.1607564,0.6876712,0.1761328,0.239,-0.08831209,0.3404917,75,0,0.8882393,83.5,0,0,0,0,0,0.8882393,888.2392,-1.635,0.591,-1.635,-1.635,1.63458,0.5910001,1.600635,1.626176,0,0,0,0
5.174385,Movement,0,92,-0.1607564,0.6876712,0.1761328,0.239,-0.08831209,0.3404917,75,0,0.8882393,83.5,0,0,0,0,0,0.8882393,888.2392,-1.635,0.591,-1.635,-1.635,1.63458,0.5910001,1.600635,1.626176,0,0,0,0
5.178436,Movement,0,92,-0.1607564,0.6876712,0.1761328,0.239,-0.08831209,0.3404917,75,0,0.8882393,83.5,0,0,0,0,0,0.8882393,888.2392,-1.635,0.591,-1.635,-1.635,1.63458,0.5910001,1.600635,1.626176,0,0,0,0
5.182419,Movement,0,92,-0.1607564,0.6876712,0.1761328,0.239,-0.08831209,0.3404917,75,0,0.8882393,83.5,0,0,0,0,0,0.8882393,888.2392,-1.635,0.591,-1.635,-1.635,1.63458,0.5910001,1.600635,1.626176,0,0,0,0
5.186409,Movement,0,92,-0.1607564,0.6876712,0.1761328,0.239,-0.08831209,0.3404917,75,0,0.8882393,83.5,0,0,0,0,0,0.8882393,888.2392,-1.635,0.591,-1.635,-1.635,1.63458,0.5910001,1.600635,1.626176,0,0,0,0
5.190819,Movement,0,92,-0.1607564,0.6876712,0.1761328,0.239,-0.08831209,0.3404917,75,0,0.8882393,83.5,0,0,0,0,0,0.8882393,888.2392,-1.635,0.591,-1.635,-1.635,1.63458,0.5910001,1.600635,1.626176,0,0,0,0
5.195618,Movement,0,92,-0.1607564,0.6876712,0.1761328,0.239,-0.08831209,0.3404917,75,0,0.8882393,83.5,0,0,0,0,0,0.8882393,888.2392,-1.635,0.591,-1.635,-1.635,1.63458,0.5910001,1.600635,1.626176,0,0,0,0
5.19989,Movement,0,92,-0.1607564,0.6876712,0.1761328,0.239,-0.08831209,0.3404917,75,0,0.8882393,83.5,0,0,0,0,0,0.8882393,888.2392,-1.635,0.591,-1.635,-1.635,1.63458,0.5910001,1.600635,1.626176,0,0,0,0
5.20504,Movement,0,92,-0.1607564,0.6876712,0.1761328,0.239,-0.08831209,0.3404917,75,0,0.8882393,83.5,0,0,0,0,0,0.8882393,888.2392,-1.635,0.591,-1.635,-1.635,1.63458,0.5910001,1.600635,1.626176,0,0,0,0
5.209541,Movement,0,92,-0.1607564,0.6876712,0.1761328,0.239,-0.08831209,0.3404917,75,0,0.8882393,83.5,0,0,0,0,0,0.8882393,888.2392,-1.635,0.591,-1.635,-1.635,1.63458,0.5910001,1.600635,1.626176,0,0,0,0
5.213783,Movement,0,92,-0.1607564,0.6876712,0.1761328,0.239,-0.08831209,0.3404917,75,0,0.8882393,83.5,0,0,0,0,0,0.8882393,888.2392,-1.635,0.591,-1.635,-1.635,1.63458,0.5910001,1.600635,1.626176,0,0,0,0
5.218063,Movement,0,92,-0.1607564,0.6876712,0.1761328,0.239,-0.08831209,0.3404917,75,0,0.8882393,83.5,0,0,0,0,0,0.8882393,888.2392,-1.635,0.591,-1.635,-1.635,1.63458,0.5910001,1.600635,1.626176,0,0,0,0
5.22229,Movement,0,92,-0.1607564,0.6876712,0.1761328,0.239,-0.08831209,0.3404917,75,0,0.8882393,83.5,0,0,0,0,0,0.8882393,888.2392,-1.635,0.591,-1.635,-1.635,1.63458,0.5910001,1.600635,1.626176,0,0,0,0
5.226585,Movement,0,92,-0.1607564,0.6876712,0.1761328,0.239,-0.08831209,0.3404917,75,0,0.8882393,83.5,0,0,0,0,0,0.8882393,888.2392,-1.635,0.591,-1.635,-1.635,1.63458,0.5910001,1.600635,1.626176,0,0,0,0
5.230934,Movement,0,92,-0.1607564,0.6876712,0.1761328,0.239,-0.08831209,0.3404917,75,0,0.8882393,83.5,0,0,0,0,0,0.8882393,888.2392,-1.635,0.591,-1.635,-1.635,1.63458,0.5910001,1.600635,1.626176,0,0,0,0
5.234772,Movement,0,92,-0.1607564,0.6876712,0.1761328,0.239,-0.08831209,0.3404917,75,0,0.8882393,83.5,0,0,0,0,0,0.8882393,888.2392,-1.635,0.591,-1.635,-1.635,1.63458,0.5910001,1.600635,1.626176,0,0,0,0
5.238594,Movement,0,92,-0.1607564,0.6876712,0.1761328,0.239,-0.08831209,0.3404917,75,0,0.8882393,83.5,0,0,0,0,0,0.8882393,888.2392,-1.635,0.591,-1.635,-1.635,1.63458,0.5910001,1.600635,1.626176,0,0,0,0
5.243477,Movement,0,92,-0.1607564,0.6876712,0.1761328,0.239,-0.08831209,0.3404917,75,0,0.8882393,83.5,0,0,0,0,0,0.8882393,888.2392,-1.635,0.591,-1.635,-1.635,1.63458,0.5910001,1.600635,1.626176,0,0,0,0
5.247643,Movement,0,92,-0.1607564,0.6876712,0.1761328,0.239,-0.08831209,0.3404917,75,0,0.8882393,83.5,0,0,0,0,0,0.8882393,888.2392,-1.635,0.591,-1.635,-1.635,1.63458,0.5910001,1.600635,1.626176,0,0,0,0
5.251099,Movement,0,92,-0.1607564,0.6876712,0.1761328,0.239,-0.08831209,0.3404917,75,0,0.8882393,83.5,0,0,0,0,0,0.8882393,888.2392,-1.635,0.591,-1.635,-1.635,1.63458,0.5910001,1.600635,1.626176,0,0,0,0
5.254959,Movement,0,92,-0.1607564,0.6876712,0.1761328,0.239,-0.08831209,0.3404917,75,0,0.8882393,83.5,0,0,0,0,0,0.8882393,888.2392,-1.635,0.591,-1.635,-1.635,1.63458,0.5910001,1.600635,1.626176,0,0,0,0
5.25869,Movement,0,92,-0.1607564,0.6876712,0.1761328,0.239,-0.08831209,0.3404917,75,0,0.8882393,83.5,0,0,0,0,0,0.8882393,888.2392,-1.635,0.591,-1.635,-1.635,1.63458,0.5910001,1.600635,1.626176,0,0,0,0
5.262703,Movement,0,92,-0.1607564,0.6876712,0.1761328,0.239,-0.08831209,0.3404917,75,0,0.8882393,83.5,0,0,0,0,0,0.8882393,888.2392,-1.635,0.591,-1.635,-1.635,1.63458,0.5910001,1.600635,1.626176,0,0,0,0
5.266846,Movement,0,92,-0.1607564,0.6876712,0.1761328,0.239,-0.08831209,0.3404917,75,0,0.8882393,83.5,0,0,0,0,0,0.8882393,888.2392,-1.635,0.591,-1.635,-1.635,1.63458,0.5910001,1.600635,1.626176,0,0,0,0
5.271095,Movement,0,92,-0.1607564,0.6876712,0.1761328,0.239,-0.08831209,0.3404917,75,0,0.8882393,83.5,0,0,0,0,0,0.8882393,888.2392,-1.635,0.591,-1.635,-1.635,1.63458,0.5910001,1.600635,1.626176,0,0,0,0
5.274574,Movement,0,92,-0.1607564,0.6876712,0.1761328,0.239,-0.08831209,0.3404917,75,0,0.8882393,83.5,0,0,0,0,0,0.8882393,888.2392,-1.635,0.591,-1.635,-1.635,1.63458,0.5910001,1.600635,1.626176,0,0,0,0
5.278839,Movement,0,92,-0.1607564,0.6876712,0.1761328,0.239,-0.08831209,0.3404917,75,0,0.8882393,83.5,0,0,0,0,0,0.8882393,888.2392,-1.635,0.591,-1.635,-1.635,1.63458,0.5910001,1.600635,1.626176,0,0,0,0
5.284653,Movement,0,92,-0.1607564,0.6876712,0.1761328,0.239,-0.08831209,0.3404917,75,0,0.8882393,83.5,0,0,0,0,0,0.8882393,888.2392,-1.635,0.591,-1.635,-1.635,1.63458,0.5910001,1.600635,1.626176,0,0,0,0
5.28862,Movement,0,92,-0.1607564,0.6876712,0.1761328,0.239,-0.08831209,0.3404917,75,0,0.8882393,83.5,0,0,0,0,0,0.8882393,888.2392,-1.635,0.591,-1.635,-1.635,1.63458,0.5910001,1.600635,1.626176,0,0,0,0
5.292366,Movement,0,92,-0.1607564,0.6876712,0.1761328,0.239,-0.08831209,0.3404917,75,0,0.8882393,83.5,0,0,0,0,0,0.8882393,888.2392,-1.635,0.591,-1.635,-1.635,1.63458,0.5910001,1.600635,1.626176,0,0,0,0
5.296974,Movement,0,92,-0.1607564,0.6876712,0.1761328,0.239,-0.08831209,0.3404917,75,0,0.8882393,83.5,0,0,0,0,0,0.8882393,888.2392,-1.635,0.591,-1.635,-1.635,1.63458,0.5910001,1.600635,1.626176,0,0,0,0
5.300713,Movement,0,92,-0.1607564,0.6876712,0.1761328,0.239,-0.08831209,0.3404917,75,0,0.8882393,83.5,0,0,0,0,0,0.8882393,888.2392,-1.635,0.591,-1.635,-1.635,1.63458,0.5910001,1.600635,1.626176,0,0,0,0
5.305511,Movement,0,92,-0.1607564,0.6876712,0.1761328,0.239,-0.08831209,0.3404917,75,0,0.8882393,83.5,0,0,0,0,0,0.8882393,888.2392,-1.635,0.591,-1.635,-1.635,1.63452,0.5910001,1.632603,1.626057,0,0,0,0
5.310051,Movement,0,92,-0.1607564,0.6876712,0.1761328,0.239,-0.08831209,0.3404917,75,0,0.8882393,83.5,0,0,0,0,0,0.8882393,888.2392,-1.635,0.591,-1.635,-1.635,1.63452,0.5910001,1.632603,1.626057,0,0,0,0
5.314117,Movement,0,92,-0.1607564,0.6876712,0.1761328,0.239,-0.08831209,0.3404917,75,0,0.8882393,83.5,0,0,0,0,0,0.8882393,888.2392,-1.635,0.591,-1.635,-1.635,1.63452,0.5910001,1.632603,1.626057,0,0,0,0
5.317635,Movement,0,92,-0.1607564,0.6876712,0.1761328,0.239,-0.08831209,0.3404917,75,0,0.8882393,83.5,0,0,0,0,0,0.8882393,888.2392,-1.635,0.591,-1.635,-1.635,1.63452,0.5910001,1.632603,1.626057,0,0,0,0
5.321419,Movement,0,92,-0.1607564,0.6876712,0.1761328,0.239,-0.08831209,0.3404917,75,0,0.8882393,83.5,0,0,0,0,0,0.8882393,888.2392,-1.635,0.591,-1.635,-1.635,1.63452,0.5910001,1.632603,1.626057,0,0,0,0
5.326584,Movement,0,92,-0.1607564,0.6876712,0.1761328,0.239,-0.08831209,0.3404917,75,0,0.8882393,83.5,0,0,0,0,0,0.8882393,888.2392,-1.635,0.591,-1.635,-1.635,1.63452,0.5910001,1.632603,1.626057,0,0,0,0
5.331436,Movement,0,92,-0.1607564,0.6876712,0.1761328,0.239,-0.08831209,0.3404917,75,0,0.8882393,83.5,0,0,0,0,0,0.8882393,888.2392,-1.635,0.591,-1.635,-1.635,1.63452,0.5910001,1.632603,1.626057,0,0,0,0
5.335335,Movement,0,92,-0.1607564,0.6876712,0.1761328,0.239,-0.08831209,0.3404917,75,0,0.8882393,83.5,0,0,0,0,0,0.8882393,888.2392,-1.635,0.591,-1.635,-1.635,1.63452,0.5910001,1.632603,1.626057,0,0,0,0
5.338943,Movement,0,92,-0.1607564,0.6876712,0.1761328,0.239,-0.08831209,0.3404917,75,0,0.8882393,83.5,0,0,0,0,0,0.8882393,888.2392,-1.635,0.591,-1.635,-1.635,1.63452,0.5910001,1.632603,1.626057,0,0,0,0
5.343704,Movement,0,92,-0.1607564,0.6876712,0.1761328,0.239,-0.08831209,0.3404917,75,0,0.8882393,83.5,0,0,0,0,0,0.8882393,888.2392,-1.635,0.591,-1.635,-1.635,1.63452,0.5910001,1.632603,1.626057,0,0,0,0
5.348,Movement,0,92,-0.1607564,0.6876712,0.1761328,0.239,-0.08831209,0.3404917,75,0,0.8882393,83.5,0,0,0,0,0,0.8882393,888.2392,-1.635,0.591,-1.635,-1.635,1.63452,0.5910001,1.632603,1.626057,0,0,0,0
5.352409,Movement,0,92,-0.1607564,0.6876712,0.1761328,0.239,-0.08831209,0.3404917,75,0,0.8882393,83.5,0,0,0,0,0,0.8882393,888.2392,-1.635,0.591,-1.635,-1.635,1.63452,0.5910001,1.632603,1.626057,0,0,0,0
5.355972,Movement,0,92,-0.1607564,0.6876712,0.1761328,0.239,-0.08831209,0.3404917,75,0,0.8882393,83.5,0,0,0,0,0,0.8882393,888.2392,-1.635,0.591,-1.635,-1.635,1.63452,0.5910001,1.632603,1.626057,0,0,0,0
5.359894,Movement,0,92,-0.1607564,0.6876712,0.1761328,0.239,-0.08831209,0.3404917,75,0,0.8882393,83.5,0,0,0,0,0,0.8882393,888.2392,-1.635,0.591,-1.635,-1.635,1.63452,0.5910001,1.632603,1.626057,0,0,0,0
5.364426,Movement,0,92,-0.1607564,0.6876712,0.1761328,0.239,-0.08831209,0.3404917,75,0,0.8882393,83.5,0,0,0,0,0,0.8882393,888.2392,-1.635,0.591,-1.635,-1.635,1.63452,0.5910001,1.632603,1.626057,0,0,0,0
5.368042,Movement,0,92,-0.1607564,0.6876712,0.1761328,0.239,-0.08831209,0.3404917,75,0,0.8882393,83.5,0,0,0,0,0,0.8882393,888.2392,-1.635,0.591,-1.635,-1.635,1.63452,0.5910001,1.632603,1.626057,0,0,0,0
5.372208,Movement,0,92,-0.1607564,0.6876712,0.1761328,0.239,-0.08831209,0.3404917,75,0,0.8882393,83.5,0,0,0,0,0,0.8882393,888.2392,-1.635,0.591,-1.635,-1.635,1.63452,0.5910001,1.632603,1.626057,0,0,0,0
5.37587,Movement,0,92,-0.1607564,0.6876712,0.1761328,0.239,-0.08831209,0.3404917,75,0,0.8882393,83.5,0,0,0,0,0,0.8882393,888.2392,-1.635,0.591,-1.635,-1.635,1.63452,0.5910001,1.632603,1.626057,0,0,0,0
5.379822,Movement,0,92,-0.1607564,0.6876712,0.1761328,0.239,-0.08831209,0.3404917,75,0,0.8882393,83.5,0,0,0,0,0,0.8882393,888.2392,-1.635,0.591,-1.635,-1.635,1.63452,0.5910001,1.632603,1.626057,0,0,0,0
5.38382,Movement,0,92,-0.1607564,0.6876712,0.1761328,0.239,-0.08831209,0.3404917,75,0,0.8882393,83.5,0,0,0,0,0,0.8882393,888.2392,-1.635,0.591,-1.635,-1.635,1.63452,0.5910001,1.632603,1.626057,0,0,0,0
5.387733,Movement,0,92,-0.1607564,0.6876712,0.1761328,0.239,-0.08831209,0.3404917,75,0,0.8882393,83.5,0,0,0,0,0,0.8882393,888.2392,-1.635,0.591,-1.635,-1.635,1.63452,0.5910001,1.632603,1.626057,0,0,0,0
5.391922,Movement,0,92,-0.1607564,0.6876712,0.1761328,0.239,-0.08831209,0.3404917,75,0,0.8882393,83.5,0,0,0,0,0,0.8882393,888.2392,-1.635,0.591,-1.635,-1.635,1.63452,0.5910001,1.632603,1.626057,0,0,0,0
5.39547,Movement,0,92,-0.1607564,0.6876712,0.1761328,0.239,-0.08831209,0.3404917,75,0,0.8882393,83.5,0,0,0,0,0,0.8882393,888.2392,-1.635,0.591,-1.635,-1.635,1.63452,0.5910001,1.632603,1.626057,0,0,0,0
5.399834,Movement,0,92,-0.1607564,0.6876712,0.1761328,0.239,-0.08831209,0.3404917,75,0,0.8882393,83.5,0,0,0,0,0,0.8882393,888.2392,-1.635,0.591,-1.635,-1.635,1.63452,0.5910001,1.632603,1.626057,0,0,0,0
5.403603,Movement,0,92,-0.1607564,0.6876712,0.1761328,0.239,-0.08831209,0.3404917,75,0,0.8882393,83.5,0,0,0,0,0,0.8882393,888.2392,-1.635,0.591,-1.635,-1.635,1.63452,0.5910001,1.632603,1.626057,0,0,0,0
5.407326,Movement,0,92,-0.1607564,0.6876712,0.1761328,0.239,-0.08831209,0.3404917,75,0,0.8882393,83.5,0,0,0,0,0,0.8882393,888.2392,-1.635,0.591,-1.635,-1.635,1.63452,0.5910001,1.632603,1.626057,0,0,0,0
5.410789,Movement,0,92,-0.1607564,0.6876712,0.1761328,0.239,-0.08831209,0.3404917,75,0,0.8882393,83.5,0,0,0,0,0,0.8882393,888.2392,-1.635,0.591,-1.635,-1.635,1.63452,0.5910001,1.632603,1.626057,0,0,0,0
5.414612,Movement,0,92,-0.1607564,0.6876712,0.1761328,0.239,-0.08831209,0.3404917,75,0,0.8882393,83.5,0,0,0,0,0,0.8882393,888.2392,-1.635,0.591,-1.635,-1.635,1.63452,0.5910001,1.632603,1.626057,0,0,0,0
5.418434,Movement,0,92,-0.1607564,0.6876712,0.1761328,0.239,-0.08831209,0.3404917,75,0,0.8882393,83.5,0,0,0,0,0,0.8882393,888.2392,-1.635,0.591,-1.635,-1.635,1.63452,0.5910001,1.632603,1.626057,0,0,0,0
5.422218,Movement,0,92,-0.1607564,0.6876712,0.1761328,0.239,-0.08831209,0.3404917,75,0,0.8882393,83.5,0,0,0,0,0,0.8882393,888.2392,-1.635,0.591,-1.635,-1.635,1.63452,0.5910001,1.632603,1.626057,0,0,0,0
5.426331,Movement,0,92,-0.1607564,0.6876712,0.1761328,0.239,-0.08831209,0.3404917,75,0,0.8882393,83.5,0,0,0,0,0,0.8882393,888.2392,-1.635,0.591,-1.635,-1.635,1.63452,0.5910001,1.632603,1.626057,0,0,0,0
5.429924,Movement,0,92,-0.1607564,0.6876712,0.1761328,0.239,-0.08831209,0.3404917,75,0,0.8882393,83.5,0,0,0,0,0,0.8882393,888.2392,-1.635,0.591,-1.635,-1.635,1.63452,0.5910001,1.632603,1.626057,0,0,0,0
5.433548,Movement,0,92,-0.1607564,0.6876712,0.1761328,0.239,-0.08831209,0.3404917,75,0,0.8882393,83.5,0,0,0,0,0,0.8882393,888.2392,-1.635,0.591,-1.635,-1.635,1.63452,0.5910001,1.632603,1.626057,0,0,0,0
5.438416,Movement,0,92,-0.1607564,0.6876712,0.1761328,0.239,-0.08831209,0.3404917,75,0,0.8882393,83.5,0,0,0,0,0,0.8882393,888.2392,-1.635,0.591,-1.635,-1.635,1.63452,0.5910001,1.632603,1.626057,0,0,0,0
5.442421,Movement,0,92,-0.1607564,0.6876712,0.1761328,0.239,-0.08831209,0.3404917,75,0,0.8882393,83.5,0,0,0,0,0,0.8882393,888.2392,-1.635,0.591,-1.635,-1.635,1.63452,0.5910001,1.632603,1.626057,0,0,0,0
5.446342,Movement,0,92,-0.1607564,0.6876712,0.1761328,0.239,-0.08831209,0.3404917,75,0,0.8882393,83.5,0,0,0,0,0,0.8882393,888.2392,-1.635,0.591,-1.635,-1.635,1.63452,0.5910001,1.632603,1.626057,0,0,0,0
5.450134,Movement,0,92,-0.1607564,0.6876712,0.1761328,0.239,-0.08831209,0.3404917,75,0,0.8882393,83.5,0,0,0,0,0,0.8882393,888.2392,-1.635,0.591,-1.635,-1.635,1.63452,0.5910001,1.632603,1.626057,0,0,0,0
5.45388,Movement,0,92,-0.1607564,0.6876712,0.1761328,0.239,-0.08831209,0.3404917,75,0,0.8882393,83.5,0,0,0,0,0,0.8882393,888.2392,-1.635,0.591,-1.635,-1.635,1.6347,0.5910001,1.617608,1.626455,0,0,0,0
5.458885,Movement,0,92,-0.1607564,0.6876712,0.1761328,0.239,-0.08831209,0.3404917,75,0,0.8882393,83.5,0,0,0,0,0,0.8882393,888.2392,-1.635,0.591,-1.635,-1.635,1.6347,0.5910001,1.617608,1.626455,0,0,0,0
5.463684,Movement,0,92,-0.1607564,0.6876712,0.1761328,0.239,-0.08831209,0.3404917,75,0,0.8882393,83.5,0,0,0,0,0,0.8882393,888.2392,-1.635,0.591,-1.635,-1.635,1.6347,0.5910001,1.617608,1.626455,0,0,0,0
5.467247,Movement,0,92,-0.1607564,0.6876712,0.1761328,0.239,-0.08831209,0.3404917,75,0,0.8882393,83.5,0,0,0,0,0,0.8882393,888.2392,-1.635,0.591,-1.635,-1.635,1.6347,0.5910001,1.617608,1.626455,0,0,0,0
5.470993,Movement,0,92,-0.1607564,0.6876712,0.1761328,0.239,-0.08831209,0.3404917,75,0,0.8882393,83.5,0,0,0,0,0,0.8882393,888.2392,-1.635,0.591,-1.635,-1.635,1.6347,0.5910001,1.617608,1.626455,0,0,0,0
5.475235,Movement,0,92,-0.1607564,0.6876712,0.1761328,0.239,-0.08831209,0.3404917,75,0,0.8882393,83.5,0,0,0,0,0,0.8882393,888.2392,-1.635,0.591,-1.635,-1.635,1.6347,0.5910001,1.617608,1.626455,0,0,0,0
5.478981,Movement,0,92,-0.1607564,0.6876712,0.1761328,0.239,-0.08831209,0.3404917,75,0,0.8882393,83.5,0,0,0,0,0,0.8882393,888.2392,-1.635,0.591,-1.635,-1.635,1.6347,0.5910001,1.617608,1.626455,0,0,0,0
5.483109,Movement,0,92,-0.1607564,0.6876712,0.1761328,0.239,-0.08831209,0.3404917,75,0,0.8882393,83.5,0,0,0,0,0,0.8882393,888.2392,-1.635,0.591,-1.635,-1.635,1.6347,0.5910001,1.617608,1.626455,0,0,0,0
5.486931,Movement,0,92,-0.1607564,0.6876712,0.1761328,0.239,-0.08831209,0.3404917,75,0,0.8882393,83.5,0,0,0,0,0,0.8882393,888.2392,-1.635,0.591,-1.635,-1.635,1.6347,0.5910001,1.617608,1.626455,0,0,0,0
5.492119,Movement,0,92,-0.1607564,0.6876712,0.1761328,0.239,-0.08831209,0.3404917,75,0,0.8882393,83.5,0,0,0,0,0,0.8882393,888.2392,-1.635,0.591,-1.635,-1.635,1.6347,0.5910001,1.617608,1.626455,0,0,0,0
5.496506,Movement,0,92,-0.1607564,0.6876712,0.1761328,0.239,-0.08831209,0.3404917,75,0,0.8882393,83.5,0,0,0,0,0,0.8882393,888.2392,-1.635,0.591,-1.635,-1.635,1.6347,0.5910001,1.617608,1.626455,0,0,0,0
5.500679,Movement,0,92,-0.1607564,0.6876712,0.1761328,0.239,-0.08831209,0.3404917,75,0,0.8882393,83.5,0,0,0,0,0,0.8882393,888.2392,-1.635,0.591,-1.635,-1.635,1.6347,0.5910001,1.617608,1.626455,0,0,0,0
5.505486,Movement,0,92,-0.1607564,0.6876712,0.1761328,0.239,-0.08831209,0.3404917,75,0,0.8882393,83.5,0,0,0,0,0,0.8882393,888.2392,-1.635,0.591,-1.635,-1.635,1.6347,0.5910001,1.617608,1.626455,0,0,0,0
5.509438,Movement,0,92,-0.1607564,0.6876712,0.1761328,0.239,-0.08831209,0.3404917,75,0,0.8882393,83.5,0,0,0,0,0,0.8882393,888.2392,-1.635,0.591,-1.635,-1.635,1.6347,0.5910001,1.617608,1.626455,0,0,0,0
5.514168,Movement,0,92,-0.1607564,0.6876712,0.1761328,0.239,-0.08831209,0.3404917,75,0,0.8882393,83.5,0,0,0,0,0,0.8882393,888.2392,-1.635,0.591,-1.635,-1.635,1.6347,0.5910001,1.617608,1.626455,0,0,0,0
5.51812,Movement,0,92,-0.1607564,0.6876712,0.1761328,0.239,-0.08831209,0.3404917,75,0,0.8882393,83.5,0,0,0,0,0,0.8882393,888.2392,-1.635,0.591,-1.635,-1.635,1.6347,0.5910001,1.617608,1.626455,0,0,0,0
5.522606,Movement,0,92,-0.1607564,0.6876712,0.1761328,0.239,-0.08831209,0.3404917,75,0,0.8882393,83.5,0,0,0,0,0,0.8882393,888.2392,-1.635,0.591,-1.635,-1.635,1.6347,0.5910001,1.617608,1.626455,0,0,0,0
5.526291,Movement,0,92,-0.1607564,0.6876712,0.1761328,0.239,-0.08831209,0.3404917,75,0,0.8882393,83.5,0,0,0,0,0,0.8882393,888.2392,-1.635,0.591,-1.635,-1.635,1.6347,0.5910001,1.617608,1.626455,0,0,0,0
5.530159,Movement,0,92,-0.1607564,0.6876712,0.1761328,0.239,-0.08831209,0.3404917,75,0,0.8882393,83.5,0,0,0,0,0,0.8882393,888.2392,-1.635,0.591,-1.635,-1.635,1.6347,0.5910001,1.617608,1.626455,0,0,0,0
5.534264,Movement,0,92,-0.1607564,0.6876712,0.1761328,0.239,-0.08831209,0.3404917,75,0,0.8882393,83.5,0,0,0,0,0,0.8882393,888.2392,-1.635,0.591,-1.635,-1.635,1.6347,0.5910001,1.617608,1.626455,0,0,0,0
5.538292,Movement,0,92,-0.1607564,0.6876712,0.1761328,0.239,-0.08831209,0.3404917,75,0,0.8882393,83.5,0,0,0,0,0,0.8882393,888.2392,-1.635,0.591,-1.635,-1.635,1.6347,0.5910001,1.617608,1.626455,0,0,0,0
5.54213,Movement,0,92,-0.1607564,0.6876712,0.1761328,0.239,-0.08831209,0.3404917,75,0,0.8882393,83.5,0,0,0,0,0,0.8882393,888.2392,-1.635,0.591,-1.635,-1.635,1.6347,0.5910001,1.617608,1.626455,0,0,0,0
5.546356,Movement,0,92,-0.1607564,0.6876712,0.1761328,0.239,-0.08831209,0.3404917,75,0,0.8882393,83.5,0,0,0,0,0,0.8882393,888.2392,-1.635,0.591,-1.635,-1.635,1.6347,0.5910001,1.617608,1.626455,0,0,0,0
5.550751,Movement,0,92,-0.1607564,0.6876712,0.1761328,0.239,-0.08831209,0.3404917,75,0,0.8882393,83.5,0,0,0,0,0,0.8882393,888.2392,-1.635,0.591,-1.635,-1.635,1.6347,0.5910001,1.617608,1.626455,0,0,0,0
5.554337,Movement,0,92,-0.1607564,0.6876712,0.1761328,0.239,-0.08831209,0.3404917,75,0,0.8882393,83.5,0,0,0,0,0,0.8882393,888.2392,-1.635,0.591,-1.635,-1.635,1.6347,0.5910001,1.617608,1.626455,0,0,0,0
5.558357,Movement,0,92,-0.1607564,0.6876712,0.1761328,0.239,-0.08831209,0.3404917,75,0,0.8882393,83.5,0,0,0,0,0,0.8882393,888.2392,-1.635,0.591,-1.635,-1.635,1.6347,0.5910001,1.617608,1.626455,0,0,0,0
5.562035,Movement,0,92,-0.1607564,0.6876712,0.1761328,0.239,-0.08831209,0.3404917,75,0,0.8882393,83.5,0,0,0,0,0,0.8882393,888.2392,-1.635,0.591,-1.635,-1.635,1.6347,0.5910001,1.617608,1.626455,0,0,0,0
5.56617,Movement,0,92,-0.1607564,0.6876712,0.1761328,0.239,-0.08831209,0.3404917,75,0,0.8882393,83.5,0,0,0,0,0,0.8882393,888.2392,-1.635,0.591,-1.635,-1.635,1.6347,0.5910001,1.617608,1.626455,0,0,0,0
5.569954,Movement,0,92,-0.1607564,0.6876712,0.1761328,0.239,-0.08831209,0.3404917,75,0,0.8882393,83.5,0,0,0,0,0,0.8882393,888.2392,-1.635,0.591,-1.635,-1.635,1.6347,0.5910001,1.617608,1.626455,0,0,0,0
5.57386,Movement,0,92,-0.1607564,0.6876712,0.1761328,0.239,-0.08831209,0.3404917,75,0,0.8882393,83.5,0,0,0,0,0,0.8882393,888.2392,-1.635,0.591,-1.635,-1.635,1.6347,0.5910001,1.617608,1.626455,0,0,0,0
5.578613,Movement,0,92,-0.1607564,0.6876712,0.1761328,0.239,-0.08831209,0.3404917,75,0,0.8882393,83.5,0,0,0,0,0,0.8882393,888.2392,-1.635,0.591,-1.635,-1.635,1.6347,0.5910001,1.617608,1.626455,0,0,0,0
5.583199,Movement,0,92,-0.1607564,0.6876712,0.1761328,0.239,-0.08831209,0.3404917,75,0,0.8882393,83.5,0,0,0,0,0,0.8882393,888.2392,-1.635,0.591,-1.635,-1.635,1.6347,0.5910001,1.617608,1.626455,0,0,0,0
5.59288,Movement,0,92,-0.1607564,0.6876712,0.1761328,0.239,-0.08831209,0.3404917,75,0,0.8882393,83.5,0,0,0,0,0,0.8882393,888.2392,-1.635,0.591,-1.635,-1.635,1.6347,0.5910001,1.617608,1.626455,0,0,0,0
5.597366,Movement,0,92,-0.1607564,0.6876712,0.1761328,0.239,-0.08831209,0.3404917,75,0,0.8882393,83.5,0,0,0,0,0,0.8882393,888.2392,-1.635,0.591,-1.635,-1.635,1.6347,0.5910001,1.617608,1.626455,0,0,0,0
5.601257,Movement,0,92,-0.1607564,0.6876712,0.1761328,0.239,-0.08831209,0.3404917,75,0,0.8882393,83.5,0,0,0,0,0,0.8882393,888.2392,-1.635,0.591,-1.635,-1.635,1.6347,0.5910001,1.617608,1.626455,0,0,0,0
5.606239,Movement,0,92,-0.1607564,0.6876712,0.1761328,0.239,-0.08831209,0.3404917,75,0,0.8882393,83.5,0,0,0,0,0,0.8882393,888.2392,-1.635,0.591,-1.635,-1.635,1.63458,0.5910001,1.55275,1.626394,0,0,0,0
5.611076,Movement,0,92,-0.1607564,0.6876712,0.1761328,0.239,-0.08831209,0.3404917,75,0,0.8882393,83.5,0,0,0,0,0,0.8882393,888.2392,-1.635,0.591,-1.635,-1.635,1.63458,0.5910001,1.55275,1.626394,0,0,0,0
5.615326,Movement,0,92,-0.1607564,0.6876712,0.1761328,0.239,-0.08831209,0.3404917,75,0,0.8882393,83.5,0,0,0,0,0,0.8882393,888.2392,-1.635,0.591,-1.635,-1.635,1.63458,0.5910001,1.55275,1.626394,0,0,0,0
5.619217,Movement,0,92,-0.1607564,0.6876712,0.1761328,0.239,-0.08831209,0.3404917,75,0,0.8882393,83.5,0,0,0,0,0,0.8882393,888.2392,-1.635,0.591,-1.635,-1.635,1.63458,0.5910001,1.55275,1.626394,0,0,0,0
5.623482,Movement,0,92,-0.1607564,0.6876712,0.1761328,0.239,-0.08831209,0.3404917,75,0,0.8882393,83.5,0,0,0,0,0,0.8882393,888.2392,-1.635,0.591,-1.635,-1.635,1.63458,0.5910001,1.55275,1.626394,0,0,0,0
5.627243,Movement,0,92,-0.1607564,0.6876712,0.1761328,0.239,-0.08831209,0.3404917,75,0,0.8882393,83.5,0,0,0,0,0,0.8882393,888.2392,-1.635,0.591,-1.635,-1.635,1.63458,0.5910001,1.55275,1.626394,0,0,0,0
5.631233,Movement,0,92,-0.1607564,0.6876712,0.1761328,0.239,-0.08831209,0.3404917,75,0,0.8882393,83.5,0,0,0,0,0,0.8882393,888.2392,-1.635,0.591,-1.635,-1.635,1.63458,0.5910001,1.55275,1.626394,0,0,0,0
5.634995,Movement,0,92,-0.1607564,0.6876712,0.1761328,0.239,-0.08831209,0.3404917,75,0,0.8882393,83.5,0,0,0,0,0,0.8882393,888.2392,-1.635,0.591,-1.635,-1.635,1.63458,0.5910001,1.55275,1.626394,0,0,0,0
5.638603,Movement,0,92,-0.1607564,0.6876712,0.1761328,0.239,-0.08831209,0.3404917,75,0,0.8882393,83.5,0,0,0,0,0,0.8882393,888.2392,-1.635,0.591,-1.635,-1.635,1.63458,0.5910001,1.55275,1.626394,0,0,0,0
5.64257,Movement,0,92,-0.1607564,0.6876712,0.1761328,0.239,-0.08831209,0.3404917,75,0,0.8882393,83.5,0,0,0,0,0,0.8882393,888.2392,-1.635,0.591,-1.635,-1.635,1.63458,0.5910001,1.55275,1.626394,0,0,0,0
5.647568,Movement,0,92,-0.1607564,0.6876712,0.1761328,0.239,-0.08831209,0.3404917,75,0,0.8882393,83.5,0,0,0,0,0,0.8882393,888.2392,-1.635,0.591,-1.635,-1.635,1.63458,0.5910001,1.55275,1.626394,0,0,0,0
5.652702,Movement,0,92,-0.1607564,0.6876712,0.1761328,0.239,-0.08831209,0.3404917,75,0,0.8882393,83.5,0,0,0,0,0,0.8882393,888.2392,-1.635,0.591,-1.635,-1.635,1.63458,0.5910001,1.55275,1.626394,0,0,0,0
5.658012,Movement,0,92,-0.1607564,0.6876712,0.1761328,0.239,-0.08831209,0.3404917,75,0,0.8882393,83.5,0,0,0,0,0,0.8882393,888.2392,-1.635,0.591,-1.635,-1.635,1.63458,0.5910001,1.55275,1.626394,0,0,0,0
5.663437,Movement,0,92,-0.1607564,0.6876712,0.1761328,0.239,-0.08831209,0.3404917,75,0,0.8882393,83.5,0,0,0,0,0,0.8882393,888.2392,-1.635,0.591,-1.635,-1.635,1.63458,0.5910001,1.55275,1.626394,0,0,0,0
5.668381,Movement,0,92,-0.1607564,0.6876712,0.1761328,0.239,-0.08831209,0.3404917,75,0,0.8882393,83.5,0,0,0,0,0,0.8882393,888.2392,-1.635,0.591,-1.635,-1.635,1.63458,0.5910001,1.55275,1.626394,0,0,0,0
5.672729,Movement,0,92,-0.1607564,0.6876712,0.1761328,0.239,-0.08831209,0.3404917,75,0,0.8882393,83.5,0,0,0,0,0,0.8882393,888.2392,-1.635,0.591,-1.635,-1.635,1.63458,0.5910001,1.55275,1.626394,0,0,0,0
5.678032,Movement,0,92,-0.1607564,0.6876712,0.1761328,0.239,-0.08831209,0.3404917,75,0,0.8882393,83.5,0,0,0,0,0,0.8882393,888.2392,-1.635,0.591,-1.635,-1.635,1.63458,0.5910001,1.55275,1.626394,0,0,0,0
5.683533,Movement,0,92,-0.1607564,0.6876712,0.1761328,0.239,-0.08831209,0.3404917,75,0,0.8882393,83.5,0,0,0,0,0,0.8882393,888.2392,-1.635,0.591,-1.635,-1.635,1.63458,0.5910001,1.55275,1.626394,0,0,0,0
5.68898,Movement,0,92,-0.1607564,0.6876712,0.1761328,0.239,-0.08831209,0.3404917,75,0,0.8882393,83.5,0,0,0,0,0,0.8882393,888.2392,-1.635,0.591,-1.635,-1.635,1.63458,0.5910001,1.55275,1.626394,0,0,0,0
5.694366,Movement,0,92,-0.1607564,0.6876712,0.1761328,0.239,-0.08831209,0.3404917,75,0,0.8882393,83.5,0,0,0,0,0,0.8882393,888.2392,-1.635,0.591,-1.635,-1.635,1.63458,0.5910001,1.55275,1.626394,0,0,0,0
5.699745,Movement,0,92,-0.1607564,0.6876712,0.1761328,0.239,-0.08831209,0.3404917,75,0,0.8882393,83.5,0,0,0,0,0,0.8882393,888.2392,-1.635,0.591,-1.635,-1.635,1.63458,0.5910001,1.55275,1.626394,0,0,0,0
5.705841,Movement,0,92,-0.1607564,0.6876712,0.1761328,0.239,-0.08831209,0.3404917,75,0,0.8882393,83.5,0,0,0,0,0,0.8882393,888.2392,-1.635,0.591,-1.635,-1.635,1.63458,0.5910001,1.55275,1.626394,0,0,0,0
5.711006,Movement,0,92,-0.1607564,0.6876712,0.1761328,0.239,-0.08831209,0.3404917,75,0,0.8882393,83.5,0,0,0,0,0,0.8882393,888.2392,-1.635,0.591,-1.635,-1.635,1.63458,0.5910001,1.55275,1.626394,0,0,0,0
5.716118,Movement,0,92,-0.1607564,0.6876712,0.1761328,0.239,-0.08831209,0.3404917,75,0,0.8882393,83.5,0,0,0,0,0,0.8882393,888.2392,-1.635,0.591,-1.635,-1.635,1.63458,0.5910001,1.55275,1.626394,0,0,0,0
5.721344,Movement,0,92,-0.1607564,0.6876712,0.1761328,0.239,-0.08831209,0.3404917,75,0,0.8882393,83.5,0,0,0,0,0,0.8882393,888.2392,-1.635,0.591,-1.635,-1.635,1.63458,0.5910001,1.55275,1.626394,0,0,0,0
5.72644,Movement,0,92,-0.1607564,0.6876712,0.1761328,0.239,-0.08831209,0.3404917,75,0,0.8882393,83.5,0,0,0,0,0,0.8882393,888.2392,-1.635,0.591,-1.635,-1.635,1.63458,0.5910001,1.55275,1.626394,0,0,0,0
5.731346,Movement,0,92,-0.1607564,0.6876712,0.1761328,0.239,-0.08831209,0.3404917,75,0,0.8882393,83.5,0,0,0,0,0,0.8882393,888.2392,-1.635,0.591,-1.635,-1.635,1.63458,0.5910001,1.55275,1.626394,0,0,0,0
5.735977,Movement,0,92,-0.1607564,0.6876712,0.1761328,0.239,-0.08831209,0.3404917,75,0,0.8882393,83.5,0,0,0,0,0,0.8882393,888.2392,-1.635,0.591,-1.635,-1.635,1.63458,0.5910001,1.55275,1.626394,0,0,0,0
5.741371,Movement,0,92,-0.1607564,0.6876712,0.1761328,0.239,-0.08831209,0.3404917,75,0,0.8882393,83.5,0,0,0,0,0,0.8882393,888.2392,-1.635,0.591,-1.635,-1.635,1.63458,0.5910001,1.55275,1.626394,0,0,0,0
5.746422,Movement,0,92,-0.1607564,0.6876712,0.1761328,0.239,-0.08831209,0.3404917,75,0,0.8882393,83.5,0,0,0,0,0,0.8882393,888.2392,-1.635,0.591,-1.635,-1.635,1.63458,0.5910001,1.563249,1.626117,0,0,0,0
5.753021,Movement,0,92,-0.1607564,0.6876712,0.1761328,0.239,-0.08831209,0.3404917,75,0,0.8882393,83.5,0,0,0,0,0,0.8882393,888.2392,-1.635,0.591,-1.635,-1.635,1.63458,0.5910001,1.563249,1.626117,0,0,0,0
5.758026,Movement,0,92,-0.1607564,0.6876712,0.1761328,0.239,-0.08831209,0.3404917,75,0,0.8882393,83.5,0,0,0,0,0,0.8882393,888.2392,-1.635,0.591,-1.635,-1.635,1.63458,0.5910001,1.563249,1.626117,0,0,0,0
5.762825,Movement,0,92,-0.1607564,0.6876712,0.1761328,0.239,-0.08831209,0.3404917,75,0,0.8882393,83.5,0,0,0,0,0,0.8882393,888.2392,-1.635,0.591,-1.635,-1.635,1.63458,0.5910001,1.563249,1.626117,0,0,0,0
5.768143,Movement,0,92,-0.1607564,0.6876712,0.1761328,0.239,-0.08831209,0.3404917,75,0,0.8882393,83.5,0,0,0,0,0,0.8882393,888.2392,-1.635,0.591,-1.635,-1.635,1.63458,0.5910001,1.563249,1.626117,0,0,0,0
5.772919,Movement,0,92,-0.1607564,0.6876712,0.1761328,0.239,-0.08831209,0.3404917,75,0,0.8882393,83.5,0,0,0,0,0,0.8882393,888.2392,-1.635,0.591,-1.635,-1.635,1.63458,0.5910001,1.563249,1.626117,0,0,0,0
5.77713,Movement,0,92,-0.1607564,0.6876712,0.1761328,0.239,-0.08831209,0.3404917,75,0,0.8882393,83.5,0,0,0,0,0,0.8882393,888.2392,-1.635,0.591,-1.635,-1.635,1.63458,0.5910001,1.563249,1.626117,0,0,0,0
5.78138,Movement,0,92,-0.1607564,0.6876712,0.1761328,0.239,-0.08831209,0.3404917,75,0,0.8882393,83.5,0,0,0,0,0,0.8882393,888.2392,-1.635,0.591,-1.635,-1.635,1.63458,0.5910001,1.563249,1.626117,0,0,0,0
5.78614,Movement,0,92,-0.1607564,0.6876712,0.1761328,0.239,-0.08831209,0.3404917,75,0,0.8882393,83.5,0,0,0,0,0,0.8882393,888.2392,-1.635,0.591,-1.635,-1.635,1.63458,0.5910001,1.563249,1.626117,0,0,0,0
5.790421,Movement,0,92,-0.1607564,0.6876712,0.1761328,0.239,-0.08831209,0.3404917,75,0,0.8882393,83.5,0,0,0,0,0,0.8882393,888.2392,-1.635,0.591,-1.635,-1.635,1.63458,0.5910001,1.563249,1.626117,0,0,0,0
5.794579,Movement,0,92,-0.1607564,0.6876712,0.1761328,0.239,-0.08831209,0.3404917,75,0,0.8882393,83.5,0,0,0,0,0,0.8882393,888.2392,-1.635,0.591,-1.635,-1.635,1.63458,0.5910001,1.563249,1.626117,0,0,0,0
5.799423,Movement,0,92,-0.1607564,0.6876712,0.1761328,0.239,-0.08831209,0.3404917,75,0,0.8882393,83.5,0,0,0,0,0,0.8882393,888.2392,-1.635,0.591,-1.635,-1.635,1.63458,0.5910001,1.563249,1.626117,0,0,0,0
5.804092,Movement,0,92,-0.1607564,0.6876712,0.1761328,0.239,-0.08831209,0.3404917,75,0,0.8882393,83.5,0,0,0,0,0,0.8882393,888.2392,-1.635,0.591,-1.635,-1.635,1.63458,0.5910001,1.563249,1.626117,0,0,0,0
5.808182,Movement,0,92,-0.1607564,0.6876712,0.1761328,0.239,-0.08831209,0.3404917,75,0,0.8882393,83.5,0,0,0,0,0,0.8882393,888.2392,-1.635,0.591,-1.635,-1.635,1.63458,0.5910001,1.563249,1.626117,0,0,0,0
5.812279,Movement,0,92,-0.1607564,0.6876712,0.1761328,0.239,-0.08831209,0.3404917,75,0,0.8882393,83.5,0,0,0,0,0,0.8882393,888.2392,-1.635,0.591,-1.635,-1.635,1.63458,0.5910001,1.563249,1.626117,0,0,0,0
5.816849,Movement,0,92,-0.1607564,0.6876712,0.1761328,0.239,-0.08831209,0.3404917,75,0,0.8882393,83.5,0,0,0,0,0,0.8882393,888.2392,-1.635,0.591,-1.635,-1.635,1.63458,0.5910001,1.563249,1.626117,0,0,0,0
5.820457,Movement,0,92,-0.1607564,0.6876712,0.1761328,0.239,-0.08831209,0.3404917,75,0,0.8882393,83.5,0,0,0,0,0,0.8882393,888.2392,-1.635,0.591,-1.635,-1.635,1.63458,0.5910001,1.563249,1.626117,0,0,0,0
5.824669,Movement,0,92,-0.1607564,0.6876712,0.1761328,0.239,-0.08831209,0.3404917,75,0,0.8882393,83.5,0,0,0,0,0,0.8882393,888.2392,-1.635,0.591,-1.635,-1.635,1.63458,0.5910001,1.563249,1.626117,0,0,0,0
5.828995,Movement,0,92,-0.1607564,0.6876712,0.1761328,0.239,-0.08831209,0.3404917,75,0,0.8882393,83.5,0,0,0,0,0,0.8882393,888.2392,-1.635,0.591,-1.635,-1.635,1.63458,0.5910001,1.563249,1.626117,0,0,0,0
5.834091,Movement,0,92,-0.1607564,0.6876712,0.1761328,0.239,-0.08831209,0.3404917,75,0,0.8882393,83.5,0,0,0,0,0,0.8882393,888.2392,-1.635,0.591,-1.635,-1.635,1.63458,0.5910001,1.563249,1.626117,0,0,0,0
5.837975,Movement,0,92,-0.1607564,0.6876712,0.1761328,0.239,-0.08831209,0.3404917,75,0,0.8882393,83.5,0,0,0,0,0,0.8882393,888.2392,-1.635,0.591,-1.635,-1.635,1.63458,0.5910001,1.563249,1.626117,0,0,0,0
5.842377,Movement,0,92,-0.1607564,0.6876712,0.1761328,0.239,-0.08831209,0.3404917,75,0,0.8882393,83.5,0,0,0,0,0,0.8882393,888.2392,-1.635,0.591,-1.635,-1.635,1.63458,0.5910001,1.563249,1.626117,0,0,0,0
5.846428,Movement,0,92,-0.1607564,0.6876712,0.1761328,0.239,-0.08831209,0.3404917,75,0,0.8882393,83.5,0,0,0,0,0,0.8882393,888.2392,-1.635,0.591,-1.635,-1.635,1.63458,0.5910001,1.563249,1.626117,0,0,0,0
5.849815,Movement,0,92,-0.1607564,0.6876712,0.1761328,0.239,-0.08831209,0.3404917,75,0,0.8882393,83.5,0,0,0,0,0,0.8882393,888.2392,-1.635,0.591,-1.635,-1.635,1.63458,0.5910001,1.563249,1.626117,0,0,0,0
5.853264,Movement,0,92,-0.1607564,0.6876712,0.1761328,0.239,-0.08831209,0.3404917,75,0,0.8882393,83.5,0,0,0,0,0,0.8882393,888.2392,-1.635,0.591,-1.635,-1.635,1.63458,0.5910001,1.563249,1.626117,0,0,0,0
5.857384,Movement,0,92,-0.1607564,0.6876712,0.1761328,0.239,-0.08831209,0.3404917,75,0,0.8882393,83.5,0,0,0,0,0,0.8882393,888.2392,-1.635,0.591,-1.635,-1.635,1.63458,0.5910001,1.563249,1.626117,0,0,0,0
5.861092,Movement,0,92,-0.1607564,0.6876712,0.1761328,0.239,-0.08831209,0.3404917,75,0,0.8882393,83.5,0,0,0,0,0,0.8882393,888.2392,-1.635,0.591,-1.635,-1.635,1.63458,0.5910001,1.563249,1.626117,0,0,0,0
5.865654,Movement,0,92,-0.1607564,0.6876712,0.1761328,0.239,-0.08831209,0.3404917,75,0,0.8882393,83.5,0,0,0,0,0,0.8882393,888.2392,-1.635,0.591,-1.635,-1.635,1.63458,0.5910001,1.563249,1.626117,0,0,0,0
5.869446,Movement,0,92,-0.1607564,0.6876712,0.1761328,0.239,-0.08831209,0.3404917,75,0,0.8882393,83.5,0,0,0,0,0,0.8882393,888.2392,-1.635,0.591,-1.635,-1.635,1.63458,0.5910001,1.563249,1.626117,0,0,0,0
5.873123,Movement,0,92,-0.1607564,0.6876712,0.1761328,0.239,-0.08831209,0.3404917,75,0,0.8882393,83.5,0,0,0,0,0,0.8882393,888.2392,-1.635,0.591,-1.635,-1.635,1.63458,0.5910001,1.563249,1.626117,0,0,0,0
5.876503,Movement,0,92,-0.1607564,0.6876712,0.1761328,0.239,-0.08831209,0.3404917,75,0,0.8882393,83.5,0,0,0,0,0,0.8882393,888.2392,-1.635,0.591,-1.635,-1.635,1.63458,0.5910001,1.563249,1.626117,0,0,0,0
5.879921,Movement,0,92,-0.1607564,0.6876712,0.1761328,0.239,-0.08831209,0.3404917,75,0,0.8882393,83.5,0,0,0,0,0,0.8882393,888.2392,-1.635,0.591,-1.635,-1.635,1.63458,0.5910001,1.563249,1.626117,0,0,0,0
5.883766,Movement,0,92,-0.1607564,0.6876712,0.1761328,0.239,-0.08831209,0.3404917,75,0,0.8882393,83.5,0,0,0,0,0,0.8882393,888.2392,-1.635,0.591,-1.635,-1.635,1.63458,0.5910001,1.563249,1.626117,0,0,0,0
5.887436,Movement,0,92,-0.1607564,0.6876712,0.1761328,0.239,-0.08831209,0.3404917,75,0,0.8882393,83.5,0,0,0,0,0,0.8882393,888.2392,-1.635,0.591,-1.635,-1.635,1.63458,0.5910001,1.563249,1.626117,0,0,0,0
5.891388,Movement,0,92,-0.1607564,0.6876712,0.1761328,0.239,-0.08831209,0.3404917,75,0,0.8882393,83.5,0,0,0,0,0,0.8882393,888.2392,-1.635,0.591,-1.635,-1.635,1.63458,0.5910001,1.563249,1.626117,0,0,0,0
5.89473,Movement,0,92,-0.1607564,0.6876712,0.1761328,0.239,-0.08831209,0.3404917,75,0,0.8882393,83.5,0,0,0,0,0,0.8882393,888.2392,-1.635,0.591,-1.635,-1.635,1.63458,0.5910001,1.563249,1.626117,0,0,0,0
5.898476,Movement,0,92,-0.1607564,0.6876712,0.1761328,0.239,-0.08831209,0.3404917,75,0,0.8882393,83.5,0,0,0,0,0,0.8882393,888.2392,-1.635,0.591,-1.635,-1.635,1.63458,0.5910001,1.563249,1.626117,0,0,0,0
5.90303,Movement,0,92,-0.1607564,0.6876712,0.1761328,0.239,-0.08831209,0.3404917,75,0,0.8882393,83.5,0,0,0,0,0,0.8882393,888.2392,-1.635,0.591,-1.635,-1.635,1.63464,0.5910001,1.551777,1.625437,0,0,0,0
5.90818,Movement,0,92,-0.1607564,0.6876712,0.1761328,0.239,-0.08831209,0.3404917,75,0,0.8882393,83.5,0,0,0,0,0,0.8882393,888.2392,-1.635,0.591,-1.635,-1.635,1.63464,0.5910001,1.551777,1.625437,0,0,0,0
5.911911,Movement,0,92,-0.1607564,0.6876712,0.1761328,0.239,-0.08831209,0.3404917,75,0,0.8882393,83.5,0,0,0,0,0,0.8882393,888.2392,-1.635,0.591,-1.635,-1.635,1.63464,0.5910001,1.551777,1.625437,0,0,0,0
5.916077,Movement,0,92,-0.1607564,0.6876712,0.1761328,0.239,-0.08831209,0.3404917,75,0,0.8882393,83.5,0,0,0,0,0,0.8882393,888.2392,-1.635,0.591,-1.635,-1.635,1.63464,0.5910001,1.551777,1.625437,0,0,0,0
5.919693,Movement,0,92,-0.1607564,0.6876712,0.1761328,0.239,-0.08831209,0.3404917,75,0,0.8882393,83.5,0,0,0,0,0,0.8882393,888.2392,-1.635,0.591,-1.635,-1.635,1.63464,0.5910001,1.551777,1.625437,0,0,0,0
5.924156,Movement,0,92,-0.1607564,0.6876712,0.1761328,0.239,-0.08831209,0.3404917,75,0,0.8882393,83.5,0,0,0,0,0,0.8882393,888.2392,-1.635,0.591,-1.635,-1.635,1.63464,0.5910001,1.551777,1.625437,0,0,0,0
5.928101,Movement,0,92,-0.1607564,0.6876712,0.1761328,0.239,-0.08831209,0.3404917,75,0,0.8882393,83.5,0,0,0,0,0,0.8882393,888.2392,-1.635,0.591,-1.635,-1.635,1.63464,0.5910001,1.551777,1.625437,0,0,0,0
5.932472,Movement,0,92,-0.1607564,0.6876712,0.1761328,0.239,-0.08831209,0.3404917,75,0,0.8882393,83.5,0,0,0,0,0,0.8882393,888.2392,-1.635,0.591,-1.635,-1.635,1.63464,0.5910001,1.551777,1.625437,0,0,0,0
5.936226,Movement,0,92,-0.1607564,0.6876712,0.1761328,0.239,-0.08831209,0.3404917,75,0,0.8882393,83.5,0,0,0,0,0,0.8882393,888.2392,-1.635,0.591,-1.635,-1.635,1.63464,0.5910001,1.551777,1.625437,0,0,0,0
5.940201,Movement,0,92,-0.1607564,0.6876712,0.1761328,0.239,-0.08831209,0.3404917,75,0,0.8882393,83.5,0,0,0,0,0,0.8882393,888.2392,-1.635,0.591,-1.635,-1.635,1.63464,0.5910001,1.551777,1.625437,0,0,0,0
5.944298,Movement,0,92,-0.1607564,0.6876712,0.1761328,0.239,-0.08831209,0.3404917,75,0,0.8882393,83.5,0,0,0,0,0,0.8882393,888.2392,-1.635,0.591,-1.635,-1.635,1.63464,0.5910001,1.551777,1.625437,0,0,0,0
5.948669,Movement,0,92,-0.1607564,0.6876712,0.1761328,0.239,-0.08831209,0.3404917,75,0,0.8882393,83.5,0,0,0,0,0,0.8882393,888.2392,-1.635,0.591,-1.635,-1.635,1.63464,0.5910001,1.551777,1.625437,0,0,0,0
5.952614,Movement,0,92,-0.1607564,0.6876712,0.1761328,0.239,-0.08831209,0.3404917,75,0,0.8882393,83.5,0,0,0,0,0,0.8882393,888.2392,-1.635,0.591,-1.635,-1.635,1.63464,0.5910001,1.551777,1.625437,0,0,0,0
5.957054,Movement,0,92,-0.1607564,0.6876712,0.1761328,0.239,-0.08831209,0.3404917,75,0,0.8882393,83.5,0,0,0,0,0,0.8882393,888.2392,-1.635,0.591,-1.635,-1.635,1.63464,0.5910001,1.551777,1.625437,0,0,0,0
5.960938,Movement,0,92,-0.1607564,0.6876712,0.1761328,0.239,-0.08831209,0.3404917,75,0,0.8882393,83.5,0,0,0,0,0,0.8882393,888.2392,-1.635,0.591,-1.635,-1.635,1.63464,0.5910001,1.551777,1.625437,0,0,0,0
5.965179,Movement,0,92,-0.1607564,0.6876712,0.1761328,0.239,-0.08831209,0.3404917,75,0,0.8882393,83.5,0,0,0,0,0,0.8882393,888.2392,-1.635,0.591,-1.635,-1.635,1.63464,0.5910001,1.551777,1.625437,0,0,0,0
5.969009,Movement,0,92,-0.1607564,0.6876712,0.1761328,0.239,-0.08831209,0.3404917,75,0,0.8882393,83.5,0,0,0,0,0,0.8882393,888.2392,-1.635,0.591,-1.635,-1.635,1.63464,0.5910001,1.551777,1.625437,0,0,0,0
5.972893,Movement,0,92,-0.1607564,0.6876712,0.1761328,0.239,-0.08831209,0.3404917,75,0,0.8882393,83.5,0,0,0,0,0,0.8882393,888.2392,-1.635,0.591,-1.635,-1.635,1.63464,0.5910001,1.551777,1.625437,0,0,0,0
5.976418,Movement,0,92,-0.1607564,0.6876712,0.1761328,0.239,-0.08831209,0.3404917,75,0,0.8882393,83.5,0,0,0,0,0,0.8882393,888.2392,-1.635,0.591,-1.635,-1.635,1.63464,0.5910001,1.551777,1.625437,0,0,0,0
5.980591,Movement,0,92,-0.1607564,0.6876712,0.1761328,0.239,-0.08831209,0.3404917,75,0,0.8882393,83.5,0,0,0,0,0,0.8882393,888.2392,-1.635,0.591,-1.635,-1.635,1.63464,0.5910001,1.551777,1.625437,0,0,0,0
5.984459,Movement,0,92,-0.1607564,0.6876712,0.1761328,0.239,-0.08831209,0.3404917,75,0,0.8882393,83.5,0,0,0,0,0,0.8882393,888.2392,-1.635,0.591,-1.635,-1.635,1.63464,0.5910001,1.551777,1.625437,0,0,0,0
5.988106,Movement,0,92,-0.1607564,0.6876712,0.1761328,0.239,-0.08831209,0.3404917,75,0,0.8882393,83.5,0,0,0,0,0,0.8882393,888.2392,-1.635,0.591,-1.635,-1.635,1.63464,0.5910001,1.551777,1.625437,0,0,0,0
5.991959,Movement,0,92,-0.1607564,0.6876712,0.1761328,0.239,-0.08831209,0.3404917,75,0,0.8882393,83.5,0,0,0,0,0,0.8882393,888.2392,-1.635,0.591,-1.635,-1.635,1.63464,0.5910001,1.551777,1.625437,0,0,0,0
5.995537,Movement,0,92,-0.1607564,0.6876712,0.1761328,0.239,-0.08831209,0.3404917,75,0,0.8882393,83.5,0,0,0,0,0,0.8882393,888.2392,-1.635,0.591,-1.635,-1.635,1.63464,0.5910001,1.551777,1.625437,0,0,0,0
5.999809,Movement,0,92,-0.1607564,0.6876712,0.1761328,0.239,-0.08831209,0.3404917,75,0,0.8882393,83.5,0,0,0,0,0,0.8882393,888.2392,-1.635,0.591,-1.635,-1.635,1.63464,0.5910001,1.551777,1.625437,0,0,0,0
6.00354,Movement,0,92,-0.1607564,0.6876712,0.1761328,0.239,-0.08831209,0.3404917,75,0,0.8882393,83.5,0,0,0,0,0,0.8882393,888.2392,-1.635,0.591,-1.635,-1.635,1.63464,0.5910001,1.551777,1.625437,0,0,0,0
6.007103,Hold,0,92,-0.1607564,0.6876712,0.1761328,0.239,-0.08831209,0.3404917,75,0,0.8882393,83.5,0,0,0,0,0,0.8882393,888.2392,-1.635,0.591,-1.635,-1.635,1.63464,0.5910001,1.551777,1.625437,0,0,0,0
6.01107,Hold,0,92,-0.1607564,0.6876712,0.1761328,0.239,-0.08831209,0.3404917,75,0,0.8882393,83.5,0,0,0,0,0,0.8882393,888.2392,-1.635,0.591,-1.635,-1.635,1.63464,0.5910001,1.551777,1.625437,0,0,0,0
6.016029,Hold,0,92,-0.1607564,0.6876712,0.1761328,0.239,-0.08831209,0.3404917,75,0,0.8882393,83.5,0,0,0,0,0,0.8882393,888.2392,-1.635,0.591,-1.635,-1.635,1.63464,0.5910001,1.551777,1.625437,0,0,0,0
6.019806,Hold,0,92,-0.1607564,0.6876712,0.1761328,0.239,-0.08831209,0.3404917,75,0,0.8882393,83.5,0,0,0,0,0,0.8882393,888.2392,-1.635,0.591,-1.635,-1.635,1.63464,0.5910001,1.551777,1.625437,0,0,0,0
6.024323,Hold,0,92,-0.1607564,0.6876712,0.1761328,0.239,-0.08831209,0.3404917,75,0,0.8882393,83.5,0,0,0,0,0,0.8882393,888.2392,-1.635,0.591,-1.635,-1.635,1.63464,0.5910001,1.551777,1.625437,0,0,0,0
6.028107,Hold,0,92,-0.1607564,0.6876712,0.1761328,0.239,-0.08831209,0.3404917,75,0,0.8882393,83.5,0,0,0,0,0,0.8882393,888.2392,-1.635,0.591,-1.635,-1.635,1.63464,0.5910001,1.551777,1.625437,0,0,0,0
6.032478,Hold,0,92,-0.1607564,0.6876712,0.1761328,0.239,-0.08831209,0.3404917,75,0,0.8882393,83.5,0,0,0,0,0,0.8882393,888.2392,-1.635,0.591,-1.635,-1.635,1.63464,0.5910001,1.551777,1.625437,0,0,0,0
6.036018,Hold,0,92,-0.1607564,0.6876712,0.1761328,0.239,-0.08831209,0.3404917,75,0,0.8882393,83.5,0,0,0,0,0,0.8882393,888.2392,-1.635,0.591,-1.635,-1.635,1.63464,0.5910001,1.551777,1.625437,0,0,0,0
6.039589,Hold,0,92,-0.1607564,0.6876712,0.1761328,0.239,-0.08831209,0.3404917,75,0,0.8882393,83.5,0,0,0,0,0,0.8882393,888.2392,-1.635,0.591,-1.635,-1.635,1.63464,0.5910001,1.551777,1.625437,0,0,0,0
6.046593,Hold,0,92,-0.1607564,0.6876712,0.1761328,0.239,-0.08831209,0.3404917,75,0,0.8882393,83.5,0,0,0,0,0,0.8882393,888.2392,-1.635,0.591,-1.635,-1.635,1.63464,0.5910001,1.551777,1.625437,0,0,0,0
6.050911,Hold,0,92,-0.1607564,0.6876712,0.1761328,0.239,-0.08831209,0.3404917,75,0,0.8882393,83.5,0,0,0,0,0,0.8882393,888.2392,-1.635,0.591,-1.635,-1.635,1.63452,0.5910001,1.599647,1.625975,0,0,0,0
6.055244,Hold,0,92,-0.1607564,0.6876712,0.1761328,0.239,-0.08831209,0.3404917,75,0,0.8882393,83.5,0,0,0,0,0,0.8882393,888.2392,-1.635,0.591,-1.635,-1.635,1.63452,0.5910001,1.599647,1.625975,0,0,0,0
6.060448,Hold,0,92,-0.1607564,0.6876712,0.1761328,0.239,-0.08831209,0.3404917,75,0,0.8882393,83.5,0,0,0,0,0,0.8882393,888.2392,-1.635,0.591,-1.635,-1.635,1.63452,0.5910001,1.599647,1.625975,0,0,0,0
6.065819,Hold,0,92,-0.1607564,0.6876712,0.1761328,0.239,-0.08831209,0.3404917,75,0,0.8882393,83.5,0,0,0,0,0,0.8882393,888.2392,-1.635,0.591,-1.635,-1.635,1.63452,0.5910001,1.599647,1.625975,0,0,0,0
6.069725,Hold,0,92,-0.1607564,0.6876712,0.1761328,0.239,-0.08831209,0.3404917,75,0,0.8882393,83.5,0,0,0,0,0,0.8882393,888.2392,-1.635,0.591,-1.635,-1.635,1.63452,0.5910001,1.599647,1.625975,0,0,0,0
6.073586,Hold,0,92,-0.1607564,0.6876712,0.1761328,0.239,-0.08831209,0.3404917,75,0,0.8882393,83.5,0,0,0,0,0,0.8882393,888.2392,-1.635,0.591,-1.635,-1.635,1.63452,0.5910001,1.599647,1.625975,0,0,0,0
6.077957,Hold,0,92,-0.1607564,0.6876712,0.1761328,0.239,-0.08831209,0.3404917,75,0,0.8882393,83.5,0,0,0,0,0,0.8882393,888.2392,-1.635,0.591,-1.635,-1.635,1.63452,0.5910001,1.599647,1.625975,0,0,0,0
6.081947,Hold,0,92,-0.1607564,0.6876712,0.1761328,0.239,-0.08831209,0.3404917,75,0,0.8882393,83.5,0,0,0,0,0,0.8882393,888.2392,-1.635,0.591,-1.635,-1.635,1.63452,0.5910001,1.599647,1.625975,0,0,0,0
6.085686,Hold,0,92,-0.1607564,0.6876712,0.1761328,0.239,-0.08831209,0.3404917,75,0,0.8882393,83.5,0,0,0,0,0,0.8882393,888.2392,-1.635,0.591,-1.635,-1.635,1.63452,0.5910001,1.599647,1.625975,0,0,0,0
6.096497,Hold,0,92,-0.1607564,0.6876712,0.1761328,0.239,-0.08831209,0.3404917,75,0,0.8882393,83.5,0,0,0,0,0,0.8882393,888.2392,-1.635,0.591,-1.635,-1.635,1.63452,0.5910001,1.599647,1.625975,0,0,0,0
6.100952,Hold,0,92,-0.1607564,0.6876712,0.1761328,0.239,-0.08831209,0.3404917,75,0,0.8882393,83.5,0,0,0,0,0,0.8882393,888.2392,-1.635,0.591,-1.635,-1.635,1.63452,0.5910001,1.599647,1.625975,0,0,0,0
6.105095,Hold,0,92,-0.1607564,0.6876712,0.1761328,0.239,-0.08831209,0.3404917,75,0,0.8882393,83.5,0,0,0,0,0,0.8882393,888.2392,-1.635,0.591,-1.635,-1.635,1.63452,0.5910001,1.599647,1.625975,0,0,0,0
6.109016,Hold,0,92,-0.1607564,0.6876712,0.1761328,0.239,-0.08831209,0.3404917,75,0,0.8882393,83.5,0,0,0,0,0,0.8882393,888.2392,-1.635,0.591,-1.635,-1.635,1.63452,0.5910001,1.599647,1.625975,0,0,0,0
6.112785,Hold,0,92,-0.1607564,0.6876712,0.1761328,0.239,-0.08831209,0.3404917,75,0,0.8882393,83.5,0,0,0,0,0,0.8882393,888.2392,-1.635,0.591,-1.635,-1.635,1.63452,0.5910001,1.599647,1.625975,0,0,0,0
6.116615,Hold,0,92,-0.1607564,0.6876712,0.1761328,0.239,-0.08831209,0.3404917,75,0,0.8882393,83.5,0,0,0,0,0,0.8882393,888.2392,-1.635,0.591,-1.635,-1.635,1.63452,0.5910001,1.599647,1.625975,0,0,0,0
6.120331,Hold,0,92,-0.1607564,0.6876712,0.1761328,0.239,-0.08831209,0.3404917,75,0,0.8882393,83.5,0,0,0,0,0,0.8882393,888.2392,-1.635,0.591,-1.635,-1.635,1.63452,0.5910001,1.599647,1.625975,0,0,0,0
6.124893,Hold,0,92,-0.1607564,0.6876712,0.1761328,0.239,-0.08831209,0.3404917,75,0,0.8882393,83.5,0,0,0,0,0,0.8882393,888.2392,-1.635,0.591,-1.635,-1.635,1.63452,0.5910001,1.599647,1.625975,0,0,0,0
6.129448,Hold,0,92,-0.1607564,0.6876712,0.1761328,0.239,-0.08831209,0.3404917,75,0,0.8882393,83.5,0,0,0,0,0,0.8882393,888.2392,-1.635,0.591,-1.635,-1.635,1.63452,0.5910001,1.599647,1.625975,0,0,0,0
6.133377,Hold,0,92,-0.1607564,0.6876712,0.1761328,0.239,-0.08831209,0.3404917,75,0,0.8882393,83.5,0,0,0,0,0,0.8882393,888.2392,-1.635,0.591,-1.635,-1.635,1.63452,0.5910001,1.599647,1.625975,0,0,0,0
6.136963,Hold,0,92,-0.1607564,0.6876712,0.1761328,0.239,-0.08831209,0.3404917,75,0,0.8882393,83.5,0,0,0,0,0,0.8882393,888.2392,-1.635,0.591,-1.635,-1.635,1.63452,0.5910001,1.599647,1.625975,0,0,0,0
6.141182,Hold,0,92,-0.1607564,0.6876712,0.1761328,0.239,-0.08831209,0.3404917,75,0,0.8882393,83.5,0,0,0,0,0,0.8882393,888.2392,-1.635,0.591,-1.635,-1.635,1.63452,0.5910001,1.599647,1.625975,0,0,0,0
6.145584,Hold,0,92,-0.1607564,0.6876712,0.1761328,0.239,-0.08831209,0.3404917,75,0,0.8882393,83.5,0,0,0,0,0,0.8882393,888.2392,-1.635,0.591,-1.635,-1.635,1.63452,0.5910001,1.599647,1.625975,0,0,0,0
6.149521,Hold,0,92,-0.1607564,0.6876712,0.1761328,0.239,-0.08831209,0.3404917,75,0,0.8882393,83.5,0,0,0,0,0,0.8882393,888.2392,-1.635,0.591,-1.635,-1.635,1.63452,0.5910001,1.599647,1.625975,0,0,0,0
6.15316,Hold,0,92,-0.1607564,0.6876712,0.1761328,0.239,-0.08831209,0.3404917,75,0,0.8882393,83.5,0,0,0,0,0,0.8882393,888.2392,-1.635,0.591,-1.635,-1.635,1.63452,0.5910001,1.599647,1.625975,0,0,0,0
6.157806,Hold,0,92,-0.1607564,0.6876712,0.1761328,0.239,-0.08831209,0.3404917,75,0,0.8882393,83.5,0,0,0,0,0,0.8882393,888.2392,-1.635,0.591,-1.635,-1.635,1.63452,0.5910001,1.599647,1.625975,0,0,0,0
6.161278,Hold,0,92,-0.1607564,0.6876712,0.1761328,0.239,-0.08831209,0.3404917,75,0,0.8882393,83.5,0,0,0,0,0,0.8882393,888.2392,-1.635,0.591,-1.635,-1.635,1.63452,0.5910001,1.599647,1.625975,0,0,0,0
6.165054,Hold,0,92,-0.1607564,0.6876712,0.1761328,0.239,-0.08831209,0.3404917,75,0,0.8882393,83.5,0,0,0,0,0,0.8882393,888.2392,-1.635,0.591,-1.635,-1.635,1.63452,0.5910001,1.599647,1.625975,0,0,0,0
6.1688,Hold,0,92,-0.1607564,0.6876712,0.1761328,0.239,-0.08831209,0.3404917,75,0,0.8882393,83.5,0,0,0,0,0,0.8882393,888.2392,-1.635,0.591,-1.635,-1.635,1.63452,0.5910001,1.599647,1.625975,0,0,0,0
6.173454,Hold,0,92,-0.1607564,0.6876712,0.1761328,0.239,-0.08831209,0.3404917,75,0,0.8882393,83.5,0,0,0,0,0,0.8882393,888.2392,-1.635,0.591,-1.635,-1.635,1.63452,0.5910001,1.599647,1.625975,0,0,0,0
6.177483,Hold,0,92,-0.1607564,0.6876712,0.1761328,0.239,-0.08831209,0.3404917,75,0,0.8882393,83.5,0,0,0,0,0,0.8882393,888.2392,-1.635,0.591,-1.635,-1.635,1.63452,0.5910001,1.599647,1.625975,0,0,0,0
6.181648,Hold,0,92,-0.1607564,0.6876712,0.1761328,0.239,-0.08831209,0.3404917,75,0,0.8882393,83.5,0,0,0,0,0,0.8882393,888.2392,-1.635,0.591,-1.635,-1.635,1.63452,0.5910001,1.599647,1.625975,0,0,0,0
6.185776,Hold,0,92,-0.1607564,0.6876712,0.1761328,0.239,-0.08831209,0.3404917,75,0,0.8882393,83.5,0,0,0,0,0,0.8882393,888.2392,-1.635,0.591,-1.635,-1.635,1.63452,0.5910001,1.599647,1.625975,0,0,0,0
6.190247,Hold,0,92,-0.1607564,0.6876712,0.1761328,0.239,-0.08831209,0.3404917,75,0,0.8882393,83.5,0,0,0,0,0,0.8882393,888.2392,-1.635,0.591,-1.635,-1.635,1.63452,0.5910001,1.599647,1.625975,0,0,0,0
6.194237,Hold,0,92,-0.1607564,0.6876712,0.1761328,0.239,-0.08831209,0.3404917,75,0,0.8882393,83.5,0,0,0,0,0,0.8882393,888.2392,-1.635,0.591,-1.635,-1.635,1.63452,0.5910001,1.599647,1.625975,0,0,0,0
6.198944,Hold,0,92,-0.1607564,0.6876712,0.1761328,0.239,-0.08831209,0.3404917,75,0,0.8882393,83.5,0,0,0,0,0,0.8882393,888.2392,-1.635,0.591,-1.635,-1.635,1.63452,0.5910001,1.599647,1.625975,0,0,0,0
6.202927,Hold,0,92,-0.1607564,0.6876712,0.1761328,0.239,-0.08831209,0.3404917,75,0,0.8882393,83.5,0,0,0,0,0,0.8882393,888.2392,-1.635,0.591,-1.635,-1.635,1.63452,0.5910001,1.599647,1.625975,0,0,0,0
6.207214,Hold,0,92,-0.1607564,0.6876712,0.1761328,0.239,-0.08831209,0.3404917,75,0,0.8882393,83.5,0,0,0,0,0,0.8882393,888.2392,-1.635,0.591,-1.635,-1.635,1.63452,0.5910001,1.599647,1.625975,0,0,0,0
6.211517,Hold,0,92,-0.1607564,0.6876712,0.1761328,0.239,-0.08831209,0.3404917,75,0,0.8882393,83.5,0,0,0,0,0,0.8882393,888.2392,-1.635,0.591,-1.635,-1.635,1.63458,0.5910001,1.602661,1.627314,0,0,0,0
6.216461,Hold,0,92,-0.1607564,0.6876712,0.1761328,0.239,-0.08831209,0.3404917,75,0,0.8882393,83.5,0,0,0,0,0,0.8882393,888.2392,-1.635,0.591,-1.635,-1.635,1.63458,0.5910001,1.602661,1.627314,0,0,0,0
6.221046,Hold,0,92,-0.1607564,0.6876712,0.1761328,0.239,-0.08831209,0.3404917,75,0,0.8882393,83.5,0,0,0,0,0,0.8882393,888.2392,-1.635,0.591,-1.635,-1.635,1.63458,0.5910001,1.602661,1.627314,0,0,0,0
6.226082,Hold,0,92,-0.1607564,0.6876712,0.1761328,0.239,-0.08831209,0.3404917,75,0,0.8882393,83.5,0,0,0,0,0,0.8882393,888.2392,-1.635,0.591,-1.635,-1.635,1.63458,0.5910001,1.602661,1.627314,0,0,0,0
6.230682,Hold,0,92,-0.1607564,0.6876712,0.1761328,0.239,-0.08831209,0.3404917,75,0,0.8882393,83.5,0,0,0,0,0,0.8882393,888.2392,-1.635,0.591,-1.635,-1.635,1.63458,0.5910001,1.602661,1.627314,0,0,0,0
6.235214,Hold,0,92,-0.1607564,0.6876712,0.1761328,0.239,-0.08831209,0.3404917,75,0,0.8882393,83.5,0,0,0,0,0,0.8882393,888.2392,-1.635,0.591,-1.635,-1.635,1.63458,0.5910001,1.602661,1.627314,0,0,0,0
6.239174,Hold,0,92,-0.1607564,0.6876712,0.1761328,0.239,-0.08831209,0.3404917,75,0,0.8882393,83.5,0,0,0,0,0,0.8882393,888.2392,-1.635,0.591,-1.635,-1.635,1.63458,0.5910001,1.602661,1.627314,0,0,0,0
6.249954,Hold,0,92,-0.1607564,0.6876712,0.1761328,0.239,-0.08831209,0.3404917,75,0,0.8882393,83.5,0,0,0,0,0,0.8882393,888.2392,-1.635,0.591,-1.635,-1.635,1.63458,0.5910001,1.602661,1.627314,0,0,0,0
6.254768,Hold,0,92,-0.1607564,0.6876712,0.1761328,0.239,-0.08831209,0.3404917,75,0,0.8882393,83.5,0,0,0,0,0,0.8882393,888.2392,-1.635,0.591,-1.635,-1.635,1.63458,0.5910001,1.602661,1.627314,0,0,0,0
6.258469,Hold,0,92,-0.1607564,0.6876712,0.1761328,0.239,-0.08831209,0.3404917,75,0,0.8882393,83.5,0,0,0,0,0,0.8882393,888.2392,-1.635,0.591,-1.635,-1.635,1.63458,0.5910001,1.602661,1.627314,0,0,0,0
6.26297,Hold,0,92,-0.1607564,0.6876712,0.1761328,0.239,-0.08831209,0.3404917,75,0,0.8882393,83.5,0,0,0,0,0,0.8882393,888.2392,-1.635,0.591,-1.635,-1.635,1.63458,0.5910001,1.602661,1.627314,0,0,0,0
6.26696,Hold,0,92,-0.1607564,0.6876712,0.1761328,0.239,-0.08831209,0.3404917,75,0,0.8882393,83.5,0,0,0,0,0,0.8882393,888.2392,-1.635,0.591,-1.635,-1.635,1.63458,0.5910001,1.602661,1.627314,0,0,0,0
6.270615,Hold,0,92,-0.1607564,0.6876712,0.1761328,0.239,-0.08831209,0.3404917,75,0,0.8882393,83.5,0,0,0,0,0,0.8882393,888.2392,-1.635,0.591,-1.635,-1.635,1.63458,0.5910001,1.602661,1.627314,0,0,0,0
6.27446,Hold,0,92,-0.1607564,0.6876712,0.1761328,0.239,-0.08831209,0.3404917,75,0,0.8882393,83.5,0,0,0,0,0,0.8882393,888.2392,-1.635,0.591,-1.635,-1.635,1.63458,0.5910001,1.602661,1.627314,0,0,0,0
6.278618,Hold,0,92,-0.1607564,0.6876712,0.1761328,0.239,-0.08831209,0.3404917,75,0,0.8882393,83.5,0,0,0,0,0,0.8882393,888.2392,-1.635,0.591,-1.635,-1.635,1.63458,0.5910001,1.602661,1.627314,0,0,0,0
6.283417,Hold,0,92,-0.1607564,0.6876712,0.1761328,0.239,-0.08831209,0.3404917,75,0,0.8882393,83.5,0,0,0,0,0,0.8882393,888.2392,-1.635,0.591,-1.635,-1.635,1.63458,0.5910001,1.602661,1.627314,0,0,0,0
6.288254,Hold,0,92,-0.1607564,0.6876712,0.1761328,0.239,-0.08831209,0.3404917,75,0,0.8882393,83.5,0,0,0,0,0,0.8882393,888.2392,-1.635,0.591,-1.635,-1.635,1.63458,0.5910001,1.602661,1.627314,0,0,0,0
6.291779,Hold,0,92,-0.1607564,0.6876712,0.1761328,0.239,-0.08831209,0.3404917,75,0,0.8882393,83.5,0,0,0,0,0,0.8882393,888.2392,-1.635,0.591,-1.635,-1.635,1.63458,0.5910001,1.602661,1.627314,0,0,0,0
6.29554,Hold,0,92,-0.1607564,0.6876712,0.1761328,0.239,-0.08831209,0.3404917,75,0,0.8882393,83.5,0,0,0,0,0,0.8882393,888.2392,-1.635,0.591,-1.635,-1.635,1.63458,0.5910001,1.602661,1.627314,0,0,0,0
6.299774,Hold,0,92,-0.1607564,0.6876712,0.1761328,0.239,-0.08831209,0.3404917,75,0,0.8882393,83.5,0,0,0,0,0,0.8882393,888.2392,-1.635,0.591,-1.635,-1.635,1.63458,0.5910001,1.602661,1.627314,0,0,0,0
6.303772,Hold,0,92,-0.1607564,0.6876712,0.1761328,0.239,-0.08831209,0.3404917,75,0,0.8882393,83.5,0,0,0,0,0,0.8882393,888.2392,-1.635,0.591,-1.635,-1.635,1.63458,0.5910001,1.602661,1.627314,0,0,0,0
6.307426,Hold,0,92,-0.1607564,0.6876712,0.1761328,0.239,-0.08831209,0.3404917,75,0,0.8882393,83.5,0,0,0,0,0,0.8882393,888.2392,-1.635,0.591,-1.635,-1.635,1.63458,0.5910001,1.602661,1.627314,0,0,0,0
6.311813,Hold,0,92,-0.1607564,0.6876712,0.1761328,0.239,-0.08831209,0.3404917,75,0,0.8882393,83.5,0,0,0,0,0,0.8882393,888.2392,-1.635,0.591,-1.635,-1.635,1.63458,0.5910001,1.602661,1.627314,0,0,0,0
6.316788,Hold,0,92,-0.1607564,0.6876712,0.1761328,0.239,-0.08831209,0.3404917,75,0,0.8882393,83.5,0,0,0,0,0,0.8882393,888.2392,-1.635,0.591,-1.635,-1.635,1.63458,0.5910001,1.602661,1.627314,0,0,0,0
6.321388,Hold,0,92,-0.1607564,0.6876712,0.1761328,0.239,-0.08831209,0.3404917,75,0,0.8882393,83.5,0,0,0,0,0,0.8882393,888.2392,-1.635,0.591,-1.635,-1.635,1.63458,0.5910001,1.602661,1.627314,0,0,0,0
6.326866,Hold,0,92,-0.1607564,0.6876712,0.1761328,0.239,-0.08831209,0.3404917,75,0,0.8882393,83.5,0,0,0,0,0,0.8882393,888.2392,-1.635,0.591,-1.635,-1.635,1.63458,0.5910001,1.602661,1.627314,0,0,0,0
6.331551,Hold,0,92,-0.1607564,0.6876712,0.1761328,0.239,-0.08831209,0.3404917,75,0,0.8882393,83.5,0,0,0,0,0,0.8882393,888.2392,-1.635,0.591,-1.635,-1.635,1.63458,0.5910001,1.602661,1.627314,0,0,0,0
6.334961,Hold,0,92,-0.1607564,0.6876712,0.1761328,0.239,-0.08831209,0.3404917,75,0,0.8882393,83.5,0,0,0,0,0,0.8882393,888.2392,-1.635,0.591,-1.635,-1.635,1.63458,0.5910001,1.602661,1.627314,0,0,0,0
6.33844,Hold,0,92,-0.1607564,0.6876712,0.1761328,0.239,-0.08831209,0.3404917,75,0,0.8882393,83.5,0,0,0,0,0,0.8882393,888.2392,-1.635,0.591,-1.635,-1.635,1.63458,0.5910001,1.602661,1.627314,0,0,0,0
6.34243,Hold,0,92,-0.1607564,0.6876712,0.1761328,0.239,-0.08831209,0.3404917,75,0,0.8882393,83.5,0,0,0,0,0,0.8882393,888.2392,-1.635,0.591,-1.635,-1.635,1.63458,0.5910001,1.585684,1.627373,0,0,0,0
6.347229,Hold,0,92,-0.1607564,0.6876712,0.1761328,0.239,-0.08831209,0.3404917,75,0,0.8882393,83.5,0,0,0,0,0,0.8882393,888.2392,-1.635,0.591,-1.635,-1.635,1.6347,0.5910001,1.608564,1.627494,0,0,0,0
6.352158,Hold,0,92,-0.1607564,0.6876712,0.1761328,0.239,-0.08831209,0.3404917,75,0,0.8882393,83.5,0,0,0,0,0,0.8882393,888.2392,-1.635,0.591,-1.635,-1.635,1.6347,0.5910001,1.608564,1.627494,0,0,0,0
6.356674,Hold,0,92,-0.1607564,0.6876712,0.1761328,0.239,-0.08831209,0.3404917,75,0,0.8882393,83.5,0,0,0,0,0,0.8882393,888.2392,-1.635,0.591,-1.635,-1.635,1.6347,0.5910001,1.608564,1.627494,0,0,0,0
6.361031,Hold,0,92,-0.1607564,0.6876712,0.1761328,0.239,-0.08831209,0.3404917,75,0,0.8882393,83.5,0,0,0,0,0,0.8882393,888.2392,-1.635,0.591,-1.635,-1.635,1.6347,0.5910001,1.608564,1.627494,0,0,0,0
6.365509,Hold,0,92,-0.1607564,0.6876712,0.1761328,0.239,-0.08831209,0.3404917,75,0,0.8882393,83.5,0,0,0,0,0,0.8882393,888.2392,-1.635,0.591,-1.635,-1.635,1.6347,0.5910001,1.608564,1.627494,0,0,0,0
6.369293,Hold,0,92,-0.1607564,0.6876712,0.1761328,0.239,-0.08831209,0.3404917,75,0,0.8882393,83.5,0,0,0,0,0,0.8882393,888.2392,-1.635,0.591,-1.635,-1.635,1.6347,0.5910001,1.608564,1.627494,0,0,0,0
6.373405,Hold,0,92,-0.1607564,0.6876712,0.1761328,0.239,-0.08831209,0.3404917,75,0,0.8882393,83.5,0,0,0,0,0,0.8882393,888.2392,-1.635,0.591,-1.635,-1.635,1.6347,0.5910001,1.608564,1.627494,0,0,0,0
6.37899,Hold,0,92,-0.1607564,0.6876712,0.1761328,0.239,-0.08831209,0.3404917,75,0,0.8882393,83.5,0,0,0,0,0,0.8882393,888.2392,-1.635,0.591,-1.635,-1.635,1.6347,0.5910001,1.608564,1.627494,0,0,0,0
6.383743,Hold,0,92,-0.1607564,0.6876712,0.1761328,0.239,-0.08831209,0.3404917,75,0,0.8882393,83.5,0,0,0,0,0,0.8882393,888.2392,-1.635,0.591,-1.635,-1.635,1.6347,0.5910001,1.608564,1.627494,0,0,0,0
6.388,Hold,0,92,-0.1607564,0.6876712,0.1761328,0.239,-0.08831209,0.3404917,75,0,0.8882393,83.5,0,0,0,0,0,0.8882393,888.2392,-1.635,0.591,-1.635,-1.635,1.6347,0.5910001,1.608564,1.627494,0,0,0,0
6.391891,Hold,0,92,-0.1607564,0.6876712,0.1761328,0.239,-0.08831209,0.3404917,75,0,0.8882393,83.5,0,0,0,0,0,0.8882393,888.2392,-1.635,0.591,-1.635,-1.635,1.6347,0.5910001,1.608564,1.627494,0,0,0,0
6.395912,Hold,0,92,-0.1607564,0.6876712,0.1761328,0.239,-0.08831209,0.3404917,75,0,0.8882393,83.5,0,0,0,0,0,0.8882393,888.2392,-1.635,0.591,-1.635,-1.635,1.6347,0.5910001,1.608564,1.627494,0,0,0,0
6.400146,Hold,0,92,-0.1607564,0.6876712,0.1761328,0.239,-0.08831209,0.3404917,75,0,0.8882393,83.5,0,0,0,0,0,0.8882393,888.2392,-1.635,0.591,-1.635,-1.635,1.6347,0.5910001,1.608564,1.627494,0,0,0,0
6.404594,Hold,0,92,-0.1607564,0.6876712,0.1761328,0.239,-0.08831209,0.3404917,75,0,0.8882393,83.5,0,0,0,0,0,0.8882393,888.2392,-1.635,0.591,-1.635,-1.635,1.6347,0.5910001,1.608564,1.627494,0,0,0,0
6.408211,Hold,0,92,-0.1607564,0.6876712,0.1761328,0.239,-0.08831209,0.3404917,75,0,0.8882393,83.5,0,0,0,0,0,0.8882393,888.2392,-1.635,0.591,-1.635,-1.635,1.6347,0.5910001,1.608564,1.627494,0,0,0,0
6.411835,Hold,0,92,-0.1607564,0.6876712,0.1761328,0.239,-0.08831209,0.3404917,75,0,0.8882393,83.5,0,0,0,0,0,0.8882393,888.2392,-1.635,0.591,-1.635,-1.635,1.6347,0.5910001,1.608564,1.627494,0,0,0,0
6.415741,Hold,0,92,-0.1607564,0.6876712,0.1761328,0.239,-0.08831209,0.3404917,75,0,0.8882393,83.5,0,0,0,0,0,0.8882393,888.2392,-1.635,0.591,-1.635,-1.635,1.6347,0.5910001,1.608564,1.627494,0,0,0,0
6.419441,Hold,0,92,-0.1607564,0.6876712,0.1761328,0.239,-0.08831209,0.3404917,75,0,0.8882393,83.5,0,0,0,0,0,0.8882393,888.2392,-1.635,0.591,-1.635,-1.635,1.6347,0.5910001,1.608564,1.627494,0,0,0,0
6.424278,Hold,0,92,-0.1607564,0.6876712,0.1761328,0.239,-0.08831209,0.3404917,75,0,0.8882393,83.5,0,0,0,0,0,0.8882393,888.2392,-1.635,0.591,-1.635,-1.635,1.6347,0.5910001,1.608564,1.627494,0,0,0,0
6.42823,Hold,0,92,-0.1607564,0.6876712,0.1761328,0.239,-0.08831209,0.3404917,75,0,0.8882393,83.5,0,0,0,0,0,0.8882393,888.2392,-1.635,0.591,-1.635,-1.635,1.6347,0.5910001,1.608564,1.627494,0,0,0,0
6.432106,Hold,0,92,-0.1607564,0.6876712,0.1761328,0.239,-0.08831209,0.3404917,75,0,0.8882393,83.5,0,0,0,0,0,0.8882393,888.2392,-1.635,0.591,-1.635,-1.635,1.6347,0.5910001,1.608564,1.627494,0,0,0,0
6.436203,Hold,0,92,-0.1607564,0.6876712,0.1761328,0.239,-0.08831209,0.3404917,75,0,0.8882393,83.5,0,0,0,0,0,0.8882393,888.2392,-1.635,0.591,-1.635,-1.635,1.6347,0.5910001,1.608564,1.627494,0,0,0,0
6.439919,Hold,0,92,-0.1607564,0.6876712,0.1761328,0.239,-0.08831209,0.3404917,75,0,0.8882393,83.5,0,0,0,0,0,0.8882393,888.2392,-1.635,0.591,-1.635,-1.635,1.6347,0.5910001,1.608564,1.627494,0,0,0,0
6.44371,Hold,0,92,-0.1607564,0.6876712,0.1761328,0.239,-0.08831209,0.3404917,75,0,0.8882393,83.5,0,0,0,0,0,0.8882393,888.2392,-1.635,0.591,-1.635,-1.635,1.6347,0.5910001,1.608564,1.627494,0,0,0,0
6.447639,Hold,0,92,-0.1607564,0.6876712,0.1761328,0.239,-0.08831209,0.3404917,75,0,0.8882393,83.5,0,0,0,0,0,0.8882393,888.2392,-1.635,0.591,-1.635,-1.635,1.6347,0.5910001,1.608564,1.627494,0,0,0,0
6.451492,Hold,0,92,-0.1607564,0.6876712,0.1761328,0.239,-0.08831209,0.3404917,75,0,0.8882393,83.5,0,0,0,0,0,0.8882393,888.2392,-1.635,0.591,-1.635,-1.635,1.6347,0.5910001,1.608564,1.627494,0,0,0,0
6.455063,Hold,0,92,-0.1607564,0.6876712,0.1761328,0.239,-0.08831209,0.3404917,75,0,0.8882393,83.5,0,0,0,0,0,0.8882393,888.2392,-1.635,0.591,-1.635,-1.635,1.6347,0.5910001,1.608564,1.627494,0,0,0,0
6.458778,Hold,0,92,-0.1607564,0.6876712,0.1761328,0.239,-0.08831209,0.3404917,75,0,0.8882393,83.5,0,0,0,0,0,0.8882393,888.2392,-1.635,0.591,-1.635,-1.635,1.6347,0.5910001,1.608564,1.627494,0,0,0,0
6.463333,Hold,0,92,-0.1607564,0.6876712,0.1761328,0.239,-0.08831209,0.3404917,75,0,0.8882393,83.5,0,0,0,0,0,0.8882393,888.2392,-1.635,0.591,-1.635,-1.635,1.6347,0.5910001,1.608564,1.627494,0,0,0,0
6.466934,Hold,0,92,-0.1607564,0.6876712,0.1761328,0.239,-0.08831209,0.3404917,75,0,0.8882393,83.5,0,0,0,0,0,0.8882393,888.2392,-1.635,0.591,-1.635,-1.635,1.6347,0.5910001,1.608564,1.627494,0,0,0,0
6.4711,Hold,0,92,-0.1607564,0.6876712,0.1761328,0.239,-0.08831209,0.3404917,75,0,0.8882393,83.5,0,0,0,0,0,0.8882393,888.2392,-1.635,0.591,-1.635,-1.635,1.6347,0.5910001,1.608564,1.627494,0,0,0,0
6.474586,Hold,0,92,-0.1607564,0.6876712,0.1761328,0.239,-0.08831209,0.3404917,75,0,0.8882393,83.5,0,0,0,0,0,0.8882393,888.2392,-1.635,0.591,-1.635,-1.635,1.6347,0.5910001,1.608564,1.627494,0,0,0,0
6.478302,Hold,0,92,-0.1607564,0.6876712,0.1761328,0.239,-0.08831209,0.3404917,75,0,0.8882393,83.5,0,0,0,0,0,0.8882393,888.2392,-1.635,0.591,-1.635,-1.635,1.6347,0.5910001,1.608564,1.627494,0,0,0,0
6.482986,Hold,0,92,-0.1607564,0.6876712,0.1761328,0.239,-0.08831209,0.3404917,75,0,0.8882393,83.5,0,0,0,0,0,0.8882393,888.2392,-1.635,0.591,-1.635,-1.635,1.6347,0.5910001,1.608564,1.627494,0,0,0,0
6.487045,Hold,0,92,-0.1607564,0.6876712,0.1761328,0.239,-0.08831209,0.3404917,75,0,0.8882393,83.5,0,0,0,0,0,0.8882393,888.2392,-1.635,0.591,-1.635,-1.635,1.6347,0.5910001,1.608564,1.627494,0,0,0,0
6.490707,Hold,0,92,-0.1607564,0.6876712,0.1761328,0.239,-0.08831209,0.3404917,75,0,0.8882393,83.5,0,0,0,0,0,0.8882393,888.2392,-1.635,0.591,-1.635,-1.635,1.6347,0.5910001,1.608564,1.627494,0,0,0,0
6.494789,Hold,0,92,-0.1607564,0.6876712,0.1761328,0.239,-0.08831209,0.3404917,75,0,0.8882393,83.5,0,0,0,0,0,0.8882393,888.2392,-1.635,0.591,-1.635,-1.635,1.6347,0.5910001,1.608564,1.627494,0,0,0,0
6.498558,Hold,0,92,-0.1607564,0.6876712,0.1761328,0.239,-0.08831209,0.3404917,75,0,0.8882393,83.5,0,0,0,0,0,0.8882393,888.2392,-1.635,0.591,-1.635,-1.635,1.6347,0.5910001,1.608564,1.627494,0,0,0,0
6.50206,Hold,0,92,-0.1607564,0.6876712,0.1761328,0.239,-0.08831209,0.3404917,75,0,0.8882393,83.5,0,0,0,0,0,0.8882393,888.2392,-1.635,0.591,-1.635,-1.635,1.6347,0.5910001,1.608564,1.627494,0,0,0,0
6.505905,Hold,0,92,-0.1607564,0.6876712,0.1761328,0.239,-0.08831209,0.3404917,75,0,0.8882393,83.5,0,0,0,0,0,0.8882393,888.2392,-1.635,0.591,-1.635,-1.635,1.6347,0.5910001,1.608564,1.627494,0,0,0,0
6.509117,Hold,0,92,-0.1607564,0.6876712,0.1761328,0.239,-0.08831209,0.3404917,75,0,0.8882393,83.5,0,0,0,0,0,0.8882393,888.2392,-1.635,0.591,-1.635,-1.635,1.6347,0.5910001,1.608564,1.627494,0,0,0,0
6.512939,Hold,0,92,-0.1607564,0.6876712,0.1761328,0.239,-0.08831209,0.3404917,75,0,0.8882393,83.5,0,0,0,0,0,0.8882393,888.2392,-1.635,0.591,-1.635,-1.635,1.6347,0.5910001,1.608564,1.627494,0,0,0,0
6.516945,Hold,0,92,-0.1607564,0.6876712,0.1761328,0.239,-0.08831209,0.3404917,75,0,0.8882393,83.5,0,0,0,0,0,0.8882393,888.2392,-1.635,0.591,-1.635,-1.635,1.6347,0.5910001,1.608564,1.627494,0,0,0,0
6.520432,Hold,0,92,-0.1607564,0.6876712,0.1761328,0.239,-0.08831209,0.3404917,75,0,0.8882393,83.5,0,0,0,0,0,0.8882393,888.2392,-1.635,0.591,-1.635,-1.635,1.6347,0.5910001,1.608564,1.627494,0,0,0,0
6.52462,Hold,0,92,-0.1607564,0.6876712,0.1761328,0.239,-0.08831209,0.3404917,75,0,0.8882393,83.5,0,0,0,0,0,0.8882393,888.2392,-1.635,0.591,-1.635,-1.635,1.6347,0.5910001,1.608564,1.627494,0,0,0,0
6.52916,Hold,0,92,-0.1607564,0.6876712,0.1761328,0.239,-0.08831209,0.3404917,75,0,0.8882393,83.5,0,0,0,0,0,0.8882393,888.2392,-1.635,0.591,-1.635,-1.635,1.63458,0.5910001,1.622236,1.626057,0,0,0,0
6.533661,Hold,0,92,-0.1607564,0.6876712,0.1761328,0.239,-0.08831209,0.3404917,75,0,0.8882393,83.5,0,0,0,0,0,0.8882393,888.2392,-1.635,0.591,-1.635,-1.635,1.63458,0.5910001,1.622236,1.626057,0,0,0,0
6.537018,Hold,0,92,-0.1607564,0.6876712,0.1761328,0.239,-0.08831209,0.3404917,75,0,0.8882393,83.5,0,0,0,0,0,0.8882393,888.2392,-1.635,0.591,-1.635,-1.635,1.63458,0.5910001,1.622236,1.626057,0,0,0,0
6.541061,Hold,0,92,-0.1607564,0.6876712,0.1761328,0.239,-0.08831209,0.3404917,75,0,0.8882393,83.5,0,0,0,0,0,0.8882393,888.2392,-1.635,0.591,-1.635,-1.635,1.63458,0.5910001,1.622236,1.626057,0,0,0,0
6.545418,Hold,0,92,-0.1607564,0.6876712,0.1761328,0.239,-0.08831209,0.3404917,75,0,0.8882393,83.5,0,0,0,0,0,0.8882393,888.2392,-1.635,0.591,-1.635,-1.635,1.63458,0.5910001,1.622236,1.626057,0,0,0,0
6.549156,Hold,0,92,-0.1607564,0.6876712,0.1761328,0.239,-0.08831209,0.3404917,75,0,0.8882393,83.5,0,0,0,0,0,0.8882393,888.2392,-1.635,0.591,-1.635,-1.635,1.63458,0.5910001,1.622236,1.626057,0,0,0,0
6.553238,Hold,0,92,-0.1607564,0.6876712,0.1761328,0.239,-0.08831209,0.3404917,75,0,0.8882393,83.5,0,0,0,0,0,0.8882393,888.2392,-1.635,0.591,-1.635,-1.635,1.63458,0.5910001,1.622236,1.626057,0,0,0,0
6.557587,Hold,0,92,-0.1607564,0.6876712,0.1761328,0.239,-0.08831209,0.3404917,75,0,0.8882393,83.5,0,0,0,0,0,0.8882393,888.2392,-1.635,0.591,-1.635,-1.635,1.63458,0.5910001,1.622236,1.626057,0,0,0,0
6.562752,Hold,0,92,-0.1607564,0.6876712,0.1761328,0.239,-0.08831209,0.3404917,75,0,0.8882393,83.5,0,0,0,0,0,0.8882393,888.2392,-1.635,0.591,-1.635,-1.635,1.63458,0.5910001,1.622236,1.626057,0,0,0,0
6.567207,Hold,0,92,-0.1607564,0.6876712,0.1761328,0.239,-0.08831209,0.3404917,75,0,0.8882393,83.5,0,0,0,0,0,0.8882393,888.2392,-1.635,0.591,-1.635,-1.635,1.63458,0.5910001,1.622236,1.626057,0,0,0,0
6.571556,Hold,0,92,-0.1607564,0.6876712,0.1761328,0.239,-0.08831209,0.3404917,75,0,0.8882393,83.5,0,0,0,0,0,0.8882393,888.2392,-1.635,0.591,-1.635,-1.635,1.63458,0.5910001,1.622236,1.626057,0,0,0,0
6.575905,Hold,0,92,-0.1607564,0.6876712,0.1761328,0.239,-0.08831209,0.3404917,75,0,0.8882393,83.5,0,0,0,0,0,0.8882393,888.2392,-1.635,0.591,-1.635,-1.635,1.63458,0.5910001,1.622236,1.626057,0,0,0,0
6.579445,Hold,0,92,-0.1607564,0.6876712,0.1761328,0.239,-0.08831209,0.3404917,75,0,0.8882393,83.5,0,0,0,0,0,0.8882393,888.2392,-1.635,0.591,-1.635,-1.635,1.63458,0.5910001,1.622236,1.626057,0,0,0,0
6.583801,Hold,0,92,-0.1607564,0.6876712,0.1761328,0.239,-0.08831209,0.3404917,75,0,0.8882393,83.5,0,0,0,0,0,0.8882393,888.2392,-1.635,0.591,-1.635,-1.635,1.63458,0.5910001,1.622236,1.626057,0,0,0,0
6.587646,Hold,0,92,-0.1607564,0.6876712,0.1761328,0.239,-0.08831209,0.3404917,75,0,0.8882393,83.5,0,0,0,0,0,0.8882393,888.2392,-1.635,0.591,-1.635,-1.635,1.63458,0.5910001,1.622236,1.626057,0,0,0,0
6.597733,Hold,0,92,-0.1607564,0.6876712,0.1761328,0.239,-0.08831209,0.3404917,75,0,0.8882393,83.5,0,0,0,0,0,0.8882393,888.2392,-1.635,0.591,-1.635,-1.635,1.63458,0.5910001,1.622236,1.626057,0,0,0,0
6.601532,Hold,0,92,-0.1607564,0.6876712,0.1761328,0.239,-0.08831209,0.3404917,75,0,0.8882393,83.5,0,0,0,0,0,0.8882393,888.2392,-1.635,0.591,-1.635,-1.635,1.63458,0.5910001,1.622236,1.626057,0,0,0,0
6.605698,Hold,0,92,-0.1607564,0.6876712,0.1761328,0.239,-0.08831209,0.3404917,75,0,0.8882393,83.5,0,0,0,0,0,0.8882393,888.2392,-1.635,0.591,-1.635,-1.635,1.63458,0.5910001,1.622236,1.626057,0,0,0,0
6.610344,Hold,0,92,-0.1607564,0.6876712,0.1761328,0.239,-0.08831209,0.3404917,75,0,0.8882393,83.5,0,0,0,0,0,0.8882393,888.2392,-1.635,0.591,-1.635,-1.635,1.63458,0.5910001,1.622236,1.626057,0,0,0,0
6.614006,Hold,0,92,-0.1607564,0.6876712,0.1761328,0.239,-0.08831209,0.3404917,75,0,0.8882393,83.5,0,0,0,0,0,0.8882393,888.2392,-1.635,0.591,-1.635,-1.635,1.63458,0.5910001,1.622236,1.626057,0,0,0,0
6.617477,Hold,0,92,-0.1607564,0.6876712,0.1761328,0.239,-0.08831209,0.3404917,75,0,0.8882393,83.5,0,0,0,0,0,0.8882393,888.2392,-1.635,0.591,-1.635,-1.635,1.63458,0.5910001,1.622236,1.626057,0,0,0,0
6.62101,Hold,0,92,-0.1607564,0.6876712,0.1761328,0.239,-0.08831209,0.3404917,75,0,0.8882393,83.5,0,0,0,0,0,0.8882393,888.2392,-1.635,0.591,-1.635,-1.635,1.63458,0.5910001,1.622236,1.626057,0,0,0,0
6.624786,Hold,0,92,-0.1607564,0.6876712,0.1761328,0.239,-0.08831209,0.3404917,75,0,0.8882393,83.5,0,0,0,0,0,0.8882393,888.2392,-1.635,0.591,-1.635,-1.635,1.63458,0.5910001,1.622236,1.626057,0,0,0,0
6.628616,Hold,0,92,-0.1607564,0.6876712,0.1761328,0.239,-0.08831209,0.3404917,75,0,0.8882393,83.5,0,0,0,0,0,0.8882393,888.2392,-1.635,0.591,-1.635,-1.635,1.63458,0.5910001,1.622236,1.626057,0,0,0,0
6.6325,Hold,0,92,-0.1607564,0.6876712,0.1761328,0.239,-0.08831209,0.3404917,75,0,0.8882393,83.5,0,0,0,0,0,0.8882393,888.2392,-1.635,0.591,-1.635,-1.635,1.63458,0.5910001,1.622236,1.626057,0,0,0,0
6.636406,Hold,0,92,-0.1607564,0.6876712,0.1761328,0.239,-0.08831209,0.3404917,75,0,0.8882393,83.5,0,0,0,0,0,0.8882393,888.2392,-1.635,0.591,-1.635,-1.635,1.63458,0.5910001,1.622236,1.626057,0,0,0,0
6.640846,Hold,0,92,-0.1607564,0.6876712,0.1761328,0.239,-0.08831209,0.3404917,75,0,0.8882393,83.5,0,0,0,0,0,0.8882393,888.2392,-1.635,0.591,-1.635,-1.635,1.63458,0.5910001,1.622236,1.626057,0,0,0,0
6.644638,Hold,0,92,-0.1607564,0.6876712,0.1761328,0.239,-0.08831209,0.3404917,75,0,0.8882393,83.5,0,0,0,0,0,0.8882393,888.2392,-1.635,0.591,-1.635,-1.635,1.63458,0.5910001,1.622236,1.626057,0,0,0,0
6.648994,Hold,0,92,-0.1607564,0.6876712,0.1761328,0.239,-0.08831209,0.3404917,75,0,0.8882393,83.5,0,0,0,0,0,0.8882393,888.2392,-1.635,0.591,-1.635,-1.635,1.63458,0.5910001,1.631912,1.626177,0,0,0,0
6.653923,Hold,0,92,-0.1607564,0.6876712,0.1761328,0.239,-0.08831209,0.3404917,75,0,0.8882393,83.5,0,0,0,0,0,0.8882393,888.2392,-1.635,0.591,-1.635,-1.635,1.63458,0.5910001,1.631912,1.626177,0,0,0,0
6.658211,Hold,0,92,-0.1607564,0.6876712,0.1761328,0.239,-0.08831209,0.3404917,75,0,0.8882393,83.5,0,0,0,0,0,0.8882393,888.2392,-1.635,0.591,-1.635,-1.635,1.63458,0.5910001,1.631912,1.626177,0,0,0,0
6.662109,Hold,0,92,-0.1607564,0.6876712,0.1761328,0.239,-0.08831209,0.3404917,75,0,0.8882393,83.5,0,0,0,0,0,0.8882393,888.2392,-1.635,0.591,-1.635,-1.635,1.63458,0.5910001,1.631912,1.626177,0,0,0,0
6.667068,Hold,0,92,-0.1607564,0.6876712,0.1761328,0.239,-0.08831209,0.3404917,75,0,0.8882393,83.5,0,0,0,0,0,0.8882393,888.2392,-1.635,0.591,-1.635,-1.635,1.63458,0.5910001,1.631912,1.626177,0,0,0,0
6.671104,Hold,0,92,-0.1607564,0.6876712,0.1761328,0.239,-0.08831209,0.3404917,75,0,0.8882393,83.5,0,0,0,0,0,0.8882393,888.2392,-1.635,0.591,-1.635,-1.635,1.63458,0.5910001,1.631912,1.626177,0,0,0,0
6.675064,Hold,0,92,-0.1607564,0.6876712,0.1761328,0.239,-0.08831209,0.3404917,75,0,0.8882393,83.5,0,0,0,0,0,0.8882393,888.2392,-1.635,0.591,-1.635,-1.635,1.63458,0.5910001,1.631912,1.626177,0,0,0,0
6.67852,Hold,0,92,-0.1607564,0.6876712,0.1761328,0.239,-0.08831209,0.3404917,75,0,0.8882393,83.5,0,0,0,0,0,0.8882393,888.2392,-1.635,0.591,-1.635,-1.635,1.63458,0.5910001,1.631912,1.626177,0,0,0,0
6.683029,Hold,0,92,-0.1607564,0.6876712,0.1761328,0.239,-0.08831209,0.3404917,75,0,0.8882393,83.5,0,0,0,0,0,0.8882393,888.2392,-1.635,0.591,-1.635,-1.635,1.63458,0.5910001,1.631912,1.626177,0,0,0,0
6.688774,Hold,0,92,-0.1607564,0.6876712,0.1761328,0.239,-0.08831209,0.3404917,75,0,0.8882393,83.5,0,0,0,0,0,0.8882393,888.2392,-1.635,0.591,-1.635,-1.635,1.63458,0.5910001,1.631912,1.626177,0,0,0,0
6.693672,Hold,0,92,-0.1607564,0.6876712,0.1761328,0.239,-0.08831209,0.3404917,75,0,0.8882393,83.5,0,0,0,0,0,0.8882393,888.2392,-1.635,0.591,-1.635,-1.635,1.63458,0.5910001,1.631912,1.626177,0,0,0,0
6.701447,Hold,0,92,-0.1607564,0.6876712,0.1761328,0.239,-0.08831209,0.3404917,75,0,0.8882393,83.5,0,0,0,0,0,0.8882393,888.2392,-1.635,0.591,-1.635,-1.635,1.63458,0.5910001,1.631912,1.626177,0,0,0,0
6.707169,Hold,0,92,-0.1607564,0.6876712,0.1761328,0.239,-0.08831209,0.3404917,75,0,0.8882393,83.5,0,0,0,0,0,0.8882393,888.2392,-1.635,0.591,-1.635,-1.635,1.63458,0.5910001,1.631912,1.626177,0,0,0,0
6.712494,Hold,0,92,-0.1607564,0.6876712,0.1761328,0.239,-0.08831209,0.3404917,75,0,0.8882393,83.5,0,0,0,0,0,0.8882393,888.2392,-1.635,0.591,-1.635,-1.635,1.63458,0.5910001,1.631912,1.626177,0,0,0,0
6.718307,Hold,0,92,-0.1607564,0.6876712,0.1761328,0.239,-0.08831209,0.3404917,75,0,0.8882393,83.5,0,0,0,0,0,0.8882393,888.2392,-1.635,0.591,-1.635,-1.635,1.63458,0.5910001,1.631912,1.626177,0,0,0,0
6.72377,Hold,0,92,-0.1607564,0.6876712,0.1761328,0.239,-0.08831209,0.3404917,75,0,0.8882393,83.5,0,0,0,0,0,0.8882393,888.2392,-1.635,0.591,-1.635,-1.635,1.63458,0.5910001,1.631912,1.626177,0,0,0,0
6.729141,Hold,0,92,-0.1607564,0.6876712,0.1761328,0.239,-0.08831209,0.3404917,75,0,0.8882393,83.5,0,0,0,0,0,0.8882393,888.2392,-1.635,0.591,-1.635,-1.635,1.63458,0.5910001,1.631912,1.626177,0,0,0,0
6.73494,Hold,0,92,-0.1607564,0.6876712,0.1761328,0.239,-0.08831209,0.3404917,75,0,0.8882393,83.5,0,0,0,0,0,0.8882393,888.2392,-1.635,0.591,-1.635,-1.635,1.63458,0.5910001,1.631912,1.626177,0,0,0,0
6.741234,Hold,0,92,-0.1607564,0.6876712,0.1761328,0.239,-0.08831209,0.3404917,75,0,0.8882393,83.5,0,0,0,0,0,0.8882393,888.2392,-1.635,0.591,-1.635,-1.635,1.63458,0.5910001,1.631912,1.626177,0,0,0,0
6.746819,Hold,0,92,-0.1607564,0.6876712,0.1761328,0.239,-0.08831209,0.3404917,75,0,0.8882393,83.5,0,0,0,0,0,0.8882393,888.2392,-1.635,0.591,-1.635,-1.635,1.63458,0.5910001,1.631912,1.626177,0,0,0,0
6.751305,Hold,0,92,-0.1607564,0.6876712,0.1761328,0.239,-0.08831209,0.3404917,75,0,0.8882393,83.5,0,0,0,0,0,0.8882393,888.2392,-1.635,0.591,-1.635,-1.635,1.63458,0.5910001,1.631912,1.626177,0,0,0,0
6.755974,Hold,0,92,-0.1607564,0.6876712,0.1761328,0.239,-0.08831209,0.3404917,75,0,0.8882393,83.5,0,0,0,0,0,0.8882393,888.2392,-1.635,0.591,-1.635,-1.635,1.63458,0.5910001,1.631912,1.626177,0,0,0,0
6.760742,Hold,0,92,-0.1607564,0.6876712,0.1761328,0.239,-0.08831209,0.3404917,75,0,0.8882393,83.5,0,0,0,0,0,0.8882393,888.2392,-1.635,0.591,-1.635,-1.635,1.63458,0.5910001,1.631912,1.626177,0,0,0,0
6.765976,Hold,0,92,-0.1607564,0.6876712,0.1761328,0.239,-0.08831209,0.3404917,75,0,0.8882393,83.5,0,0,0,0,0,0.8882393,888.2392,-1.635,0.591,-1.635,-1.635,1.63458,0.5910001,1.631912,1.626177,0,0,0,0
6.770432,Hold,0,92,-0.1607564,0.6876712,0.1761328,0.239,-0.08831209,0.3404917,75,0,0.8882393,83.5,0,0,0,0,0,0.8882393,888.2392,-1.635,0.591,-1.635,-1.635,1.63458,0.5910001,1.631912,1.626177,0,0,0,0
6.77507,Hold,0,92,-0.1607564,0.6876712,0.1761328,0.239,-0.08831209,0.3404917,75,0,0.8882393,83.5,0,0,0,0,0,0.8882393,888.2392,-1.635,0.591,-1.635,-1.635,1.63458,0.5910001,1.631912,1.626177,0,0,0,0
6.780022,Hold,0,92,-0.1607564,0.6876712,0.1761328,0.239,-0.08831209,0.3404917,75,0,0.8882393,83.5,0,0,0,0,0,0.8882393,888.2392,-1.635,0.591,-1.635,-1.635,1.63458,0.5910001,1.631912,1.626177,0,0,0,0
6.785667,Hold,0,92,-0.1607564,0.6876712,0.1761328,0.239,-0.08831209,0.3404917,75,0,0.8882393,83.5,0,0,0,0,0,0.8882393,888.2392,-1.635,0.591,1.629,-1.613,1.6347,0.5910001,1.593365,1.627134,0,0,0,0
6.791405,Hold,0,92,-0.1607564,0.6876712,0.1761328,0.239,-0.08831209,0.3404917,75,0,0.8882393,83.5,0,0,0,0,0,0.8882393,888.2392,-1.635,0.591,1.629,-1.613,1.6347,0.5910001,1.593365,1.627134,0,0,0,0
6.796066,Hold,0,92,-0.1607564,0.6876712,0.1761328,0.239,-0.08831209,0.3404917,75,0,0.8882393,83.5,0,0,0,0,0,0.8882393,888.2392,-1.635,0.591,1.629,-1.613,1.6347,0.5910001,1.593365,1.627134,0,0,0,0
6.801094,Hold,0,92,-0.1607564,0.6876712,0.1761328,0.239,-0.08831209,0.3404917,75,0,0.8882393,83.5,0,0,0,0,0,0.8882393,888.2392,-1.635,0.591,1.629,-1.613,1.6347,0.5910001,1.593365,1.627134,0,0,0,0
6.806618,Hold,0,92,-0.1607564,0.6876712,0.1761328,0.239,-0.08831209,0.3404917,75,0,0.8882393,83.5,0,0,0,0,0,0.8882393,888.2392,-1.635,0.591,1.629,-1.613,1.6347,0.5910001,1.593365,1.627134,0,0,0,0
6.811493,Hold,0,92,-0.1607564,0.6876712,0.1761328,0.239,-0.08831209,0.3404917,75,0,0.8882393,83.5,0,0,0,0,0,0.8882393,888.2392,-1.635,0.591,1.629,-1.613,1.6347,0.5910001,1.593365,1.627134,0,0,0,0
6.815948,Hold,0,92,-0.1607564,0.6876712,0.1761328,0.239,-0.08831209,0.3404917,75,0,0.8882393,83.5,0,0,0,0,0,0.8882393,888.2392,-1.635,0.591,1.629,-1.613,1.6347,0.5910001,1.593365,1.627134,0,0,0,0
6.820518,Hold,0,92,-0.1607564,0.6876712,0.1761328,0.239,-0.08831209,0.3404917,75,0,0.8882393,83.5,0,0,0,0,0,0.8882393,888.2392,-1.635,0.591,1.629,-1.613,1.6347,0.5910001,1.593365,1.627134,0,0,0,0
6.825302,Hold,0,92,-0.1607564,0.6876712,0.1761328,0.239,-0.08831209,0.3404917,75,0,0.8882393,83.5,0,0,0,0,0,0.8882393,888.2392,-1.635,0.591,1.629,-1.613,1.6347,0.5910001,1.593365,1.627134,0,0,0,0
6.829857,Hold,0,92,-0.1607564,0.6876712,0.1761328,0.239,-0.08831209,0.3404917,75,0,0.8882393,83.5,0,0,0,0,0,0.8882393,888.2392,-1.635,0.591,1.629,-1.613,1.6347,0.5910001,1.593365,1.627134,0,0,0,0
6.834351,Hold,0,92,-0.1607564,0.6876712,0.1761328,0.239,-0.08831209,0.3404917,75,0,0.8882393,83.5,0,0,0,0,0,0.8882393,888.2392,-1.635,0.591,1.629,-1.613,1.6347,0.5910001,1.593365,1.627134,0,0,0,0
6.838676,Hold,0,92,-0.1607564,0.6876712,0.1761328,0.239,-0.08831209,0.3404917,75,0,0.8882393,83.5,0,0,0,0,0,0.8882393,888.2392,-1.635,0.591,1.629,-1.613,1.6347,0.5910001,1.593365,1.627134,0,0,0,0
6.843628,Hold,0,92,-0.1607564,0.6876712,0.1761328,0.239,-0.08831209,0.3404917,75,0,0.8882393,83.5,0,0,0,0,0,0.8882393,888.2392,-1.635,0.591,1.629,-1.613,1.6347,0.5910001,1.593365,1.627134,0,0,0,0
6.848305,Hold,0,92,-0.1607564,0.6876712,0.1761328,0.239,-0.08831209,0.3404917,75,0,0.8882393,83.5,0,0,0,0,0,0.8882393,888.2392,-1.635,0.591,1.629,-1.613,1.6347,0.5910001,1.593365,1.627134,0,0,0,0
6.852531,Hold,0,92,-0.1607564,0.6876712,0.1761328,0.239,-0.08831209,0.3404917,75,0,0.8882393,83.5,0,0,0,0,0,0.8882393,888.2392,-1.635,0.591,1.629,-1.613,1.6347,0.5910001,1.593365,1.627134,0,0,0,0
6.857628,Hold,0,92,-0.1607564,0.6876712,0.1761328,0.239,-0.08831209,0.3404917,75,0,0.8882393,83.5,0,0,0,0,0,0.8882393,888.2392,-1.635,0.591,1.629,-1.613,1.6347,0.5910001,1.593365,1.627134,0,0,0,0
6.862572,Hold,0,92,-0.1607564,0.6876712,0.1761328,0.239,-0.08831209,0.3404917,75,0,0.8882393,83.5,0,0,0,0,0,0.8882393,888.2392,-1.635,0.591,1.629,-1.613,1.6347,0.5910001,1.593365,1.627134,0,0,0,0
6.867516,Hold,0,92,-0.1607564,0.6876712,0.1761328,0.239,-0.08831209,0.3404917,75,0,0.8882393,83.5,0,0,0,0,0,0.8882393,888.2392,-1.635,0.591,1.629,-1.613,1.6347,0.5910001,1.593365,1.627134,0,0,0,0
6.872078,Hold,0,92,-0.1607564,0.6876712,0.1761328,0.239,-0.08831209,0.3404917,75,0,0.8882393,83.5,0,0,0,0,0,0.8882393,888.2392,-1.635,0.591,1.629,-1.613,1.6347,0.5910001,1.593365,1.627134,0,0,0,0
6.875847,Hold,0,92,-0.1607564,0.6876712,0.1761328,0.239,-0.08831209,0.3404917,75,0,0.8882393,83.5,0,0,0,0,0,0.8882393,888.2392,-1.635,0.591,1.629,-1.613,1.6347,0.5910001,1.593365,1.627134,0,0,0,0
6.879829,Hold,0,92,-0.1607564,0.6876712,0.1761328,0.239,-0.08831209,0.3404917,75,0,0.8882393,83.5,0,0,0,0,0,0.8882393,888.2392,-1.635,0.591,1.629,-1.613,1.6347,0.5910001,1.593365,1.627134,0,0,0,0
6.883904,Hold,0,92,-0.1607564,0.6876712,0.1761328,0.239,-0.08831209,0.3404917,75,0,0.8882393,83.5,0,0,0,0,0,0.8882393,888.2392,-1.635,0.591,1.629,-1.613,1.6347,0.5910001,1.593365,1.627134,0,0,0,0
6.887489,Hold,0,92,-0.1607564,0.6876712,0.1761328,0.239,-0.08831209,0.3404917,75,0,0.8882393,83.5,0,0,0,0,0,0.8882393,888.2392,-1.635,0.591,1.629,-1.613,1.6347,0.5910001,1.593365,1.627134,0,0,0,0
6.891792,Hold,0,92,-0.1607564,0.6876712,0.1761328,0.239,-0.08831209,0.3404917,75,0,0.8882393,83.5,0,0,0,0,0,0.8882393,888.2392,-1.635,0.591,1.629,-1.613,1.6347,0.5910001,1.593365,1.627134,0,0,0,0
6.895485,Hold,0,92,-0.1607564,0.6876712,0.1761328,0.239,-0.08831209,0.3404917,75,0,0.8882393,83.5,0,0,0,0,0,0.8882393,888.2392,-1.635,0.591,1.629,-1.613,1.6347,0.5910001,1.593365,1.627134,0,0,0,0
6.899345,Hold,0,92,-0.1607564,0.6876712,0.1761328,0.239,-0.08831209,0.3404917,75,0,0.8882393,83.5,0,0,0,0,0,0.8882393,888.2392,-1.635,0.591,1.629,-1.613,1.6347,0.5910001,1.593365,1.627134,0,0,0,0
6.903099,Hold,0,92,-0.1607564,0.6876712,0.1761328,0.239,-0.08831209,0.3404917,75,0,0.8882393,83.5,0,0,0,0,0,0.8882393,888.2392,-1.635,0.591,1.629,-1.613,1.6347,0.5910001,1.593365,1.627134,0,0,0,0
6.906906,Hold,0,92,-0.1607564,0.6876712,0.1761328,0.239,-0.08831209,0.3404917,75,0,0.8882393,83.5,0,0,0,0,0,0.8882393,888.2392,-1.635,0.591,1.629,-1.613,1.6347,0.5910001,1.593365,1.627134,0,0,0,0
6.910599,Hold,0,92,-0.1607564,0.6876712,0.1761328,0.239,-0.08831209,0.3404917,75,0,0.8882393,83.5,0,0,0,0,0,0.8882393,888.2392,-1.635,0.591,1.629,-1.613,1.6347,0.5910001,1.593365,1.627134,0,0,0,0
6.914459,Hold,0,92,-0.1607564,0.6876712,0.1761328,0.239,-0.08831209,0.3404917,75,0,0.8882393,83.5,0,0,0,0,0,0.8882393,888.2392,-1.635,0.591,1.629,-1.613,1.6347,0.5910001,1.593365,1.627134,0,0,0,0
6.918556,Hold,0,92,-0.1607564,0.6876712,0.1761328,0.239,-0.08831209,0.3404917,75,0,0.8882393,83.5,0,0,0,0,0,0.8882393,888.2392,-1.635,0.591,1.629,-1.613,1.6347,0.5910001,1.593365,1.627134,0,0,0,0
6.92263,Hold,0,92,-0.1607564,0.6876712,0.1761328,0.239,-0.08831209,0.3404917,75,0,0.8882393,83.5,0,0,0,0,0,0.8882393,888.2392,-1.635,0.591,1.629,-1.613,1.6347,0.5910001,1.593365,1.627134,0,0,0,0
6.926704,Hold,0,92,-0.1607564,0.6876712,0.1761328,0.239,-0.08831209,0.3404917,75,0,0.8882393,83.5,0,0,0,0,0,0.8882393,888.2392,-1.635,0.591,1.629,-1.613,1.6347,0.5910001,1.593365,1.627134,0,0,0,0
6.930496,Hold,0,92,-0.1607564,0.6876712,0.1761328,0.239,-0.08831209,0.3404917,75,0,0.8882393,83.5,0,0,0,0,0,0.8882393,888.2392,-1.635,0.591,1.629,-1.613,1.6347,0.5910001,1.593365,1.627134,0,0,0,0
6.933853,Hold,0,92,-0.1607564,0.6876712,0.1761328,0.239,-0.08831209,0.3404917,75,0,0.8882393,83.5,0,0,0,0,0,0.8882393,888.2392,-1.635,0.591,1.629,-1.613,1.6347,0.5910001,1.593365,1.627134,0,0,0,0
6.937943,Hold,0,92,-0.1607564,0.6876712,0.1761328,0.239,-0.08831209,0.3404917,75,0,0.8882393,83.5,0,0,0,0,0,0.8882393,888.2392,-1.635,0.591,1.629,-1.613,1.6347,0.5910001,1.593365,1.627134,0,0,0,0
6.941811,Hold,0,92,-0.1607564,0.6876712,0.1761328,0.239,-0.08831209,0.3404917,75,0,0.8882393,83.5,0,0,0,0,0,0.8882393,888.2392,-1.635,0.591,1.629,-1.613,1.6347,0.5910001,1.593365,1.627134,0,0,0,0
6.945786,Hold,0,92,-0.1607564,0.6876712,0.1761328,0.239,-0.08831209,0.3404917,75,0,0.8882393,83.5,0,0,0,0,0,0.8882393,888.2392,-1.635,0.591,1.629,-1.613,1.6347,0.5910001,1.593365,1.627134,0,0,0,0
6.949867,Hold,0,92,-0.1607564,0.6876712,0.1761328,0.239,-0.08831209,0.3404917,75,0,0.8882393,83.5,0,0,0,0,0,0.8882393,888.2392,-1.635,0.591,1.629,-1.613,1.63452,0.5910001,1.56168,1.626434,0,0,0,0
6.954926,Hold,0,92,-0.1607564,0.6876712,0.1761328,0.239,-0.08831209,0.3404917,75,0,0.8882393,83.5,0,0,0,0,0,0.8882393,888.2392,-1.635,0.591,1.629,-1.613,1.63452,0.5910001,1.56168,1.626434,0,0,0,0
6.959023,Hold,0,92,-0.1607564,0.6876712,0.1761328,0.239,-0.08831209,0.3404917,75,0,0.8882393,83.5,0,0,0,0,0,0.8882393,888.2392,-1.635,0.591,1.629,-1.613,1.63452,0.5910001,1.56168,1.626434,0,0,0,0
6.963524,Hold,0,92,-0.1607564,0.6876712,0.1761328,0.239,-0.08831209,0.3404917,75,0,0.8882393,83.5,0,0,0,0,0,0.8882393,888.2392,-1.635,0.591,1.629,-1.613,1.63452,0.5910001,1.56168,1.626434,0,0,0,0
6.967369,Hold,0,92,-0.1607564,0.6876712,0.1761328,0.239,-0.08831209,0.3404917,75,0,0.8882393,83.5,0,0,0,0,0,0.8882393,888.2392,-1.635,0.591,1.629,-1.613,1.63452,0.5910001,1.56168,1.626434,0,0,0,0
6.971375,Hold,0,92,-0.1607564,0.6876712,0.1761328,0.239,-0.08831209,0.3404917,75,0,0.8882393,83.5,0,0,0,0,0,0.8882393,888.2392,-1.635,0.591,1.629,-1.613,1.63452,0.5910001,1.56168,1.626434,0,0,0,0
6.975311,Hold,0,92,-0.1607564,0.6876712,0.1761328,0.239,-0.08831209,0.3404917,75,0,0.8882393,83.5,0,0,0,0,0,0.8882393,888.2392,-1.635,0.591,1.629,-1.613,1.63452,0.5910001,1.56168,1.626434,0,0,0,0
6.979713,Hold,0,92,-0.1607564,0.6876712,0.1761328,0.239,-0.08831209,0.3404917,75,0,0.8882393,83.5,0,0,0,0,0,0.8882393,888.2392,-1.635,0.591,1.629,-1.613,1.63452,0.5910001,1.56168,1.626434,0,0,0,0
6.983826,Hold,0,92,-0.1607564,0.6876712,0.1761328,0.239,-0.08831209,0.3404917,75,0,0.8882393,83.5,0,0,0,0,0,0.8882393,888.2392,-1.635,0.591,1.629,-1.613,1.63452,0.5910001,1.56168,1.626434,0,0,0,0
6.987892,Hold,0,92,-0.1607564,0.6876712,0.1761328,0.239,-0.08831209,0.3404917,75,0,0.8882393,83.5,0,0,0,0,0,0.8882393,888.2392,-1.635,0.591,1.629,-1.613,1.63452,0.5910001,1.56168,1.626434,0,0,0,0
6.991829,Hold,0,92,-0.1607564,0.6876712,0.1761328,0.239,-0.08831209,0.3404917,75,0,0.8882393,83.5,0,0,0,0,0,0.8882393,888.2392,-1.635,0.591,1.629,-1.613,1.63452,0.5910001,1.56168,1.626434,0,0,0,0
6.996254,Hold,0,92,-0.1607564,0.6876712,0.1761328,0.239,-0.08831209,0.3404917,75,0,0.8882393,83.5,0,0,0,0,0,0.8882393,888.2392,-1.635,0.591,1.629,-1.613,1.63452,0.5910001,1.56168,1.626434,0,0,0,0
7.000191,Hold,0,92,-0.1607564,0.6876712,0.1761328,0.239,-0.08831209,0.3404917,75,0,0.8882393,83.5,0,0,0,0,0,0.8882393,888.2392,-1.635,0.591,1.629,-1.613,1.63452,0.5910001,1.56168,1.626434,0,0,0,0
7.004807,Hold,0,92,-0.1607564,0.6876712,0.1761328,0.239,-0.08831209,0.3404917,75,0,0.8882393,83.5,0,0,0,0,0,0.8882393,888.2392,-1.635,0.591,1.629,-1.613,1.63452,0.5910001,1.56168,1.626434,0,0,0,0
