Timestamp,TargetShoulderPitch,TargetElbowAngle,TargetPosX,TargetPosY,TargetPosZ,ActualPosX,ActualPosY,ActualPosZ,ActualShoulderPitch,ActualElbowAngle,PositionError,JointSpaceError,ShoulderPitchVel,ElbowVel,ShoulderPitchJerk,ElbowJerk,PathLength,OptimalPathLength,PathEfficiency
0.0066185,0,92,-0.1357563,0.1031225,0.03413492,0.264,0.2387001,0.4295652,6,0,0.5784042,49,906.6458,0,0,0,0.90625,0.8882393,0.9801261
0.01258087,0,92,-0.1357563,0.1031225,0.03413492,0.264,0.2387001,0.4295652,6,0,0.5784042,49,0,0,0,0,0.90625,0.8882393,0.9801261
0.01560974,0,92,-0.1357563,0.1031225,0.03413492,0.264,0.2387001,0.4295652,6,0,0.5784042,49,0,0,0,0,0.90625,0.8882393,0.9801261
0.0184021,0,92,-0.1357563,0.1031225,0.03413492,0.264,0.2387001,0.4295652,6,0,0.5784042,49,0,0,0,0,0.90625,0.8882393,0.9801261
0.02295303,0,92,-0.1357563,0.1031225,0.03413492,0.264,0.2387001,0.4295652,6,0,0.5784042,49,0,0,0,0,0.90625,0.8882393,0.9801261
0.02627563,0,92,-0.1357563,0.1031225,0.03413492,0.264,0.2387001,0.4295652,6,0,0.5784042,49,0,0,0,0,0.90625,0.8882393,0.9801261
0.02938461,0,92,-0.1357563,0.1031225,0.03413492,0.264,0.2387001,0.4295652,6,0,0.5784042,49,0,0,0,0,0.90625,0.8882393,0.9801261
0.03252029,0,92,-0.1357563,0.1031225,0.03413492,0.264,0.2387001,0.4295652,6,0,0.5784042,49,0,0,0,0,0.90625,0.8882393,0.9801261
0.03587341,0,92,-0.1357563,0.1031225,0.03413492,0.264,0.2387001,0.4295652,6,0,0.5784042,49,0,0,0,0,0.90625,0.8882393,0.9801261
0.04034805,0,92,-0.1357563,0.1031225,0.03413492,0.264,0.2387001,0.4295652,6,0,0.5784042,49,0,0,0,0,0.90625,0.8882393,0.9801261
0.04452515,0,92,-0.1357563,0.1031225,0.03413492,0.264,0.2387001,0.4295652,6,0,0.5784042,49,0,0,0,0,0.90625,0.8882393,0.9801261
0.04671478,0,92,-0.1357563,0.1031225,0.03413492,0.264,0.2387001,0.4295652,6,0,0.5784042,49,0,0,0,0,0.90625,0.8882393,0.9801261
0.04916763,0,92,-0.1357563,0.1031225,0.03413492,0.264,0.2387001,0.4295652,6,0,0.5784042,49,0,0,0,0,0.90625,0.8882393,0.9801261
0.05123901,0,92,-0.1357563,0.1031225,0.03413492,0.264,0.2387001,0.4295652,6,0,0.5784042,49,0,0,0,0,0.90625,0.8882393,0.9801261
0.05417252,0,92,-0.1357563,0.1031225,0.03413492,0.264,0.2387001,0.4295652,6,0,0.5784042,49,0,0,0,0,0.90625,0.8882393,0.9801261
0.05673599,0,92,-0.1357563,0.1031225,0.03413492,0.264,0.2387001,0.4295652,6,0,0.5784042,49,0,0,0,0,0.90625,0.8882393,0.9801261
0.0594635,0,92,-0.1357563,0.1031225,0.03413492,0.264,0.2387001,0.4295652,6,0,0.5784042,49,0,0,0,0,0.90625,0.8882393,0.9801261
0.06242371,0,92,-0.1357563,0.1031225,0.03413492,0.264,0.2387001,0.4295652,6,0,0.5784042,49,0,0,0,0,0.90625,0.8882393,0.9801261
0.06486511,0,92,-0.1357563,0.1031225,0.03413492,0.264,0.2387001,0.4295652,6,0,0.5784042,49,0,0,0,0,0.90625,0.8882393,0.9801261
0.06690979,0,92,-0.1357563,0.1031225,0.03413492,0.264,0.2387001,0.4295652,6,0,0.5784042,49,0,0,0,0,0.90625,0.8882393,0.9801261
0.06955719,0,92,-0.1357563,0.1031225,0.03413492,0.264,0.2387001,0.4295652,6,0,0.5784042,49,0,0,0,0,0.90625,0.8882393,0.9801261
0.07175827,0,92,-0.1357563,0.1031225,0.03413492,0.264,0.2387001,0.4295652,6,0,0.5784042,49,0,0,0,0,0.90625,0.8882393,0.9801261
0.07384491,0,92,-0.1357563,0.1031225,0.03413492,0.264,0.2387001,0.4295652,6,0,0.5784042,49,0,0,0,0,0.90625,0.8882393,0.9801261
0.07587051,0,92,-0.1357563,0.1031225,0.03413492,0.264,0.2387001,0.4295652,6,0,0.5784042,49,0,0,0,0,0.90625,0.8882393,0.9801261
0.07983017,0,92,-0.1357563,0.1031225,0.03413492,0.264,0.2387001,0.4295652,6,0,0.5784042,49,0,0,0,0,0.90625,0.8882393,0.9801261
0.08216095,0,92,-0.1357563,0.1031225,0.03413492,0.264,0.2387001,0.4295652,6,0,0.5784042,49,0,0,0,0,0.90625,0.8882393,0.9801261
0.08462143,0,92,-0.1357563,0.1031225,0.03413492,0.264,0.2387001,0.4295652,6,0,0.5784042,49,0,0,0,0,0.90625,0.8882393,0.9801261
0.08670044,0,92,-0.1357563,0.1031225,0.03413492,0.264,0.2387001,0.4295652,6,0,0.5784042,49,0,0,0,0,0.90625,0.8882393,0.9801261
0.08885193,0,92,-0.1357563,0.1031225,0.03413492,0.264,0.2387001,0.4295652,6,0,0.5784042,49,0,0,0,0,0.90625,0.8882393,0.9801261
0.09090424,0,92,-0.1357563,0.1031225,0.03413492,0.264,0.2387001,0.4295652,6,0,0.5784042,49,0,0,0,0,0.90625,0.8882393,0.9801261
0.09324265,0,92,-0.1357563,0.1031225,0.03413492,0.264,0.2387001,0.4295652,6,0,0.5784042,49,0,0,0,0,0.90625,0.8882393,0.9801261
0.09538269,0,92,-0.1357563,0.1031225,0.03413492,0.264,0.2387001,0.4295652,6,0,0.5784042,49,0,0,0,0,0.90625,0.8882393,0.9801261
0.09729767,0,92,-0.1357563,0.1031225,0.03413492,0.264,0.2387001,0.4295652,6,0,0.5784042,49,0,0,0,0,0.90625,0.8882393,0.9801261
0.09946442,0,92,-0.1357563,0.1031225,0.03413492,0.264,0.2387001,0.4295652,6,0,0.5784042,49,0,0,0,0,0.90625,0.8882393,0.9801261
0.1018715,0,92,-0.1357563,0.1031225,0.03413492,0.264,0.2387001,0.4295652,6,0,0.5784042,49,0,0,0,0,0.90625,0.8882393,0.9801261
0.1038132,0,92,-0.1357563,0.1031225,0.03413492,0.264,0.2387001,0.4295652,6,0,0.5784042,49,0,0,0,0,0.90625,0.8882393,0.9801261
0.1057968,0,92,-0.1357563,0.1031225,0.03413492,0.264,0.2387001,0.4295652,6,0,0.5784042,49,0,0,0,0,0.90625,0.8882393,0.9801261
0.1077576,0,92,-0.1357563,0.1031225,0.03413492,0.264,0.2387001,0.4295652,6,0,0.5784042,49,0,0,0,0,0.90625,0.8882393,0.9801261
0.1100922,0,92,-0.1357563,0.1031225,0.03413492,0.264,0.2387001,0.4295652,6,0,0.5784042,49,0,0,0,0,0.90625,0.8882393,0.9801261
0.1130943,0,92,-0.1357563,0.1031225,0.03413492,0.264,0.2387001,0.4295652,6,0,0.5784042,49,0,0,0,0,0.90625,0.8882393,0.9801261
0.1156693,0,92,-0.1357563,0.1031225,0.03413492,0.264,0.2387001,0.4295652,6,0,0.5784042,49,0,0,0,0,0.90625,0.8882393,0.9801261
0.1179008,0,92,-0.1357563,0.1031225,0.03413492,0.264,0.2387001,0.4295652,6,0,0.5784042,49,0,0,0,0,0.90625,0.8882393,0.9801261
0.1198349,0,92,-0.1357563,0.1031225,0.03413492,0.264,0.2387001,0.4295652,6,0,0.5784042,49,0,0,0,0,0.90625,0.8882393,0.9801261
0.1222763,0,92,-0.1357563,0.1031225,0.03413492,0.264,0.2387001,0.4295652,6,0,0.5784042,49,0,0,0,0,0.90625,0.8882393,0.9801261
0.1243973,0,92,-0.1357563,0.1031225,0.03413492,0.264,0.2387001,0.4295652,6,0,0.5784042,49,0,0,0,0,0.90625,0.8882393,0.9801261
0.1266289,0,92,-0.1357563,0.1031225,0.03413492,0.264,0.2387001,0.4295652,6,0,0.5784042,49,0,0,0,0,0.90625,0.8882393,0.9801261
0.1287766,0,92,-0.1357563,0.1031225,0.03413492,0.264,0.2387001,0.4295652,6,0,0.5784042,49,0,0,0,0,0.90625,0.8882393,0.9801261
0.1311455,0,92,-0.1357563,0.1031225,0.03413492,0.264,0.2387001,0.4295652,6,0,0.5784042,49,0,0,0,0,0.90625,0.8882393,0.9801261
0.1333504,0,92,-0.1357563,0.1031225,0.03413492,0.264,0.2387001,0.4295652,6,0,0.5784042,49,0,0,0,0,0.90625,0.8882393,0.9801261
0.1352768,0,92,-0.1357563,0.1031225,0.03413492,0.264,0.2387001,0.4295652,6,0,0.5784042,49,0,0,0,0,0.90625,0.8882393,0.9801261
0.1371422,0,92,-0.1357563,0.1031225,0.03413492,0.264,0.2387001,0.4295652,6,0,0.5784042,49,0,0,0,0,0.90625,0.8882393,0.9801261
0.139267,0,92,-0.1357563,0.1031225,0.03413492,0.264,0.2387001,0.4295652,6,0,0.5784042,49,0,0,0,0,0.90625,0.8882393,0.9801261
0.1417236,0,92,-0.1357563,0.1031225,0.03413492,0.264,0.2387001,0.4295652,6,0,0.5784042,49,0,0,0,0,0.90625,0.8882393,0.9801261
0.1443405,0,92,-0.1357563,0.1031225,0.03413492,0.264,0.2387001,0.4295652,6,0,0.5784042,49,0,0,0,0,0.90625,0.8882393,0.9801261
0.14674,0,92,-0.1357563,0.1031225,0.03413492,0.264,0.2387001,0.4295652,6,0,0.5784042,49,0,0,0,0,0.90625,0.8882393,0.9801261
0.1518936,0,92,-0.1357563,0.1031225,0.03413492,0.264,0.2387001,0.4295652,6,0,0.5784042,49,0,0,0,0,0.90625,0.8882393,0.9801261
0.162468,0,92,-0.1357563,0.1031225,0.03413492,0.264,0.1058681,0.4763798,16.1,0,0.5961487,54.05,955.2544,0,0,0,1.04709,0.8882393,0.8482931
0.1649742,0,92,-0.1357563,0.1031225,0.03413492,0.264,0.1058681,0.4763798,16.1,0,0.5961487,54.05,0,0,0,0,1.04709,0.8882393,0.8482931
0.1670418,0,92,-0.1357563,0.1031225,0.03413492,0.264,0.1058681,0.4763798,16.1,0,0.5961487,54.05,0,0,0,0,1.04709,0.8882393,0.8482931
0.1690407,0,92,-0.1357563,0.1031225,0.03413492,0.264,0.1058681,0.4763798,16.1,0,0.5961487,54.05,0,0,0,0,1.04709,0.8882393,0.8482931
0.1709061,0,92,-0.1357563,0.1031225,0.03413492,0.264,0.1058681,0.4763798,16.1,0,0.5961487,54.05,0,0,0,0,1.04709,0.8882393,0.8482931
0.1727905,0,92,-0.1357563,0.1031225,0.03413492,0.264,0.1058681,0.4763798,16.1,0,0.5961487,54.05,0,0,0,0,1.04709,0.8882393,0.8482931
0.174839,0,92,-0.1357563,0.1031225,0.03413492,0.264,0.1058681,0.4763798,16.1,0,0.5961487,54.05,0,0,0,0,1.04709,0.8882393,0.8482931
0.1787109,0,92,-0.1357563,0.1031225,0.03413492,0.264,0.1058681,0.4763798,16.1,0,0.5961487,54.05,0,0,0,0,1.04709,0.8882393,0.8482931
0.1815948,0,92,-0.1357563,0.1031225,0.03413492,0.264,0.1058681,0.4763798,16.1,0,0.5961487,54.05,0,0,0,0,1.04709,0.8882393,0.8482931
0.1837654,0,92,-0.1357563,0.1031225,0.03413492,0.264,0.1058681,0.4763798,16.1,0,0.5961487,54.05,0,0,0,0,1.04709,0.8882393,0.8482931
0.1858444,0,92,-0.1357563,0.1031225,0.03413492,0.264,0.1058681,0.4763798,16.1,0,0.5961487,54.05,0,0,0,0,1.04709,0.8882393,0.8482931
0.1879349,0,92,-0.1357563,0.1031225,0.03413492,0.264,0.1058681,0.4763798,16.1,0,0.5961487,54.05,0,0,0,0,1.04709,0.8882393,0.8482931
0.1899948,0,92,-0.1357563,0.1031225,0.03413492,0.264,0.1058681,0.4763798,16.1,0,0.5961487,54.05,0,0,0,0,1.04709,0.8882393,0.8482931
0.1920662,0,92,-0.1357563,0.1031225,0.03413492,0.264,0.1058681,0.4763798,16.1,0,0.5961487,54.05,0,0,0,0,1.04709,0.8882393,0.8482931
0.1954422,0,92,-0.1357563,0.1031225,0.03413492,0.264,0.1058681,0.4763798,16.1,0,0.5961487,54.05,0,0,0,0,1.04709,0.8882393,0.8482931
0.1976395,0,92,-0.1357563,0.1031225,0.03413492,0.264,0.1058681,0.4763798,16.1,0,0.5961487,54.05,0,0,0,0,1.04709,0.8882393,0.8482931
0.1999321,0,92,-0.1357563,0.1031225,0.03413492,0.264,0.1058681,0.4763798,16.1,0,0.5961487,54.05,0,0,0,0,1.04709,0.8882393,0.8482931
0.2023354,0,92,-0.1357563,0.1031225,0.03413492,0.264,0.1058681,0.4763798,16.1,0,0.5961487,54.05,0,0,0,0,1.04709,0.8882393,0.8482931
0.2041817,0,92,-0.1357563,0.1031225,0.03413492,0.264,0.1058681,0.4763798,16.1,0,0.5961487,54.05,0,0,0,0,1.04709,0.8882393,0.8482931
0.2059975,0,92,-0.1357563,0.1031225,0.03413492,0.264,0.1058681,0.4763798,16.1,0,0.5961487,54.05,0,0,0,0,1.04709,0.8882393,0.8482931
0.207962,0,92,-0.1357563,0.1031225,0.03413492,0.264,0.1058681,0.4763798,16.1,0,0.5961487,54.05,0,0,0,0,1.04709,0.8882393,0.8482931
0.210659,0,92,-0.1357563,0.1031225,0.03413492,0.264,0.1058681,0.4763798,16.1,0,0.5961487,54.05,0,0,0,0,1.04709,0.8882393,0.8482931
0.2126694,0,92,-0.1357563,0.1031225,0.03413492,0.264,0.1058681,0.4763798,16.1,0,0.5961487,54.05,0,0,0,0,1.04709,0.8882393,0.8482931
0.2145348,0,92,-0.1357563,0.1031225,0.03413492,0.264,0.1058681,0.4763798,16.1,0,0.5961487,54.05,0,0,0,0,1.04709,0.8882393,0.8482931
0.2167702,0,92,-0.1357563,0.1031225,0.03413492,0.264,0.1058681,0.4763798,16.1,0,0.5961487,54.05,0,0,0,0,1.04709,0.8882393,0.8482931
0.219101,0,92,-0.1357563,0.1031225,0.03413492,0.264,0.1058681,0.4763798,16.1,0,0.5961487,54.05,0,0,0,0,1.04709,0.8882393,0.8482931
0.2215958,0,92,-0.1357563,0.1031225,0.03413492,0.264,0.1058681,0.4763798,16.1,0,0.5961487,54.05,0,0,0,0,1.04709,0.8882393,0.8482931
0.2238007,0,92,-0.1357563,0.1031225,0.03413492,0.264,0.1058681,0.4763798,16.1,0,0.5961487,54.05,0,0,0,0,1.04709,0.8882393,0.8482931
0.2264748,0,92,-0.1357563,0.1031225,0.03413492,0.264,0.1058681,0.4763798,16.1,0,0.5961487,54.05,0,0,0,0,1.04709,0.8882393,0.8482931
0.2289314,0,92,-0.1357563,0.1031225,0.03413492,0.264,0.1058681,0.4763798,16.1,0,0.5961487,54.05,0,0,0,0,1.04709,0.8882393,0.8482931
0.2308807,0,92,-0.1357563,0.1031225,0.03413492,0.264,0.1058681,0.4763798,16.1,0,0.5961487,54.05,0,0,0,0,1.04709,0.8882393,0.8482931
0.2327766,0,92,-0.1357563,0.1031225,0.03413492,0.264,0.1058681,0.4763798,16.1,0,0.5961487,54.05,0,0,0,0,1.04709,0.8882393,0.8482931
0.2348251,0,92,-0.1357563,0.1031225,0.03413492,0.264,0.1058681,0.4763798,16.1,0,0.5961487,54.05,0,0,0,0,1.04709,0.8882393,0.8482931
0.2368698,0,92,-0.1357563,0.1031225,0.03413492,0.264,0.1058681,0.4763798,16.1,0,0.5961487,54.05,0,0,0,0,1.04709,0.8882393,0.8482931
0.2387123,0,92,-0.1357563,0.1031225,0.03413492,0.264,0.1058681,0.4763798,16.1,0,0.5961487,54.05,0,0,0,0,1.04709,0.8882393,0.8482931
0.2419472,0,92,-0.1357563,0.1031225,0.03413492,0.264,0.1058681,0.4763798,16.1,0,0.5961487,54.05,0,0,0,0,1.04709,0.8882393,0.8482931
0.2442436,0,92,-0.1357563,0.1031225,0.03413492,0.264,0.1058681,0.4763798,16.1,0,0.5961487,54.05,0,0,0,0,1.04709,0.8882393,0.8482931
0.246376,0,92,-0.1357563,0.1031225,0.03413492,0.264,0.1058681,0.4763798,16.1,0,0.5961487,54.05,0,0,0,0,1.04709,0.8882393,0.8482931
0.2482033,0,92,-0.1357563,0.1031225,0.03413492,0.264,0.1058681,0.4763798,16.1,0,0.5961487,54.05,0,0,0,0,1.04709,0.8882393,0.8482931
0.2502365,0,92,-0.1357563,0.1031225,0.03413492,0.264,0.1058681,0.4763798,16.1,0,0.5961487,54.05,0,0,0,0,1.04709,0.8882393,0.8482931
0.2523232,0,92,-0.1357563,0.1031225,0.03413492,0.264,0.1058681,0.4763798,16.1,0,0.5961487,54.05,0,0,0,0,1.04709,0.8882393,0.8482931
0.2543259,0,92,-0.1357563,0.1031225,0.03413492,0.264,0.1058681,0.4763798,16.1,0,0.5961487,54.05,0,0,0,0,1.04709,0.8882393,0.8482931
0.2565308,0,92,-0.1357563,0.1031225,0.03413492,0.264,0.1058681,0.4763798,16.1,0,0.5961487,54.05,0,0,0,0,1.04709,0.8882393,0.8482931
0.2596664,0,92,-0.1357563,0.1031225,0.03413492,0.264,0.1058681,0.4763798,16.1,0,0.5961487,54.05,0,0,0,0,1.04709,0.8882393,0.8482931
0.2624397,0,92,-0.1357563,0.1031225,0.03413492,0.264,0.1058681,0.4763798,16.1,0,0.5961487,54.05,0,0,0,0,1.04709,0.8882393,0.8482931
0.2645721,0,92,-0.1357563,0.1031225,0.03413492,0.264,0.1058681,0.4763798,16.1,0,0.5961487,54.05,0,0,0,0,1.04709,0.8882393,0.8482931
0.2667007,0,92,-0.1357563,0.1031225,0.03413492,0.264,0.1058681,0.4763798,16.1,0,0.5961487,54.05,0,0,0,0,1.04709,0.8882393,0.8482931
0.2686501,0,92,-0.1357563,0.1031225,0.03413492,0.264,0.1058681,0.4763798,16.1,0,0.5961487,54.05,0,0,0,0,1.04709,0.8882393,0.8482931
0.2706947,0,92,-0.1357563,0.1031225,0.03413492,0.264,0.1058681,0.4763798,16.1,0,0.5961487,54.05,0,0,0,0,1.04709,0.8882393,0.8482931
0.2741585,0,92,-0.1357563,0.1031225,0.03413492,0.264,0.1058681,0.4763798,16.1,0,0.5961487,54.05,0,0,0,0,1.04709,0.8882393,0.8482931
0.278244,0,92,-0.1357563,0.1031225,0.03413492,0.264,0.1058681,0.4763798,16.1,0,0.5961487,54.05,0,0,0,0,1.04709,0.8882393,0.8482931
0.2864876,0,92,-0.1357563,0.1031225,0.03413492,0.264,0.1031617,0.4770679,16.3,0,0.596653,54.14999,24.25728,0,0,0,1.049883,0.8882393,0.8460367
0.2956696,0,92,-0.1357563,0.1031225,0.03413492,0.264,0.1031617,0.4770679,16.3,0,0.596653,54.14999,0,0,0,0,1.049883,0.8882393,0.8460367
0.3036842,0,92,-0.1357563,0.1031225,0.03413492,0.264,0.09909766,0.4780822,16.6,0,0.5974199,54.3,37.43557,0,0,0,1.054071,0.8882393,0.8426747
0.3119392,0,92,-0.1357563,0.1031225,0.03413492,0.264,0.09638528,0.4787467,16.8,0,0.5979382,54.39999,24.23435,0,0,0,1.056864,0.8882393,0.8404481
0.3183937,0,92,-0.1357563,0.1031225,0.03413492,0.264,0.09367058,0.4794016,17,0,0.5984622,54.5,30.97138,0,0,0,1.059657,0.8882393,0.8382332
0.3210335,0,92,-0.1357563,0.1031225,0.03413492,0.264,0.09367058,0.4794016,17,0,0.5984622,54.5,0,0,0,0,1.059657,0.8882393,0.8382332
0.3249207,0,92,-0.1357563,0.1031225,0.03413492,0.264,0.09367058,0.4794016,17,0,0.5984622,54.5,0,0,0,0,1.059657,0.8882393,0.8382332
0.3325996,0,92,-0.1357563,0.1031225,0.03413492,0.264,0.08959449,0.4803662,17.3,0,0.5992583,54.64999,39.08429,0,0,0,1.063845,0.8882393,0.8349329
0.3349876,0,92,-0.1357563,0.1031225,0.03413492,0.264,0.08959449,0.4803662,17.3,0,0.5992583,54.64999,0,0,0,0,1.063845,0.8882393,0.8349329
0.3376694,0,92,-0.1357563,0.1031225,0.03413492,0.264,0.08959449,0.4803662,17.3,0,0.5992583,54.64999,0,0,0,0,1.063845,0.8882393,0.8349329
0.340168,0,92,-0.1357563,0.1031225,0.03413492,0.264,0.08959449,0.4803662,17.3,0,0.5992583,54.64999,0,0,0,0,1.063845,0.8882393,0.8349329
0.3437614,0,92,-0.1357563,0.1031225,0.03413492,0.264,0.08959449,0.4803662,17.3,0,0.5992583,54.64999,0,0,0,0,1.063845,0.8882393,0.8349329
0.3462677,0,92,-0.1357563,0.1031225,0.03413492,0.264,0.08959449,0.4803662,17.3,0,0.5992583,54.64999,0,0,0,0,1.063845,0.8882393,0.8349329
0.3484955,0,92,-0.1357563,0.1031225,0.03413492,0.264,0.08959449,0.4803662,17.3,0,0.5992583,54.64999,0,0,0,0,1.063845,0.8882393,0.8349329
0.3513069,0,92,-0.1357563,0.1031225,0.03413492,0.264,0.08959449,0.4803662,17.3,0,0.5992583,54.64999,0,0,0,0,1.063845,0.8882393,0.8349329
0.3539734,0,92,-0.1357563,0.1031225,0.03413492,0.264,0.08959449,0.4803662,17.3,0,0.5992583,54.64999,0,0,0,0,1.063845,0.8882393,0.8349329
0.3571892,0,92,-0.1357563,0.1031225,0.03413492,0.264,0.08959449,0.4803662,17.3,0,0.5992583,54.64999,0,0,0,0,1.063845,0.8882393,0.8349329
0.3604698,0,92,-0.1357563,0.1031225,0.03413492,0.264,0.08959449,0.4803662,17.3,0,0.5992583,54.64999,0,0,0,0,1.063845,0.8882393,0.8349329
0.3635864,0,92,-0.1357563,0.1031225,0.03413492,0.264,0.08959449,0.4803662,17.3,0,0.5992583,54.64999,0,0,0,0,1.063845,0.8882393,0.8349329
0.3657875,0,92,-0.1357563,0.1031225,0.03413492,0.264,0.08959449,0.4803662,17.3,0,0.5992583,54.64999,0,0,0,0,1.063845,0.8882393,0.8349329
0.3678436,0,92,-0.1357563,0.1031225,0.03413492,0.264,0.08959449,0.4803662,17.3,0,0.5992583,54.64999,0,0,0,0,1.063845,0.8882393,0.8349329
0.3698311,0,92,-0.1357563,0.1031225,0.03413492,0.264,0.08959449,0.4803662,17.3,0,0.5992583,54.64999,0,0,0,0,1.063845,0.8882393,0.8349329
0.3719177,0,92,-0.1357563,0.1031225,0.03413492,0.264,0.08959449,0.4803662,17.3,0,0.5992583,54.64999,0,0,0,0,1.063845,0.8882393,0.8349329
0.3738937,0,92,-0.1357563,0.1031225,0.03413492,0.264,0.08959449,0.4803662,17.3,0,0.5992583,54.64999,0,0,0,0,1.063845,0.8882393,0.8349329
0.3761177,0,92,-0.1357563,0.1031225,0.03413492,0.264,0.08959449,0.4803662,17.3,0,0.5992583,54.64999,0,0,0,0,1.063845,0.8882393,0.8349329
0.3783607,0,92,-0.1357563,0.1031225,0.03413492,0.264,0.08959449,0.4803662,17.3,0,0.5992583,54.64999,0,0,0,0,1.063845,0.8882393,0.8349329
0.3808861,0,92,-0.1357563,0.1031225,0.03413492,0.264,0.08959449,0.4803662,17.3,0,0.5992583,54.64999,0,0,0,0,1.063845,0.8882393,0.8349329
0.3834457,0,92,-0.1357563,0.1031225,0.03413492,0.264,0.08959449,0.4803662,17.3,0,0.5992583,54.64999,0,0,0,0,1.063845,0.8882393,0.8349329
0.3855476,0,92,-0.1357563,0.1031225,0.03413492,0.264,0.08959449,0.4803662,17.3,0,0.5992583,54.64999,0,0,0,0,1.063845,0.8882393,0.8349329
0.3877754,0,92,-0.1357563,0.1031225,0.03413492,0.264,0.08959449,0.4803662,17.3,0,0.5992583,54.64999,0,0,0,0,1.063845,0.8882393,0.8349329
0.3899956,0,92,-0.1357563,0.1031225,0.03413492,0.264,0.08959449,0.4803662,17.3,0,0.5992583,54.64999,0,0,0,0,1.063845,0.8882393,0.8349329
0.3922005,0,92,-0.1357563,0.1031225,0.03413492,0.264,0.08959449,0.4803662,17.3,0,0.5992583,54.64999,0,0,0,0,1.063845,0.8882393,0.8349329
0.3947563,0,92,-0.1357563,0.1031225,0.03413492,0.264,0.08959449,0.4803662,17.3,0,0.5992583,54.64999,0,0,0,0,1.063845,0.8882393,0.8349329
0.3968506,0,92,-0.1357563,0.1031225,0.03413492,0.264,0.08959449,0.4803662,17.3,0,0.5992583,54.64999,0,0,0,0,1.063845,0.8882393,0.8349329
0.3992958,0,92,-0.1357563,0.1031225,0.03413492,0.264,0.08959449,0.4803662,17.3,0,0.5992583,54.64999,0,0,0,0,1.063845,0.8882393,0.8349329
0.40168,0,92,-0.1357563,0.1031225,0.03413492,0.264,0.08959449,0.4803662,17.3,0,0.5992583,54.64999,0,0,0,0,1.063845,0.8882393,0.8349329
0.4035873,0,92,-0.1357563,0.1031225,0.03413492,0.264,0.08959449,0.4803662,17.3,0,0.5992583,54.64999,0,0,0,0,1.063845,0.8882393,0.8349329
0.4055138,0,92,-0.1357563,0.1031225,0.03413492,0.264,0.08959449,0.4803662,17.3,0,0.5992583,54.64999,0,0,0,0,1.063845,0.8882393,0.8349329
0.4077415,0,92,-0.1357563,0.1031225,0.03413492,0.264,0.08959449,0.4803662,17.3,0,0.5992583,54.64999,0,0,0,0,1.063845,0.8882393,0.8349329
0.4104919,0,92,-0.1357563,0.1031225,0.03413492,0.264,0.08959449,0.4803662,17.3,0,0.5992583,54.64999,0,0,0,0,1.063845,0.8882393,0.8349329
0.4128494,0,92,-0.1357563,0.1031225,0.03413492,0.264,0.08959449,0.4803662,17.3,0,0.5992583,54.64999,0,0,0,0,1.063845,0.8882393,0.8349329
0.4153404,0,92,-0.1357563,0.1031225,0.03413492,0.264,0.08959449,0.4803662,17.3,0,0.5992583,54.64999,0,0,0,0,1.063845,0.8882393,0.8349329
0.417614,0,92,-0.1357563,0.1031225,0.03413492,0.264,0.08959449,0.4803662,17.3,0,0.5992583,54.64999,0,0,0,0,1.063845,0.8882393,0.8349329
0.4198418,0,92,-0.1357563,0.1031225,0.03413492,0.264,0.08959449,0.4803662,17.3,0,0.5992583,54.64999,0,0,0,0,1.063845,0.8882393,0.8349329
0.4229126,0,92,-0.1357563,0.1031225,0.03413492,0.264,0.08959449,0.4803662,17.3,0,0.5992583,54.64999,0,0,0,0,1.063845,0.8882393,0.8349329
0.4250107,0,92,-0.1357563,0.1031225,0.03413492,0.264,0.08959449,0.4803662,17.3,0,0.5992583,54.64999,0,0,0,0,1.063845,0.8882393,0.8349329
0.427578,0,92,-0.1357563,0.1031225,0.03413492,0.264,0.08959449,0.4803662,17.3,0,0.5992583,54.64999,0,0,0,0,1.063845,0.8882393,0.8349329
0.43013,0,92,-0.1357563,0.1031225,0.03413492,0.264,0.08959449,0.4803662,17.3,0,0.5992583,54.64999,0,0,0,0,1.063845,0.8882393,0.8349329
0.4321594,0,92,-0.1357563,0.1031225,0.03413492,0.264,0.08959449,0.4803662,17.3,0,0.5992583,54.64999,0,0,0,0,1.063845,0.8882393,0.8349329
0.4341812,0,92,-0.1357563,0.1031225,0.03413492,0.264,0.08959449,0.4803662,17.3,0,0.5992583,54.64999,0,0,0,0,1.063845,0.8882393,0.8349329
0.4362793,0,92,-0.1357563,0.1031225,0.03413492,0.264,0.08959449,0.4803662,17.3,0,0.5992583,54.64999,0,0,0,0,1.063845,0.8882393,0.8349329
0.438488,0,92,-0.1357563,0.1031225,0.03413492,0.264,0.08959449,0.4803662,17.3,0,0.5992583,54.64999,0,0,0,0,1.063845,0.8882393,0.8349329
0.4449348,0,92,-0.1357563,0.1031225,0.03413492,0.264,0.08959449,0.4803662,17.3,0,0.5992583,54.64999,0,0,0,0,1.063845,0.8882393,0.8349329
0.4476357,0,92,-0.1357563,0.1031225,0.03413492,0.264,0.08959449,0.4803662,17.3,0,0.5992583,54.64999,0,0,0,0,1.063845,0.8882393,0.8349329
0.4497452,0,92,-0.1357563,0.1031225,0.03413492,0.264,0.08959449,0.4803662,17.3,0,0.5992583,54.64999,0,0,0,0,1.063845,0.8882393,0.8349329
0.4517632,0,92,-0.1357563,0.1031225,0.03413492,0.264,0.08959449,0.4803662,17.3,0,0.5992583,54.64999,0,0,0,0,1.063845,0.8882393,0.8349329
0.4536591,0,92,-0.1357563,0.1031225,0.03413492,0.264,0.08959449,0.4803662,17.3,0,0.5992583,54.64999,0,0,0,0,1.063845,0.8882393,0.8349329
0.4557304,0,92,-0.1357563,0.1031225,0.03413492,0.264,0.08959449,0.4803662,17.3,0,0.5992583,54.64999,0,0,0,0,1.063845,0.8882393,0.8349329
0.4575272,0,92,-0.1357563,0.1031225,0.03413492,0.264,0.08959449,0.4803662,17.3,0,0.5992583,54.64999,0,0,0,0,1.063845,0.8882393,0.8349329
0.459919,0,92,-0.1357563,0.1031225,0.03413492,0.264,0.08959449,0.4803662,17.3,0,0.5992583,54.64999,0,0,0,0,1.063845,0.8882393,0.8349329
0.4632797,0,92,-0.1357563,0.1031225,0.03413492,0.264,0.08959449,0.4803662,17.3,0,0.5992583,54.64999,0,0,0,0,1.063845,0.8882393,0.8349329
0.4652977,0,92,-0.1357563,0.1031225,0.03413492,0.264,0.08959449,0.4803662,17.3,0,0.5992583,54.64999,0,0,0,0,1.063845,0.8882393,0.8349329
0.4672813,0,92,-0.1357563,0.1031225,0.03413492,0.264,0.08959449,0.4803662,17.3,0,0.5992583,54.64999,0,0,0,0,1.063845,0.8882393,0.8349329
0.4691544,0,92,-0.1357563,0.1031225,0.03413492,0.264,0.08959449,0.4803662,17.3,0,0.5992583,54.64999,0,0,0,0,1.063845,0.8882393,0.8349329
0.4711113,0,92,-0.1357563,0.1031225,0.03413492,0.264,0.08959449,0.4803662,17.3,0,0.5992583,54.64999,0,0,0,0,1.063845,0.8882393,0.8349329
0.4730072,0,92,-0.1357563,0.1031225,0.03413492,0.264,0.08959449,0.4803662,17.3,0,0.5992583,54.64999,0,0,0,0,1.063845,0.8882393,0.8349329
0.4748955,0,92,-0.1357563,0.1031225,0.03413492,0.264,0.08959449,0.4803662,17.3,0,0.5992583,54.64999,0,0,0,0,1.063845,0.8882393,0.8349329
0.4775162,0,92,-0.1357563,0.1031225,0.03413492,0.264,0.08959449,0.4803662,17.3,0,0.5992583,54.64999,0,0,0,0,1.063845,0.8882393,0.8349329
0.4796143,0,92,-0.1357563,0.1031225,0.03413492,0.264,0.08959449,0.4803662,17.3,0,0.5992583,54.64999,0,0,0,0,1.063845,0.8882393,0.8349329
0.4818611,0,92,-0.1357563,0.1031225,0.03413492,0.264,0.08959449,0.4803662,17.3,0,0.5992583,54.64999,0,0,0,0,1.063845,0.8882393,0.8349329
0.4840317,0,92,-0.1357563,0.1031225,0.03413492,0.264,0.08959449,0.4803662,17.3,0,0.5992583,54.64999,0,0,0,0,1.063845,0.8882393,0.8349329
0.4860115,0,92,-0.1357563,0.1031225,0.03413492,0.264,0.08959449,0.4803662,17.3,0,0.5992583,54.64999,0,0,0,0,1.063845,0.8882393,0.8349329
0.488018,0,92,-0.1357563,0.1031225,0.03413492,0.264,0.08959449,0.4803662,17.3,0,0.5992583,54.64999,0,0,0,0,1.063845,0.8882393,0.8349329
0.4899025,0,92,-0.1357563,0.1031225,0.03413492,0.264,0.08959449,0.4803662,17.3,0,0.5992583,54.64999,0,0,0,0,1.063845,0.8882393,0.8349329
0.4921417,0,92,-0.1357563,0.1031225,0.03413492,0.264,0.08959449,0.4803662,17.3,0,0.5992583,54.64999,0,0,0,0,1.063845,0.8882393,0.8349329
0.4948311,0,92,-0.1357563,0.1031225,0.03413492,0.264,0.08959449,0.4803662,17.3,0,0.5992583,54.64999,0,0,0,0,1.063845,0.8882393,0.8349329
0.4968452,0,92,-0.1357563,0.1031225,0.03413492,0.264,0.08959449,0.4803662,17.3,0,0.5992583,54.64999,0,0,0,0,1.063845,0.8882393,0.8349329
0.4992447,0,92,-0.1357563,0.1031225,0.03413492,0.264,0.08959449,0.4803662,17.3,0,0.5992583,54.64999,0,0,0,0,1.063845,0.8882393,0.8349329
0.5015564,0,92,-0.1357563,0.1031225,0.03413492,0.264,0.08959449,0.4803662,17.3,0,0.5992583,54.64999,0,0,0,0,1.063845,0.8882393,0.8349329
0.5034904,0,92,-0.1357563,0.1031225,0.03413492,0.264,0.08959449,0.4803662,17.3,0,0.5992583,54.64999,0,0,0,0,1.063845,0.8882393,0.8349329
0.5053444,0,92,-0.1357563,0.1031225,0.03413492,0.264,0.08959449,0.4803662,17.3,0,0.5992583,54.64999,0,0,0,0,1.063845,0.8882393,0.8349329
0.5074348,0,92,-0.1357563,0.1031225,0.03413492,0.264,0.08959449,0.4803662,17.3,0,0.5992583,54.64999,0,0,0,0,1.063845,0.8882393,0.8349329
0.5095253,0,92,-0.1357563,0.1031225,0.03413492,0.264,0.08959449,0.4803662,17.3,0,0.5992583,54.64999,0,0,0,0,1.063845,0.8882393,0.8349329
0.5115967,0,92,-0.1357563,0.1031225,0.03413492,0.264,0.08959449,0.4803662,17.3,0,0.5992583,54.64999,0,0,0,0,1.063845,0.8882393,0.8349329
0.5136337,0,92,-0.1357563,0.1031225,0.03413492,0.264,0.08959449,0.4803662,17.3,0,0.5992583,54.64999,0,0,0,0,1.063845,0.8882393,0.8349329
0.5155373,0,92,-0.1357563,0.1031225,0.03413492,0.264,0.08959449,0.4803662,17.3,0,0.5992583,54.64999,0,0,0,0,1.063845,0.8882393,0.8349329
0.517395,0,92,-0.1357563,0.1031225,0.03413492,0.264,0.08959449,0.4803662,17.3,0,0.5992583,54.64999,0,0,0,0,1.063845,0.8882393,0.8349329
0.5192719,0,92,-0.1357563,0.1031225,0.03413492,0.264,0.08959449,0.4803662,17.3,0,0.5992583,54.64999,0,0,0,0,1.063845,0.8882393,0.8349329
0.5216179,0,92,-0.1357563,0.1031225,0.03413492,0.264,0.08959449,0.4803662,17.3,0,0.5992583,54.64999,0,0,0,0,1.063845,0.8882393,0.8349329
0.5242004,0,92,-0.1357563,0.1031225,0.03413492,0.264,0.08959449,0.4803662,17.3,0,0.5992583,54.64999,0,0,0,0,1.063845,0.8882393,0.8349329
0.5276909,0,92,-0.1357563,0.1031225,0.03413492,0.264,0.08959449,0.4803662,17.3,0,0.5992583,54.64999,0,0,0,0,1.063845,0.8882393,0.8349329
0.5297737,0,92,-0.1357563,0.1031225,0.03413492,0.264,0.08959449,0.4803662,17.3,0,0.5992583,54.64999,0,0,0,0,1.063845,0.8882393,0.8349329
0.5317383,0,92,-0.1357563,0.1031225,0.03413492,0.264,0.08959449,0.4803662,17.3,0,0.5992583,54.64999,0,0,0,0,1.063845,0.8882393,0.8349329
0.5337372,0,92,-0.1357563,0.1031225,0.03413492,0.264,0.08959449,0.4803662,17.3,0,0.5992583,54.64999,0,0,0,0,1.063845,0.8882393,0.8349329
0.5356827,0,92,-0.1357563,0.1031225,0.03413492,0.264,0.08959449,0.4803662,17.3,0,0.5992583,54.64999,0,0,0,0,1.063845,0.8882393,0.8349329
0.5375595,0,92,-0.1357563,0.1031225,0.03413492,0.264,0.08959449,0.4803662,17.3,0,0.5992583,54.64999,0,0,0,0,1.063845,0.8882393,0.8349329
0.5398216,0,92,-0.1357563,0.1031225,0.03413492,0.264,0.08959449,0.4803662,17.3,0,0.5992583,54.64999,0,0,0,0,1.063845,0.8882393,0.8349329
0.5421677,0,92,-0.1357563,0.1031225,0.03413492,0.264,0.08959449,0.4803662,17.3,0,0.5992583,54.64999,0,0,0,0,1.063845,0.8882393,0.8349329
0.5446548,0,92,-0.1357563,0.1031225,0.03413492,0.264,0.08959449,0.4803662,17.3,0,0.5992583,54.64999,0,0,0,0,1.063845,0.8882393,0.8349329
0.5466042,0,92,-0.1357563,0.1031225,0.03413492,0.264,0.08959449,0.4803662,17.3,0,0.5992583,54.64999,0,0,0,0,1.063845,0.8882393,0.8349329
0.5486107,0,92,-0.1357563,0.1031225,0.03413492,0.264,0.08959449,0.4803662,17.3,0,0.5992583,54.64999,0,0,0,0,1.063845,0.8882393,0.8349329
0.5506363,0,92,-0.1357563,0.1031225,0.03413492,0.264,0.08959449,0.4803662,17.3,0,0.5992583,54.64999,0,0,0,0,1.063845,0.8882393,0.8349329
0.5529633,0,92,-0.1357563,0.1031225,0.03413492,0.264,0.08959449,0.4803662,17.3,0,0.5992583,54.64999,0,0,0,0,1.063845,0.8882393,0.8349329
0.5557327,0,92,-0.1357563,0.1031225,0.03413492,0.264,0.08959449,0.4803662,17.3,0,0.5992583,54.64999,0,0,0,0,1.063845,0.8882393,0.8349329
0.5586777,0,92,-0.1357563,0.1031225,0.03413492,0.264,0.08959449,0.4803662,17.3,0,0.5992583,54.64999,0,0,0,0,1.063845,0.8882393,0.8349329
0.5622749,0,92,-0.1357563,0.1031225,0.03413492,0.264,0.08959449,0.4803662,17.3,0,0.5992583,54.64999,0,0,0,0,1.063845,0.8882393,0.8349329
0.5650482,0,92,-0.1357563,0.1031225,0.03413492,0.264,0.08959449,0.4803662,17.3,0,0.5992583,54.64999,0,0,0,0,1.063845,0.8882393,0.8349329
0.567749,0,92,-0.1357563,0.1031225,0.03413492,0.264,0.08959449,0.4803662,17.3,0,0.5992583,54.64999,0,0,0,0,1.063845,0.8882393,0.8349329
0.5702553,0,92,-0.1357563,0.1031225,0.03413492,0.264,0.08959449,0.4803662,17.3,0,0.5992583,54.64999,0,0,0,0,1.063845,0.8882393,0.8349329
0.5734978,0,92,-0.1357563,0.1031225,0.03413492,0.264,0.08959449,0.4803662,17.3,0,0.5992583,54.64999,0,0,0,0,1.063845,0.8882393,0.8349329
0.5764236,0,92,-0.1357563,0.1031225,0.03413492,0.264,0.08959449,0.4803662,17.3,0,0.5992583,54.64999,0,0,0,0,1.063845,0.8882393,0.8349329
0.5794716,0,92,-0.1357563,0.1031225,0.03413492,0.264,0.08959449,0.4803662,17.3,0,0.5992583,54.64999,0,0,0,0,1.063845,0.8882393,0.8349329
0.5823364,0,92,-0.1357563,0.1031225,0.03413492,0.264,0.08959449,0.4803662,17.3,0,0.5992583,54.64999,0,0,0,0,1.063845,0.8882393,0.8349329
0.585186,0,92,-0.1357563,0.1031225,0.03413492,0.264,0.08959449,0.4803662,17.3,0,0.5992583,54.64999,0,0,0,0,1.063845,0.8882393,0.8349329
0.5876999,0,92,-0.1357563,0.1031225,0.03413492,0.264,0.08959449,0.4803662,17.3,0,0.5992583,54.64999,0,0,0,0,1.063845,0.8882393,0.8349329
0.5909081,0,92,-0.1357563,0.1031225,0.03413492,0.264,0.08959449,0.4803662,17.3,0,0.5992583,54.64999,0,0,0,0,1.063845,0.8882393,0.8349329
0.5939751,0,92,-0.1357563,0.1031225,0.03413492,0.264,0.08959449,0.4803662,17.3,0,0.5992583,54.64999,0,0,0,0,1.063845,0.8882393,0.8349329
0.5961761,0,92,-0.1357563,0.1031225,0.03413492,0.264,0.08959449,0.4803662,17.3,0,0.5992583,54.64999,0,0,0,0,1.063845,0.8882393,0.8349329
0.5991478,0,92,-0.1357563,0.1031225,0.03413492,0.264,0.08959449,0.4803662,17.3,0,0.5992583,54.64999,0,0,0,0,1.063845,0.8882393,0.8349329
0.6020164,0,92,-0.1357563,0.1031225,0.03413492,0.264,0.08959449,0.4803662,17.3,0,0.5992583,54.64999,0,0,0,0,1.063845,0.8882393,0.8349329
0.604454,0,92,-0.1357563,0.1031225,0.03413492,0.264,0.08959449,0.4803662,17.3,0,0.5992583,54.64999,0,0,0,0,1.063845,0.8882393,0.8349329
0.6067657,0,92,-0.1357563,0.1031225,0.03413492,0.264,0.08959449,0.4803662,17.3,0,0.5992583,54.64999,0,0,0,0,1.063845,0.8882393,0.8349329
0.6091537,0,92,-0.1357563,0.1031225,0.03413492,0.264,0.08959449,0.4803662,17.3,0,0.5992583,54.64999,0,0,0,0,1.063845,0.8882393,0.8349329
0.6123657,0,92,-0.1357563,0.1031225,0.03413492,0.264,0.08959449,0.4803662,17.3,0,0.5992583,54.64999,0,0,0,0,1.063845,0.8882393,0.8349329
0.6152153,0,92,-0.1357563,0.1031225,0.03413492,0.264,0.08959449,0.4803662,17.3,0,0.5992583,54.64999,0,0,0,0,1.063845,0.8882393,0.8349329
0.6182022,0,92,-0.1357563,0.1031225,0.03413492,0.264,0.08959449,0.4803662,17.3,0,0.5992583,54.64999,0,0,0,0,1.063845,0.8882393,0.8349329
0.6215172,0,92,-0.1357563,0.1031225,0.03413492,0.264,0.08959449,0.4803662,17.3,0,0.5992583,54.64999,0,0,0,0,1.063845,0.8882393,0.8349329
0.6238327,0,92,-0.1357563,0.1031225,0.03413492,0.264,0.08959449,0.4803662,17.3,0,0.5992583,54.64999,0,0,0,0,1.063845,0.8882393,0.8349329
0.6263199,0,92,-0.1357563,0.1031225,0.03413492,0.264,0.08959449,0.4803662,17.3,0,0.5992583,54.64999,0,0,0,0,1.063845,0.8882393,0.8349329
0.6285324,0,92,-0.1357563,0.1031225,0.03413492,0.264,0.08959449,0.4803662,17.3,0,0.5992583,54.64999,0,0,0,0,1.063845,0.8882393,0.8349329
0.6305428,0,92,-0.1357563,0.1031225,0.03413492,0.264,0.08959449,0.4803662,17.3,0,0.5992583,54.64999,0,0,0,0,1.063845,0.8882393,0.8349329
0.6326027,0,92,-0.1357563,0.1031225,0.03413492,0.264,0.08959449,0.4803662,17.3,0,0.5992583,54.64999,0,0,0,0,1.063845,0.8882393,0.8349329
0.6350555,0,92,-0.1357563,0.1031225,0.03413492,0.264,0.08959449,0.4803662,17.3,0,0.5992583,54.64999,0,0,0,0,1.063845,0.8882393,0.8349329
0.638134,0,92,-0.1357563,0.1031225,0.03413492,0.264,0.08959449,0.4803662,17.3,0,0.5992583,54.64999,0,0,0,0,1.063845,0.8882393,0.8349329
0.6403427,0,92,-0.1357563,0.1031225,0.03413492,0.264,0.08959449,0.4803662,17.3,0,0.5992583,54.64999,0,0,0,0,1.063845,0.8882393,0.8349329
0.6431274,0,92,-0.1357563,0.1031225,0.03413492,0.264,0.08959449,0.4803662,17.3,0,0.5992583,54.64999,0,0,0,0,1.063845,0.8882393,0.8349329
0.6455688,0,92,-0.1357563,0.1031225,0.03413492,0.264,0.08959449,0.4803662,17.3,0,0.5992583,54.64999,0,0,0,0,1.063845,0.8882393,0.8349329
0.6482658,0,92,-0.1357563,0.1031225,0.03413492,0.264,0.08959449,0.4803662,17.3,0,0.5992583,54.64999,0,0,0,0,1.063845,0.8882393,0.8349329
0.6505356,0,92,-0.1357563,0.1031225,0.03413492,0.264,0.08959449,0.4803662,17.3,0,0.5992583,54.64999,0,0,0,0,1.063845,0.8882393,0.8349329
0.6528549,0,92,-0.1357563,0.1031225,0.03413492,0.264,0.08959449,0.4803662,17.3,0,0.5992583,54.64999,0,0,0,0,1.063845,0.8882393,0.8349329
0.6552696,0,92,-0.1357563,0.1031225,0.03413492,0.264,0.08959449,0.4803662,17.3,0,0.5992583,54.64999,0,0,0,0,1.063845,0.8882393,0.8349329
0.6582947,0,92,-0.1357563,0.1031225,0.03413492,0.264,0.08959449,0.4803662,17.3,0,0.5992583,54.64999,0,0,0,0,1.063845,0.8882393,0.8349329
0.6669655,0,92,-0.1357563,0.1031225,0.03413492,0.264,0.08959449,0.4803662,17.3,0,0.5992583,54.64999,0,0,0,0,1.063845,0.8882393,0.8349329
0.67313,0,92,-0.1357563,0.1031225,0.03413492,0.264,0.09367058,0.4794016,17,0,0.5984622,54.5,-48.65852,0,0,0,1.068034,0.8882393,0.8316584
0.6774521,0,92,-0.1357563,0.1031225,0.03413492,0.264,0.09367058,0.4794016,17,0,0.5984622,54.5,0,0,0,0,1.068034,0.8882393,0.8316584
0.6844368,0,92,-0.1357563,0.1031225,0.03413492,0.264,0.09638528,0.4787467,16.8,0,0.5979382,54.39999,-28.63248,0,0,0,1.070826,0.8882393,0.8294895
0.6897469,0,92,-0.1357563,0.1031225,0.03413492,0.264,0.09638528,0.4787467,16.8,0,0.5979382,54.39999,0,0,0,0,1.070826,0.8882393,0.8294895
0.6918221,0,92,-0.1357563,0.1031225,0.03413492,0.264,0.09638528,0.4787467,16.8,0,0.5979382,54.39999,0,0,0,0,1.070826,0.8882393,0.8294895
0.6959457,0,92,-0.1357563,0.1031225,0.03413492,0.264,0.09638528,0.4787467,16.8,0,0.5979382,54.39999,0,0,0,0,1.070826,0.8882393,0.8294895
0.7021255,0,92,-0.1357563,0.1031225,0.03413492,0.264,0.09909766,0.4780822,16.6,0,0.5974199,54.3,-32.35966,0,0,0,1.073619,0.8882393,0.8273319
0.7048111,0,92,-0.1357563,0.1031225,0.03413492,0.264,0.09909766,0.4780822,16.6,0,0.5974199,54.3,0,0,0,0,1.073619,0.8882393,0.8273319
0.7067261,0,92,-0.1357563,0.1031225,0.03413492,0.264,0.09909766,0.4780822,16.6,0,0.5974199,54.3,0,0,0,0,1.073619,0.8882393,0.8273319
0.7094078,0,92,-0.1357563,0.1031225,0.03413492,0.264,0.09909766,0.4780822,16.6,0,0.5974199,54.3,0,0,0,0,1.073619,0.8882393,0.8273319
0.7122307,0,92,-0.1357563,0.1031225,0.03413492,0.264,0.09909766,0.4780822,16.6,0,0.5974199,54.3,0,0,0,0,1.073619,0.8882393,0.8273319
0.7142868,0,92,-0.1357563,0.1031225,0.03413492,0.264,0.09909766,0.4780822,16.6,0,0.5974199,54.3,0,0,0,0,1.073619,0.8882393,0.8273319
0.7162247,0,92,-0.1357563,0.1031225,0.03413492,0.264,0.09909766,0.4780822,16.6,0,0.5974199,54.3,0,0,0,0,1.073619,0.8882393,0.8273319
0.7183151,0,92,-0.1357563,0.1031225,0.03413492,0.264,0.09909766,0.4780822,16.6,0,0.5974199,54.3,0,0,0,0,1.073619,0.8882393,0.8273319
0.7206688,0,92,-0.1357563,0.1031225,0.03413492,0.264,0.09909766,0.4780822,16.6,0,0.5974199,54.3,0,0,0,0,1.073619,0.8882393,0.8273319
0.7227325,0,92,-0.1357563,0.1031225,0.03413492,0.264,0.09909766,0.4780822,16.6,0,0.5974199,54.3,0,0,0,0,1.073619,0.8882393,0.8273319
0.7255859,0,92,-0.1357563,0.1031225,0.03413492,0.264,0.09909766,0.4780822,16.6,0,0.5974199,54.3,0,0,0,0,1.073619,0.8882393,0.8273319
0.7280617,0,92,-0.1357563,0.1031225,0.03413492,0.264,0.09909766,0.4780822,16.6,0,0.5974199,54.3,0,0,0,0,1.073619,0.8882393,0.8273319
0.7300415,0,92,-0.1357563,0.1031225,0.03413492,0.264,0.09909766,0.4780822,16.6,0,0.5974199,54.3,0,0,0,0,1.073619,0.8882393,0.8273319
0.7320747,0,92,-0.1357563,0.1031225,0.03413492,0.264,0.09909766,0.4780822,16.6,0,0.5974199,54.3,0,0,0,0,1.073619,0.8882393,0.8273319
0.7340508,0,92,-0.1357563,0.1031225,0.03413492,0.264,0.09909766,0.4780822,16.6,0,0.5974199,54.3,0,0,0,0,1.073619,0.8882393,0.8273319
0.7379341,0,92,-0.1357563,0.1031225,0.03413492,0.264,0.09909766,0.4780822,16.6,0,0.5974199,54.3,0,0,0,0,1.073619,0.8882393,0.8273319
0.7455368,0,92,-0.1357563,0.1031225,0.03413492,0.264,0.1031617,0.4770679,16.3,0,0.596653,54.14999,-39.45099,0,0,0,1.077808,0.8882393,0.8241166
0.7545166,0,92,-0.1357563,0.1031225,0.03413492,0.264,0.1031617,0.4770679,16.3,0,0.596653,54.14999,0,0,0,0,1.077808,0.8882393,0.8241166
0.7613945,0,92,-0.1357563,0.1031225,0.03413492,0.264,0.1058681,0.4763798,16.1,0,0.5961487,54.05,-29.09244,0,0,0,1.0806,0.8882393,0.8219869
0.7639313,0,92,-0.1357563,0.1031225,0.03413492,0.264,0.1058681,0.4763798,16.1,0,0.5961487,54.05,0,0,0,0,1.0806,0.8882393,0.8219869
0.7663269,0,92,-0.1357563,0.1031225,0.03413492,0.264,0.1058681,0.4763798,16.1,0,0.5961487,54.05,0,0,0,0,1.0806,0.8882393,0.8219869
0.7683296,0,92,-0.1357563,0.1031225,0.03413492,0.264,0.1058681,0.4763798,16.1,0,0.5961487,54.05,0,0,0,0,1.0806,0.8882393,0.8219869
0.7706757,0,92,-0.1357563,0.1031225,0.03413492,0.264,0.1058681,0.4763798,16.1,0,0.5961487,54.05,0,0,0,0,1.0806,0.8882393,0.8219869
0.7733154,0,92,-0.1357563,0.1031225,0.03413492,0.264,0.1058681,0.4763798,16.1,0,0.5961487,54.05,0,0,0,0,1.0806,0.8882393,0.8219869
0.7757416,0,92,-0.1357563,0.1031225,0.03413492,0.264,0.1058681,0.4763798,16.1,0,0.5961487,54.05,0,0,0,0,1.0806,0.8882393,0.8219869
0.7797318,0,92,-0.1357563,0.1031225,0.03413492,0.264,0.1058681,0.4763798,16.1,0,0.5961487,54.05,0,0,0,0,1.0806,0.8882393,0.8219869
0.7878532,0,92,-0.1357563,0.1031225,0.03413492,0.264,0.1099233,0.47533,15.8,0,0.5954028,53.89999,-36.94129,0,0,0,1.084789,0.8882393,0.8188128
0.7942467,0,92,-0.1357563,0.1031225,0.03413492,0.264,0.1126236,0.4746184,15.6,0,0.5949126,53.8,-31.28957,0,0,0,1.087582,0.8882393,0.8167104
0.798336,0,92,-0.1357563,0.1031225,0.03413492,0.264,0.1126236,0.4746184,15.6,0,0.5949126,53.8,0,0,0,0,1.087582,0.8882393,0.8167104
0.8052673,0,92,-0.1357563,0.1031225,0.03413492,0.264,0.1153214,0.4738973,15.4,0,0.5944282,53.7,-28.86597,0,0,0,1.090374,0.8882393,0.8146188
0.8072777,0,92,-0.1357563,0.1031225,0.03413492,0.264,0.1153214,0.4738973,15.4,0,0.5944282,53.7,0,0,0,0,1.090374,0.8882393,0.8146188
0.8096046,0,92,-0.1357563,0.1031225,0.03413492,0.264,0.1153214,0.4738973,15.4,0,0.5944282,53.7,0,0,0,0,1.090374,0.8882393,0.8146188
0.813488,0,92,-0.1357563,0.1031225,0.03413492,0.264,0.1153214,0.4738973,15.4,0,0.5944282,53.7,0,0,0,0,1.090374,0.8882393,0.8146188
0.820118,0,92,-0.1357563,0.1031225,0.03413492,0.264,0.1193634,0.472798,15.1,0,0.5937122,53.55,-45.25285,0,0,0,1.094563,0.8882393,0.8115013
0.822567,0,92,-0.1357563,0.1031225,0.03413492,0.264,0.1193634,0.472798,15.1,0,0.5937122,53.55,0,0,0,0,1.094563,0.8882393,0.8115013
0.8263741,0,92,-0.1357563,0.1031225,0.03413492,0.264,0.1193634,0.472798,15.1,0,0.5937122,53.55,0,0,0,0,1.094563,0.8882393,0.8115013
0.8328781,0,92,-0.1357563,0.1031225,0.03413492,0.264,0.1220549,0.4720535,14.9,0,0.5932421,53.45,-30.75799,0,0,0,1.097355,0.8882393,0.8094362
0.8348961,0,92,-0.1357563,0.1031225,0.03413492,0.264,0.1220549,0.4720535,14.9,0,0.5932421,53.45,0,0,0,0,1.097355,0.8882393,0.8094362
0.8370514,0,92,-0.1357563,0.1031225,0.03413492,0.264,0.1220549,0.4720535,14.9,0,0.5932421,53.45,0,0,0,0,1.097355,0.8882393,0.8094362
0.8390884,0,92,-0.1357563,0.1031225,0.03413492,0.264,0.1220549,0.4720535,14.9,0,0.5932421,53.45,0,0,0,0,1.097355,0.8882393,0.8094362
0.8434258,0,92,-0.1357563,0.1031225,0.03413492,0.264,0.1220549,0.4720535,14.9,0,0.5932421,53.45,0,0,0,0,1.097355,0.8882393,0.8094362
0.8500862,0,92,-0.1357563,0.1031225,0.03413492,0.264,0.126087,0.470919,14.6,0,0.5925477,53.3,-45.05643,0,0,0,1.101544,0.8882393,0.8063582
0.8522835,0,92,-0.1357563,0.1031225,0.03413492,0.264,0.126087,0.470919,14.6,0,0.5925477,53.3,0,0,0,0,1.101544,0.8882393,0.8063582
0.8542442,0,92,-0.1357563,0.1031225,0.03413492,0.264,0.126087,0.470919,14.6,0,0.5925477,53.3,0,0,0,0,1.101544,0.8882393,0.8063582
0.8562088,0,92,-0.1357563,0.1031225,0.03413492,0.264,0.126087,0.470919,14.6,0,0.5925477,53.3,0,0,0,0,1.101544,0.8882393,0.8063582
0.8584824,0,92,-0.1357563,0.1031225,0.03413492,0.264,0.126087,0.470919,14.6,0,0.5925477,53.3,0,0,0,0,1.101544,0.8882393,0.8063582
0.8748627,0,92,-0.1357563,0.1031225,0.03413492,0.264,0.126087,0.470919,14.6,0,0.5925477,53.3,0,0,0,0,1.101544,0.8882393,0.8063582
0.8841019,0,92,-0.1357563,0.1031225,0.03413492,0.264,0.1287719,0.4701509,14.4,0,0.592092,53.2,-21.64229,0,0,0,1.104337,0.8882393,0.8043192
0.8920288,0,92,-0.1357563,0.1031225,0.03413492,0.264,0.1381472,0.4673891,13.7,0,0.590543,52.85001,-88.31802,0,0,0,1.11411,0.8882393,0.7972632
0.900631,0,92,-0.1357563,0.1031225,0.03413492,0.264,0.1421549,0.4661704,13.4,0,0.5899011,52.7,-34.88212,0,0,0,1.118299,0.8882393,0.7942768
0.9084511,0,92,-0.1357563,0.1031225,0.03413492,0.264,0.1448231,0.4653462,13.2,0,0.5894805,52.60001,-25.56627,0,0,0,1.121092,0.8882393,0.7922983
0.9171219,0,92,-0.1357563,0.1031225,0.03413492,0.264,0.1474883,0.4645129,13,0,0.5890659,52.5,-23.07122,0,0,0,1.123884,0.8882393,0.7903298
0.9242134,0,92,-0.1357563,0.1031225,0.03413492,0.264,0.1514806,0.4632453,12.7,0,0.5884551,52.35001,-42.3024,0,0,0,1.128073,0.8882393,0.7873951
0.9290695,0,92,-0.1357563,0.1031225,0.03413492,0.264,0.1514806,0.4632453,12.7,0,0.5884551,52.35001,0,0,0,0,1.128073,0.8882393,0.7873951
0.9350929,0,92,-0.1357563,0.1031225,0.03413492,0.264,0.1541385,0.4623886,12.5,0,0.5880553,52.25,-33.20987,0,0,0,1.130866,0.8882393,0.7854507
0.9373856,0,92,-0.1357563,0.1031225,0.03413492,0.264,0.1541385,0.4623886,12.5,0,0.5880553,52.25,0,0,0,0,1.130866,0.8882393,0.7854507
0.9415855,0,92,-0.1357563,0.1031225,0.03413492,0.264,0.1541385,0.4623886,12.5,0,0.5880553,52.25,0,0,0,0,1.130866,0.8882393,0.7854507
0.9491158,0,92,-0.1357563,0.1031225,0.03413492,0.264,0.1581198,0.4610863,12.2,0,0.5874669,52.10001,-39.84542,0,0,0,1.135054,0.8882393,0.7825521
0.9512024,0,92,-0.1357563,0.1031225,0.03413492,0.264,0.1581198,0.4610863,12.2,0,0.5874669,52.10001,0,0,0,0,1.135054,0.8882393,0.7825521
0.9531631,0,92,-0.1357563,0.1031225,0.03413492,0.264,0.1581198,0.4610863,12.2,0,0.5874669,52.10001,0,0,0,0,1.135054,0.8882393,0.7825521
0.9551353,0,92,-0.1357563,0.1031225,0.03413492,0.264,0.1581198,0.4610863,12.2,0,0.5874669,52.10001,0,0,0,0,1.135054,0.8882393,0.7825521
0.9593849,0,92,-0.1357563,0.1031225,0.03413492,0.264,0.1581198,0.4610863,12.2,0,0.5874669,52.10001,0,0,0,0,1.135054,0.8882393,0.7825521
0.9662552,0,92,-0.1357563,0.1031225,0.03413492,0.264,0.1607701,0.4602065,12,0,0.5870821,52,-29.1129,0,0,0,1.137847,0.8882393,0.7806315
0.9685745,0,92,-0.1357563,0.1031225,0.03413492,0.264,0.1607701,0.4602065,12,0,0.5870821,52,0,0,0,0,1.137847,0.8882393,0.7806315
0.970623,0,92,-0.1357563,0.1031225,0.03413492,0.264,0.1607701,0.4602065,12,0,0.5870821,52,0,0,0,0,1.137847,0.8882393,0.7806315
0.9728737,0,92,-0.1357563,0.1031225,0.03413492,0.264,0.1607701,0.4602065,12,0,0.5870821,52,0,0,0,0,1.137847,0.8882393,0.7806315
0.9749298,0,92,-0.1357563,0.1031225,0.03413492,0.264,0.1607701,0.4602065,12,0,0.5870821,52,0,0,0,0,1.137847,0.8882393,0.7806315
0.9794998,0,92,-0.1357563,0.1031225,0.03413492,0.264,0.1607701,0.4602065,12,0,0.5870821,52,0,0,0,0,1.137847,0.8882393,0.7806315
0.9859543,0,92,-0.1357563,0.1031225,0.03413492,0.264,0.1647398,0.4588695,11.7,0,0.5865163,51.85001,-46.47851,0,0,0,1.142036,0.8882393,0.7777683
0.9884033,0,92,-0.1357563,0.1031225,0.03413492,0.264,0.1647398,0.4588695,11.7,0,0.5865163,51.85001,0,0,0,0,1.142036,0.8882393,0.7777683
0.9906197,0,92,-0.1357563,0.1031225,0.03413492,0.264,0.1647398,0.4588695,11.7,0,0.5865163,51.85001,0,0,0,0,1.142036,0.8882393,0.7777683
0.9941521,0,92,-0.1357563,0.1031225,0.03413492,0.264,0.1647398,0.4588695,11.7,0,0.5865163,51.85001,0,0,0,0,1.142036,0.8882393,0.7777683
0.9996567,0,92,-0.1357563,0.1031225,0.03413492,0.264,0.1647398,0.4588695,11.7,0,0.5865163,51.85001,0,0,0,0,1.142036,0.8882393,0.7777683
1.002346,0,92,-0.1357563,0.1031225,0.03413492,0.264,0.1647398,0.4588695,11.7,0,0.5865163,51.85001,0,0,0,0,1.142036,0.8882393,0.7777683
1.004547,0,92,-0.1357563,0.1031225,0.03413492,0.264,0.1647398,0.4588695,11.7,0,0.5865163,51.85001,0,0,0,0,1.142036,0.8882393,0.7777683
1.00655,0,92,-0.1357563,0.1031225,0.03413492,0.264,0.1647398,0.4588695,11.7,0,0.5865163,51.85001,0,0,0,0,1.142036,0.8882393,0.7777683
1.008446,0,92,-0.1357563,0.1031225,0.03413492,0.264,0.1647398,0.4588695,11.7,0,0.5865163,51.85001,0,0,0,0,1.142036,0.8882393,0.7777683
1.010906,0,92,-0.1357563,0.1031225,0.03413492,0.264,0.1647398,0.4588695,11.7,0,0.5865163,51.85001,0,0,0,0,1.142036,0.8882393,0.7777683
1.014912,0,92,-0.1357563,0.1031225,0.03413492,0.264,0.1647398,0.4588695,11.7,0,0.5865163,51.85001,0,0,0,0,1.142036,0.8882393,0.7777683
1.020958,0,92,-0.1357563,0.1031225,0.03413492,0.264,0.1673823,0.4579666,11.5,0,0.5861465,51.75,-33.07586,0,0,0,1.144828,0.8882393,0.7758711
1.023632,0,92,-0.1357563,0.1031225,0.03413492,0.264,0.1673823,0.4579666,11.5,0,0.5861465,51.75,0,0,0,0,1.144828,0.8882393,0.7758711
1.026463,0,92,-0.1357563,0.1031225,0.03413492,0.264,0.1673823,0.4579666,11.5,0,0.5861465,51.75,0,0,0,0,1.144828,0.8882393,0.7758711
1.029144,0,92,-0.1357563,0.1031225,0.03413492,0.264,0.1673823,0.4579666,11.5,0,0.5861465,51.75,0,0,0,0,1.144828,0.8882393,0.7758711
1.031322,0,92,-0.1357563,0.1031225,0.03413492,0.264,0.1673823,0.4579666,11.5,0,0.5861465,51.75,0,0,0,0,1.144828,0.8882393,0.7758711
1.035797,0,92,-0.1357563,0.1031225,0.03413492,0.264,0.1673823,0.4579666,11.5,0,0.5861465,51.75,0,0,0,0,1.144828,0.8882393,0.7758711
1.04174,0,92,-0.1357563,0.1031225,0.03413492,0.264,0.1700217,0.4570544,11.3,0,0.5857828,51.64999,-33.65583,0,0,0,1.147621,0.8882393,0.7739832
1.044403,0,92,-0.1357563,0.1031225,0.03413492,0.264,0.1700217,0.4570544,11.3,0,0.5857828,51.64999,0,0,0,0,1.147621,0.8882393,0.7739832
1.046478,0,92,-0.1357563,0.1031225,0.03413492,0.264,0.1700217,0.4570544,11.3,0,0.5857828,51.64999,0,0,0,0,1.147621,0.8882393,0.7739832
1.051128,0,92,-0.1357563,0.1031225,0.03413492,0.264,0.1700217,0.4570544,11.3,0,0.5857828,51.64999,0,0,0,0,1.147621,0.8882393,0.7739832
1.058556,0,92,-0.1357563,0.1031225,0.03413492,0.264,0.1739747,0.455669,11,0,0.5852488,51.5,-40.40352,0,0,0,1.15181,0.8882393,0.7711684
1.067715,0,92,-0.1357563,0.1031225,0.03413492,0.264,0.176606,0.4547339,10.8,0,0.5849004,51.39999,-21.82975,0,0,0,1.154602,0.8882393,0.7693033
1.076714,0,92,-0.1357563,0.1031225,0.03413492,0.264,0.1831698,0.4523559,10.3,0,0.5840561,51.14999,-55.5605,0,0,0,1.161584,0.8882393,0.7646796
1.084942,0,92,-0.1357563,0.1031225,0.03413492,0.264,0.196234,0.4474287,9.3,0,0.5824832,50.64999,-121.5421,0,0,0,1.175546,0.8882393,0.7555972
1.093357,0,92,-0.1357563,0.1031225,0.03413492,0.264,0.2053268,0.4438444,8.6,0,0.5814746,50.3,-83.20553,0,0,0,1.18532,0.8882393,0.7493668
1.101692,0,92,-0.1357563,0.1031225,0.03413492,0.264,0.2143752,0.4401491,7.9,0,0.5805427,49.95,-83.97518,0,0,0,1.195094,0.8882393,0.7432382
1.110687,0,92,-0.1357563,0.1031225,0.03413492,0.264,0.2208103,0.4374422,7.4,0,0.5799244,49.7,-55.57655,0,0,0,1.202075,0.8882393,0.7389218
1.1222,0,92,-0.1357563,0.1031225,0.03413492,0.264,0.2297793,0.4335583,6.7,0,0.5791253,49.35001,-60.80772,0,0,0,1.211849,0.8882393,0.7329621
1.133945,0,92,-0.1357563,0.1031225,0.03413492,0.264,0.2361563,0.4307172,6.2,0,0.5786023,49.10001,-42.57457,0,0,0,1.21883,0.8882393,0.7287639
1.141846,0,92,-0.1357563,0.1031225,0.03413492,0.264,0.2425082,0.4278206,5.7,0,0.5781193,48.85001,-63.27913,0,0,0,1.225811,0.8882393,0.7246135
1.149014,0,92,-0.1357563,0.1031225,0.03413492,0.264,0.245042,0.4266464,5.5,0,0.5779372,48.75,-27.9076,0,0,0,1.228604,0.8882393,0.7229664
1.151028,0,92,-0.1357563,0.1031225,0.03413492,0.264,0.245042,0.4266464,5.5,0,0.5779372,48.75,0,0,0,0,1.228604,0.8882393,0.7229664
1.153095,0,92,-0.1357563,0.1031225,0.03413492,0.264,0.245042,0.4266464,5.5,0,0.5779372,48.75,0,0,0,0,1.228604,0.8882393,0.7229664
1.154999,0,92,-0.1357563,0.1031225,0.03413492,0.264,0.245042,0.4266464,5.5,0,0.5779372,48.75,0,0,0,0,1.228604,0.8882393,0.7229664
1.156998,0,92,-0.1357563,0.1031225,0.03413492,0.264,0.245042,0.4266464,5.5,0,0.5779372,48.75,0,0,0,0,1.228604,0.8882393,0.7229664
1.159374,0,92,-0.1357563,0.1031225,0.03413492,0.264,0.245042,0.4266464,5.5,0,0.5779372,48.75,0,0,0,0,1.228604,0.8882393,0.7229664
1.162193,0,92,-0.1357563,0.1031225,0.03413492,0.264,0.245042,0.4266464,5.5,0,0.5779372,48.75,0,0,0,0,1.228604,0.8882393,0.7229664
1.164238,0,92,-0.1357563,0.1031225,0.03413492,0.264,0.245042,0.4266464,5.5,0,0.5779372,48.75,0,0,0,0,1.228604,0.8882393,0.7229664
1.166187,0,92,-0.1357563,0.1031225,0.03413492,0.264,0.245042,0.4266464,5.5,0,0.5779372,48.75,0,0,0,0,1.228604,0.8882393,0.7229664
1.168625,0,92,-0.1357563,0.1031225,0.03413492,0.264,0.245042,0.4266464,5.5,0,0.5779372,48.75,0,0,0,0,1.228604,0.8882393,0.7229664
1.170837,0,92,-0.1357563,0.1031225,0.03413492,0.264,0.245042,0.4266464,5.5,0,0.5779372,48.75,0,0,0,0,1.228604,0.8882393,0.7229664
1.17289,0,92,-0.1357563,0.1031225,0.03413492,0.264,0.245042,0.4266464,5.5,0,0.5779372,48.75,0,0,0,0,1.228604,0.8882393,0.7229664
1.175121,0,92,-0.1357563,0.1031225,0.03413492,0.264,0.245042,0.4266464,5.5,0,0.5779372,48.75,0,0,0,0,1.228604,0.8882393,0.7229664
1.177349,0,92,-0.1357563,0.1031225,0.03413492,0.264,0.245042,0.4266464,5.5,0,0.5779372,48.75,0,0,0,0,1.228604,0.8882393,0.7229664
1.179245,0,92,-0.1357563,0.1031225,0.03413492,0.264,0.245042,0.4266464,5.5,0,0.5779372,48.75,0,0,0,0,1.228604,0.8882393,0.7229664
1.181656,0,92,-0.1357563,0.1031225,0.03413492,0.264,0.245042,0.4266464,5.5,0,0.5779372,48.75,0,0,0,0,1.228604,0.8882393,0.7229664
1.18359,0,92,-0.1357563,0.1031225,0.03413492,0.264,0.245042,0.4266464,5.5,0,0.5779372,48.75,0,0,0,0,1.228604,0.8882393,0.7229664
1.185566,0,92,-0.1357563,0.1031225,0.03413492,0.264,0.245042,0.4266464,5.5,0,0.5779372,48.75,0,0,0,0,1.228604,0.8882393,0.7229664
1.187531,0,92,-0.1357563,0.1031225,0.03413492,0.264,0.245042,0.4266464,5.5,0,0.5779372,48.75,0,0,0,0,1.228604,0.8882393,0.7229664
1.189541,0,92,-0.1357563,0.1031225,0.03413492,0.264,0.245042,0.4266464,5.5,0,0.5779372,48.75,0,0,0,0,1.228604,0.8882393,0.7229664
1.191818,0,92,-0.1357563,0.1031225,0.03413492,0.264,0.245042,0.4266464,5.5,0,0.5779372,48.75,0,0,0,0,1.228604,0.8882393,0.7229664
1.194717,0,92,-0.1357563,0.1031225,0.03413492,0.264,0.245042,0.4266464,5.5,0,0.5779372,48.75,0,0,0,0,1.228604,0.8882393,0.7229664
1.196819,0,92,-0.1357563,0.1031225,0.03413492,0.264,0.245042,0.4266464,5.5,0,0.5779372,48.75,0,0,0,0,1.228604,0.8882393,0.7229664
1.198769,0,92,-0.1357563,0.1031225,0.03413492,0.264,0.245042,0.4266464,5.5,0,0.5779372,48.75,0,0,0,0,1.228604,0.8882393,0.7229664
1.201416,0,92,-0.1357563,0.1031225,0.03413492,0.264,0.245042,0.4266464,5.5,0,0.5779372,48.75,0,0,0,0,1.228604,0.8882393,0.7229664
1.207767,0,92,-0.1357563,0.1031225,0.03413492,0.264,0.245042,0.4266464,5.5,0,0.5779372,48.75,0,0,0,0,1.228604,0.8882393,0.7229664
1.210354,0,92,-0.1357563,0.1031225,0.03413492,0.264,0.245042,0.4266464,5.5,0,0.5779372,48.75,0,0,0,0,1.228604,0.8882393,0.7229664
1.212688,0,92,-0.1357563,0.1031225,0.03413492,0.264,0.245042,0.4266464,5.5,0,0.5779372,48.75,0,0,0,0,1.228604,0.8882393,0.7229664
1.214806,0,92,-0.1357563,0.1031225,0.03413492,0.264,0.245042,0.4266464,5.5,0,0.5779372,48.75,0,0,0,0,1.228604,0.8882393,0.7229664
1.217159,0,92,-0.1357563,0.1031225,0.03413492,0.264,0.245042,0.4266464,5.5,0,0.5779372,48.75,0,0,0,0,1.228604,0.8882393,0.7229664
1.221222,0,92,-0.1357563,0.1031225,0.03413492,0.264,0.245042,0.4266464,5.5,0,0.5779372,48.75,0,0,0,0,1.228604,0.8882393,0.7229664
1.229992,0,92,-0.1357563,0.1031225,0.03413492,0.264,0.2488347,0.4248686,5.2,0,0.5776764,48.60001,-34.20131,0,0,0,1.232792,0.8882393,0.7205099
1.237812,0,92,-0.1357563,0.1031225,0.03413492,0.264,0.2538772,0.4224674,4.8,0,0.577351,48.39999,-51.14823,0,0,0,1.238378,0.8882393,0.7172605
1.245777,0,92,-0.1357563,0.1031225,0.03413492,0.264,0.2601565,0.4194162,4.3,0,0.5769805,48.14999,-62.78961,0,0,0,1.245359,0.8882393,0.7132396
1.254391,0,92,-0.1357563,0.1031225,0.03413492,0.264,0.2689023,0.4150531,3.6,0,0.5765299,47.8,-81.27253,0,0,0,1.255133,0.8882393,0.7076855
1.263325,0,92,-0.1357563,0.1031225,0.03413492,0.264,0.2751164,0.4118713,3.1,0,0.5762567,47.55,-55.95282,0,0,0,1.262114,0.8882393,0.7037711
1.272522,0,92,-0.1357563,0.1031225,0.03413492,0.264,0.2850004,0.4066679,2.3,0,0.5759041,47.14999,-86.99245,0,0,0,1.273284,0.8882393,0.6975971
1.285118,0,92,-0.1357563,0.1031225,0.03413492,0.264,0.28746,0.4053455,2.1,0,0.5758322,47.05,-15.87844,0,0,0,1.276077,0.8882393,0.6960705
1.293606,0,92,-0.1357563,0.1031225,0.03413492,0.264,0.2935886,0.4020022,1.6,0,0.5756811,46.8,-58.90112,0,0,0,1.283058,0.8882393,0.6922831
1.300552,0,92,-0.1357563,0.1031225,0.03413492,0.264,0.2960319,0.4006498,1.4,0,0.5756321,46.7,-28.79729,0,0,0,1.28585,0.8882393,0.6907796
1.303028,0,92,-0.1357563,0.1031225,0.03413492,0.264,0.2960319,0.4006498,1.4,0,0.5756321,46.7,0,0,0,0,1.28585,0.8882393,0.6907796
1.304996,0,92,-0.1357563,0.1031225,0.03413492,0.264,0.2960319,0.4006498,1.4,0,0.5756321,46.7,0,0,0,0,1.28585,0.8882393,0.6907796
1.306965,0,92,-0.1357563,0.1031225,0.03413492,0.264,0.2960319,0.4006498,1.4,0,0.5756321,46.7,0,0,0,0,1.28585,0.8882393,0.6907796
1.30912,0,92,-0.1357563,0.1031225,0.03413492,0.264,0.2960319,0.4006498,1.4,0,0.5756321,46.7,0,0,0,0,1.28585,0.8882393,0.6907796
1.311649,0,92,-0.1357563,0.1031225,0.03413492,0.264,0.2960319,0.4006498,1.4,0,0.5756321,46.7,0,0,0,0,1.28585,0.8882393,0.6907796
1.313797,0,92,-0.1357563,0.1031225,0.03413492,0.264,0.2960319,0.4006498,1.4,0,0.5756321,46.7,0,0,0,0,1.28585,0.8882393,0.6907796
1.316505,0,92,-0.1357563,0.1031225,0.03413492,0.264,0.2960319,0.4006498,1.4,0,0.5756321,46.7,0,0,0,0,1.28585,0.8882393,0.6907796
1.318638,0,92,-0.1357563,0.1031225,0.03413492,0.264,0.2960319,0.4006498,1.4,0,0.5756321,46.7,0,0,0,0,1.28585,0.8882393,0.6907796
1.321739,0,92,-0.1357563,0.1031225,0.03413492,0.264,0.2960319,0.4006498,1.4,0,0.5756321,46.7,0,0,0,0,1.28585,0.8882393,0.6907796
1.324413,0,92,-0.1357563,0.1031225,0.03413492,0.264,0.2960319,0.4006498,1.4,0,0.5756321,46.7,0,0,0,0,1.28585,0.8882393,0.6907796
1.327141,0,92,-0.1357563,0.1031225,0.03413492,0.264,0.2960319,0.4006498,1.4,0,0.5756321,46.7,0,0,0,0,1.28585,0.8882393,0.6907796
1.329346,0,92,-0.1357563,0.1031225,0.03413492,0.264,0.2960319,0.4006498,1.4,0,0.5756321,46.7,0,0,0,0,1.28585,0.8882393,0.6907796
1.331997,0,92,-0.1357563,0.1031225,0.03413492,0.264,0.2960319,0.4006498,1.4,0,0.5756321,46.7,0,0,0,0,1.28585,0.8882393,0.6907796
1.334209,0,92,-0.1357563,0.1031225,0.03413492,0.264,0.2960319,0.4006498,1.4,0,0.5756321,46.7,0,0,0,0,1.28585,0.8882393,0.6907796
1.336662,0,92,-0.1357563,0.1031225,0.03413492,0.264,0.2960319,0.4006498,1.4,0,0.5756321,46.7,0,0,0,0,1.28585,0.8882393,0.6907796
1.338966,0,92,-0.1357563,0.1031225,0.03413492,0.264,0.2960319,0.4006498,1.4,0,0.5756321,46.7,0,0,0,0,1.28585,0.8882393,0.6907796
1.341732,0,92,-0.1357563,0.1031225,0.03413492,0.264,0.2960319,0.4006498,1.4,0,0.5756321,46.7,0,0,0,0,1.28585,0.8882393,0.6907796
1.345047,0,92,-0.1357563,0.1031225,0.03413492,0.264,0.2960319,0.4006498,1.4,0,0.5756321,46.7,0,0,0,0,1.28585,0.8882393,0.6907796
1.348465,0,92,-0.1357563,0.1031225,0.03413492,0.264,0.2960319,0.4006498,1.4,0,0.5756321,46.7,0,0,0,0,1.28585,0.8882393,0.6907796
1.350941,0,92,-0.1357563,0.1031225,0.03413492,0.264,0.2960319,0.4006498,1.4,0,0.5756321,46.7,0,0,0,0,1.28585,0.8882393,0.6907796
1.353439,0,92,-0.1357563,0.1031225,0.03413492,0.264,0.2960319,0.4006498,1.4,0,0.5756321,46.7,0,0,0,0,1.28585,0.8882393,0.6907796
1.361031,0,92,-0.1357563,0.1031225,0.03413492,0.264,0.2960319,0.4006498,1.4,0,0.5756321,46.7,0,0,0,0,1.28585,0.8882393,0.6907796
1.363785,0,92,-0.1357563,0.1031225,0.03413492,0.264,0.2960319,0.4006498,1.4,0,0.5756321,46.7,0,0,0,0,1.28585,0.8882393,0.6907796
1.365814,0,92,-0.1357563,0.1031225,0.03413492,0.264,0.2960319,0.4006498,1.4,0,0.5756321,46.7,0,0,0,0,1.28585,0.8882393,0.6907796
1.367691,0,92,-0.1357563,0.1031225,0.03413492,0.264,0.2960319,0.4006498,1.4,0,0.5756321,46.7,0,0,0,0,1.28585,0.8882393,0.6907796
1.369911,0,92,-0.1357563,0.1031225,0.03413492,0.264,0.2960319,0.4006498,1.4,0,0.5756321,46.7,0,0,0,0,1.28585,0.8882393,0.6907796
1.372101,0,92,-0.1357563,0.1031225,0.03413492,0.264,0.2960319,0.4006498,1.4,0,0.5756321,46.7,0,0,0,0,1.28585,0.8882393,0.6907796
1.374187,0,92,-0.1357563,0.1031225,0.03413492,0.264,0.2960319,0.4006498,1.4,0,0.5756321,46.7,0,0,0,0,1.28585,0.8882393,0.6907796
1.376469,0,92,-0.1357563,0.1031225,0.03413492,0.264,0.2960319,0.4006498,1.4,0,0.5756321,46.7,0,0,0,0,1.28585,0.8882393,0.6907796
1.378719,0,92,-0.1357563,0.1031225,0.03413492,0.264,0.2960319,0.4006498,1.4,0,0.5756321,46.7,0,0,0,0,1.28585,0.8882393,0.6907796
1.381077,0,92,-0.1357563,0.1031225,0.03413492,0.264,0.2960319,0.4006498,1.4,0,0.5756321,46.7,0,0,0,0,1.28585,0.8882393,0.6907796
1.383118,0,92,-0.1357563,0.1031225,0.03413492,0.264,0.2960319,0.4006498,1.4,0,0.5756321,46.7,0,0,0,0,1.28585,0.8882393,0.6907796
1.385021,0,92,-0.1357563,0.1031225,0.03413492,0.264,0.2960319,0.4006498,1.4,0,0.5756321,46.7,0,0,0,0,1.28585,0.8882393,0.6907796
1.386993,0,92,-0.1357563,0.1031225,0.03413492,0.264,0.2960319,0.4006498,1.4,0,0.5756321,46.7,0,0,0,0,1.28585,0.8882393,0.6907796
1.388939,0,92,-0.1357563,0.1031225,0.03413492,0.264,0.2960319,0.4006498,1.4,0,0.5756321,46.7,0,0,0,0,1.28585,0.8882393,0.6907796
1.390789,0,92,-0.1357563,0.1031225,0.03413492,0.264,0.2960319,0.4006498,1.4,0,0.5756321,46.7,0,0,0,0,1.28585,0.8882393,0.6907796
1.392918,0,92,-0.1357563,0.1031225,0.03413492,0.264,0.2960319,0.4006498,1.4,0,0.5756321,46.7,0,0,0,0,1.28585,0.8882393,0.6907796
1.395439,0,92,-0.1357563,0.1031225,0.03413492,0.264,0.2960319,0.4006498,1.4,0,0.5756321,46.7,0,0,0,0,1.28585,0.8882393,0.6907796
1.397633,0,92,-0.1357563,0.1031225,0.03413492,0.264,0.2960319,0.4006498,1.4,0,0.5756321,46.7,0,0,0,0,1.28585,0.8882393,0.6907796
1.399734,0,92,-0.1357563,0.1031225,0.03413492,0.264,0.2960319,0.4006498,1.4,0,0.5756321,46.7,0,0,0,0,1.28585,0.8882393,0.6907796
1.402138,0,92,-0.1357563,0.1031225,0.03413492,0.264,0.2960319,0.4006498,1.4,0,0.5756321,46.7,0,0,0,0,1.28585,0.8882393,0.6907796
1.404083,0,92,-0.1357563,0.1031225,0.03413492,0.264,0.2960319,0.4006498,1.4,0,0.5756321,46.7,0,0,0,0,1.28585,0.8882393,0.6907796
1.406021,0,92,-0.1357563,0.1031225,0.03413492,0.264,0.2960319,0.4006498,1.4,0,0.5756321,46.7,0,0,0,0,1.28585,0.8882393,0.6907796
1.407955,0,92,-0.1357563,0.1031225,0.03413492,0.264,0.2960319,0.4006498,1.4,0,0.5756321,46.7,0,0,0,0,1.28585,0.8882393,0.6907796
1.410625,0,92,-0.1357563,0.1031225,0.03413492,0.264,0.2960319,0.4006498,1.4,0,0.5756321,46.7,0,0,0,0,1.28585,0.8882393,0.6907796
1.412754,0,92,-0.1357563,0.1031225,0.03413492,0.264,0.2960319,0.4006498,1.4,0,0.5756321,46.7,0,0,0,0,1.28585,0.8882393,0.6907796
1.414703,0,92,-0.1357563,0.1031225,0.03413492,0.264,0.2960319,0.4006498,1.4,0,0.5756321,46.7,0,0,0,0,1.28585,0.8882393,0.6907796
1.417,0,92,-0.1357563,0.1031225,0.03413492,0.264,0.2960319,0.4006498,1.4,0,0.5756321,46.7,0,0,0,0,1.28585,0.8882393,0.6907796
1.418804,0,92,-0.1357563,0.1031225,0.03413492,0.264,0.2960319,0.4006498,1.4,0,0.5756321,46.7,0,0,0,0,1.28585,0.8882393,0.6907796
1.421009,0,92,-0.1357563,0.1031225,0.03413492,0.264,0.2960319,0.4006498,1.4,0,0.5756321,46.7,0,0,0,0,1.28585,0.8882393,0.6907796
1.422958,0,92,-0.1357563,0.1031225,0.03413492,0.264,0.2960319,0.4006498,1.4,0,0.5756321,46.7,0,0,0,0,1.28585,0.8882393,0.6907796
1.425079,0,92,-0.1357563,0.1031225,0.03413492,0.264,0.2960319,0.4006498,1.4,0,0.5756321,46.7,0,0,0,0,1.28585,0.8882393,0.6907796
1.428284,0,92,-0.1357563,0.1031225,0.03413492,0.264,0.2960319,0.4006498,1.4,0,0.5756321,46.7,0,0,0,0,1.28585,0.8882393,0.6907796
1.430553,0,92,-0.1357563,0.1031225,0.03413492,0.264,0.2960319,0.4006498,1.4,0,0.5756321,46.7,0,0,0,0,1.28585,0.8882393,0.6907796
1.432693,0,92,-0.1357563,0.1031225,0.03413492,0.264,0.2960319,0.4006498,1.4,0,0.5756321,46.7,0,0,0,0,1.28585,0.8882393,0.6907796
1.43483,0,92,-0.1357563,0.1031225,0.03413492,0.264,0.2960319,0.4006498,1.4,0,0.5756321,46.7,0,0,0,0,1.28585,0.8882393,0.6907796
1.437042,0,92,-0.1357563,0.1031225,0.03413492,0.264,0.2960319,0.4006498,1.4,0,0.5756321,46.7,0,0,0,0,1.28585,0.8882393,0.6907796
1.439114,0,92,-0.1357563,0.1031225,0.03413492,0.264,0.2960319,0.4006498,1.4,0,0.5756321,46.7,0,0,0,0,1.28585,0.8882393,0.6907796
1.442291,0,92,-0.1357563,0.1031225,0.03413492,0.264,0.2960319,0.4006498,1.4,0,0.5756321,46.7,0,0,0,0,1.28585,0.8882393,0.6907796
1.444771,0,92,-0.1357563,0.1031225,0.03413492,0.264,0.2960319,0.4006498,1.4,0,0.5756321,46.7,0,0,0,0,1.28585,0.8882393,0.6907796
1.446758,0,92,-0.1357563,0.1031225,0.03413492,0.264,0.2960319,0.4006498,1.4,0,0.5756321,46.7,0,0,0,0,1.28585,0.8882393,0.6907796
1.448692,0,92,-0.1357563,0.1031225,0.03413492,0.264,0.2960319,0.4006498,1.4,0,0.5756321,46.7,0,0,0,0,1.28585,0.8882393,0.6907796
1.45113,0,92,-0.1357563,0.1031225,0.03413492,0.264,0.2960319,0.4006498,1.4,0,0.5756321,46.7,0,0,0,0,1.28585,0.8882393,0.6907796
1.453129,0,92,-0.1357563,0.1031225,0.03413492,0.264,0.2960319,0.4006498,1.4,0,0.5756321,46.7,0,0,0,0,1.28585,0.8882393,0.6907796
1.455074,0,92,-0.1357563,0.1031225,0.03413492,0.264,0.2960319,0.4006498,1.4,0,0.5756321,46.7,0,0,0,0,1.28585,0.8882393,0.6907796
1.457211,0,92,-0.1357563,0.1031225,0.03413492,0.264,0.2960319,0.4006498,1.4,0,0.5756321,46.7,0,0,0,0,1.28585,0.8882393,0.6907796
1.459755,0,92,-0.1357563,0.1031225,0.03413492,0.264,0.2960319,0.4006498,1.4,0,0.5756321,46.7,0,0,0,0,1.28585,0.8882393,0.6907796
1.462139,0,92,-0.1357563,0.1031225,0.03413492,0.264,0.2960319,0.4006498,1.4,0,0.5756321,46.7,0,0,0,0,1.28585,0.8882393,0.6907796
1.46423,0,92,-0.1357563,0.1031225,0.03413492,0.264,0.2960319,0.4006498,1.4,0,0.5756321,46.7,0,0,0,0,1.28585,0.8882393,0.6907796
1.466343,0,92,-0.1357563,0.1031225,0.03413492,0.264,0.2960319,0.4006498,1.4,0,0.5756321,46.7,0,0,0,0,1.28585,0.8882393,0.6907796
1.468349,0,92,-0.1357563,0.1031225,0.03413492,0.264,0.2960319,0.4006498,1.4,0,0.5756321,46.7,0,0,0,0,1.28585,0.8882393,0.6907796
1.470333,0,92,-0.1357563,0.1031225,0.03413492,0.264,0.2960319,0.4006498,1.4,0,0.5756321,46.7,0,0,0,0,1.28585,0.8882393,0.6907796
1.473457,0,92,-0.1357563,0.1031225,0.03413492,0.264,0.2960319,0.4006498,1.4,0,0.5756321,46.7,0,0,0,0,1.28585,0.8882393,0.6907796
1.476543,0,92,-0.1357563,0.1031225,0.03413492,0.264,0.2960319,0.4006498,1.4,0,0.5756321,46.7,0,0,0,0,1.28585,0.8882393,0.6907796
1.47921,0,92,-0.1357563,0.1031225,0.03413492,0.264,0.2960319,0.4006498,1.4,0,0.5756321,46.7,0,0,0,0,1.28585,0.8882393,0.6907796
1.481743,0,92,-0.1357563,0.1031225,0.03413492,0.264,0.2960319,0.4006498,1.4,0,0.5756321,46.7,0,0,0,0,1.28585,0.8882393,0.6907796
1.484013,0,92,-0.1357563,0.1031225,0.03413492,0.264,0.2960319,0.4006498,1.4,0,0.5756321,46.7,0,0,0,0,1.28585,0.8882393,0.6907796
1.486134,0,92,-0.1357563,0.1031225,0.03413492,0.264,0.2960319,0.4006498,1.4,0,0.5756321,46.7,0,0,0,0,1.28585,0.8882393,0.6907796
1.48851,0,92,-0.1357563,0.1031225,0.03413492,0.264,0.2960319,0.4006498,1.4,0,0.5756321,46.7,0,0,0,0,1.28585,0.8882393,0.6907796
1.490444,0,92,-0.1357563,0.1031225,0.03413492,0.264,0.2960319,0.4006498,1.4,0,0.5756321,46.7,0,0,0,0,1.28585,0.8882393,0.6907796
1.492588,0,92,-0.1357563,0.1031225,0.03413492,0.264,0.2960319,0.4006498,1.4,0,0.5756321,46.7,0,0,0,0,1.28585,0.8882393,0.6907796
1.496357,0,92,-0.1357563,0.1031225,0.03413492,0.264,0.2960319,0.4006498,1.4,0,0.5756321,46.7,0,0,0,0,1.28585,0.8882393,0.6907796
1.498386,0,92,-0.1357563,0.1031225,0.03413492,0.264,0.2960319,0.4006498,1.4,0,0.5756321,46.7,0,0,0,0,1.28585,0.8882393,0.6907796
1.501198,0,92,-0.1357563,0.1031225,0.03413492,0.264,0.2960319,0.4006498,1.4,0,0.5756321,46.7,0,0,0,0,1.28585,0.8882393,0.6907796
1.503571,0,92,-0.1357563,0.1031225,0.03413492,0.264,0.2960319,0.4006498,1.4,0,0.5756321,46.7,0,0,0,0,1.28585,0.8882393,0.6907796
1.50584,0,92,-0.1357563,0.1031225,0.03413492,0.264,0.2960319,0.4006498,1.4,0,0.5756321,46.7,0,0,0,0,1.28585,0.8882393,0.6907796
1.507854,0,92,-0.1357563,0.1031225,0.03413492,0.264,0.2960319,0.4006498,1.4,0,0.5756321,46.7,0,0,0,0,1.28585,0.8882393,0.6907796
1.510223,0,92,-0.1357563,0.1031225,0.03413492,0.264,0.2960319,0.4006498,1.4,0,0.5756321,46.7,0,0,0,0,1.28585,0.8882393,0.6907796
1.512455,0,92,-0.1357563,0.1031225,0.03413492,0.264,0.2960319,0.4006498,1.4,0,0.5756321,46.7,0,0,0,0,1.28585,0.8882393,0.6907796
1.514523,0,92,-0.1357563,0.1031225,0.03413492,0.264,0.2960319,0.4006498,1.4,0,0.5756321,46.7,0,0,0,0,1.28585,0.8882393,0.6907796
1.516632,0,92,-0.1357563,0.1031225,0.03413492,0.264,0.2960319,0.4006498,1.4,0,0.5756321,46.7,0,0,0,0,1.28585,0.8882393,0.6907796
1.51931,0,92,-0.1357563,0.1031225,0.03413492,0.264,0.2960319,0.4006498,1.4,0,0.5756321,46.7,0,0,0,0,1.28585,0.8882393,0.6907796
1.52182,0,92,-0.1357563,0.1031225,0.03413492,0.264,0.2960319,0.4006498,1.4,0,0.5756321,46.7,0,0,0,0,1.28585,0.8882393,0.6907796
1.523937,0,92,-0.1357563,0.1031225,0.03413492,0.264,0.2960319,0.4006498,1.4,0,0.5756321,46.7,0,0,0,0,1.28585,0.8882393,0.6907796
1.526848,0,92,-0.1357563,0.1031225,0.03413492,0.264,0.2960319,0.4006498,1.4,0,0.5756321,46.7,0,0,0,0,1.28585,0.8882393,0.6907796
1.530838,0,92,-0.1357563,0.1031225,0.03413492,0.264,0.2960319,0.4006498,1.4,0,0.5756321,46.7,0,0,0,0,1.28585,0.8882393,0.6907796
1.533142,0,92,-0.1357563,0.1031225,0.03413492,0.264,0.2960319,0.4006498,1.4,0,0.5756321,46.7,0,0,0,0,1.28585,0.8882393,0.6907796
1.535927,0,92,-0.1357563,0.1031225,0.03413492,0.264,0.2960319,0.4006498,1.4,0,0.5756321,46.7,0,0,0,0,1.28585,0.8882393,0.6907796
1.538021,0,92,-0.1357563,0.1031225,0.03413492,0.264,0.2960319,0.4006498,1.4,0,0.5756321,46.7,0,0,0,0,1.28585,0.8882393,0.6907796
1.540104,0,92,-0.1357563,0.1031225,0.03413492,0.264,0.2960319,0.4006498,1.4,0,0.5756321,46.7,0,0,0,0,1.28585,0.8882393,0.6907796
1.542824,0,92,-0.1357563,0.1031225,0.03413492,0.264,0.2960319,0.4006498,1.4,0,0.5756321,46.7,0,0,0,0,1.28585,0.8882393,0.6907796
1.545204,0,92,-0.1357563,0.1031225,0.03413492,0.264,0.2960319,0.4006498,1.4,0,0.5756321,46.7,0,0,0,0,1.28585,0.8882393,0.6907796
1.547245,0,92,-0.1357563,0.1031225,0.03413492,0.264,0.2960319,0.4006498,1.4,0,0.5756321,46.7,0,0,0,0,1.28585,0.8882393,0.6907796
1.549377,0,92,-0.1357563,0.1031225,0.03413492,0.264,0.2960319,0.4006498,1.4,0,0.5756321,46.7,0,0,0,0,1.28585,0.8882393,0.6907796
1.55172,0,92,-0.1357563,0.1031225,0.03413492,0.264,0.2960319,0.4006498,1.4,0,0.5756321,46.7,0,0,0,0,1.28585,0.8882393,0.6907796
1.553787,0,92,-0.1357563,0.1031225,0.03413492,0.264,0.2960319,0.4006498,1.4,0,0.5756321,46.7,0,0,0,0,1.28585,0.8882393,0.6907796
1.555782,0,92,-0.1357563,0.1031225,0.03413492,0.264,0.2960319,0.4006498,1.4,0,0.5756321,46.7,0,0,0,0,1.28585,0.8882393,0.6907796
1.55788,0,92,-0.1357563,0.1031225,0.03413492,0.264,0.2960319,0.4006498,1.4,0,0.5756321,46.7,0,0,0,0,1.28585,0.8882393,0.6907796
1.560089,0,92,-0.1357563,0.1031225,0.03413492,0.264,0.2960319,0.4006498,1.4,0,0.5756321,46.7,0,0,0,0,1.28585,0.8882393,0.6907796
1.562634,0,92,-0.1357563,0.1031225,0.03413492,0.264,0.2960319,0.4006498,1.4,0,0.5756321,46.7,0,0,0,0,1.28585,0.8882393,0.6907796
1.564884,0,92,-0.1357563,0.1031225,0.03413492,0.264,0.2960319,0.4006498,1.4,0,0.5756321,46.7,0,0,0,0,1.28585,0.8882393,0.6907796
1.567081,0,92,-0.1357563,0.1031225,0.03413492,0.264,0.2960319,0.4006498,1.4,0,0.5756321,46.7,0,0,0,0,1.28585,0.8882393,0.6907796
1.569073,0,92,-0.1357563,0.1031225,0.03413492,0.264,0.2960319,0.4006498,1.4,0,0.5756321,46.7,0,0,0,0,1.28585,0.8882393,0.6907796
1.571064,0,92,-0.1357563,0.1031225,0.03413492,0.264,0.2960319,0.4006498,1.4,0,0.5756321,46.7,0,0,0,0,1.28585,0.8882393,0.6907796
1.572895,0,92,-0.1357563,0.1031225,0.03413492,0.264,0.2960319,0.4006498,1.4,0,0.5756321,46.7,0,0,0,0,1.28585,0.8882393,0.6907796
1.57481,0,92,-0.1357563,0.1031225,0.03413492,0.264,0.2960319,0.4006498,1.4,0,0.5756321,46.7,0,0,0,0,1.28585,0.8882393,0.6907796
1.577244,0,92,-0.1357563,0.1031225,0.03413492,0.264,0.2960319,0.4006498,1.4,0,0.5756321,46.7,0,0,0,0,1.28585,0.8882393,0.6907796
1.579475,0,92,-0.1357563,0.1031225,0.03413492,0.264,0.2960319,0.4006498,1.4,0,0.5756321,46.7,0,0,0,0,1.28585,0.8882393,0.6907796
1.582184,0,92,-0.1357563,0.1031225,0.03413492,0.264,0.2960319,0.4006498,1.4,0,0.5756321,46.7,0,0,0,0,1.28585,0.8882393,0.6907796
1.584221,0,92,-0.1357563,0.1031225,0.03413492,0.264,0.2960319,0.4006498,1.4,0,0.5756321,46.7,0,0,0,0,1.28585,0.8882393,0.6907796
1.58606,0,92,-0.1357563,0.1031225,0.03413492,0.264,0.2960319,0.4006498,1.4,0,0.5756321,46.7,0,0,0,0,1.28585,0.8882393,0.6907796
1.588356,0,92,-0.1357563,0.1031225,0.03413492,0.264,0.2960319,0.4006498,1.4,0,0.5756321,46.7,0,0,0,0,1.28585,0.8882393,0.6907796
1.590382,0,92,-0.1357563,0.1031225,0.03413492,0.264,0.2960319,0.4006498,1.4,0,0.5756321,46.7,0,0,0,0,1.28585,0.8882393,0.6907796
1.592525,0,92,-0.1357563,0.1031225,0.03413492,0.264,0.2960319,0.4006498,1.4,0,0.5756321,46.7,0,0,0,0,1.28585,0.8882393,0.6907796
1.595016,0,92,-0.1357563,0.1031225,0.03413492,0.264,0.2960319,0.4006498,1.4,0,0.5756321,46.7,0,0,0,0,1.28585,0.8882393,0.6907796
1.597767,0,92,-0.1357563,0.1031225,0.03413492,0.264,0.2960319,0.4006498,1.4,0,0.5756321,46.7,0,0,0,0,1.28585,0.8882393,0.6907796
1.599998,0,92,-0.1357563,0.1031225,0.03413492,0.264,0.2960319,0.4006498,1.4,0,0.5756321,46.7,0,0,0,0,1.28585,0.8882393,0.6907796
1.602406,0,92,-0.1357563,0.1031225,0.03413492,0.264,0.2960319,0.4006498,1.4,0,0.5756321,46.7,0,0,0,0,1.28585,0.8882393,0.6907796
1.604256,0,92,-0.1357563,0.1031225,0.03413492,0.264,0.2960319,0.4006498,1.4,0,0.5756321,46.7,0,0,0,0,1.28585,0.8882393,0.6907796
1.606121,0,92,-0.1357563,0.1031225,0.03413492,0.264,0.2960319,0.4006498,1.4,0,0.5756321,46.7,0,0,0,0,1.28585,0.8882393,0.6907796
1.608082,0,92,-0.1357563,0.1031225,0.03413492,0.264,0.2960319,0.4006498,1.4,0,0.5756321,46.7,0,0,0,0,1.28585,0.8882393,0.6907796
1.610573,0,92,-0.1357563,0.1031225,0.03413492,0.264,0.2960319,0.4006498,1.4,0,0.5756321,46.7,0,0,0,0,1.28585,0.8882393,0.6907796
1.613495,0,92,-0.1357563,0.1031225,0.03413492,0.264,0.2960319,0.4006498,1.4,0,0.5756321,46.7,0,0,0,0,1.28585,0.8882393,0.6907796
1.615532,0,92,-0.1357563,0.1031225,0.03413492,0.264,0.2960319,0.4006498,1.4,0,0.5756321,46.7,0,0,0,0,1.28585,0.8882393,0.6907796
1.617668,0,92,-0.1357563,0.1031225,0.03413492,0.264,0.2960319,0.4006498,1.4,0,0.5756321,46.7,0,0,0,0,1.28585,0.8882393,0.6907796
1.619789,0,92,-0.1357563,0.1031225,0.03413492,0.264,0.2960319,0.4006498,1.4,0,0.5756321,46.7,0,0,0,0,1.28585,0.8882393,0.6907796
1.622498,0,92,-0.1357563,0.1031225,0.03413492,0.264,0.2960319,0.4006498,1.4,0,0.5756321,46.7,0,0,0,0,1.28585,0.8882393,0.6907796
1.625122,0,92,-0.1357563,0.1031225,0.03413492,0.264,0.2960319,0.4006498,1.4,0,0.5756321,46.7,0,0,0,0,1.28585,0.8882393,0.6907796
1.627907,0,92,-0.1357563,0.1031225,0.03413492,0.264,0.2960319,0.4006498,1.4,0,0.5756321,46.7,0,0,0,0,1.28585,0.8882393,0.6907796
1.62989,0,92,-0.1357563,0.1031225,0.03413492,0.264,0.2960319,0.4006498,1.4,0,0.5756321,46.7,0,0,0,0,1.28585,0.8882393,0.6907796
1.631714,0,92,-0.1357563,0.1031225,0.03413492,0.264,0.2960319,0.4006498,1.4,0,0.5756321,46.7,0,0,0,0,1.28585,0.8882393,0.6907796
1.633785,0,92,-0.1357563,0.1031225,0.03413492,0.264,0.2960319,0.4006498,1.4,0,0.5756321,46.7,0,0,0,0,1.28585,0.8882393,0.6907796
1.635674,0,92,-0.1357563,0.1031225,0.03413492,0.264,0.2960319,0.4006498,1.4,0,0.5756321,46.7,0,0,0,0,1.28585,0.8882393,0.6907796
1.637627,0,92,-0.1357563,0.1031225,0.03413492,0.264,0.2960319,0.4006498,1.4,0,0.5756321,46.7,0,0,0,0,1.28585,0.8882393,0.6907796
1.639503,0,92,-0.1357563,0.1031225,0.03413492,0.264,0.2960319,0.4006498,1.4,0,0.5756321,46.7,0,0,0,0,1.28585,0.8882393,0.6907796
1.641773,0,92,-0.1357563,0.1031225,0.03413492,0.264,0.2960319,0.4006498,1.4,0,0.5756321,46.7,0,0,0,0,1.28585,0.8882393,0.6907796
1.644474,0,92,-0.1357563,0.1031225,0.03413492,0.264,0.2960319,0.4006498,1.4,0,0.5756321,46.7,0,0,0,0,1.28585,0.8882393,0.6907796
1.647884,0,92,-0.1357563,0.1031225,0.03413492,0.264,0.2960319,0.4006498,1.4,0,0.5756321,46.7,0,0,0,0,1.28585,0.8882393,0.6907796
1.654652,0,92,-0.1357563,0.1031225,0.03413492,0.264,0.2960319,0.4006498,1.4,0,0.5756321,46.7,0,0,0,0,1.28585,0.8882393,0.6907796
1.662941,0,92,-0.1357563,0.1031225,0.03413492,0.264,0.2935886,0.4020022,1.6,0,0.5756811,46.8,24.12575,0,0,0,1.288643,0.8882393,0.6892827
1.669914,0,92,-0.1357563,0.1031225,0.03413492,0.264,0.2899149,0.4040146,1.9,0,0.5757669,46.95,43.03975,0,0,0,1.292832,0.8882393,0.6870494
1.671871,0,92,-0.1357563,0.1031225,0.03413492,0.264,0.2899149,0.4040146,1.9,0,0.5757669,46.95,0,0,0,0,1.292832,0.8882393,0.6870494
1.673901,0,92,-0.1357563,0.1031225,0.03413492,0.264,0.2899149,0.4040146,1.9,0,0.5757669,46.95,0,0,0,0,1.292832,0.8882393,0.6870494
1.677906,0,92,-0.1357563,0.1031225,0.03413492,0.264,0.2899149,0.4040146,1.9,0,0.5757669,46.95,0,0,0,0,1.292832,0.8882393,0.6870494
1.68523,0,92,-0.1357563,0.1031225,0.03413492,0.264,0.28746,0.4053455,2.1,0,0.5758322,47.05,27.31904,0,0,0,1.295624,0.8882393,0.6855686
1.692093,0,92,-0.1357563,0.1031225,0.03413492,0.264,0.2850004,0.4066679,2.3,0,0.5759041,47.14999,29.13414,0,0,0,1.298417,0.8882393,0.6840941
1.69492,0,92,-0.1357563,0.1031225,0.03413492,0.264,0.2850004,0.4066679,2.3,0,0.5759041,47.14999,0,0,0,0,1.298417,0.8882393,0.6840941
1.697025,0,92,-0.1357563,0.1031225,0.03413492,0.264,0.2850004,0.4066679,2.3,0,0.5759041,47.14999,0,0,0,0,1.298417,0.8882393,0.6840941
1.698978,0,92,-0.1357563,0.1031225,0.03413492,0.264,0.2850004,0.4066679,2.3,0,0.5759041,47.14999,0,0,0,0,1.298417,0.8882393,0.6840941
1.703213,0,92,-0.1357563,0.1031225,0.03413492,0.264,0.2850004,0.4066679,2.3,0,0.5759041,47.14999,0,0,0,0,1.298417,0.8882393,0.6840941
1.709614,0,92,-0.1357563,0.1031225,0.03413492,0.264,0.2813025,0.4086354,2.6,0,0.5760241,47.3,46.88012,0,0,0,1.302606,0.8882393,0.6818942
1.711735,0,92,-0.1357563,0.1031225,0.03413492,0.264,0.2813025,0.4086354,2.6,0,0.5760241,47.3,0,0,0,0,1.302606,0.8882393,0.6818942
1.713909,0,92,-0.1357563,0.1031225,0.03413492,0.264,0.2813025,0.4086354,2.6,0,0.5760241,47.3,0,0,0,0,1.302606,0.8882393,0.6818942
1.715988,0,92,-0.1357563,0.1031225,0.03413492,0.264,0.2813025,0.4086354,2.6,0,0.5760241,47.3,0,0,0,0,1.302606,0.8882393,0.6818942
1.718018,0,92,-0.1357563,0.1031225,0.03413492,0.264,0.2813025,0.4086354,2.6,0,0.5760241,47.3,0,0,0,0,1.302606,0.8882393,0.6818942
1.720154,0,92,-0.1357563,0.1031225,0.03413492,0.264,0.2813025,0.4086354,2.6,0,0.5760241,47.3,0,0,0,0,1.302606,0.8882393,0.6818942
1.722836,0,92,-0.1357563,0.1031225,0.03413492,0.264,0.2813025,0.4086354,2.6,0,0.5760241,47.3,0,0,0,0,1.302606,0.8882393,0.6818942
1.724964,0,92,-0.1357563,0.1031225,0.03413492,0.264,0.2813025,0.4086354,2.6,0,0.5760241,47.3,0,0,0,0,1.302606,0.8882393,0.6818942
1.727669,0,92,-0.1357563,0.1031225,0.03413492,0.264,0.2813025,0.4086354,2.6,0,0.5760241,47.3,0,0,0,0,1.302606,0.8882393,0.6818942
1.729862,0,92,-0.1357563,0.1031225,0.03413492,0.264,0.2813025,0.4086354,2.6,0,0.5760241,47.3,0,0,0,0,1.302606,0.8882393,0.6818942
1.73193,0,92,-0.1357563,0.1031225,0.03413492,0.264,0.2813025,0.4086354,2.6,0,0.5760241,47.3,0,0,0,0,1.302606,0.8882393,0.6818942
1.733971,0,92,-0.1357563,0.1031225,0.03413492,0.264,0.2813025,0.4086354,2.6,0,0.5760241,47.3,0,0,0,0,1.302606,0.8882393,0.6818942
1.736252,0,92,-0.1357563,0.1031225,0.03413492,0.264,0.2813025,0.4086354,2.6,0,0.5760241,47.3,0,0,0,0,1.302606,0.8882393,0.6818942
1.738388,0,92,-0.1357563,0.1031225,0.03413492,0.264,0.2813025,0.4086354,2.6,0,0.5760241,47.3,0,0,0,0,1.302606,0.8882393,0.6818942
1.740925,0,92,-0.1357563,0.1031225,0.03413492,0.264,0.2813025,0.4086354,2.6,0,0.5760241,47.3,0,0,0,0,1.302606,0.8882393,0.6818942
1.74543,0,92,-0.1357563,0.1031225,0.03413492,0.264,0.2813025,0.4086354,2.6,0,0.5760241,47.3,0,0,0,0,1.302606,0.8882393,0.6818942
1.752102,0,92,-0.1357563,0.1031225,0.03413492,0.264,0.2788314,0.4099362,2.8,0,0.5761123,47.39999,29.98322,0,0,0,1.305398,0.8882393,0.6804355
1.75415,0,92,-0.1357563,0.1031225,0.03413492,0.264,0.2788314,0.4099362,2.8,0,0.5761123,47.39999,0,0,0,0,1.305398,0.8882393,0.6804355
1.755993,0,92,-0.1357563,0.1031225,0.03413492,0.264,0.2788314,0.4099362,2.8,0,0.5761123,47.39999,0,0,0,0,1.305398,0.8882393,0.6804355
1.758175,0,92,-0.1357563,0.1031225,0.03413492,0.264,0.2788314,0.4099362,2.8,0,0.5761123,47.39999,0,0,0,0,1.305398,0.8882393,0.6804355
1.760403,0,92,-0.1357563,0.1031225,0.03413492,0.264,0.2788314,0.4099362,2.8,0,0.5761123,47.39999,0,0,0,0,1.305398,0.8882393,0.6804355
1.762989,0,92,-0.1357563,0.1031225,0.03413492,0.264,0.2788314,0.4099362,2.8,0,0.5761123,47.39999,0,0,0,0,1.305398,0.8882393,0.6804355
1.765224,0,92,-0.1357563,0.1031225,0.03413492,0.264,0.2788314,0.4099362,2.8,0,0.5761123,47.39999,0,0,0,0,1.305398,0.8882393,0.6804355
1.767601,0,92,-0.1357563,0.1031225,0.03413492,0.264,0.2788314,0.4099362,2.8,0,0.5761123,47.39999,0,0,0,0,1.305398,0.8882393,0.6804355
1.769871,0,92,-0.1357563,0.1031225,0.03413492,0.264,0.2788314,0.4099362,2.8,0,0.5761123,47.39999,0,0,0,0,1.305398,0.8882393,0.6804355
1.771999,0,92,-0.1357563,0.1031225,0.03413492,0.264,0.2788314,0.4099362,2.8,0,0.5761123,47.39999,0,0,0,0,1.305398,0.8882393,0.6804355
1.773838,0,92,-0.1357563,0.1031225,0.03413492,0.264,0.2788314,0.4099362,2.8,0,0.5761123,47.39999,0,0,0,0,1.305398,0.8882393,0.6804355
1.775902,0,92,-0.1357563,0.1031225,0.03413492,0.264,0.2788314,0.4099362,2.8,0,0.5761123,47.39999,0,0,0,0,1.305398,0.8882393,0.6804355
1.778481,0,92,-0.1357563,0.1031225,0.03413492,0.264,0.2788314,0.4099362,2.8,0,0.5761123,47.39999,0,0,0,0,1.305398,0.8882393,0.6804355
1.781071,0,92,-0.1357563,0.1031225,0.03413492,0.264,0.2788314,0.4099362,2.8,0,0.5761123,47.39999,0,0,0,0,1.305398,0.8882393,0.6804355
1.78336,0,92,-0.1357563,0.1031225,0.03413492,0.264,0.2788314,0.4099362,2.8,0,0.5761123,47.39999,0,0,0,0,1.305398,0.8882393,0.6804355
1.785267,0,92,-0.1357563,0.1031225,0.03413492,0.264,0.2788314,0.4099362,2.8,0,0.5761123,47.39999,0,0,0,0,1.305398,0.8882393,0.6804355
1.78722,0,92,-0.1357563,0.1031225,0.03413492,0.264,0.2788314,0.4099362,2.8,0,0.5761123,47.39999,0,0,0,0,1.305398,0.8882393,0.6804355
1.789223,0,92,-0.1357563,0.1031225,0.03413492,0.264,0.2788314,0.4099362,2.8,0,0.5761123,47.39999,0,0,0,0,1.305398,0.8882393,0.6804355
1.791203,0,92,-0.1357563,0.1031225,0.03413492,0.264,0.2788314,0.4099362,2.8,0,0.5761123,47.39999,0,0,0,0,1.305398,0.8882393,0.6804355
1.793747,0,92,-0.1357563,0.1031225,0.03413492,0.264,0.2788314,0.4099362,2.8,0,0.5761123,47.39999,0,0,0,0,1.305398,0.8882393,0.6804355
1.795856,0,92,-0.1357563,0.1031225,0.03413492,0.264,0.2788314,0.4099362,2.8,0,0.5761123,47.39999,0,0,0,0,1.305398,0.8882393,0.6804355
1.797901,0,92,-0.1357563,0.1031225,0.03413492,0.264,0.2788314,0.4099362,2.8,0,0.5761123,47.39999,0,0,0,0,1.305398,0.8882393,0.6804355
1.800407,0,92,-0.1357563,0.1031225,0.03413492,0.264,0.2788314,0.4099362,2.8,0,0.5761123,47.39999,0,0,0,0,1.305398,0.8882393,0.6804355
1.802803,0,92,-0.1357563,0.1031225,0.03413492,0.264,0.2788314,0.4099362,2.8,0,0.5761123,47.39999,0,0,0,0,1.305398,0.8882393,0.6804355
1.805046,0,92,-0.1357563,0.1031225,0.03413492,0.264,0.2788314,0.4099362,2.8,0,0.5761123,47.39999,0,0,0,0,1.305398,0.8882393,0.6804355
1.81065,0,92,-0.1357563,0.1031225,0.03413492,0.264,0.2788314,0.4099362,2.8,0,0.5761123,47.39999,0,0,0,0,1.305398,0.8882393,0.6804355
1.812855,0,92,-0.1357563,0.1031225,0.03413492,0.264,0.2788314,0.4099362,2.8,0,0.5761123,47.39999,0,0,0,0,1.305398,0.8882393,0.6804355
1.814911,0,92,-0.1357563,0.1031225,0.03413492,0.264,0.2788314,0.4099362,2.8,0,0.5761123,47.39999,0,0,0,0,1.305398,0.8882393,0.6804355
1.817059,0,92,-0.1357563,0.1031225,0.03413492,0.264,0.2788314,0.4099362,2.8,0,0.5761123,47.39999,0,0,0,0,1.305398,0.8882393,0.6804355
1.819096,0,92,-0.1357563,0.1031225,0.03413492,0.264,0.2788314,0.4099362,2.8,0,0.5761123,47.39999,0,0,0,0,1.305398,0.8882393,0.6804355
1.821331,0,92,-0.1357563,0.1031225,0.03413492,0.264,0.2788314,0.4099362,2.8,0,0.5761123,47.39999,0,0,0,0,1.305398,0.8882393,0.6804355
1.823273,0,92,-0.1357563,0.1031225,0.03413492,0.264,0.2788314,0.4099362,2.8,0,0.5761123,47.39999,0,0,0,0,1.305398,0.8882393,0.6804355
1.825089,0,92,-0.1357563,0.1031225,0.03413492,0.264,0.2788314,0.4099362,2.8,0,0.5761123,47.39999,0,0,0,0,1.305398,0.8882393,0.6804355
1.827488,0,92,-0.1357563,0.1031225,0.03413492,0.264,0.2788314,0.4099362,2.8,0,0.5761123,47.39999,0,0,0,0,1.305398,0.8882393,0.6804355
1.829582,0,92,-0.1357563,0.1031225,0.03413492,0.264,0.2788314,0.4099362,2.8,0,0.5761123,47.39999,0,0,0,0,1.305398,0.8882393,0.6804355
1.831726,0,92,-0.1357563,0.1031225,0.03413492,0.264,0.2788314,0.4099362,2.8,0,0.5761123,47.39999,0,0,0,0,1.305398,0.8882393,0.6804355
1.833832,0,92,-0.1357563,0.1031225,0.03413492,0.264,0.2788314,0.4099362,2.8,0,0.5761123,47.39999,0,0,0,0,1.305398,0.8882393,0.6804355
1.835831,0,92,-0.1357563,0.1031225,0.03413492,0.264,0.2788314,0.4099362,2.8,0,0.5761123,47.39999,0,0,0,0,1.305398,0.8882393,0.6804355
1.837906,0,92,-0.1357563,0.1031225,0.03413492,0.264,0.2788314,0.4099362,2.8,0,0.5761123,47.39999,0,0,0,0,1.305398,0.8882393,0.6804355
1.839729,0,92,-0.1357563,0.1031225,0.03413492,0.264,0.2788314,0.4099362,2.8,0,0.5761123,47.39999,0,0,0,0,1.305398,0.8882393,0.6804355
1.842144,0,92,-0.1357563,0.1031225,0.03413492,0.264,0.2788314,0.4099362,2.8,0,0.5761123,47.39999,0,0,0,0,1.305398,0.8882393,0.6804355
1.844887,0,92,-0.1357563,0.1031225,0.03413492,0.264,0.2788314,0.4099362,2.8,0,0.5761123,47.39999,0,0,0,0,1.305398,0.8882393,0.6804355
1.847584,0,92,-0.1357563,0.1031225,0.03413492,0.264,0.2788314,0.4099362,2.8,0,0.5761123,47.39999,0,0,0,0,1.305398,0.8882393,0.6804355
1.849545,0,92,-0.1357563,0.1031225,0.03413492,0.264,0.2788314,0.4099362,2.8,0,0.5761123,47.39999,0,0,0,0,1.305398,0.8882393,0.6804355
1.851505,0,92,-0.1357563,0.1031225,0.03413492,0.264,0.2788314,0.4099362,2.8,0,0.5761123,47.39999,0,0,0,0,1.305398,0.8882393,0.6804355
1.853592,0,92,-0.1357563,0.1031225,0.03413492,0.264,0.2788314,0.4099362,2.8,0,0.5761123,47.39999,0,0,0,0,1.305398,0.8882393,0.6804355
1.855698,0,92,-0.1357563,0.1031225,0.03413492,0.264,0.2788314,0.4099362,2.8,0,0.5761123,47.39999,0,0,0,0,1.305398,0.8882393,0.6804355
1.857708,0,92,-0.1357563,0.1031225,0.03413492,0.264,0.2788314,0.4099362,2.8,0,0.5761123,47.39999,0,0,0,0,1.305398,0.8882393,0.6804355
1.860256,0,92,-0.1357563,0.1031225,0.03413492,0.264,0.2788314,0.4099362,2.8,0,0.5761123,47.39999,0,0,0,0,1.305398,0.8882393,0.6804355
1.86311,0,92,-0.1357563,0.1031225,0.03413492,0.264,0.2788314,0.4099362,2.8,0,0.5761123,47.39999,0,0,0,0,1.305398,0.8882393,0.6804355
1.865185,0,92,-0.1357563,0.1031225,0.03413492,0.264,0.2788314,0.4099362,2.8,0,0.5761123,47.39999,0,0,0,0,1.305398,0.8882393,0.6804355
1.867371,0,92,-0.1357563,0.1031225,0.03413492,0.264,0.2788314,0.4099362,2.8,0,0.5761123,47.39999,0,0,0,0,1.305398,0.8882393,0.6804355
1.869377,0,92,-0.1357563,0.1031225,0.03413492,0.264,0.2788314,0.4099362,2.8,0,0.5761123,47.39999,0,0,0,0,1.305398,0.8882393,0.6804355
1.871387,0,92,-0.1357563,0.1031225,0.03413492,0.264,0.2788314,0.4099362,2.8,0,0.5761123,47.39999,0,0,0,0,1.305398,0.8882393,0.6804355
1.87336,0,92,-0.1357563,0.1031225,0.03413492,0.264,0.2788314,0.4099362,2.8,0,0.5761123,47.39999,0,0,0,0,1.305398,0.8882393,0.6804355
1.875515,0,92,-0.1357563,0.1031225,0.03413492,0.264,0.2788314,0.4099362,2.8,0,0.5761123,47.39999,0,0,0,0,1.305398,0.8882393,0.6804355
1.878212,0,92,-0.1357563,0.1031225,0.03413492,0.264,0.2788314,0.4099362,2.8,0,0.5761123,47.39999,0,0,0,0,1.305398,0.8882393,0.6804355
1.88052,0,92,-0.1357563,0.1031225,0.03413492,0.264,0.2788314,0.4099362,2.8,0,0.5761123,47.39999,0,0,0,0,1.305398,0.8882393,0.6804355
1.882374,0,92,-0.1357563,0.1031225,0.03413492,0.264,0.2788314,0.4099362,2.8,0,0.5761123,47.39999,0,0,0,0,1.305398,0.8882393,0.6804355
1.884331,0,92,-0.1357563,0.1031225,0.03413492,0.264,0.2788314,0.4099362,2.8,0,0.5761123,47.39999,0,0,0,0,1.305398,0.8882393,0.6804355
1.886253,0,92,-0.1357563,0.1031225,0.03413492,0.264,0.2788314,0.4099362,2.8,0,0.5761123,47.39999,0,0,0,0,1.305398,0.8882393,0.6804355
1.888355,0,92,-0.1357563,0.1031225,0.03413492,0.264,0.2788314,0.4099362,2.8,0,0.5761123,47.39999,0,0,0,0,1.305398,0.8882393,0.6804355
1.890495,0,92,-0.1357563,0.1031225,0.03413492,0.264,0.2788314,0.4099362,2.8,0,0.5761123,47.39999,0,0,0,0,1.305398,0.8882393,0.6804355
1.892899,0,92,-0.1357563,0.1031225,0.03413492,0.264,0.2788314,0.4099362,2.8,0,0.5761123,47.39999,0,0,0,0,1.305398,0.8882393,0.6804355
1.895134,0,92,-0.1357563,0.1031225,0.03413492,0.264,0.2788314,0.4099362,2.8,0,0.5761123,47.39999,0,0,0,0,1.305398,0.8882393,0.6804355
1.897331,0,92,-0.1357563,0.1031225,0.03413492,0.264,0.2788314,0.4099362,2.8,0,0.5761123,47.39999,0,0,0,0,1.305398,0.8882393,0.6804355
1.899277,0,92,-0.1357563,0.1031225,0.03413492,0.264,0.2788314,0.4099362,2.8,0,0.5761123,47.39999,0,0,0,0,1.305398,0.8882393,0.6804355
1.901772,0,92,-0.1357563,0.1031225,0.03413492,0.264,0.2788314,0.4099362,2.8,0,0.5761123,47.39999,0,0,0,0,1.305398,0.8882393,0.6804355
1.90379,0,92,-0.1357563,0.1031225,0.03413492,0.264,0.2788314,0.4099362,2.8,0,0.5761123,47.39999,0,0,0,0,1.305398,0.8882393,0.6804355
1.905678,0,92,-0.1357563,0.1031225,0.03413492,0.264,0.2788314,0.4099362,2.8,0,0.5761123,47.39999,0,0,0,0,1.305398,0.8882393,0.6804355
1.908142,0,92,-0.1357563,0.1031225,0.03413492,0.264,0.2788314,0.4099362,2.8,0,0.5761123,47.39999,0,0,0,0,1.305398,0.8882393,0.6804355
1.910416,0,92,-0.1357563,0.1031225,0.03413492,0.264,0.2788314,0.4099362,2.8,0,0.5761123,47.39999,0,0,0,0,1.305398,0.8882393,0.6804355
1.912338,0,92,-0.1357563,0.1031225,0.03413492,0.264,0.2788314,0.4099362,2.8,0,0.5761123,47.39999,0,0,0,0,1.305398,0.8882393,0.6804355
1.914494,0,92,-0.1357563,0.1031225,0.03413492,0.264,0.2788314,0.4099362,2.8,0,0.5761123,47.39999,0,0,0,0,1.305398,0.8882393,0.6804355
1.916584,0,92,-0.1357563,0.1031225,0.03413492,0.264,0.2788314,0.4099362,2.8,0,0.5761123,47.39999,0,0,0,0,1.305398,0.8882393,0.6804355
1.918621,0,92,-0.1357563,0.1031225,0.03413492,0.264,0.2788314,0.4099362,2.8,0,0.5761123,47.39999,0,0,0,0,1.305398,0.8882393,0.6804355
1.920948,0,92,-0.1357563,0.1031225,0.03413492,0.264,0.2788314,0.4099362,2.8,0,0.5761123,47.39999,0,0,0,0,1.305398,0.8882393,0.6804355
1.922901,0,92,-0.1357563,0.1031225,0.03413492,0.264,0.2788314,0.4099362,2.8,0,0.5761123,47.39999,0,0,0,0,1.305398,0.8882393,0.6804355
1.924767,0,92,-0.1357563,0.1031225,0.03413492,0.264,0.2788314,0.4099362,2.8,0,0.5761123,47.39999,0,0,0,0,1.305398,0.8882393,0.6804355
1.927021,0,92,-0.1357563,0.1031225,0.03413492,0.264,0.2788314,0.4099362,2.8,0,0.5761123,47.39999,0,0,0,0,1.305398,0.8882393,0.6804355
1.929016,0,92,-0.1357563,0.1031225,0.03413492,0.264,0.2788314,0.4099362,2.8,0,0.5761123,47.39999,0,0,0,0,1.305398,0.8882393,0.6804355
1.930916,0,92,-0.1357563,0.1031225,0.03413492,0.264,0.2788314,0.4099362,2.8,0,0.5761123,47.39999,0,0,0,0,1.305398,0.8882393,0.6804355
1.932739,0,92,-0.1357563,0.1031225,0.03413492,0.264,0.2788314,0.4099362,2.8,0,0.5761123,47.39999,0,0,0,0,1.305398,0.8882393,0.6804355
1.934635,0,92,-0.1357563,0.1031225,0.03413492,0.264,0.2788314,0.4099362,2.8,0,0.5761123,47.39999,0,0,0,0,1.305398,0.8882393,0.6804355
1.93655,0,92,-0.1357563,0.1031225,0.03413492,0.264,0.2788314,0.4099362,2.8,0,0.5761123,47.39999,0,0,0,0,1.305398,0.8882393,0.6804355
1.938496,0,92,-0.1357563,0.1031225,0.03413492,0.264,0.2788314,0.4099362,2.8,0,0.5761123,47.39999,0,0,0,0,1.305398,0.8882393,0.6804355
1.940788,0,92,-0.1357563,0.1031225,0.03413492,0.264,0.2788314,0.4099362,2.8,0,0.5761123,47.39999,0,0,0,0,1.305398,0.8882393,0.6804355
1.942974,0,92,-0.1357563,0.1031225,0.03413492,0.264,0.2788314,0.4099362,2.8,0,0.5761123,47.39999,0,0,0,0,1.305398,0.8882393,0.6804355
1.946606,0,92,-0.1357563,0.1031225,0.03413492,0.264,0.2788314,0.4099362,2.8,0,0.5761123,47.39999,0,0,0,0,1.305398,0.8882393,0.6804355
1.948753,0,92,-0.1357563,0.1031225,0.03413492,0.264,0.2788314,0.4099362,2.8,0,0.5761123,47.39999,0,0,0,0,1.305398,0.8882393,0.6804355
1.950806,0,92,-0.1357563,0.1031225,0.03413492,0.264,0.2788314,0.4099362,2.8,0,0.5761123,47.39999,0,0,0,0,1.305398,0.8882393,0.6804355
1.959175,0,92,-0.1357563,0.1031225,0.03413492,0.264,0.2788314,0.4099362,2.8,0,0.5761123,47.39999,0,0,0,0,1.305398,0.8882393,0.6804355
1.967697,0,92,-0.1357563,0.1031225,0.03413492,0.264,0.2788314,0.4099362,2.8,0,0.5761123,47.39999,0,0,0,0,1.305398,0.8882393,0.6804355
1.970531,0,92,-0.1357563,0.1031225,0.03413492,0.264,0.2788314,0.4099362,2.8,0,0.5761123,47.39999,0,0,0,0,1.305398,0.8882393,0.6804355
1.97369,0,92,-0.1357563,0.1031225,0.03413492,0.264,0.2788314,0.4099362,2.8,0,0.5761123,47.39999,0,0,0,0,1.305398,0.8882393,0.6804355
1.978367,0,92,-0.1357563,0.1031225,0.03413492,0.264,0.2788314,0.4099362,2.8,0,0.5761123,47.39999,0,0,0,0,1.305398,0.8882393,0.6804355
1.984123,0,92,-0.1357563,0.1031225,0.03413492,0.264,0.2788314,0.4099362,2.8,0,0.5761123,47.39999,0,0,0,0,1.305398,0.8882393,0.6804355
1.986351,0,92,-0.1357563,0.1031225,0.03413492,0.264,0.2788314,0.4099362,2.8,0,0.5761123,47.39999,0,0,0,0,1.305398,0.8882393,0.6804355
1.988358,0,92,-0.1357563,0.1031225,0.03413492,0.264,0.2788314,0.4099362,2.8,0,0.5761123,47.39999,0,0,0,0,1.305398,0.8882393,0.6804355
1.990253,0,92,-0.1357563,0.1031225,0.03413492,0.264,0.2788314,0.4099362,2.8,0,0.5761123,47.39999,0,0,0,0,1.305398,0.8882393,0.6804355
1.992218,0,92,-0.1357563,0.1031225,0.03413492,0.264,0.2788314,0.4099362,2.8,0,0.5761123,47.39999,0,0,0,0,1.305398,0.8882393,0.6804355
1.995735,0,92,-0.1357563,0.1031225,0.03413492,0.264,0.2788314,0.4099362,2.8,0,0.5761123,47.39999,0,0,0,0,1.305398,0.8882393,0.6804355
1.997726,0,92,-0.1357563,0.1031225,0.03413492,0.264,0.2788314,0.4099362,2.8,0,0.5761123,47.39999,0,0,0,0,1.305398,0.8882393,0.6804355
1.999634,0,92,-0.1357563,0.1031225,0.03413492,0.264,0.2788314,0.4099362,2.8,0,0.5761123,47.39999,0,0,0,0,1.305398,0.8882393,0.6804355
2.003418,0,92,-0.1357563,0.1031225,0.03413492,0.264,0.2788314,0.4099362,2.8,0,0.5761123,47.39999,0,0,0,0,1.305398,0.8882393,0.6804355
2.005417,0,92,-0.1357563,0.1031225,0.03413492,0.264,0.2788314,0.4099362,2.8,0,0.5761123,47.39999,0,0,0,0,1.305398,0.8882393,0.6804355
2.007458,0,92,-0.1357563,0.1031225,0.03413492,0.264,0.2788314,0.4099362,2.8,0,0.5761123,47.39999,0,0,0,0,1.305398,0.8882393,0.6804355
2.009533,0,92,-0.1357563,0.1031225,0.03413492,0.264,0.2788314,0.4099362,2.8,0,0.5761123,47.39999,0,0,0,0,1.305398,0.8882393,0.6804355
2.0116,0,92,-0.1357563,0.1031225,0.03413492,0.264,0.2788314,0.4099362,2.8,0,0.5761123,47.39999,0,0,0,0,1.305398,0.8882393,0.6804355
2.013653,0,92,-0.1357563,0.1031225,0.03413492,0.264,0.2788314,0.4099362,2.8,0,0.5761123,47.39999,0,0,0,0,1.305398,0.8882393,0.6804355
2.015865,0,92,-0.1357563,0.1031225,0.03413492,0.264,0.2788314,0.4099362,2.8,0,0.5761123,47.39999,0,0,0,0,1.305398,0.8882393,0.6804355
2.018425,0,92,-0.1357563,0.1031225,0.03413492,0.264,0.2788314,0.4099362,2.8,0,0.5761123,47.39999,0,0,0,0,1.305398,0.8882393,0.6804355
2.020847,0,92,-0.1357563,0.1031225,0.03413492,0.264,0.2788314,0.4099362,2.8,0,0.5761123,47.39999,0,0,0,0,1.305398,0.8882393,0.6804355
2.022774,0,92,-0.1357563,0.1031225,0.03413492,0.264,0.2788314,0.4099362,2.8,0,0.5761123,47.39999,0,0,0,0,1.305398,0.8882393,0.6804355
2.024647,0,92,-0.1357563,0.1031225,0.03413492,0.264,0.2788314,0.4099362,2.8,0,0.5761123,47.39999,0,0,0,0,1.305398,0.8882393,0.6804355
2.027046,0,92,-0.1357563,0.1031225,0.03413492,0.264,0.2788314,0.4099362,2.8,0,0.5761123,47.39999,0,0,0,0,1.305398,0.8882393,0.6804355
2.029156,0,92,-0.1357563,0.1031225,0.03413492,0.264,0.2788314,0.4099362,2.8,0,0.5761123,47.39999,0,0,0,0,1.305398,0.8882393,0.6804355
2.031231,0,92,-0.1357563,0.1031225,0.03413492,0.264,0.2788314,0.4099362,2.8,0,0.5761123,47.39999,0,0,0,0,1.305398,0.8882393,0.6804355
2.033291,0,92,-0.1357563,0.1031225,0.03413492,0.264,0.2788314,0.4099362,2.8,0,0.5761123,47.39999,0,0,0,0,1.305398,0.8882393,0.6804355
2.035294,0,92,-0.1357563,0.1031225,0.03413492,0.264,0.2788314,0.4099362,2.8,0,0.5761123,47.39999,0,0,0,0,1.305398,0.8882393,0.6804355
2.037319,0,92,-0.1357563,0.1031225,0.03413492,0.264,0.2788314,0.4099362,2.8,0,0.5761123,47.39999,0,0,0,0,1.305398,0.8882393,0.6804355
2.039246,0,92,-0.1357563,0.1031225,0.03413492,0.264,0.2788314,0.4099362,2.8,0,0.5761123,47.39999,0,0,0,0,1.305398,0.8882393,0.6804355
2.041527,0,92,-0.1357563,0.1031225,0.03413492,0.264,0.2788314,0.4099362,2.8,0,0.5761123,47.39999,0,0,0,0,1.305398,0.8882393,0.6804355
2.044357,0,92,-0.1357563,0.1031225,0.03413492,0.264,0.2788314,0.4099362,2.8,0,0.5761123,47.39999,0,0,0,0,1.305398,0.8882393,0.6804355
2.046417,0,92,-0.1357563,0.1031225,0.03413492,0.264,0.2788314,0.4099362,2.8,0,0.5761123,47.39999,0,0,0,0,1.305398,0.8882393,0.6804355
2.048584,0,92,-0.1357563,0.1031225,0.03413492,0.264,0.2788314,0.4099362,2.8,0,0.5761123,47.39999,0,0,0,0,1.305398,0.8882393,0.6804355
2.050583,0,92,-0.1357563,0.1031225,0.03413492,0.264,0.2788314,0.4099362,2.8,0,0.5761123,47.39999,0,0,0,0,1.305398,0.8882393,0.6804355
2.052498,0,92,-0.1357563,0.1031225,0.03413492,0.264,0.2788314,0.4099362,2.8,0,0.5761123,47.39999,0,0,0,0,1.305398,0.8882393,0.6804355
2.054527,0,92,-0.1357563,0.1031225,0.03413492,0.264,0.2788314,0.4099362,2.8,0,0.5761123,47.39999,0,0,0,0,1.305398,0.8882393,0.6804355
2.056633,0,92,-0.1357563,0.1031225,0.03413492,0.264,0.2788314,0.4099362,2.8,0,0.5761123,47.39999,0,0,0,0,1.305398,0.8882393,0.6804355
2.05851,0,92,-0.1357563,0.1031225,0.03413492,0.264,0.2788314,0.4099362,2.8,0,0.5761123,47.39999,0,0,0,0,1.305398,0.8882393,0.6804355
2.061104,0,92,-0.1357563,0.1031225,0.03413492,0.264,0.2788314,0.4099362,2.8,0,0.5761123,47.39999,0,0,0,0,1.305398,0.8882393,0.6804355
2.063278,0,92,-0.1357563,0.1031225,0.03413492,0.264,0.2788314,0.4099362,2.8,0,0.5761123,47.39999,0,0,0,0,1.305398,0.8882393,0.6804355
2.065292,0,92,-0.1357563,0.1031225,0.03413492,0.264,0.2788314,0.4099362,2.8,0,0.5761123,47.39999,0,0,0,0,1.305398,0.8882393,0.6804355
2.067268,0,92,-0.1357563,0.1031225,0.03413492,0.264,0.2788314,0.4099362,2.8,0,0.5761123,47.39999,0,0,0,0,1.305398,0.8882393,0.6804355
2.069031,0,92,-0.1357563,0.1031225,0.03413492,0.264,0.2788314,0.4099362,2.8,0,0.5761123,47.39999,0,0,0,0,1.305398,0.8882393,0.6804355
2.071518,0,92,-0.1357563,0.1031225,0.03413492,0.264,0.2788314,0.4099362,2.8,0,0.5761123,47.39999,0,0,0,0,1.305398,0.8882393,0.6804355
2.073471,0,92,-0.1357563,0.1031225,0.03413492,0.264,0.2788314,0.4099362,2.8,0,0.5761123,47.39999,0,0,0,0,1.305398,0.8882393,0.6804355
2.075436,0,92,-0.1357563,0.1031225,0.03413492,0.264,0.2788314,0.4099362,2.8,0,0.5761123,47.39999,0,0,0,0,1.305398,0.8882393,0.6804355
2.078541,0,92,-0.1357563,0.1031225,0.03413492,0.264,0.2788314,0.4099362,2.8,0,0.5761123,47.39999,0,0,0,0,1.305398,0.8882393,0.6804355
2.081898,0,92,-0.1357563,0.1031225,0.03413492,0.264,0.2788314,0.4099362,2.8,0,0.5761123,47.39999,0,0,0,0,1.305398,0.8882393,0.6804355
2.084469,0,92,-0.1357563,0.1031225,0.03413492,0.264,0.2788314,0.4099362,2.8,0,0.5761123,47.39999,0,0,0,0,1.305398,0.8882393,0.6804355
2.087116,0,92,-0.1357563,0.1031225,0.03413492,0.264,0.2788314,0.4099362,2.8,0,0.5761123,47.39999,0,0,0,0,1.305398,0.8882393,0.6804355
2.090343,0,92,-0.1357563,0.1031225,0.03413492,0.264,0.2788314,0.4099362,2.8,0,0.5761123,47.39999,0,0,0,0,1.305398,0.8882393,0.6804355
2.093754,0,92,-0.1357563,0.1031225,0.03413492,0.264,0.2788314,0.4099362,2.8,0,0.5761123,47.39999,0,0,0,0,1.305398,0.8882393,0.6804355
2.095963,0,92,-0.1357563,0.1031225,0.03413492,0.264,0.2788314,0.4099362,2.8,0,0.5761123,47.39999,0,0,0,0,1.305398,0.8882393,0.6804355
2.098175,0,92,-0.1357563,0.1031225,0.03413492,0.264,0.2788314,0.4099362,2.8,0,0.5761123,47.39999,0,0,0,0,1.305398,0.8882393,0.6804355
2.100445,0,92,-0.1357563,0.1031225,0.03413492,0.264,0.2788314,0.4099362,2.8,0,0.5761123,47.39999,0,0,0,0,1.305398,0.8882393,0.6804355
2.103031,0,92,-0.1357563,0.1031225,0.03413492,0.264,0.2788314,0.4099362,2.8,0,0.5761123,47.39999,0,0,0,0,1.305398,0.8882393,0.6804355
2.105331,0,92,-0.1357563,0.1031225,0.03413492,0.264,0.2788314,0.4099362,2.8,0,0.5761123,47.39999,0,0,0,0,1.305398,0.8882393,0.6804355
2.107628,0,92,-0.1357563,0.1031225,0.03413492,0.264,0.2788314,0.4099362,2.8,0,0.5761123,47.39999,0,0,0,0,1.305398,0.8882393,0.6804355
2.109959,0,92,-0.1357563,0.1031225,0.03413492,0.264,0.2788314,0.4099362,2.8,0,0.5761123,47.39999,0,0,0,0,1.305398,0.8882393,0.6804355
2.112465,0,92,-0.1357563,0.1031225,0.03413492,0.264,0.2788314,0.4099362,2.8,0,0.5761123,47.39999,0,0,0,0,1.305398,0.8882393,0.6804355
2.114452,0,92,-0.1357563,0.1031225,0.03413492,0.264,0.2788314,0.4099362,2.8,0,0.5761123,47.39999,0,0,0,0,1.305398,0.8882393,0.6804355
2.11657,0,92,-0.1357563,0.1031225,0.03413492,0.264,0.2788314,0.4099362,2.8,0,0.5761123,47.39999,0,0,0,0,1.305398,0.8882393,0.6804355
2.118748,0,92,-0.1357563,0.1031225,0.03413492,0.264,0.2788314,0.4099362,2.8,0,0.5761123,47.39999,0,0,0,0,1.305398,0.8882393,0.6804355
2.12122,0,92,-0.1357563,0.1031225,0.03413492,0.264,0.2788314,0.4099362,2.8,0,0.5761123,47.39999,0,0,0,0,1.305398,0.8882393,0.6804355
2.123287,0,92,-0.1357563,0.1031225,0.03413492,0.264,0.2788314,0.4099362,2.8,0,0.5761123,47.39999,0,0,0,0,1.305398,0.8882393,0.6804355
2.125309,0,92,-0.1357563,0.1031225,0.03413492,0.264,0.2788314,0.4099362,2.8,0,0.5761123,47.39999,0,0,0,0,1.305398,0.8882393,0.6804355
2.128155,0,92,-0.1357563,0.1031225,0.03413492,0.264,0.2788314,0.4099362,2.8,0,0.5761123,47.39999,0,0,0,0,1.305398,0.8882393,0.6804355
2.130318,0,92,-0.1357563,0.1031225,0.03413492,0.264,0.2788314,0.4099362,2.8,0,0.5761123,47.39999,0,0,0,0,1.305398,0.8882393,0.6804355
2.132248,0,92,-0.1357563,0.1031225,0.03413492,0.264,0.2788314,0.4099362,2.8,0,0.5761123,47.39999,0,0,0,0,1.305398,0.8882393,0.6804355
2.134201,0,92,-0.1357563,0.1031225,0.03413492,0.264,0.2788314,0.4099362,2.8,0,0.5761123,47.39999,0,0,0,0,1.305398,0.8882393,0.6804355
2.136032,0,92,-0.1357563,0.1031225,0.03413492,0.264,0.2788314,0.4099362,2.8,0,0.5761123,47.39999,0,0,0,0,1.305398,0.8882393,0.6804355
2.137962,0,92,-0.1357563,0.1031225,0.03413492,0.264,0.2788314,0.4099362,2.8,0,0.5761123,47.39999,0,0,0,0,1.305398,0.8882393,0.6804355
2.139885,0,92,-0.1357563,0.1031225,0.03413492,0.264,0.2788314,0.4099362,2.8,0,0.5761123,47.39999,0,0,0,0,1.305398,0.8882393,0.6804355
2.142288,0,92,-0.1357563,0.1031225,0.03413492,0.264,0.2788314,0.4099362,2.8,0,0.5761123,47.39999,0,0,0,0,1.305398,0.8882393,0.6804355
2.144722,0,92,-0.1357563,0.1031225,0.03413492,0.264,0.2788314,0.4099362,2.8,0,0.5761123,47.39999,0,0,0,0,1.305398,0.8882393,0.6804355
2.146988,0,92,-0.1357563,0.1031225,0.03413492,0.264,0.2788314,0.4099362,2.8,0,0.5761123,47.39999,0,0,0,0,1.305398,0.8882393,0.6804355
2.148788,0,92,-0.1357563,0.1031225,0.03413492,0.264,0.2788314,0.4099362,2.8,0,0.5761123,47.39999,0,0,0,0,1.305398,0.8882393,0.6804355
2.150734,0,92,-0.1357563,0.1031225,0.03413492,0.264,0.2788314,0.4099362,2.8,0,0.5761123,47.39999,0,0,0,0,1.305398,0.8882393,0.6804355
2.152653,0,92,-0.1357563,0.1031225,0.03413492,0.264,0.2788314,0.4099362,2.8,0,0.5761123,47.39999,0,0,0,0,1.305398,0.8882393,0.6804355
2.154705,0,92,-0.1357563,0.1031225,0.03413492,0.264,0.2788314,0.4099362,2.8,0,0.5761123,47.39999,0,0,0,0,1.305398,0.8882393,0.6804355
2.15691,0,92,-0.1357563,0.1031225,0.03413492,0.264,0.2788314,0.4099362,2.8,0,0.5761123,47.39999,0,0,0,0,1.305398,0.8882393,0.6804355
2.158985,0,92,-0.1357563,0.1031225,0.03413492,0.264,0.2788314,0.4099362,2.8,0,0.5761123,47.39999,0,0,0,0,1.305398,0.8882393,0.6804355
2.161747,0,92,-0.1357563,0.1031225,0.03413492,0.264,0.2788314,0.4099362,2.8,0,0.5761123,47.39999,0,0,0,0,1.305398,0.8882393,0.6804355
2.16386,0,92,-0.1357563,0.1031225,0.03413492,0.264,0.2788314,0.4099362,2.8,0,0.5761123,47.39999,0,0,0,0,1.305398,0.8882393,0.6804355
2.165806,0,92,-0.1357563,0.1031225,0.03413492,0.264,0.2788314,0.4099362,2.8,0,0.5761123,47.39999,0,0,0,0,1.305398,0.8882393,0.6804355
2.1679,0,92,-0.1357563,0.1031225,0.03413492,0.264,0.2788314,0.4099362,2.8,0,0.5761123,47.39999,0,0,0,0,1.305398,0.8882393,0.6804355
2.169807,0,92,-0.1357563,0.1031225,0.03413492,0.264,0.2788314,0.4099362,2.8,0,0.5761123,47.39999,0,0,0,0,1.305398,0.8882393,0.6804355
2.171886,0,92,-0.1357563,0.1031225,0.03413492,0.264,0.2788314,0.4099362,2.8,0,0.5761123,47.39999,0,0,0,0,1.305398,0.8882393,0.6804355
2.173996,0,92,-0.1357563,0.1031225,0.03413492,0.264,0.2788314,0.4099362,2.8,0,0.5761123,47.39999,0,0,0,0,1.305398,0.8882393,0.6804355
2.176311,0,92,-0.1357563,0.1031225,0.03413492,0.264,0.2788314,0.4099362,2.8,0,0.5761123,47.39999,0,0,0,0,1.305398,0.8882393,0.6804355
2.179062,0,92,-0.1357563,0.1031225,0.03413492,0.264,0.2788314,0.4099362,2.8,0,0.5761123,47.39999,0,0,0,0,1.305398,0.8882393,0.6804355
2.181465,0,92,-0.1357563,0.1031225,0.03413492,0.264,0.2788314,0.4099362,2.8,0,0.5761123,47.39999,0,0,0,0,1.305398,0.8882393,0.6804355
2.18372,0,92,-0.1357563,0.1031225,0.03413492,0.264,0.2788314,0.4099362,2.8,0,0.5761123,47.39999,0,0,0,0,1.305398,0.8882393,0.6804355
2.185658,0,92,-0.1357563,0.1031225,0.03413492,0.264,0.2788314,0.4099362,2.8,0,0.5761123,47.39999,0,0,0,0,1.305398,0.8882393,0.6804355
2.187859,0,92,-0.1357563,0.1031225,0.03413492,0.264,0.2788314,0.4099362,2.8,0,0.5761123,47.39999,0,0,0,0,1.305398,0.8882393,0.6804355
2.190479,0,92,-0.1357563,0.1031225,0.03413492,0.264,0.2788314,0.4099362,2.8,0,0.5761123,47.39999,0,0,0,0,1.305398,0.8882393,0.6804355
2.192814,0,92,-0.1357563,0.1031225,0.03413492,0.264,0.2788314,0.4099362,2.8,0,0.5761123,47.39999,0,0,0,0,1.305398,0.8882393,0.6804355
2.195457,0,92,-0.1357563,0.1031225,0.03413492,0.264,0.2788314,0.4099362,2.8,0,0.5761123,47.39999,0,0,0,0,1.305398,0.8882393,0.6804355
2.197708,0,92,-0.1357563,0.1031225,0.03413492,0.264,0.2788314,0.4099362,2.8,0,0.5761123,47.39999,0,0,0,0,1.305398,0.8882393,0.6804355
2.199951,0,92,-0.1357563,0.1031225,0.03413492,0.264,0.2788314,0.4099362,2.8,0,0.5761123,47.39999,0,0,0,0,1.305398,0.8882393,0.6804355
2.202187,0,92,-0.1357563,0.1031225,0.03413492,0.264,0.2788314,0.4099362,2.8,0,0.5761123,47.39999,0,0,0,0,1.305398,0.8882393,0.6804355
2.205441,0,92,-0.1357563,0.1031225,0.03413492,0.264,0.2788314,0.4099362,2.8,0,0.5761123,47.39999,0,0,0,0,1.305398,0.8882393,0.6804355
2.208591,0,92,-0.1357563,0.1031225,0.03413492,0.264,0.2788314,0.4099362,2.8,0,0.5761123,47.39999,0,0,0,0,1.305398,0.8882393,0.6804355
2.213524,0,92,-0.1357563,0.1031225,0.03413492,0.264,0.2788314,0.4099362,2.8,0,0.5761123,47.39999,0,0,0,0,1.305398,0.8882393,0.6804355
2.217823,0,92,-0.1357563,0.1031225,0.03413492,0.264,0.2788314,0.4099362,2.8,0,0.5761123,47.39999,0,0,0,0,1.305398,0.8882393,0.6804355
2.222088,0,92,-0.1357563,0.1031225,0.03413492,0.264,0.2788314,0.4099362,2.8,0,0.5761123,47.39999,0,0,0,0,1.305398,0.8882393,0.6804355
2.230976,0,92,-0.1357563,0.1031225,0.03413492,0.264,0.2788314,0.4099362,2.8,0,0.5761123,47.39999,0,0,0,0,1.305398,0.8882393,0.6804355
2.233883,0,92,-0.1357563,0.1031225,0.03413492,0.264,0.2788314,0.4099362,2.8,0,0.5761123,47.39999,0,0,0,0,1.305398,0.8882393,0.6804355
2.238056,0,92,-0.1357563,0.1031225,0.03413492,0.264,0.2788314,0.4099362,2.8,0,0.5761123,47.39999,0,0,0,0,1.305398,0.8882393,0.6804355
2.241299,0,92,-0.1357563,0.1031225,0.03413492,0.264,0.2788314,0.4099362,2.8,0,0.5761123,47.39999,0,0,0,0,1.305398,0.8882393,0.6804355
2.245064,0,92,-0.1357563,0.1031225,0.03413492,0.264,0.2788314,0.4099362,2.8,0,0.5761123,47.39999,0,0,0,0,1.305398,0.8882393,0.6804355
2.249096,0,92,-0.1357563,0.1031225,0.03413492,0.264,0.2788314,0.4099362,2.8,0,0.5761123,47.39999,0,0,0,0,1.305398,0.8882393,0.6804355
2.253201,0,92,-0.1357563,0.1031225,0.03413492,0.264,0.2788314,0.4099362,2.8,0,0.5761123,47.39999,0,0,0,0,1.305398,0.8882393,0.6804355
2.257069,0,92,-0.1357563,0.1031225,0.03413492,0.264,0.2788314,0.4099362,2.8,0,0.5761123,47.39999,0,0,0,0,1.305398,0.8882393,0.6804355
2.26125,0,92,-0.1357563,0.1031225,0.03413492,0.264,0.2788314,0.4099362,2.8,0,0.5761123,47.39999,0,0,0,0,1.305398,0.8882393,0.6804355
2.265358,0,92,-0.1357563,0.1031225,0.03413492,0.264,0.2788314,0.4099362,2.8,0,0.5761123,47.39999,0,0,0,0,1.305398,0.8882393,0.6804355
2.269161,0,92,-0.1357563,0.1031225,0.03413492,0.264,0.2788314,0.4099362,2.8,0,0.5761123,47.39999,0,0,0,0,1.305398,0.8882393,0.6804355
2.273117,0,92,-0.1357563,0.1031225,0.03413492,0.264,0.2788314,0.4099362,2.8,0,0.5761123,47.39999,0,0,0,0,1.305398,0.8882393,0.6804355
2.276104,0,92,-0.1357563,0.1031225,0.03413492,0.264,0.2788314,0.4099362,2.8,0,0.5761123,47.39999,0,0,0,0,1.305398,0.8882393,0.6804355
2.284168,0,92,-0.1357563,0.1031225,0.03413492,0.264,0.2788314,0.4099362,2.8,0,0.5761123,47.39999,0,0,0,0,1.305398,0.8882393,0.6804355
2.286423,0,92,-0.1357563,0.1031225,0.03413492,0.264,0.2788314,0.4099362,2.8,0,0.5761123,47.39999,0,0,0,0,1.305398,0.8882393,0.6804355
2.289825,0,92,-0.1357563,0.1031225,0.03413492,0.264,0.2788314,0.4099362,2.8,0,0.5761123,47.39999,0,0,0,0,1.305398,0.8882393,0.6804355
2.291954,0,92,-0.1357563,0.1031225,0.03413492,0.264,0.2788314,0.4099362,2.8,0,0.5761123,47.39999,0,0,0,0,1.305398,0.8882393,0.6804355
2.296307,0,92,-0.1357563,0.1031225,0.03413492,0.264,0.2788314,0.4099362,2.8,0,0.5761123,47.39999,0,0,0,0,1.305398,0.8882393,0.6804355
2.298756,0,92,-0.1357563,0.1031225,0.03413492,0.264,0.2788314,0.4099362,2.8,0,0.5761123,47.39999,0,0,0,0,1.305398,0.8882393,0.6804355
2.301495,0,92,-0.1357563,0.1031225,0.03413492,0.264,0.2788314,0.4099362,2.8,0,0.5761123,47.39999,0,0,0,0,1.305398,0.8882393,0.6804355
2.304588,0,92,-0.1357563,0.1031225,0.03413492,0.264,0.2788314,0.4099362,2.8,0,0.5761123,47.39999,0,0,0,0,1.305398,0.8882393,0.6804355
2.306732,0,92,-0.1357563,0.1031225,0.03413492,0.264,0.2788314,0.4099362,2.8,0,0.5761123,47.39999,0,0,0,0,1.305398,0.8882393,0.6804355
2.309021,0,92,-0.1357563,0.1031225,0.03413492,0.264,0.2788314,0.4099362,2.8,0,0.5761123,47.39999,0,0,0,0,1.305398,0.8882393,0.6804355
2.311462,0,92,-0.1357563,0.1031225,0.03413492,0.264,0.2788314,0.4099362,2.8,0,0.5761123,47.39999,0,0,0,0,1.305398,0.8882393,0.6804355
2.315323,0,92,-0.1357563,0.1031225,0.03413492,0.264,0.2788314,0.4099362,2.8,0,0.5761123,47.39999,0,0,0,0,1.305398,0.8882393,0.6804355
2.318714,0,92,-0.1357563,0.1031225,0.03413492,0.264,0.2788314,0.4099362,2.8,0,0.5761123,47.39999,0,0,0,0,1.305398,0.8882393,0.6804355
2.32225,0,92,-0.1357563,0.1031225,0.03413492,0.264,0.2788314,0.4099362,2.8,0,0.5761123,47.39999,0,0,0,0,1.305398,0.8882393,0.6804355
2.325371,0,92,-0.1357563,0.1031225,0.03413492,0.264,0.2788314,0.4099362,2.8,0,0.5761123,47.39999,0,0,0,0,1.305398,0.8882393,0.6804355
2.329163,0,92,-0.1357563,0.1031225,0.03413492,0.264,0.2788314,0.4099362,2.8,0,0.5761123,47.39999,0,0,0,0,1.305398,0.8882393,0.6804355
2.331413,0,92,-0.1357563,0.1031225,0.03413492,0.264,0.2788314,0.4099362,2.8,0,0.5761123,47.39999,0,0,0,0,1.305398,0.8882393,0.6804355
2.33466,0,92,-0.1357563,0.1031225,0.03413492,0.264,0.2788314,0.4099362,2.8,0,0.5761123,47.39999,0,0,0,0,1.305398,0.8882393,0.6804355
2.337219,0,92,-0.1357563,0.1031225,0.03413492,0.264,0.2788314,0.4099362,2.8,0,0.5761123,47.39999,0,0,0,0,1.305398,0.8882393,0.6804355
2.342583,0,92,-0.1357563,0.1031225,0.03413492,0.264,0.2788314,0.4099362,2.8,0,0.5761123,47.39999,0,0,0,0,1.305398,0.8882393,0.6804355
2.349346,0,92,-0.1357563,0.1031225,0.03413492,0.264,0.2788314,0.4099362,2.8,0,0.5761123,47.39999,0,0,0,0,1.305398,0.8882393,0.6804355
2.356358,0,92,-0.1357563,0.1031225,0.03413492,0.264,0.2788314,0.4099362,2.8,0,0.5761123,47.39999,0,0,0,0,1.305398,0.8882393,0.6804355
2.360298,0,92,-0.1357563,0.1031225,0.03413492,0.264,0.2788314,0.4099362,2.8,0,0.5761123,47.39999,0,0,0,0,1.305398,0.8882393,0.6804355
2.364475,0,92,-0.1357563,0.1031225,0.03413492,0.264,0.2788314,0.4099362,2.8,0,0.5761123,47.39999,0,0,0,0,1.305398,0.8882393,0.6804355
2.368145,0,92,-0.1357563,0.1031225,0.03413492,0.264,0.2788314,0.4099362,2.8,0,0.5761123,47.39999,0,0,0,0,1.305398,0.8882393,0.6804355
2.370796,0,92,-0.1357563,0.1031225,0.03413492,0.264,0.2788314,0.4099362,2.8,0,0.5761123,47.39999,0,0,0,0,1.305398,0.8882393,0.6804355
2.373432,0,92,-0.1357563,0.1031225,0.03413492,0.264,0.2788314,0.4099362,2.8,0,0.5761123,47.39999,0,0,0,0,1.305398,0.8882393,0.6804355
2.376587,0,92,-0.1357563,0.1031225,0.03413492,0.264,0.2788314,0.4099362,2.8,0,0.5761123,47.39999,0,0,0,0,1.305398,0.8882393,0.6804355
2.379936,0,92,-0.1357563,0.1031225,0.03413492,0.264,0.2788314,0.4099362,2.8,0,0.5761123,47.39999,0,0,0,0,1.305398,0.8882393,0.6804355
2.383984,0,92,-0.1357563,0.1031225,0.03413492,0.264,0.2788314,0.4099362,2.8,0,0.5761123,47.39999,0,0,0,0,1.305398,0.8882393,0.6804355
2.387054,0,92,-0.1357563,0.1031225,0.03413492,0.264,0.2788314,0.4099362,2.8,0,0.5761123,47.39999,0,0,0,0,1.305398,0.8882393,0.6804355
2.390247,0,92,-0.1357563,0.1031225,0.03413492,0.264,0.2788314,0.4099362,2.8,0,0.5761123,47.39999,0,0,0,0,1.305398,0.8882393,0.6804355
2.393444,0,92,-0.1357563,0.1031225,0.03413492,0.264,0.2788314,0.4099362,2.8,0,0.5761123,47.39999,0,0,0,0,1.305398,0.8882393,0.6804355
2.395439,0,92,-0.1357563,0.1031225,0.03413492,0.264,0.2788314,0.4099362,2.8,0,0.5761123,47.39999,0,0,0,0,1.305398,0.8882393,0.6804355
2.398487,0,92,-0.1357563,0.1031225,0.03413492,0.264,0.2788314,0.4099362,2.8,0,0.5761123,47.39999,0,0,0,0,1.305398,0.8882393,0.6804355
2.401062,0,92,-0.1357563,0.1031225,0.03413492,0.264,0.2788314,0.4099362,2.8,0,0.5761123,47.39999,0,0,0,0,1.305398,0.8882393,0.6804355
2.403011,0,92,-0.1357563,0.1031225,0.03413492,0.264,0.2788314,0.4099362,2.8,0,0.5761123,47.39999,0,0,0,0,1.305398,0.8882393,0.6804355
2.404972,0,92,-0.1357563,0.1031225,0.03413492,0.264,0.2788314,0.4099362,2.8,0,0.5761123,47.39999,0,0,0,0,1.305398,0.8882393,0.6804355
2.40752,0,92,-0.1357563,0.1031225,0.03413492,0.264,0.2788314,0.4099362,2.8,0,0.5761123,47.39999,0,0,0,0,1.305398,0.8882393,0.6804355
2.409904,0,92,-0.1357563,0.1031225,0.03413492,0.264,0.2788314,0.4099362,2.8,0,0.5761123,47.39999,0,0,0,0,1.305398,0.8882393,0.6804355
2.412109,0,92,-0.1357563,0.1031225,0.03413492,0.264,0.2788314,0.4099362,2.8,0,0.5761123,47.39999,0,0,0,0,1.305398,0.8882393,0.6804355
2.414017,0,92,-0.1357563,0.1031225,0.03413492,0.264,0.2788314,0.4099362,2.8,0,0.5761123,47.39999,0,0,0,0,1.305398,0.8882393,0.6804355
2.416016,0,92,-0.1357563,0.1031225,0.03413492,0.264,0.2788314,0.4099362,2.8,0,0.5761123,47.39999,0,0,0,0,1.305398,0.8882393,0.6804355
2.418121,0,92,-0.1357563,0.1031225,0.03413492,0.264,0.2788314,0.4099362,2.8,0,0.5761123,47.39999,0,0,0,0,1.305398,0.8882393,0.6804355
2.420124,0,92,-0.1357563,0.1031225,0.03413492,0.264,0.2788314,0.4099362,2.8,0,0.5761123,47.39999,0,0,0,0,1.305398,0.8882393,0.6804355
2.423027,0,92,-0.1357563,0.1031225,0.03413492,0.264,0.2788314,0.4099362,2.8,0,0.5761123,47.39999,0,0,0,0,1.305398,0.8882393,0.6804355
2.425198,0,92,-0.1357563,0.1031225,0.03413492,0.264,0.2788314,0.4099362,2.8,0,0.5761123,47.39999,0,0,0,0,1.305398,0.8882393,0.6804355
2.428188,0,92,-0.1357563,0.1031225,0.03413492,0.264,0.2788314,0.4099362,2.8,0,0.5761123,47.39999,0,0,0,0,1.305398,0.8882393,0.6804355
2.430515,0,92,-0.1357563,0.1031225,0.03413492,0.264,0.2788314,0.4099362,2.8,0,0.5761123,47.39999,0,0,0,0,1.305398,0.8882393,0.6804355
2.432587,0,92,-0.1357563,0.1031225,0.03413492,0.264,0.2788314,0.4099362,2.8,0,0.5761123,47.39999,0,0,0,0,1.305398,0.8882393,0.6804355
2.434795,0,92,-0.1357563,0.1031225,0.03413492,0.264,0.2788314,0.4099362,2.8,0,0.5761123,47.39999,0,0,0,0,1.305398,0.8882393,0.6804355
2.437233,0,92,-0.1357563,0.1031225,0.03413492,0.264,0.2788314,0.4099362,2.8,0,0.5761123,47.39999,0,0,0,0,1.305398,0.8882393,0.6804355
2.439526,0,92,-0.1357563,0.1031225,0.03413492,0.264,0.2788314,0.4099362,2.8,0,0.5761123,47.39999,0,0,0,0,1.305398,0.8882393,0.6804355
2.442341,0,92,-0.1357563,0.1031225,0.03413492,0.264,0.2788314,0.4099362,2.8,0,0.5761123,47.39999,0,0,0,0,1.305398,0.8882393,0.6804355
2.44503,0,92,-0.1357563,0.1031225,0.03413492,0.264,0.2788314,0.4099362,2.8,0,0.5761123,47.39999,0,0,0,0,1.305398,0.8882393,0.6804355
2.44738,0,92,-0.1357563,0.1031225,0.03413492,0.264,0.2788314,0.4099362,2.8,0,0.5761123,47.39999,0,0,0,0,1.305398,0.8882393,0.6804355
2.449413,0,92,-0.1357563,0.1031225,0.03413492,0.264,0.2788314,0.4099362,2.8,0,0.5761123,47.39999,0,0,0,0,1.305398,0.8882393,0.6804355
2.451408,0,92,-0.1357563,0.1031225,0.03413492,0.264,0.2788314,0.4099362,2.8,0,0.5761123,47.39999,0,0,0,0,1.305398,0.8882393,0.6804355
2.453461,0,92,-0.1357563,0.1031225,0.03413492,0.264,0.2788314,0.4099362,2.8,0,0.5761123,47.39999,0,0,0,0,1.305398,0.8882393,0.6804355
2.45546,0,92,-0.1357563,0.1031225,0.03413492,0.264,0.2788314,0.4099362,2.8,0,0.5761123,47.39999,0,0,0,0,1.305398,0.8882393,0.6804355
2.457424,0,92,-0.1357563,0.1031225,0.03413492,0.264,0.2788314,0.4099362,2.8,0,0.5761123,47.39999,0,0,0,0,1.305398,0.8882393,0.6804355
2.45961,0,92,-0.1357563,0.1031225,0.03413492,0.264,0.2788314,0.4099362,2.8,0,0.5761123,47.39999,0,0,0,0,1.305398,0.8882393,0.6804355
2.462425,0,92,-0.1357563,0.1031225,0.03413492,0.264,0.2788314,0.4099362,2.8,0,0.5761123,47.39999,0,0,0,0,1.305398,0.8882393,0.6804355
2.464542,0,92,-0.1357563,0.1031225,0.03413492,0.264,0.2788314,0.4099362,2.8,0,0.5761123,47.39999,0,0,0,0,1.305398,0.8882393,0.6804355
2.467472,0,92,-0.1357563,0.1031225,0.03413492,0.264,0.2788314,0.4099362,2.8,0,0.5761123,47.39999,0,0,0,0,1.305398,0.8882393,0.6804355
2.469543,0,92,-0.1357563,0.1031225,0.03413492,0.264,0.2788314,0.4099362,2.8,0,0.5761123,47.39999,0,0,0,0,1.305398,0.8882393,0.6804355
2.471603,0,92,-0.1357563,0.1031225,0.03413492,0.264,0.2788314,0.4099362,2.8,0,0.5761123,47.39999,0,0,0,0,1.305398,0.8882393,0.6804355
2.473549,0,92,-0.1357563,0.1031225,0.03413492,0.264,0.2788314,0.4099362,2.8,0,0.5761123,47.39999,0,0,0,0,1.305398,0.8882393,0.6804355
2.475922,0,92,-0.1357563,0.1031225,0.03413492,0.264,0.2788314,0.4099362,2.8,0,0.5761123,47.39999,0,0,0,0,1.305398,0.8882393,0.6804355
2.478333,0,92,-0.1357563,0.1031225,0.03413492,0.264,0.2788314,0.4099362,2.8,0,0.5761123,47.39999,0,0,0,0,1.305398,0.8882393,0.6804355
2.481808,0,92,-0.1357563,0.1031225,0.03413492,0.264,0.2788314,0.4099362,2.8,0,0.5761123,47.39999,0,0,0,0,1.305398,0.8882393,0.6804355
2.48391,0,92,-0.1357563,0.1031225,0.03413492,0.264,0.2788314,0.4099362,2.8,0,0.5761123,47.39999,0,0,0,0,1.305398,0.8882393,0.6804355
2.485844,0,92,-0.1357563,0.1031225,0.03413492,0.264,0.2788314,0.4099362,2.8,0,0.5761123,47.39999,0,0,0,0,1.305398,0.8882393,0.6804355
2.488724,0,92,-0.1357563,0.1031225,0.03413492,0.264,0.2788314,0.4099362,2.8,0,0.5761123,47.39999,0,0,0,0,1.305398,0.8882393,0.6804355
2.49065,0,92,-0.1357563,0.1031225,0.03413492,0.264,0.2788314,0.4099362,2.8,0,0.5761123,47.39999,0,0,0,0,1.305398,0.8882393,0.6804355
2.492786,0,92,-0.1357563,0.1031225,0.03413492,0.264,0.2788314,0.4099362,2.8,0,0.5761123,47.39999,0,0,0,0,1.305398,0.8882393,0.6804355
2.494919,0,92,-0.1357563,0.1031225,0.03413492,0.264,0.2788314,0.4099362,2.8,0,0.5761123,47.39999,0,0,0,0,1.305398,0.8882393,0.6804355
2.496899,0,92,-0.1357563,0.1031225,0.03413492,0.264,0.2788314,0.4099362,2.8,0,0.5761123,47.39999,0,0,0,0,1.305398,0.8882393,0.6804355
2.499306,0,92,-0.1357563,0.1031225,0.03413492,0.264,0.2788314,0.4099362,2.8,0,0.5761123,47.39999,0,0,0,0,1.305398,0.8882393,0.6804355
2.502632,0,92,-0.1357563,0.1031225,0.03413492,0.264,0.2788314,0.4099362,2.8,0,0.5761123,47.39999,0,0,0,0,1.305398,0.8882393,0.6804355
2.504551,0,92,-0.1357563,0.1031225,0.03413492,0.264,0.2788314,0.4099362,2.8,0,0.5761123,47.39999,0,0,0,0,1.305398,0.8882393,0.6804355
2.507519,0,92,-0.1357563,0.1031225,0.03413492,0.264,0.2788314,0.4099362,2.8,0,0.5761123,47.39999,0,0,0,0,1.305398,0.8882393,0.6804355
2.509907,0,92,-0.1357563,0.1031225,0.03413492,0.264,0.2788314,0.4099362,2.8,0,0.5761123,47.39999,0,0,0,0,1.305398,0.8882393,0.6804355
2.511902,0,92,-0.1357563,0.1031225,0.03413492,0.264,0.2788314,0.4099362,2.8,0,0.5761123,47.39999,0,0,0,0,1.305398,0.8882393,0.6804355
2.514126,0,92,-0.1357563,0.1031225,0.03413492,0.264,0.2788314,0.4099362,2.8,0,0.5761123,47.39999,0,0,0,0,1.305398,0.8882393,0.6804355
2.517338,0,92,-0.1357563,0.1031225,0.03413492,0.264,0.2788314,0.4099362,2.8,0,0.5761123,47.39999,0,0,0,0,1.305398,0.8882393,0.6804355
2.519241,0,92,-0.1357563,0.1031225,0.03413492,0.264,0.2788314,0.4099362,2.8,0,0.5761123,47.39999,0,0,0,0,1.305398,0.8882393,0.6804355
2.521584,0,92,-0.1357563,0.1031225,0.03413492,0.264,0.2788314,0.4099362,2.8,0,0.5761123,47.39999,0,0,0,0,1.305398,0.8882393,0.6804355
2.523556,0,92,-0.1357563,0.1031225,0.03413492,0.264,0.2788314,0.4099362,2.8,0,0.5761123,47.39999,0,0,0,0,1.305398,0.8882393,0.6804355
2.525421,0,92,-0.1357563,0.1031225,0.03413492,0.264,0.2788314,0.4099362,2.8,0,0.5761123,47.39999,0,0,0,0,1.305398,0.8882393,0.6804355
2.527836,0,92,-0.1357563,0.1031225,0.03413492,0.264,0.2788314,0.4099362,2.8,0,0.5761123,47.39999,0,0,0,0,1.305398,0.8882393,0.6804355
2.530666,0,92,-0.1357563,0.1031225,0.03413492,0.264,0.2788314,0.4099362,2.8,0,0.5761123,47.39999,0,0,0,0,1.305398,0.8882393,0.6804355
2.533031,0,92,-0.1357563,0.1031225,0.03413492,0.264,0.2788314,0.4099362,2.8,0,0.5761123,47.39999,0,0,0,0,1.305398,0.8882393,0.6804355
2.535072,0,92,-0.1357563,0.1031225,0.03413492,0.264,0.2788314,0.4099362,2.8,0,0.5761123,47.39999,0,0,0,0,1.305398,0.8882393,0.6804355
2.537178,0,92,-0.1357563,0.1031225,0.03413492,0.264,0.2788314,0.4099362,2.8,0,0.5761123,47.39999,0,0,0,0,1.305398,0.8882393,0.6804355
2.539352,0,92,-0.1357563,0.1031225,0.03413492,0.264,0.2788314,0.4099362,2.8,0,0.5761123,47.39999,0,0,0,0,1.305398,0.8882393,0.6804355
2.541695,0,92,-0.1357563,0.1031225,0.03413492,0.264,0.2788314,0.4099362,2.8,0,0.5761123,47.39999,0,0,0,0,1.305398,0.8882393,0.6804355
2.544281,0,92,-0.1357563,0.1031225,0.03413492,0.264,0.2788314,0.4099362,2.8,0,0.5761123,47.39999,0,0,0,0,1.305398,0.8882393,0.6804355
2.547779,0,92,-0.1357563,0.1031225,0.03413492,0.264,0.2788314,0.4099362,2.8,0,0.5761123,47.39999,0,0,0,0,1.305398,0.8882393,0.6804355
2.549644,0,92,-0.1357563,0.1031225,0.03413492,0.264,0.2788314,0.4099362,2.8,0,0.5761123,47.39999,0,0,0,0,1.305398,0.8882393,0.6804355
2.551659,0,92,-0.1357563,0.1031225,0.03413492,0.264,0.2788314,0.4099362,2.8,0,0.5761123,47.39999,0,0,0,0,1.305398,0.8882393,0.6804355
2.553986,0,92,-0.1357563,0.1031225,0.03413492,0.264,0.2788314,0.4099362,2.8,0,0.5761123,47.39999,0,0,0,0,1.305398,0.8882393,0.6804355
2.556034,0,92,-0.1357563,0.1031225,0.03413492,0.264,0.2788314,0.4099362,2.8,0,0.5761123,47.39999,0,0,0,0,1.305398,0.8882393,0.6804355
2.558025,0,92,-0.1357563,0.1031225,0.03413492,0.264,0.2788314,0.4099362,2.8,0,0.5761123,47.39999,0,0,0,0,1.305398,0.8882393,0.6804355
2.561592,0,92,-0.1357563,0.1031225,0.03413492,0.264,0.2788314,0.4099362,2.8,0,0.5761123,47.39999,0,0,0,0,1.305398,0.8882393,0.6804355
2.564014,0,92,-0.1357563,0.1031225,0.03413492,0.264,0.2788314,0.4099362,2.8,0,0.5761123,47.39999,0,0,0,0,1.305398,0.8882393,0.6804355
2.565857,0,92,-0.1357563,0.1031225,0.03413492,0.264,0.2788314,0.4099362,2.8,0,0.5761123,47.39999,0,0,0,0,1.305398,0.8882393,0.6804355
2.568985,0,92,-0.1357563,0.1031225,0.03413492,0.264,0.2788314,0.4099362,2.8,0,0.5761123,47.39999,0,0,0,0,1.305398,0.8882393,0.6804355
2.570923,0,92,-0.1357563,0.1031225,0.03413492,0.264,0.2788314,0.4099362,2.8,0,0.5761123,47.39999,0,0,0,0,1.305398,0.8882393,0.6804355
2.57299,0,92,-0.1357563,0.1031225,0.03413492,0.264,0.2788314,0.4099362,2.8,0,0.5761123,47.39999,0,0,0,0,1.305398,0.8882393,0.6804355
2.576904,0,92,-0.1357563,0.1031225,0.03413492,0.264,0.2788314,0.4099362,2.8,0,0.5761123,47.39999,0,0,0,0,1.305398,0.8882393,0.6804355
2.578842,0,92,-0.1357563,0.1031225,0.03413492,0.264,0.2788314,0.4099362,2.8,0,0.5761123,47.39999,0,0,0,0,1.305398,0.8882393,0.6804355
2.581203,0,92,-0.1357563,0.1031225,0.03413492,0.264,0.2788314,0.4099362,2.8,0,0.5761123,47.39999,0,0,0,0,1.305398,0.8882393,0.6804355
2.584152,0,92,-0.1357563,0.1031225,0.03413492,0.264,0.2788314,0.4099362,2.8,0,0.5761123,47.39999,0,0,0,0,1.305398,0.8882393,0.6804355
2.586403,0,92,-0.1357563,0.1031225,0.03413492,0.264,0.2788314,0.4099362,2.8,0,0.5761123,47.39999,0,0,0,0,1.305398,0.8882393,0.6804355
2.588753,0,92,-0.1357563,0.1031225,0.03413492,0.264,0.2788314,0.4099362,2.8,0,0.5761123,47.39999,0,0,0,0,1.305398,0.8882393,0.6804355
2.590897,0,92,-0.1357563,0.1031225,0.03413492,0.264,0.2788314,0.4099362,2.8,0,0.5761123,47.39999,0,0,0,0,1.305398,0.8882393,0.6804355
2.593147,0,92,-0.1357563,0.1031225,0.03413492,0.264,0.2788314,0.4099362,2.8,0,0.5761123,47.39999,0,0,0,0,1.305398,0.8882393,0.6804355
2.595264,0,92,-0.1357563,0.1031225,0.03413492,0.264,0.2788314,0.4099362,2.8,0,0.5761123,47.39999,0,0,0,0,1.305398,0.8882393,0.6804355
2.598389,0,92,-0.1357563,0.1031225,0.03413492,0.264,0.2788314,0.4099362,2.8,0,0.5761123,47.39999,0,0,0,0,1.305398,0.8882393,0.6804355
2.600716,0,92,-0.1357563,0.1031225,0.03413492,0.264,0.2788314,0.4099362,2.8,0,0.5761123,47.39999,0,0,0,0,1.305398,0.8882393,0.6804355
2.602814,0,92,-0.1357563,0.1031225,0.03413492,0.264,0.2788314,0.4099362,2.8,0,0.5761123,47.39999,0,0,0,0,1.305398,0.8882393,0.6804355
2.606041,0,92,-0.1357563,0.1031225,0.03413492,0.264,0.2788314,0.4099362,2.8,0,0.5761123,47.39999,0,0,0,0,1.305398,0.8882393,0.6804355
2.608292,0,92,-0.1357563,0.1031225,0.03413492,0.264,0.2788314,0.4099362,2.8,0,0.5761123,47.39999,0,0,0,0,1.305398,0.8882393,0.6804355
2.610939,0,92,-0.1357563,0.1031225,0.03413492,0.264,0.2788314,0.4099362,2.8,0,0.5761123,47.39999,0,0,0,0,1.305398,0.8882393,0.6804355
2.61356,0,92,-0.1357563,0.1031225,0.03413492,0.264,0.2788314,0.4099362,2.8,0,0.5761123,47.39999,0,0,0,0,1.305398,0.8882393,0.6804355
2.615612,0,92,-0.1357563,0.1031225,0.03413492,0.264,0.2788314,0.4099362,2.8,0,0.5761123,47.39999,0,0,0,0,1.305398,0.8882393,0.6804355
2.617924,0,92,-0.1357563,0.1031225,0.03413492,0.264,0.2788314,0.4099362,2.8,0,0.5761123,47.39999,0,0,0,0,1.305398,0.8882393,0.6804355
2.620354,0,92,-0.1357563,0.1031225,0.03413492,0.264,0.2788314,0.4099362,2.8,0,0.5761123,47.39999,0,0,0,0,1.305398,0.8882393,0.6804355
2.623299,0,92,-0.1357563,0.1031225,0.03413492,0.264,0.2788314,0.4099362,2.8,0,0.5761123,47.39999,0,0,0,0,1.305398,0.8882393,0.6804355
2.625366,0,92,-0.1357563,0.1031225,0.03413492,0.264,0.2788314,0.4099362,2.8,0,0.5761123,47.39999,0,0,0,0,1.305398,0.8882393,0.6804355
2.627884,0,92,-0.1357563,0.1031225,0.03413492,0.264,0.2788314,0.4099362,2.8,0,0.5761123,47.39999,0,0,0,0,1.305398,0.8882393,0.6804355
2.629795,0,92,-0.1357563,0.1031225,0.03413492,0.264,0.2788314,0.4099362,2.8,0,0.5761123,47.39999,0,0,0,0,1.305398,0.8882393,0.6804355
2.631622,0,92,-0.1357563,0.1031225,0.03413492,0.264,0.2788314,0.4099362,2.8,0,0.5761123,47.39999,0,0,0,0,1.305398,0.8882393,0.6804355
2.633568,0,92,-0.1357563,0.1031225,0.03413492,0.264,0.2788314,0.4099362,2.8,0,0.5761123,47.39999,0,0,0,0,1.305398,0.8882393,0.6804355
2.635422,0,92,-0.1357563,0.1031225,0.03413492,0.264,0.2788314,0.4099362,2.8,0,0.5761123,47.39999,0,0,0,0,1.305398,0.8882393,0.6804355
2.637383,0,92,-0.1357563,0.1031225,0.03413492,0.264,0.2788314,0.4099362,2.8,0,0.5761123,47.39999,0,0,0,0,1.305398,0.8882393,0.6804355
2.639961,0,92,-0.1357563,0.1031225,0.03413492,0.264,0.2788314,0.4099362,2.8,0,0.5761123,47.39999,0,0,0,0,1.305398,0.8882393,0.6804355
2.642426,0,92,-0.1357563,0.1031225,0.03413492,0.264,0.2788314,0.4099362,2.8,0,0.5761123,47.39999,0,0,0,0,1.305398,0.8882393,0.6804355
2.64513,0,92,-0.1357563,0.1031225,0.03413492,0.264,0.2788314,0.4099362,2.8,0,0.5761123,47.39999,0,0,0,0,1.305398,0.8882393,0.6804355
2.64735,0,92,-0.1357563,0.1031225,0.03413492,0.264,0.2788314,0.4099362,2.8,0,0.5761123,47.39999,0,0,0,0,1.305398,0.8882393,0.6804355
2.649723,0,92,-0.1357563,0.1031225,0.03413492,0.264,0.2788314,0.4099362,2.8,0,0.5761123,47.39999,0,0,0,0,1.305398,0.8882393,0.6804355
2.652042,0,92,-0.1357563,0.1031225,0.03413492,0.264,0.2788314,0.4099362,2.8,0,0.5761123,47.39999,0,0,0,0,1.305398,0.8882393,0.6804355
2.654312,0,92,-0.1357563,0.1031225,0.03413492,0.264,0.2788314,0.4099362,2.8,0,0.5761123,47.39999,0,0,0,0,1.305398,0.8882393,0.6804355
2.656803,0,92,-0.1357563,0.1031225,0.03413492,0.264,0.2788314,0.4099362,2.8,0,0.5761123,47.39999,0,0,0,0,1.305398,0.8882393,0.6804355
2.658806,0,92,-0.1357563,0.1031225,0.03413492,0.264,0.2788314,0.4099362,2.8,0,0.5761123,47.39999,0,0,0,0,1.305398,0.8882393,0.6804355
2.661968,0,92,-0.1357563,0.1031225,0.03413492,0.264,0.2788314,0.4099362,2.8,0,0.5761123,47.39999,0,0,0,0,1.305398,0.8882393,0.6804355
2.66494,0,92,-0.1357563,0.1031225,0.03413492,0.264,0.2788314,0.4099362,2.8,0,0.5761123,47.39999,0,0,0,0,1.305398,0.8882393,0.6804355
2.667603,0,92,-0.1357563,0.1031225,0.03413492,0.264,0.2788314,0.4099362,2.8,0,0.5761123,47.39999,0,0,0,0,1.305398,0.8882393,0.6804355
2.670231,0,92,-0.1357563,0.1031225,0.03413492,0.264,0.2788314,0.4099362,2.8,0,0.5761123,47.39999,0,0,0,0,1.305398,0.8882393,0.6804355
2.672924,0,92,-0.1357563,0.1031225,0.03413492,0.264,0.2788314,0.4099362,2.8,0,0.5761123,47.39999,0,0,0,0,1.305398,0.8882393,0.6804355
2.675751,0,92,-0.1357563,0.1031225,0.03413492,0.264,0.2788314,0.4099362,2.8,0,0.5761123,47.39999,0,0,0,0,1.305398,0.8882393,0.6804355
2.678307,0,92,-0.1357563,0.1031225,0.03413492,0.264,0.2788314,0.4099362,2.8,0,0.5761123,47.39999,0,0,0,0,1.305398,0.8882393,0.6804355
2.681351,0,92,-0.1357563,0.1031225,0.03413492,0.264,0.2788314,0.4099362,2.8,0,0.5761123,47.39999,0,0,0,0,1.305398,0.8882393,0.6804355
2.683804,0,92,-0.1357563,0.1031225,0.03413492,0.264,0.2788314,0.4099362,2.8,0,0.5761123,47.39999,0,0,0,0,1.305398,0.8882393,0.6804355
2.687191,0,92,-0.1357563,0.1031225,0.03413492,0.264,0.2788314,0.4099362,2.8,0,0.5761123,47.39999,0,0,0,0,1.305398,0.8882393,0.6804355
2.689857,0,92,-0.1357563,0.1031225,0.03413492,0.264,0.2788314,0.4099362,2.8,0,0.5761123,47.39999,0,0,0,0,1.305398,0.8882393,0.6804355
2.692276,0,92,-0.1357563,0.1031225,0.03413492,0.264,0.2788314,0.4099362,2.8,0,0.5761123,47.39999,0,0,0,0,1.305398,0.8882393,0.6804355
2.695145,0,92,-0.1357563,0.1031225,0.03413492,0.264,0.2788314,0.4099362,2.8,0,0.5761123,47.39999,0,0,0,0,1.305398,0.8882393,0.6804355
2.697212,0,92,-0.1357563,0.1031225,0.03413492,0.264,0.2788314,0.4099362,2.8,0,0.5761123,47.39999,0,0,0,0,1.305398,0.8882393,0.6804355
2.699944,0,92,-0.1357563,0.1031225,0.03413492,0.264,0.2788314,0.4099362,2.8,0,0.5761123,47.39999,0,0,0,0,1.305398,0.8882393,0.6804355
2.702549,0,92,-0.1357563,0.1031225,0.03413492,0.264,0.2788314,0.4099362,2.8,0,0.5761123,47.39999,0,0,0,0,1.305398,0.8882393,0.6804355
2.705311,0,92,-0.1357563,0.1031225,0.03413492,0.264,0.2788314,0.4099362,2.8,0,0.5761123,47.39999,0,0,0,0,1.305398,0.8882393,0.6804355
2.707645,0,92,-0.1357563,0.1031225,0.03413492,0.264,0.2788314,0.4099362,2.8,0,0.5761123,47.39999,0,0,0,0,1.305398,0.8882393,0.6804355
2.710369,0,92,-0.1357563,0.1031225,0.03413492,0.264,0.2788314,0.4099362,2.8,0,0.5761123,47.39999,0,0,0,0,1.305398,0.8882393,0.6804355
2.71394,0,92,-0.1357563,0.1031225,0.03413492,0.264,0.2788314,0.4099362,2.8,0,0.5761123,47.39999,0,0,0,0,1.305398,0.8882393,0.6804355
2.717743,0,92,-0.1357563,0.1031225,0.03413492,0.264,0.2788314,0.4099362,2.8,0,0.5761123,47.39999,0,0,0,0,1.305398,0.8882393,0.6804355
2.721134,0,92,-0.1357563,0.1031225,0.03413492,0.264,0.2788314,0.4099362,2.8,0,0.5761123,47.39999,0,0,0,0,1.305398,0.8882393,0.6804355
2.724575,0,92,-0.1357563,0.1031225,0.03413492,0.264,0.2788314,0.4099362,2.8,0,0.5761123,47.39999,0,0,0,0,1.305398,0.8882393,0.6804355
2.728977,0,92,-0.1357563,0.1031225,0.03413492,0.264,0.2788314,0.4099362,2.8,0,0.5761123,47.39999,0,0,0,0,1.305398,0.8882393,0.6804355
2.731735,0,92,-0.1357563,0.1031225,0.03413492,0.264,0.2788314,0.4099362,2.8,0,0.5761123,47.39999,0,0,0,0,1.305398,0.8882393,0.6804355
2.735058,0,92,-0.1357563,0.1031225,0.03413492,0.264,0.2788314,0.4099362,2.8,0,0.5761123,47.39999,0,0,0,0,1.305398,0.8882393,0.6804355
2.737476,0,92,-0.1357563,0.1031225,0.03413492,0.264,0.2788314,0.4099362,2.8,0,0.5761123,47.39999,0,0,0,0,1.305398,0.8882393,0.6804355
2.739937,0,92,-0.1357563,0.1031225,0.03413492,0.264,0.2788314,0.4099362,2.8,0,0.5761123,47.39999,0,0,0,0,1.305398,0.8882393,0.6804355
2.74316,0,92,-0.1357563,0.1031225,0.03413492,0.264,0.2788314,0.4099362,2.8,0,0.5761123,47.39999,0,0,0,0,1.305398,0.8882393,0.6804355
2.746094,0,92,-0.1357563,0.1031225,0.03413492,0.264,0.2788314,0.4099362,2.8,0,0.5761123,47.39999,0,0,0,0,1.305398,0.8882393,0.6804355
2.749451,0,92,-0.1357563,0.1031225,0.03413492,0.264,0.2788314,0.4099362,2.8,0,0.5761123,47.39999,0,0,0,0,1.305398,0.8882393,0.6804355
2.752186,0,92,-0.1357563,0.1031225,0.03413492,0.264,0.2788314,0.4099362,2.8,0,0.5761123,47.39999,0,0,0,0,1.305398,0.8882393,0.6804355
2.754623,0,92,-0.1357563,0.1031225,0.03413492,0.264,0.2788314,0.4099362,2.8,0,0.5761123,47.39999,0,0,0,0,1.305398,0.8882393,0.6804355
2.756905,0,92,-0.1357563,0.1031225,0.03413492,0.264,0.2788314,0.4099362,2.8,0,0.5761123,47.39999,0,0,0,0,1.305398,0.8882393,0.6804355
2.759491,0,92,-0.1357563,0.1031225,0.03413492,0.264,0.2788314,0.4099362,2.8,0,0.5761123,47.39999,0,0,0,0,1.305398,0.8882393,0.6804355
2.766857,0,92,-0.1357563,0.1031225,0.03413492,0.264,0.2788314,0.4099362,2.8,0,0.5761123,47.39999,0,0,0,0,1.305398,0.8882393,0.6804355
2.77103,0,92,-0.1357563,0.1031225,0.03413492,0.264,0.2788314,0.4099362,2.8,0,0.5761123,47.39999,0,0,0,0,1.305398,0.8882393,0.6804355
2.775028,0,92,-0.1357563,0.1031225,0.03413492,0.264,0.2788314,0.4099362,2.8,0,0.5761123,47.39999,0,0,0,0,1.305398,0.8882393,0.6804355
2.778969,0,92,-0.1357563,0.1031225,0.03413492,0.264,0.2788314,0.4099362,2.8,0,0.5761123,47.39999,0,0,0,0,1.305398,0.8882393,0.6804355
2.782284,0,92,-0.1357563,0.1031225,0.03413492,0.264,0.2788314,0.4099362,2.8,0,0.5761123,47.39999,0,0,0,0,1.305398,0.8882393,0.6804355
2.785038,0,92,-0.1357563,0.1031225,0.03413492,0.264,0.2788314,0.4099362,2.8,0,0.5761123,47.39999,0,0,0,0,1.305398,0.8882393,0.6804355
2.78825,0,92,-0.1357563,0.1031225,0.03413492,0.264,0.2788314,0.4099362,2.8,0,0.5761123,47.39999,0,0,0,0,1.305398,0.8882393,0.6804355
2.794712,0,92,-0.1357563,0.1031225,0.03413492,0.264,0.2788314,0.4099362,2.8,0,0.5761123,47.39999,0,0,0,0,1.305398,0.8882393,0.6804355
2.798222,0,92,-0.1357563,0.1031225,0.03413492,0.264,0.2788314,0.4099362,2.8,0,0.5761123,47.39999,0,0,0,0,1.305398,0.8882393,0.6804355
2.801178,0,92,-0.1357563,0.1031225,0.03413492,0.264,0.2788314,0.4099362,2.8,0,0.5761123,47.39999,0,0,0,0,1.305398,0.8882393,0.6804355
2.803547,0,92,-0.1357563,0.1031225,0.03413492,0.264,0.2788314,0.4099362,2.8,0,0.5761123,47.39999,0,0,0,0,1.305398,0.8882393,0.6804355
2.806122,0,92,-0.1357563,0.1031225,0.03413492,0.264,0.2788314,0.4099362,2.8,0,0.5761123,47.39999,0,0,0,0,1.305398,0.8882393,0.6804355
2.809292,0,92,-0.1357563,0.1031225,0.03413492,0.264,0.2788314,0.4099362,2.8,0,0.5761123,47.39999,0,0,0,0,1.305398,0.8882393,0.6804355
2.812943,0,92,-0.1357563,0.1031225,0.03413492,0.264,0.2788314,0.4099362,2.8,0,0.5761123,47.39999,0,0,0,0,1.305398,0.8882393,0.6804355
2.81604,0,92,-0.1357563,0.1031225,0.03413492,0.264,0.2788314,0.4099362,2.8,0,0.5761123,47.39999,0,0,0,0,1.305398,0.8882393,0.6804355
2.818966,0,92,-0.1357563,0.1031225,0.03413492,0.264,0.2788314,0.4099362,2.8,0,0.5761123,47.39999,0,0,0,0,1.305398,0.8882393,0.6804355
2.821873,0,92,-0.1357563,0.1031225,0.03413492,0.264,0.2788314,0.4099362,2.8,0,0.5761123,47.39999,0,0,0,0,1.305398,0.8882393,0.6804355
2.825008,0,92,-0.1357563,0.1031225,0.03413492,0.264,0.2788314,0.4099362,2.8,0,0.5761123,47.39999,0,0,0,0,1.305398,0.8882393,0.6804355
2.828598,0,92,-0.1357563,0.1031225,0.03413492,0.264,0.2788314,0.4099362,2.8,0,0.5761123,47.39999,0,0,0,0,1.305398,0.8882393,0.6804355
2.83176,0,92,-0.1357563,0.1031225,0.03413492,0.264,0.2788314,0.4099362,2.8,0,0.5761123,47.39999,0,0,0,0,1.305398,0.8882393,0.6804355
2.834179,0,92,-0.1357563,0.1031225,0.03413492,0.264,0.2788314,0.4099362,2.8,0,0.5761123,47.39999,0,0,0,0,1.305398,0.8882393,0.6804355
2.837021,0,92,-0.1357563,0.1031225,0.03413492,0.264,0.2788314,0.4099362,2.8,0,0.5761123,47.39999,0,0,0,0,1.305398,0.8882393,0.6804355
2.83947,0,92,-0.1357563,0.1031225,0.03413492,0.264,0.2788314,0.4099362,2.8,0,0.5761123,47.39999,0,0,0,0,1.305398,0.8882393,0.6804355
2.843426,0,92,-0.1357563,0.1031225,0.03413492,0.264,0.2788314,0.4099362,2.8,0,0.5761123,47.39999,0,0,0,0,1.305398,0.8882393,0.6804355
2.845745,0,92,-0.1357563,0.1031225,0.03413492,0.264,0.2788314,0.4099362,2.8,0,0.5761123,47.39999,0,0,0,0,1.305398,0.8882393,0.6804355
2.849239,0,92,-0.1357563,0.1031225,0.03413492,0.264,0.2788314,0.4099362,2.8,0,0.5761123,47.39999,0,0,0,0,1.305398,0.8882393,0.6804355
2.85297,0,92,-0.1357563,0.1031225,0.03413492,0.264,0.2788314,0.4099362,2.8,0,0.5761123,47.39999,0,0,0,0,1.305398,0.8882393,0.6804355
2.857574,0,92,-0.1357563,0.1031225,0.03413492,0.264,0.2788314,0.4099362,2.8,0,0.5761123,47.39999,0,0,0,0,1.305398,0.8882393,0.6804355
2.862091,0,92,-0.1357563,0.1031225,0.03413492,0.264,0.2788314,0.4099362,2.8,0,0.5761123,47.39999,0,0,0,0,1.305398,0.8882393,0.6804355
2.864281,0,92,-0.1357563,0.1031225,0.03413492,0.264,0.2788314,0.4099362,2.8,0,0.5761123,47.39999,0,0,0,0,1.305398,0.8882393,0.6804355
2.866379,0,92,-0.1357563,0.1031225,0.03413492,0.264,0.2788314,0.4099362,2.8,0,0.5761123,47.39999,0,0,0,0,1.305398,0.8882393,0.6804355
2.869568,0,92,-0.1357563,0.1031225,0.03413492,0.264,0.2788314,0.4099362,2.8,0,0.5761123,47.39999,0,0,0,0,1.305398,0.8882393,0.6804355
2.872536,0,92,-0.1357563,0.1031225,0.03413492,0.264,0.2788314,0.4099362,2.8,0,0.5761123,47.39999,0,0,0,0,1.305398,0.8882393,0.6804355
2.875004,0,92,-0.1357563,0.1031225,0.03413492,0.264,0.2788314,0.4099362,2.8,0,0.5761123,47.39999,0,0,0,0,1.305398,0.8882393,0.6804355
2.877876,0,92,-0.1357563,0.1031225,0.03413492,0.264,0.2788314,0.4099362,2.8,0,0.5761123,47.39999,0,0,0,0,1.305398,0.8882393,0.6804355
2.880314,0,92,-0.1357563,0.1031225,0.03413492,0.264,0.2788314,0.4099362,2.8,0,0.5761123,47.39999,0,0,0,0,1.305398,0.8882393,0.6804355
2.882641,0,92,-0.1357563,0.1031225,0.03413492,0.264,0.2788314,0.4099362,2.8,0,0.5761123,47.39999,0,0,0,0,1.305398,0.8882393,0.6804355
2.884609,0,92,-0.1357563,0.1031225,0.03413492,0.264,0.2788314,0.4099362,2.8,0,0.5761123,47.39999,0,0,0,0,1.305398,0.8882393,0.6804355
2.886784,0,92,-0.1357563,0.1031225,0.03413492,0.264,0.2788314,0.4099362,2.8,0,0.5761123,47.39999,0,0,0,0,1.305398,0.8882393,0.6804355
2.888966,0,92,-0.1357563,0.1031225,0.03413492,0.264,0.2788314,0.4099362,2.8,0,0.5761123,47.39999,0,0,0,0,1.305398,0.8882393,0.6804355
2.891506,0,92,-0.1357563,0.1031225,0.03413492,0.264,0.2788314,0.4099362,2.8,0,0.5761123,47.39999,0,0,0,0,1.305398,0.8882393,0.6804355
2.89455,0,92,-0.1357563,0.1031225,0.03413492,0.264,0.2788314,0.4099362,2.8,0,0.5761123,47.39999,0,0,0,0,1.305398,0.8882393,0.6804355
2.896633,0,92,-0.1357563,0.1031225,0.03413492,0.264,0.2788314,0.4099362,2.8,0,0.5761123,47.39999,0,0,0,0,1.305398,0.8882393,0.6804355
2.898853,0,92,-0.1357563,0.1031225,0.03413492,0.264,0.2788314,0.4099362,2.8,0,0.5761123,47.39999,0,0,0,0,1.305398,0.8882393,0.6804355
2.901394,0,92,-0.1357563,0.1031225,0.03413492,0.264,0.2788314,0.4099362,2.8,0,0.5761123,47.39999,0,0,0,0,1.305398,0.8882393,0.6804355
2.90398,0,92,-0.1357563,0.1031225,0.03413492,0.264,0.2788314,0.4099362,2.8,0,0.5761123,47.39999,0,0,0,0,1.305398,0.8882393,0.6804355
2.905891,0,92,-0.1357563,0.1031225,0.03413492,0.264,0.2788314,0.4099362,2.8,0,0.5761123,47.39999,0,0,0,0,1.305398,0.8882393,0.6804355
2.907917,0,92,-0.1357563,0.1031225,0.03413492,0.264,0.2788314,0.4099362,2.8,0,0.5761123,47.39999,0,0,0,0,1.305398,0.8882393,0.6804355
2.91024,0,92,-0.1357563,0.1031225,0.03413492,0.264,0.2788314,0.4099362,2.8,0,0.5761123,47.39999,0,0,0,0,1.305398,0.8882393,0.6804355
2.912174,0,92,-0.1357563,0.1031225,0.03413492,0.264,0.2788314,0.4099362,2.8,0,0.5761123,47.39999,0,0,0,0,1.305398,0.8882393,0.6804355
2.914104,0,92,-0.1357563,0.1031225,0.03413492,0.264,0.2788314,0.4099362,2.8,0,0.5761123,47.39999,0,0,0,0,1.305398,0.8882393,0.6804355
2.916042,0,92,-0.1357563,0.1031225,0.03413492,0.264,0.2788314,0.4099362,2.8,0,0.5761123,47.39999,0,0,0,0,1.305398,0.8882393,0.6804355
2.918194,0,92,-0.1357563,0.1031225,0.03413492,0.264,0.2788314,0.4099362,2.8,0,0.5761123,47.39999,0,0,0,0,1.305398,0.8882393,0.6804355
2.920162,0,92,-0.1357563,0.1031225,0.03413492,0.264,0.2788314,0.4099362,2.8,0,0.5761123,47.39999,0,0,0,0,1.305398,0.8882393,0.6804355
2.922287,0,92,-0.1357563,0.1031225,0.03413492,0.264,0.2788314,0.4099362,2.8,0,0.5761123,47.39999,0,0,0,0,1.305398,0.8882393,0.6804355
2.924095,0,92,-0.1357563,0.1031225,0.03413492,0.264,0.2788314,0.4099362,2.8,0,0.5761123,47.39999,0,0,0,0,1.305398,0.8882393,0.6804355
2.926212,0,92,-0.1357563,0.1031225,0.03413492,0.264,0.2788314,0.4099362,2.8,0,0.5761123,47.39999,0,0,0,0,1.305398,0.8882393,0.6804355
2.928566,0,92,-0.1357563,0.1031225,0.03413492,0.264,0.2788314,0.4099362,2.8,0,0.5761123,47.39999,0,0,0,0,1.305398,0.8882393,0.6804355
2.931232,0,92,-0.1357563,0.1031225,0.03413492,0.264,0.2788314,0.4099362,2.8,0,0.5761123,47.39999,0,0,0,0,1.305398,0.8882393,0.6804355
2.933445,0,92,-0.1357563,0.1031225,0.03413492,0.264,0.2788314,0.4099362,2.8,0,0.5761123,47.39999,0,0,0,0,1.305398,0.8882393,0.6804355
2.936417,0,92,-0.1357563,0.1031225,0.03413492,0.264,0.2788314,0.4099362,2.8,0,0.5761123,47.39999,0,0,0,0,1.305398,0.8882393,0.6804355
2.938694,0,92,-0.1357563,0.1031225,0.03413492,0.264,0.2788314,0.4099362,2.8,0,0.5761123,47.39999,0,0,0,0,1.305398,0.8882393,0.6804355
2.941074,0,92,-0.1357563,0.1031225,0.03413492,0.264,0.2788314,0.4099362,2.8,0,0.5761123,47.39999,0,0,0,0,1.305398,0.8882393,0.6804355
2.944172,0,92,-0.1357563,0.1031225,0.03413492,0.264,0.2788314,0.4099362,2.8,0,0.5761123,47.39999,0,0,0,0,1.305398,0.8882393,0.6804355
2.946926,0,92,-0.1357563,0.1031225,0.03413492,0.264,0.2788314,0.4099362,2.8,0,0.5761123,47.39999,0,0,0,0,1.305398,0.8882393,0.6804355
2.949699,0,92,-0.1357563,0.1031225,0.03413492,0.264,0.2788314,0.4099362,2.8,0,0.5761123,47.39999,0,0,0,0,1.305398,0.8882393,0.6804355
2.952572,0,92,-0.1357563,0.1031225,0.03413492,0.264,0.2788314,0.4099362,2.8,0,0.5761123,47.39999,0,0,0,0,1.305398,0.8882393,0.6804355
2.955467,0,92,-0.1357563,0.1031225,0.03413492,0.264,0.2788314,0.4099362,2.8,0,0.5761123,47.39999,0,0,0,0,1.305398,0.8882393,0.6804355
2.958179,0,92,-0.1357563,0.1031225,0.03413492,0.264,0.2788314,0.4099362,2.8,0,0.5761123,47.39999,0,0,0,0,1.305398,0.8882393,0.6804355
2.961109,0,92,-0.1357563,0.1031225,0.03413492,0.264,0.2788314,0.4099362,2.8,0,0.5761123,47.39999,0,0,0,0,1.305398,0.8882393,0.6804355
2.964931,0,92,-0.1357563,0.1031225,0.03413492,0.264,0.2788314,0.4099362,2.8,0,0.5761123,47.39999,0,0,0,0,1.305398,0.8882393,0.6804355
2.968109,0,92,-0.1357563,0.1031225,0.03413492,0.264,0.2788314,0.4099362,2.8,0,0.5761123,47.39999,0,0,0,0,1.305398,0.8882393,0.6804355
2.970474,0,92,-0.1357563,0.1031225,0.03413492,0.264,0.2788314,0.4099362,2.8,0,0.5761123,47.39999,0,0,0,0,1.305398,0.8882393,0.6804355
2.973145,0,92,-0.1357563,0.1031225,0.03413492,0.264,0.2788314,0.4099362,2.8,0,0.5761123,47.39999,0,0,0,0,1.305398,0.8882393,0.6804355
2.975948,0,92,-0.1357563,0.1031225,0.03413492,0.264,0.2788314,0.4099362,2.8,0,0.5761123,47.39999,0,0,0,0,1.305398,0.8882393,0.6804355
2.978508,0,92,-0.1357563,0.1031225,0.03413492,0.264,0.2788314,0.4099362,2.8,0,0.5761123,47.39999,0,0,0,0,1.305398,0.8882393,0.6804355
2.981243,0,92,-0.1357563,0.1031225,0.03413492,0.264,0.2788314,0.4099362,2.8,0,0.5761123,47.39999,0,0,0,0,1.305398,0.8882393,0.6804355
2.983803,0,92,-0.1357563,0.1031225,0.03413492,0.264,0.2788314,0.4099362,2.8,0,0.5761123,47.39999,0,0,0,0,1.305398,0.8882393,0.6804355
2.986782,0,92,-0.1357563,0.1031225,0.03413492,0.264,0.2788314,0.4099362,2.8,0,0.5761123,47.39999,0,0,0,0,1.305398,0.8882393,0.6804355
2.988564,0,92,-0.1357563,0.1031225,0.03413492,0.264,0.2788314,0.4099362,2.8,0,0.5761123,47.39999,0,0,0,0,1.305398,0.8882393,0.6804355
2.990452,0,92,-0.1357563,0.1031225,0.03413492,0.264,0.2788314,0.4099362,2.8,0,0.5761123,47.39999,0,0,0,0,1.305398,0.8882393,0.6804355
2.992508,0,92,-0.1357563,0.1031225,0.03413492,0.264,0.2788314,0.4099362,2.8,0,0.5761123,47.39999,0,0,0,0,1.305398,0.8882393,0.6804355
2.994904,0,92,-0.1357563,0.1031225,0.03413492,0.264,0.2788314,0.4099362,2.8,0,0.5761123,47.39999,0,0,0,0,1.305398,0.8882393,0.6804355
2.997269,0,92,-0.1357563,0.1031225,0.03413492,0.264,0.2788314,0.4099362,2.8,0,0.5761123,47.39999,0,0,0,0,1.305398,0.8882393,0.6804355
2.999836,0,92,-0.1357563,0.1031225,0.03413492,0.264,0.2788314,0.4099362,2.8,0,0.5761123,47.39999,0,0,0,0,1.305398,0.8882393,0.6804355
3.003368,0,92,-0.1357563,0.1031225,0.03413492,0.264,0.2788314,0.4099362,2.8,0,0.5761123,47.39999,0,0,0,0,1.305398,0.8882393,0.6804355
3.006538,0,92,-0.1357563,0.1031225,0.03413492,0.264,0.2788314,0.4099362,2.8,0,0.5761123,47.39999,0,0,0,0,1.305398,0.8882393,0.6804355
3.010979,0,92,-0.1357563,0.1031225,0.03413492,0.264,0.2788314,0.4099362,2.8,0,0.5761123,47.39999,0,0,0,0,1.305398,0.8882393,0.6804355
3.015167,0,92,-0.1357563,0.1031225,0.03413492,0.264,0.2788314,0.4099362,2.8,0,0.5761123,47.39999,0,0,0,0,1.305398,0.8882393,0.6804355
3.018566,0,92,-0.1357563,0.1031225,0.03413492,0.264,0.2788314,0.4099362,2.8,0,0.5761123,47.39999,0,0,0,0,1.305398,0.8882393,0.6804355
3.022804,0,92,-0.1357563,0.1031225,0.03413492,0.264,0.2788314,0.4099362,2.8,0,0.5761123,47.39999,0,0,0,0,1.305398,0.8882393,0.6804355
3.030334,0,92,-0.1357563,0.1031225,0.03413492,0.264,0.2788314,0.4099362,2.8,0,0.5761123,47.39999,0,0,0,0,1.305398,0.8882393,0.6804355
3.033592,0,92,-0.1357563,0.1031225,0.03413492,0.264,0.2788314,0.4099362,2.8,0,0.5761123,47.39999,0,0,0,0,1.305398,0.8882393,0.6804355
3.038784,0,92,-0.1357563,0.1031225,0.03413492,0.264,0.2788314,0.4099362,2.8,0,0.5761123,47.39999,0,0,0,0,1.305398,0.8882393,0.6804355
3.042927,0,92,-0.1357563,0.1031225,0.03413492,0.264,0.2788314,0.4099362,2.8,0,0.5761123,47.39999,0,0,0,0,1.305398,0.8882393,0.6804355
3.046932,0,92,-0.1357563,0.1031225,0.03413492,0.264,0.2788314,0.4099362,2.8,0,0.5761123,47.39999,0,0,0,0,1.305398,0.8882393,0.6804355
3.050373,0,92,-0.1357563,0.1031225,0.03413492,0.264,0.2788314,0.4099362,2.8,0,0.5761123,47.39999,0,0,0,0,1.305398,0.8882393,0.6804355
3.055035,0,92,-0.1357563,0.1031225,0.03413492,0.264,0.2788314,0.4099362,2.8,0,0.5761123,47.39999,0,0,0,0,1.305398,0.8882393,0.6804355
3.063244,0,92,-0.1357563,0.1031225,0.03413492,0.264,0.2788314,0.4099362,2.8,0,0.5761123,47.39999,0,0,0,0,1.305398,0.8882393,0.6804355
3.067211,0,92,-0.1357563,0.1031225,0.03413492,0.264,0.2788314,0.4099362,2.8,0,0.5761123,47.39999,0,0,0,0,1.305398,0.8882393,0.6804355
3.071171,0,92,-0.1357563,0.1031225,0.03413492,0.264,0.2788314,0.4099362,2.8,0,0.5761123,47.39999,0,0,0,0,1.305398,0.8882393,0.6804355
3.074612,0,92,-0.1357563,0.1031225,0.03413492,0.264,0.2788314,0.4099362,2.8,0,0.5761123,47.39999,0,0,0,0,1.305398,0.8882393,0.6804355
3.079414,0,92,-0.1357563,0.1031225,0.03413492,0.264,0.2788314,0.4099362,2.8,0,0.5761123,47.39999,0,0,0,0,1.305398,0.8882393,0.6804355
3.084026,0,92,-0.1357563,0.1031225,0.03413492,0.264,0.2788314,0.4099362,2.8,0,0.5761123,47.39999,0,0,0,0,1.305398,0.8882393,0.6804355
3.091019,0,92,-0.1357563,0.1031225,0.03413492,0.264,0.2788314,0.4099362,2.8,0,0.5761123,47.39999,0,0,0,0,1.305398,0.8882393,0.6804355
3.100006,0,92,-0.1357563,0.1031225,0.03413492,0.264,0.2788314,0.4099362,2.8,0,0.5761123,47.39999,0,0,0,0,1.305398,0.8882393,0.6804355
3.104412,0,92,-0.1357563,0.1031225,0.03413492,0.264,0.2788314,0.4099362,2.8,0,0.5761123,47.39999,0,0,0,0,1.305398,0.8882393,0.6804355
3.109436,0,92,-0.1357563,0.1031225,0.03413492,0.264,0.2788314,0.4099362,2.8,0,0.5761123,47.39999,0,0,0,0,1.305398,0.8882393,0.6804355
3.115318,0,92,-0.1357563,0.1031225,0.03413492,0.264,0.2788314,0.4099362,2.8,0,0.5761123,47.39999,0,0,0,0,1.305398,0.8882393,0.6804355
3.123138,0,92,-0.1357563,0.1031225,0.03413492,0.264,0.2788314,0.4099362,2.8,0,0.5761123,47.39999,0,0,0,0,1.305398,0.8882393,0.6804355
3.146427,0,92,-0.1357563,0.1031225,0.03413492,0.264,0.2788314,0.4099362,2.8,0,0.5761123,47.39999,0,0,0,0,1.305398,0.8882393,0.6804355
3.161228,0,92,-0.1357563,0.1031225,0.03413492,0.264,0.2788314,0.4099362,2.8,0,0.5761123,47.39999,0,0,0,0,1.305398,0.8882393,0.6804355
3.169106,0,92,-0.1357563,0.1031225,0.03413492,0.264,0.2788314,0.4099362,2.8,0,0.5761123,47.39999,0,0,0,0,1.305398,0.8882393,0.6804355
3.173161,0,92,-0.1357563,0.1031225,0.03413492,0.264,0.2788314,0.4099362,2.8,0,0.5761123,47.39999,0,0,0,0,1.305398,0.8882393,0.6804355
3.175964,0,92,-0.1357563,0.1031225,0.03413492,0.264,0.2788314,0.4099362,2.8,0,0.5761123,47.39999,0,0,0,0,1.305398,0.8882393,0.6804355
3.179546,0,92,-0.1357563,0.1031225,0.03413492,0.264,0.2788314,0.4099362,2.8,0,0.5761123,47.39999,0,0,0,0,1.305398,0.8882393,0.6804355
3.182365,0,92,-0.1357563,0.1031225,0.03413492,0.264,0.2788314,0.4099362,2.8,0,0.5761123,47.39999,0,0,0,0,1.305398,0.8882393,0.6804355
3.185791,0,92,-0.1357563,0.1031225,0.03413492,0.264,0.2788314,0.4099362,2.8,0,0.5761123,47.39999,0,0,0,0,1.305398,0.8882393,0.6804355
3.190968,0,92,-0.1357563,0.1031225,0.03413492,0.264,0.2788314,0.4099362,2.8,0,0.5761123,47.39999,0,0,0,0,1.305398,0.8882393,0.6804355
3.19453,0,92,-0.1357563,0.1031225,0.03413492,0.264,0.2788314,0.4099362,2.8,0,0.5761123,47.39999,0,0,0,0,1.305398,0.8882393,0.6804355
3.19717,0,92,-0.1357563,0.1031225,0.03413492,0.264,0.2788314,0.4099362,2.8,0,0.5761123,47.39999,0,0,0,0,1.305398,0.8882393,0.6804355
3.199883,0,92,-0.1357563,0.1031225,0.03413492,0.264,0.2788314,0.4099362,2.8,0,0.5761123,47.39999,0,0,0,0,1.305398,0.8882393,0.6804355
3.204102,0,92,-0.1357563,0.1031225,0.03413492,0.264,0.2788314,0.4099362,2.8,0,0.5761123,47.39999,0,0,0,0,1.305398,0.8882393,0.6804355
3.206348,0,92,-0.1357563,0.1031225,0.03413492,0.264,0.2788314,0.4099362,2.8,0,0.5761123,47.39999,0,0,0,0,1.305398,0.8882393,0.6804355
3.208752,0,92,-0.1357563,0.1031225,0.03413492,0.264,0.2788314,0.4099362,2.8,0,0.5761123,47.39999,0,0,0,0,1.305398,0.8882393,0.6804355
3.212288,0,92,-0.1357563,0.1031225,0.03413492,0.264,0.2788314,0.4099362,2.8,0,0.5761123,47.39999,0,0,0,0,1.305398,0.8882393,0.6804355
3.215431,0,92,-0.1357563,0.1031225,0.03413492,0.264,0.2788314,0.4099362,2.8,0,0.5761123,47.39999,0,0,0,0,1.305398,0.8882393,0.6804355
3.2183,0,92,-0.1357563,0.1031225,0.03413492,0.264,0.2788314,0.4099362,2.8,0,0.5761123,47.39999,0,0,0,0,1.305398,0.8882393,0.6804355
3.221416,0,92,-0.1357563,0.1031225,0.03413492,0.264,0.2788314,0.4099362,2.8,0,0.5761123,47.39999,0,0,0,0,1.305398,0.8882393,0.6804355
3.227058,0,92,-0.1357563,0.1031225,0.03413492,0.264,0.2788314,0.4099362,2.8,0,0.5761123,47.39999,0,0,0,0,1.305398,0.8882393,0.6804355
3.233662,0,92,-0.1357563,0.1031225,0.03413492,0.264,0.2788314,0.4099362,2.8,0,0.5761123,47.39999,0,0,0,0,1.305398,0.8882393,0.6804355
3.245228,0,92,-0.1357563,0.1031225,0.03413492,0.264,0.2788314,0.4099362,2.8,0,0.5761123,47.39999,0,0,0,0,1.305398,0.8882393,0.6804355
3.250069,0,92,-0.1357563,0.1031225,0.03413492,0.264,0.2788314,0.4099362,2.8,0,0.5761123,47.39999,0,0,0,0,1.305398,0.8882393,0.6804355
3.253464,0,92,-0.1357563,0.1031225,0.03413492,0.264,0.2788314,0.4099362,2.8,0,0.5761123,47.39999,0,0,0,0,1.305398,0.8882393,0.6804355
3.255611,0,92,-0.1357563,0.1031225,0.03413492,0.264,0.2788314,0.4099362,2.8,0,0.5761123,47.39999,0,0,0,0,1.305398,0.8882393,0.6804355
3.257851,0,92,-0.1357563,0.1031225,0.03413492,0.264,0.2788314,0.4099362,2.8,0,0.5761123,47.39999,0,0,0,0,1.305398,0.8882393,0.6804355
3.261051,0,92,-0.1357563,0.1031225,0.03413492,0.264,0.2788314,0.4099362,2.8,0,0.5761123,47.39999,0,0,0,0,1.305398,0.8882393,0.6804355
3.264339,0,92,-0.1357563,0.1031225,0.03413492,0.264,0.2788314,0.4099362,2.8,0,0.5761123,47.39999,0,0,0,0,1.305398,0.8882393,0.6804355
3.268543,0,92,-0.1357563,0.1031225,0.03413492,0.264,0.2788314,0.4099362,2.8,0,0.5761123,47.39999,0,0,0,0,1.305398,0.8882393,0.6804355
3.272068,0,92,-0.1357563,0.1031225,0.03413492,0.264,0.2788314,0.4099362,2.8,0,0.5761123,47.39999,0,0,0,0,1.305398,0.8882393,0.6804355
3.275227,0,92,-0.1357563,0.1031225,0.03413492,0.264,0.2788314,0.4099362,2.8,0,0.5761123,47.39999,0,0,0,0,1.305398,0.8882393,0.6804355
3.278465,0,92,-0.1357563,0.1031225,0.03413492,0.264,0.2788314,0.4099362,2.8,0,0.5761123,47.39999,0,0,0,0,1.305398,0.8882393,0.6804355
3.283352,0,92,-0.1357563,0.1031225,0.03413492,0.264,0.2788314,0.4099362,2.8,0,0.5761123,47.39999,0,0,0,0,1.305398,0.8882393,0.6804355
3.28582,0,92,-0.1357563,0.1031225,0.03413492,0.264,0.2788314,0.4099362,2.8,0,0.5761123,47.39999,0,0,0,0,1.305398,0.8882393,0.6804355
3.288128,0,92,-0.1357563,0.1031225,0.03413492,0.264,0.2788314,0.4099362,2.8,0,0.5761123,47.39999,0,0,0,0,1.305398,0.8882393,0.6804355
3.290165,0,92,-0.1357563,0.1031225,0.03413492,0.264,0.2788314,0.4099362,2.8,0,0.5761123,47.39999,0,0,0,0,1.305398,0.8882393,0.6804355
3.293068,0,92,-0.1357563,0.1031225,0.03413492,0.264,0.2788314,0.4099362,2.8,0,0.5761123,47.39999,0,0,0,0,1.305398,0.8882393,0.6804355
3.296276,0,92,-0.1357563,0.1031225,0.03413492,0.264,0.2788314,0.4099362,2.8,0,0.5761123,47.39999,0,0,0,0,1.305398,0.8882393,0.6804355
3.299503,0,92,-0.1357563,0.1031225,0.03413492,0.264,0.2788314,0.4099362,2.8,0,0.5761123,47.39999,0,0,0,0,1.305398,0.8882393,0.6804355
3.302006,0,92,-0.1357563,0.1031225,0.03413492,0.264,0.2788314,0.4099362,2.8,0,0.5761123,47.39999,0,0,0,0,1.305398,0.8882393,0.6804355
3.304615,0,92,-0.1357563,0.1031225,0.03413492,0.264,0.2788314,0.4099362,2.8,0,0.5761123,47.39999,0,0,0,0,1.305398,0.8882393,0.6804355
3.307137,0,92,-0.1357563,0.1031225,0.03413492,0.264,0.2788314,0.4099362,2.8,0,0.5761123,47.39999,0,0,0,0,1.305398,0.8882393,0.6804355
3.309509,0,92,-0.1357563,0.1031225,0.03413492,0.264,0.2788314,0.4099362,2.8,0,0.5761123,47.39999,0,0,0,0,1.305398,0.8882393,0.6804355
3.312019,0,92,-0.1357563,0.1031225,0.03413492,0.264,0.2788314,0.4099362,2.8,0,0.5761123,47.39999,0,0,0,0,1.305398,0.8882393,0.6804355
3.314869,0,92,-0.1357563,0.1031225,0.03413492,0.264,0.2788314,0.4099362,2.8,0,0.5761123,47.39999,0,0,0,0,1.305398,0.8882393,0.6804355
3.317532,0,92,-0.1357563,0.1031225,0.03413492,0.264,0.2788314,0.4099362,2.8,0,0.5761123,47.39999,0,0,0,0,1.305398,0.8882393,0.6804355
3.319679,0,92,-0.1357563,0.1031225,0.03413492,0.264,0.2788314,0.4099362,2.8,0,0.5761123,47.39999,0,0,0,0,1.305398,0.8882393,0.6804355
3.321873,0,92,-0.1357563,0.1031225,0.03413492,0.264,0.2788314,0.4099362,2.8,0,0.5761123,47.39999,0,0,0,0,1.305398,0.8882393,0.6804355
3.324677,0,92,-0.1357563,0.1031225,0.03413492,0.264,0.2788314,0.4099362,2.8,0,0.5761123,47.39999,0,0,0,0,1.305398,0.8882393,0.6804355
3.327721,0,92,-0.1357563,0.1031225,0.03413492,0.264,0.2788314,0.4099362,2.8,0,0.5761123,47.39999,0,0,0,0,1.305398,0.8882393,0.6804355
3.330437,0,92,-0.1357563,0.1031225,0.03413492,0.264,0.2788314,0.4099362,2.8,0,0.5761123,47.39999,0,0,0,0,1.305398,0.8882393,0.6804355
3.332687,0,92,-0.1357563,0.1031225,0.03413492,0.264,0.2788314,0.4099362,2.8,0,0.5761123,47.39999,0,0,0,0,1.305398,0.8882393,0.6804355
3.334862,0,92,-0.1357563,0.1031225,0.03413492,0.264,0.2788314,0.4099362,2.8,0,0.5761123,47.39999,0,0,0,0,1.305398,0.8882393,0.6804355
3.33717,0,92,-0.1357563,0.1031225,0.03413492,0.264,0.2788314,0.4099362,2.8,0,0.5761123,47.39999,0,0,0,0,1.305398,0.8882393,0.6804355
3.339493,0,92,-0.1357563,0.1031225,0.03413492,0.264,0.2788314,0.4099362,2.8,0,0.5761123,47.39999,0,0,0,0,1.305398,0.8882393,0.6804355
3.342499,0,92,-0.1357563,0.1031225,0.03413492,0.264,0.2788314,0.4099362,2.8,0,0.5761123,47.39999,0,0,0,0,1.305398,0.8882393,0.6804355
3.346085,0,92,-0.1357563,0.1031225,0.03413492,0.264,0.2788314,0.4099362,2.8,0,0.5761123,47.39999,0,0,0,0,1.305398,0.8882393,0.6804355
3.348721,0,92,-0.1357563,0.1031225,0.03413492,0.264,0.2788314,0.4099362,2.8,0,0.5761123,47.39999,0,0,0,0,1.305398,0.8882393,0.6804355
3.35128,0,92,-0.1357563,0.1031225,0.03413492,0.264,0.2788314,0.4099362,2.8,0,0.5761123,47.39999,0,0,0,0,1.305398,0.8882393,0.6804355
3.353764,0,92,-0.1357563,0.1031225,0.03413492,0.264,0.2788314,0.4099362,2.8,0,0.5761123,47.39999,0,0,0,0,1.305398,0.8882393,0.6804355
3.356453,0,92,-0.1357563,0.1031225,0.03413492,0.264,0.2788314,0.4099362,2.8,0,0.5761123,47.39999,0,0,0,0,1.305398,0.8882393,0.6804355
3.358772,0,92,-0.1357563,0.1031225,0.03413492,0.264,0.2788314,0.4099362,2.8,0,0.5761123,47.39999,0,0,0,0,1.305398,0.8882393,0.6804355
3.363716,0,92,-0.1357563,0.1031225,0.03413492,0.264,0.2788314,0.4099362,2.8,0,0.5761123,47.39999,0,0,0,0,1.305398,0.8882393,0.6804355
3.366913,0,92,-0.1357563,0.1031225,0.03413492,0.264,0.2788314,0.4099362,2.8,0,0.5761123,47.39999,0,0,0,0,1.305398,0.8882393,0.6804355
3.369144,0,92,-0.1357563,0.1031225,0.03413492,0.264,0.2788314,0.4099362,2.8,0,0.5761123,47.39999,0,0,0,0,1.305398,0.8882393,0.6804355
3.371105,0,92,-0.1357563,0.1031225,0.03413492,0.264,0.2788314,0.4099362,2.8,0,0.5761123,47.39999,0,0,0,0,1.305398,0.8882393,0.6804355
3.372982,0,92,-0.1357563,0.1031225,0.03413492,0.264,0.2788314,0.4099362,2.8,0,0.5761123,47.39999,0,0,0,0,1.305398,0.8882393,0.6804355
3.375221,0,92,-0.1357563,0.1031225,0.03413492,0.264,0.2788314,0.4099362,2.8,0,0.5761123,47.39999,0,0,0,0,1.305398,0.8882393,0.6804355
3.378136,0,92,-0.1357563,0.1031225,0.03413492,0.264,0.2788314,0.4099362,2.8,0,0.5761123,47.39999,0,0,0,0,1.305398,0.8882393,0.6804355
3.380764,0,92,-0.1357563,0.1031225,0.03413492,0.264,0.2788314,0.4099362,2.8,0,0.5761123,47.39999,0,0,0,0,1.305398,0.8882393,0.6804355
3.383293,0,92,-0.1357563,0.1031225,0.03413492,0.264,0.2788314,0.4099362,2.8,0,0.5761123,47.39999,0,0,0,0,1.305398,0.8882393,0.6804355
3.385357,0,92,-0.1357563,0.1031225,0.03413492,0.264,0.2788314,0.4099362,2.8,0,0.5761123,47.39999,0,0,0,0,1.305398,0.8882393,0.6804355
3.387516,0,92,-0.1357563,0.1031225,0.03413492,0.264,0.2788314,0.4099362,2.8,0,0.5761123,47.39999,0,0,0,0,1.305398,0.8882393,0.6804355
3.389473,0,92,-0.1357563,0.1031225,0.03413492,0.264,0.2788314,0.4099362,2.8,0,0.5761123,47.39999,0,0,0,0,1.305398,0.8882393,0.6804355
3.391838,0,92,-0.1357563,0.1031225,0.03413492,0.264,0.2788314,0.4099362,2.8,0,0.5761123,47.39999,0,0,0,0,1.305398,0.8882393,0.6804355
3.394115,0,92,-0.1357563,0.1031225,0.03413492,0.264,0.2788314,0.4099362,2.8,0,0.5761123,47.39999,0,0,0,0,1.305398,0.8882393,0.6804355
3.396816,0,92,-0.1357563,0.1031225,0.03413492,0.264,0.2788314,0.4099362,2.8,0,0.5761123,47.39999,0,0,0,0,1.305398,0.8882393,0.6804355
3.399017,0,92,-0.1357563,0.1031225,0.03413492,0.264,0.2788314,0.4099362,2.8,0,0.5761123,47.39999,0,0,0,0,1.305398,0.8882393,0.6804355
3.401272,0,92,-0.1357563,0.1031225,0.03413492,0.264,0.2788314,0.4099362,2.8,0,0.5761123,47.39999,0,0,0,0,1.305398,0.8882393,0.6804355
3.403198,0,92,-0.1357563,0.1031225,0.03413492,0.264,0.2788314,0.4099362,2.8,0,0.5761123,47.39999,0,0,0,0,1.305398,0.8882393,0.6804355
3.405083,0,92,-0.1357563,0.1031225,0.03413492,0.264,0.2788314,0.4099362,2.8,0,0.5761123,47.39999,0,0,0,0,1.305398,0.8882393,0.6804355
3.407623,0,92,-0.1357563,0.1031225,0.03413492,0.264,0.2788314,0.4099362,2.8,0,0.5761123,47.39999,0,0,0,0,1.305398,0.8882393,0.6804355
3.409798,0,92,-0.1357563,0.1031225,0.03413492,0.264,0.2788314,0.4099362,2.8,0,0.5761123,47.39999,0,0,0,0,1.305398,0.8882393,0.6804355
3.412006,0,92,-0.1357563,0.1031225,0.03413492,0.264,0.2788314,0.4099362,2.8,0,0.5761123,47.39999,0,0,0,0,1.305398,0.8882393,0.6804355
3.414379,0,92,-0.1357563,0.1031225,0.03413492,0.264,0.2788314,0.4099362,2.8,0,0.5761123,47.39999,0,0,0,0,1.305398,0.8882393,0.6804355
3.416489,0,92,-0.1357563,0.1031225,0.03413492,0.264,0.2788314,0.4099362,2.8,0,0.5761123,47.39999,0,0,0,0,1.305398,0.8882393,0.6804355
3.418476,0,92,-0.1357563,0.1031225,0.03413492,0.264,0.2788314,0.4099362,2.8,0,0.5761123,47.39999,0,0,0,0,1.305398,0.8882393,0.6804355
3.420853,0,92,-0.1357563,0.1031225,0.03413492,0.264,0.2788314,0.4099362,2.8,0,0.5761123,47.39999,0,0,0,0,1.305398,0.8882393,0.6804355
3.423534,0,92,-0.1357563,0.1031225,0.03413492,0.264,0.2788314,0.4099362,2.8,0,0.5761123,47.39999,0,0,0,0,1.305398,0.8882393,0.6804355
3.425472,0,92,-0.1357563,0.1031225,0.03413492,0.264,0.2788314,0.4099362,2.8,0,0.5761123,47.39999,0,0,0,0,1.305398,0.8882393,0.6804355
3.427837,0,92,-0.1357563,0.1031225,0.03413492,0.264,0.2788314,0.4099362,2.8,0,0.5761123,47.39999,0,0,0,0,1.305398,0.8882393,0.6804355
3.430573,0,92,-0.1357563,0.1031225,0.03413492,0.264,0.2788314,0.4099362,2.8,0,0.5761123,47.39999,0,0,0,0,1.305398,0.8882393,0.6804355
3.43259,0,92,-0.1357563,0.1031225,0.03413492,0.264,0.2788314,0.4099362,2.8,0,0.5761123,47.39999,0,0,0,0,1.305398,0.8882393,0.6804355
3.434753,0,92,-0.1357563,0.1031225,0.03413492,0.264,0.2788314,0.4099362,2.8,0,0.5761123,47.39999,0,0,0,0,1.305398,0.8882393,0.6804355
3.436916,0,92,-0.1357563,0.1031225,0.03413492,0.264,0.2788314,0.4099362,2.8,0,0.5761123,47.39999,0,0,0,0,1.305398,0.8882393,0.6804355
3.439278,0,92,-0.1357563,0.1031225,0.03413492,0.264,0.2788314,0.4099362,2.8,0,0.5761123,47.39999,0,0,0,0,1.305398,0.8882393,0.6804355
3.44162,0,92,-0.1357563,0.1031225,0.03413492,0.264,0.2788314,0.4099362,2.8,0,0.5761123,47.39999,0,0,0,0,1.305398,0.8882393,0.6804355
3.444859,0,92,-0.1357563,0.1031225,0.03413492,0.264,0.2788314,0.4099362,2.8,0,0.5761123,47.39999,0,0,0,0,1.305398,0.8882393,0.6804355
3.447762,0,92,-0.1357563,0.1031225,0.03413492,0.264,0.2788314,0.4099362,2.8,0,0.5761123,47.39999,0,0,0,0,1.305398,0.8882393,0.6804355
3.449795,0,92,-0.1357563,0.1031225,0.03413492,0.264,0.2788314,0.4099362,2.8,0,0.5761123,47.39999,0,0,0,0,1.305398,0.8882393,0.6804355
3.452782,0,92,-0.1357563,0.1031225,0.03413492,0.264,0.2788314,0.4099362,2.8,0,0.5761123,47.39999,0,0,0,0,1.305398,0.8882393,0.6804355
3.455231,0,92,-0.1357563,0.1031225,0.03413492,0.264,0.2788314,0.4099362,2.8,0,0.5761123,47.39999,0,0,0,0,1.305398,0.8882393,0.6804355
3.45763,0,92,-0.1357563,0.1031225,0.03413492,0.264,0.2788314,0.4099362,2.8,0,0.5761123,47.39999,0,0,0,0,1.305398,0.8882393,0.6804355
3.4603,0,92,-0.1357563,0.1031225,0.03413492,0.264,0.2788314,0.4099362,2.8,0,0.5761123,47.39999,0,0,0,0,1.305398,0.8882393,0.6804355
3.463448,0,92,-0.1357563,0.1031225,0.03413492,0.264,0.2788314,0.4099362,2.8,0,0.5761123,47.39999,0,0,0,0,1.305398,0.8882393,0.6804355
3.465458,0,92,-0.1357563,0.1031225,0.03413492,0.264,0.2788314,0.4099362,2.8,0,0.5761123,47.39999,0,0,0,0,1.305398,0.8882393,0.6804355
3.467335,0,92,-0.1357563,0.1031225,0.03413492,0.264,0.2788314,0.4099362,2.8,0,0.5761123,47.39999,0,0,0,0,1.305398,0.8882393,0.6804355
3.469402,0,92,-0.1357563,0.1031225,0.03413492,0.264,0.2788314,0.4099362,2.8,0,0.5761123,47.39999,0,0,0,0,1.305398,0.8882393,0.6804355
3.471268,0,92,-0.1357563,0.1031225,0.03413492,0.264,0.2788314,0.4099362,2.8,0,0.5761123,47.39999,0,0,0,0,1.305398,0.8882393,0.6804355
3.47319,0,92,-0.1357563,0.1031225,0.03413492,0.264,0.2788314,0.4099362,2.8,0,0.5761123,47.39999,0,0,0,0,1.305398,0.8882393,0.6804355
3.475197,0,92,-0.1357563,0.1031225,0.03413492,0.264,0.2788314,0.4099362,2.8,0,0.5761123,47.39999,0,0,0,0,1.305398,0.8882393,0.6804355
3.477642,0,92,-0.1357563,0.1031225,0.03413492,0.264,0.2788314,0.4099362,2.8,0,0.5761123,47.39999,0,0,0,0,1.305398,0.8882393,0.6804355
3.480003,0,92,-0.1357563,0.1031225,0.03413492,0.264,0.2788314,0.4099362,2.8,0,0.5761123,47.39999,0,0,0,0,1.305398,0.8882393,0.6804355
3.482864,0,92,-0.1357563,0.1031225,0.03413492,0.264,0.2788314,0.4099362,2.8,0,0.5761123,47.39999,0,0,0,0,1.305398,0.8882393,0.6804355
3.485325,0,92,-0.1357563,0.1031225,0.03413492,0.264,0.2788314,0.4099362,2.8,0,0.5761123,47.39999,0,0,0,0,1.305398,0.8882393,0.6804355
3.487446,0,92,-0.1357563,0.1031225,0.03413492,0.264,0.2788314,0.4099362,2.8,0,0.5761123,47.39999,0,0,0,0,1.305398,0.8882393,0.6804355
3.489334,0,92,-0.1357563,0.1031225,0.03413492,0.264,0.2788314,0.4099362,2.8,0,0.5761123,47.39999,0,0,0,0,1.305398,0.8882393,0.6804355
3.491417,0,92,-0.1357563,0.1031225,0.03413492,0.264,0.2788314,0.4099362,2.8,0,0.5761123,47.39999,0,0,0,0,1.305398,0.8882393,0.6804355
3.493767,0,92,-0.1357563,0.1031225,0.03413492,0.264,0.2788314,0.4099362,2.8,0,0.5761123,47.39999,0,0,0,0,1.305398,0.8882393,0.6804355
3.496109,0,92,-0.1357563,0.1031225,0.03413492,0.264,0.2788314,0.4099362,2.8,0,0.5761123,47.39999,0,0,0,0,1.305398,0.8882393,0.6804355
3.498306,0,92,-0.1357563,0.1031225,0.03413492,0.264,0.2788314,0.4099362,2.8,0,0.5761123,47.39999,0,0,0,0,1.305398,0.8882393,0.6804355
3.500847,0,92,-0.1357563,0.1031225,0.03413492,0.264,0.2788314,0.4099362,2.8,0,0.5761123,47.39999,0,0,0,0,1.305398,0.8882393,0.6804355
3.502766,0,92,-0.1357563,0.1031225,0.03413492,0.264,0.2788314,0.4099362,2.8,0,0.5761123,47.39999,0,0,0,0,1.305398,0.8882393,0.6804355
3.504673,0,92,-0.1357563,0.1031225,0.03413492,0.264,0.2788314,0.4099362,2.8,0,0.5761123,47.39999,0,0,0,0,1.305398,0.8882393,0.6804355
3.506653,0,92,-0.1357563,0.1031225,0.03413492,0.264,0.2788314,0.4099362,2.8,0,0.5761123,47.39999,0,0,0,0,1.305398,0.8882393,0.6804355
3.508541,0,92,-0.1357563,0.1031225,0.03413492,0.264,0.2788314,0.4099362,2.8,0,0.5761123,47.39999,0,0,0,0,1.305398,0.8882393,0.6804355
3.510956,0,92,-0.1357563,0.1031225,0.03413492,0.264,0.2788314,0.4099362,2.8,0,0.5761123,47.39999,0,0,0,0,1.305398,0.8882393,0.6804355
3.513176,0,92,-0.1357563,0.1031225,0.03413492,0.264,0.2788314,0.4099362,2.8,0,0.5761123,47.39999,0,0,0,0,1.305398,0.8882393,0.6804355
3.516022,0,92,-0.1357563,0.1031225,0.03413492,0.264,0.2788314,0.4099362,2.8,0,0.5761123,47.39999,0,0,0,0,1.305398,0.8882393,0.6804355
3.518074,0,92,-0.1357563,0.1031225,0.03413492,0.264,0.2788314,0.4099362,2.8,0,0.5761123,47.39999,0,0,0,0,1.305398,0.8882393,0.6804355
3.5201,0,92,-0.1357563,0.1031225,0.03413492,0.264,0.2788314,0.4099362,2.8,0,0.5761123,47.39999,0,0,0,0,1.305398,0.8882393,0.6804355
3.522339,0,92,-0.1357563,0.1031225,0.03413492,0.264,0.2788314,0.4099362,2.8,0,0.5761123,47.39999,0,0,0,0,1.305398,0.8882393,0.6804355
3.5243,0,92,-0.1357563,0.1031225,0.03413492,0.264,0.2788314,0.4099362,2.8,0,0.5761123,47.39999,0,0,0,0,1.305398,0.8882393,0.6804355
3.526783,0,92,-0.1357563,0.1031225,0.03413492,0.264,0.2788314,0.4099362,2.8,0,0.5761123,47.39999,0,0,0,0,1.305398,0.8882393,0.6804355
3.529755,0,92,-0.1357563,0.1031225,0.03413492,0.264,0.2788314,0.4099362,2.8,0,0.5761123,47.39999,0,0,0,0,1.305398,0.8882393,0.6804355
3.532391,0,92,-0.1357563,0.1031225,0.03413492,0.264,0.2788314,0.4099362,2.8,0,0.5761123,47.39999,0,0,0,0,1.305398,0.8882393,0.6804355
3.534325,0,92,-0.1357563,0.1031225,0.03413492,0.264,0.2788314,0.4099362,2.8,0,0.5761123,47.39999,0,0,0,0,1.305398,0.8882393,0.6804355
3.536213,0,92,-0.1357563,0.1031225,0.03413492,0.264,0.2788314,0.4099362,2.8,0,0.5761123,47.39999,0,0,0,0,1.305398,0.8882393,0.6804355
3.538166,0,92,-0.1357563,0.1031225,0.03413492,0.264,0.2788314,0.4099362,2.8,0,0.5761123,47.39999,0,0,0,0,1.305398,0.8882393,0.6804355
3.540096,0,92,-0.1357563,0.1031225,0.03413492,0.264,0.2788314,0.4099362,2.8,0,0.5761123,47.39999,0,0,0,0,1.305398,0.8882393,0.6804355
3.54285,0,92,-0.1357563,0.1031225,0.03413492,0.264,0.2788314,0.4099362,2.8,0,0.5761123,47.39999,0,0,0,0,1.305398,0.8882393,0.6804355
3.545177,0,92,-0.1357563,0.1031225,0.03413492,0.264,0.2788314,0.4099362,2.8,0,0.5761123,47.39999,0,0,0,0,1.305398,0.8882393,0.6804355
3.547466,0,92,-0.1357563,0.1031225,0.03413492,0.264,0.2788314,0.4099362,2.8,0,0.5761123,47.39999,0,0,0,0,1.305398,0.8882393,0.6804355
3.549721,0,92,-0.1357563,0.1031225,0.03413492,0.264,0.2788314,0.4099362,2.8,0,0.5761123,47.39999,0,0,0,0,1.305398,0.8882393,0.6804355
3.551929,0,92,-0.1357563,0.1031225,0.03413492,0.264,0.2788314,0.4099362,2.8,0,0.5761123,47.39999,0,0,0,0,1.305398,0.8882393,0.6804355
3.554085,0,92,-0.1357563,0.1031225,0.03413492,0.264,0.2788314,0.4099362,2.8,0,0.5761123,47.39999,0,0,0,0,1.305398,0.8882393,0.6804355
3.556103,0,92,-0.1357563,0.1031225,0.03413492,0.264,0.2788314,0.4099362,2.8,0,0.5761123,47.39999,0,0,0,0,1.305398,0.8882393,0.6804355
3.558052,0,92,-0.1357563,0.1031225,0.03413492,0.264,0.2788314,0.4099362,2.8,0,0.5761123,47.39999,0,0,0,0,1.305398,0.8882393,0.6804355
3.560665,0,92,-0.1357563,0.1031225,0.03413492,0.264,0.2788314,0.4099362,2.8,0,0.5761123,47.39999,0,0,0,0,1.305398,0.8882393,0.6804355
3.563839,0,92,-0.1357563,0.1031225,0.03413492,0.264,0.2788314,0.4099362,2.8,0,0.5761123,47.39999,0,0,0,0,1.305398,0.8882393,0.6804355
3.566086,0,92,-0.1357563,0.1031225,0.03413492,0.264,0.2788314,0.4099362,2.8,0,0.5761123,47.39999,0,0,0,0,1.305398,0.8882393,0.6804355
3.568233,0,92,-0.1357563,0.1031225,0.03413492,0.264,0.2788314,0.4099362,2.8,0,0.5761123,47.39999,0,0,0,0,1.305398,0.8882393,0.6804355
3.570271,0,92,-0.1357563,0.1031225,0.03413492,0.264,0.2788314,0.4099362,2.8,0,0.5761123,47.39999,0,0,0,0,1.305398,0.8882393,0.6804355
3.572285,0,92,-0.1357563,0.1031225,0.03413492,0.264,0.2788314,0.4099362,2.8,0,0.5761123,47.39999,0,0,0,0,1.305398,0.8882393,0.6804355
3.574348,0,92,-0.1357563,0.1031225,0.03413492,0.264,0.2788314,0.4099362,2.8,0,0.5761123,47.39999,0,0,0,0,1.305398,0.8882393,0.6804355
3.577023,0,92,-0.1357563,0.1031225,0.03413492,0.264,0.2788314,0.4099362,2.8,0,0.5761123,47.39999,0,0,0,0,1.305398,0.8882393,0.6804355
3.579384,0,92,-0.1357563,0.1031225,0.03413492,0.264,0.2788314,0.4099362,2.8,0,0.5761123,47.39999,0,0,0,0,1.305398,0.8882393,0.6804355
3.58231,0,92,-0.1357563,0.1031225,0.03413492,0.264,0.2788314,0.4099362,2.8,0,0.5761123,47.39999,0,0,0,0,1.305398,0.8882393,0.6804355
3.584404,0,92,-0.1357563,0.1031225,0.03413492,0.264,0.2788314,0.4099362,2.8,0,0.5761123,47.39999,0,0,0,0,1.305398,0.8882393,0.6804355
3.586361,0,92,-0.1357563,0.1031225,0.03413492,0.264,0.2788314,0.4099362,2.8,0,0.5761123,47.39999,0,0,0,0,1.305398,0.8882393,0.6804355
3.588791,0,92,-0.1357563,0.1031225,0.03413492,0.264,0.2788314,0.4099362,2.8,0,0.5761123,47.39999,0,0,0,0,1.305398,0.8882393,0.6804355
3.591019,0,92,-0.1357563,0.1031225,0.03413492,0.264,0.2788314,0.4099362,2.8,0,0.5761123,47.39999,0,0,0,0,1.305398,0.8882393,0.6804355
3.594082,0,92,-0.1357563,0.1031225,0.03413492,0.264,0.2788314,0.4099362,2.8,0,0.5761123,47.39999,0,0,0,0,1.305398,0.8882393,0.6804355
3.59631,0,92,-0.1357563,0.1031225,0.03413492,0.264,0.2788314,0.4099362,2.8,0,0.5761123,47.39999,0,0,0,0,1.305398,0.8882393,0.6804355
3.598454,0,92,-0.1357563,0.1031225,0.03413492,0.264,0.2788314,0.4099362,2.8,0,0.5761123,47.39999,0,0,0,0,1.305398,0.8882393,0.6804355
3.601185,0,92,-0.1357563,0.1031225,0.03413492,0.264,0.2788314,0.4099362,2.8,0,0.5761123,47.39999,0,0,0,0,1.305398,0.8882393,0.6804355
3.603165,0,92,-0.1357563,0.1031225,0.03413492,0.264,0.2788314,0.4099362,2.8,0,0.5761123,47.39999,0,0,0,0,1.305398,0.8882393,0.6804355
3.605137,0,92,-0.1357563,0.1031225,0.03413492,0.264,0.2788314,0.4099362,2.8,0,0.5761123,47.39999,0,0,0,0,1.305398,0.8882393,0.6804355
3.607098,0,92,-0.1357563,0.1031225,0.03413492,0.264,0.2788314,0.4099362,2.8,0,0.5761123,47.39999,0,0,0,0,1.305398,0.8882393,0.6804355
3.610687,0,92,-0.1357563,0.1031225,0.03413492,0.264,0.2788314,0.4099362,2.8,0,0.5761123,47.39999,0,0,0,0,1.305398,0.8882393,0.6804355
3.613327,0,92,-0.1357563,0.1031225,0.03413492,0.264,0.2788314,0.4099362,2.8,0,0.5761123,47.39999,0,0,0,0,1.305398,0.8882393,0.6804355
3.615475,0,92,-0.1357563,0.1031225,0.03413492,0.264,0.2788314,0.4099362,2.8,0,0.5761123,47.39999,0,0,0,0,1.305398,0.8882393,0.6804355
3.617504,0,92,-0.1357563,0.1031225,0.03413492,0.264,0.2788314,0.4099362,2.8,0,0.5761123,47.39999,0,0,0,0,1.305398,0.8882393,0.6804355
3.619453,0,92,-0.1357563,0.1031225,0.03413492,0.264,0.2788314,0.4099362,2.8,0,0.5761123,47.39999,0,0,0,0,1.305398,0.8882393,0.6804355
3.622021,0,92,-0.1357563,0.1031225,0.03413492,0.264,0.2788314,0.4099362,2.8,0,0.5761123,47.39999,0,0,0,0,1.305398,0.8882393,0.6804355
3.624706,0,92,-0.1357563,0.1031225,0.03413492,0.264,0.2788314,0.4099362,2.8,0,0.5761123,47.39999,0,0,0,0,1.305398,0.8882393,0.6804355
3.627689,0,92,-0.1357563,0.1031225,0.03413492,0.264,0.2788314,0.4099362,2.8,0,0.5761123,47.39999,0,0,0,0,1.305398,0.8882393,0.6804355
3.630013,0,92,-0.1357563,0.1031225,0.03413492,0.264,0.2788314,0.4099362,2.8,0,0.5761123,47.39999,0,0,0,0,1.305398,0.8882393,0.6804355
3.632366,0,92,-0.1357563,0.1031225,0.03413492,0.264,0.2788314,0.4099362,2.8,0,0.5761123,47.39999,0,0,0,0,1.305398,0.8882393,0.6804355
3.63438,0,92,-0.1357563,0.1031225,0.03413492,0.264,0.2788314,0.4099362,2.8,0,0.5761123,47.39999,0,0,0,0,1.305398,0.8882393,0.6804355
3.636295,0,92,-0.1357563,0.1031225,0.03413492,0.264,0.2788314,0.4099362,2.8,0,0.5761123,47.39999,0,0,0,0,1.305398,0.8882393,0.6804355
3.638279,0,92,-0.1357563,0.1031225,0.03413492,0.264,0.2788314,0.4099362,2.8,0,0.5761123,47.39999,0,0,0,0,1.305398,0.8882393,0.6804355
3.640579,0,92,-0.1357563,0.1031225,0.03413492,0.264,0.2788314,0.4099362,2.8,0,0.5761123,47.39999,0,0,0,0,1.305398,0.8882393,0.6804355
3.642792,0,92,-0.1357563,0.1031225,0.03413492,0.264,0.2788314,0.4099362,2.8,0,0.5761123,47.39999,0,0,0,0,1.305398,0.8882393,0.6804355
3.645054,0,92,-0.1357563,0.1031225,0.03413492,0.264,0.2788314,0.4099362,2.8,0,0.5761123,47.39999,0,0,0,0,1.305398,0.8882393,0.6804355
3.647442,0,92,-0.1357563,0.1031225,0.03413492,0.264,0.2788314,0.4099362,2.8,0,0.5761123,47.39999,0,0,0,0,1.305398,0.8882393,0.6804355
3.649372,0,92,-0.1357563,0.1031225,0.03413492,0.264,0.2788314,0.4099362,2.8,0,0.5761123,47.39999,0,0,0,0,1.305398,0.8882393,0.6804355
3.651497,0,92,-0.1357563,0.1031225,0.03413492,0.264,0.2788314,0.4099362,2.8,0,0.5761123,47.39999,0,0,0,0,1.305398,0.8882393,0.6804355
3.653381,0,92,-0.1357563,0.1031225,0.03413492,0.264,0.2788314,0.4099362,2.8,0,0.5761123,47.39999,0,0,0,0,1.305398,0.8882393,0.6804355
3.655396,0,92,-0.1357563,0.1031225,0.03413492,0.264,0.2788314,0.4099362,2.8,0,0.5761123,47.39999,0,0,0,0,1.305398,0.8882393,0.6804355
3.657764,0,92,-0.1357563,0.1031225,0.03413492,0.264,0.2788314,0.4099362,2.8,0,0.5761123,47.39999,0,0,0,0,1.305398,0.8882393,0.6804355
3.660275,0,92,-0.1357563,0.1031225,0.03413492,0.264,0.2788314,0.4099362,2.8,0,0.5761123,47.39999,0,0,0,0,1.305398,0.8882393,0.6804355
3.662796,0,92,-0.1357563,0.1031225,0.03413492,0.264,0.2788314,0.4099362,2.8,0,0.5761123,47.39999,0,0,0,0,1.305398,0.8882393,0.6804355
3.664867,0,92,-0.1357563,0.1031225,0.03413492,0.264,0.2788314,0.4099362,2.8,0,0.5761123,47.39999,0,0,0,0,1.305398,0.8882393,0.6804355
3.666878,0,92,-0.1357563,0.1031225,0.03413492,0.264,0.2788314,0.4099362,2.8,0,0.5761123,47.39999,0,0,0,0,1.305398,0.8882393,0.6804355
3.668774,0,92,-0.1357563,0.1031225,0.03413492,0.264,0.2788314,0.4099362,2.8,0,0.5761123,47.39999,0,0,0,0,1.305398,0.8882393,0.6804355
3.670925,0,92,-0.1357563,0.1031225,0.03413492,0.264,0.2788314,0.4099362,2.8,0,0.5761123,47.39999,0,0,0,0,1.305398,0.8882393,0.6804355
3.673584,0,92,-0.1357563,0.1031225,0.03413492,0.264,0.2788314,0.4099362,2.8,0,0.5761123,47.39999,0,0,0,0,1.305398,0.8882393,0.6804355
3.67548,0,92,-0.1357563,0.1031225,0.03413492,0.264,0.2788314,0.4099362,2.8,0,0.5761123,47.39999,0,0,0,0,1.305398,0.8882393,0.6804355
3.6782,0,92,-0.1357563,0.1031225,0.03413492,0.264,0.2788314,0.4099362,2.8,0,0.5761123,47.39999,0,0,0,0,1.305398,0.8882393,0.6804355
3.680824,0,92,-0.1357563,0.1031225,0.03413492,0.264,0.2788314,0.4099362,2.8,0,0.5761123,47.39999,0,0,0,0,1.305398,0.8882393,0.6804355
3.682835,0,92,-0.1357563,0.1031225,0.03413492,0.264,0.2788314,0.4099362,2.8,0,0.5761123,47.39999,0,0,0,0,1.305398,0.8882393,0.6804355
3.684788,0,92,-0.1357563,0.1031225,0.03413492,0.264,0.2788314,0.4099362,2.8,0,0.5761123,47.39999,0,0,0,0,1.305398,0.8882393,0.6804355
3.687222,0,92,-0.1357563,0.1031225,0.03413492,0.264,0.2788314,0.4099362,2.8,0,0.5761123,47.39999,0,0,0,0,1.305398,0.8882393,0.6804355
3.689693,0,92,-0.1357563,0.1031225,0.03413492,0.264,0.2788314,0.4099362,2.8,0,0.5761123,47.39999,0,0,0,0,1.305398,0.8882393,0.6804355
3.691795,0,92,-0.1357563,0.1031225,0.03413492,0.264,0.2788314,0.4099362,2.8,0,0.5761123,47.39999,0,0,0,0,1.305398,0.8882393,0.6804355
3.694782,0,92,-0.1357563,0.1031225,0.03413492,0.264,0.2788314,0.4099362,2.8,0,0.5761123,47.39999,0,0,0,0,1.305398,0.8882393,0.6804355
3.697121,0,92,-0.1357563,0.1031225,0.03413492,0.264,0.2788314,0.4099362,2.8,0,0.5761123,47.39999,0,0,0,0,1.305398,0.8882393,0.6804355
3.699169,0,92,-0.1357563,0.1031225,0.03413492,0.264,0.2788314,0.4099362,2.8,0,0.5761123,47.39999,0,0,0,0,1.305398,0.8882393,0.6804355
3.701408,0,92,-0.1357563,0.1031225,0.03413492,0.264,0.2788314,0.4099362,2.8,0,0.5761123,47.39999,0,0,0,0,1.305398,0.8882393,0.6804355
3.703712,0,92,-0.1357563,0.1031225,0.03413492,0.264,0.2788314,0.4099362,2.8,0,0.5761123,47.39999,0,0,0,0,1.305398,0.8882393,0.6804355
3.705566,0,92,-0.1357563,0.1031225,0.03413492,0.264,0.2788314,0.4099362,2.8,0,0.5761123,47.39999,0,0,0,0,1.305398,0.8882393,0.6804355
3.707451,0,92,-0.1357563,0.1031225,0.03413492,0.264,0.2788314,0.4099362,2.8,0,0.5761123,47.39999,0,0,0,0,1.305398,0.8882393,0.6804355
3.709957,0,92,-0.1357563,0.1031225,0.03413492,0.264,0.2788314,0.4099362,2.8,0,0.5761123,47.39999,0,0,0,0,1.305398,0.8882393,0.6804355
3.712292,0,92,-0.1357563,0.1031225,0.03413492,0.264,0.2788314,0.4099362,2.8,0,0.5761123,47.39999,0,0,0,0,1.305398,0.8882393,0.6804355
3.714588,0,92,-0.1357563,0.1031225,0.03413492,0.264,0.2788314,0.4099362,2.8,0,0.5761123,47.39999,0,0,0,0,1.305398,0.8882393,0.6804355
3.71674,0,92,-0.1357563,0.1031225,0.03413492,0.264,0.2788314,0.4099362,2.8,0,0.5761123,47.39999,0,0,0,0,1.305398,0.8882393,0.6804355
3.719379,0,92,-0.1357563,0.1031225,0.03413492,0.264,0.2788314,0.4099362,2.8,0,0.5761123,47.39999,0,0,0,0,1.305398,0.8882393,0.6804355
3.72163,0,92,-0.1357563,0.1031225,0.03413492,0.264,0.2788314,0.4099362,2.8,0,0.5761123,47.39999,0,0,0,0,1.305398,0.8882393,0.6804355
3.723598,0,92,-0.1357563,0.1031225,0.03413492,0.264,0.2788314,0.4099362,2.8,0,0.5761123,47.39999,0,0,0,0,1.305398,0.8882393,0.6804355
3.725983,0,92,-0.1357563,0.1031225,0.03413492,0.264,0.2788314,0.4099362,2.8,0,0.5761123,47.39999,0,0,0,0,1.305398,0.8882393,0.6804355
3.728306,0,92,-0.1357563,0.1031225,0.03413492,0.264,0.2788314,0.4099362,2.8,0,0.5761123,47.39999,0,0,0,0,1.305398,0.8882393,0.6804355
3.730488,0,92,-0.1357563,0.1031225,0.03413492,0.264,0.2788314,0.4099362,2.8,0,0.5761123,47.39999,0,0,0,0,1.305398,0.8882393,0.6804355
3.732471,0,92,-0.1357563,0.1031225,0.03413492,0.264,0.2788314,0.4099362,2.8,0,0.5761123,47.39999,0,0,0,0,1.305398,0.8882393,0.6804355
3.734787,0,92,-0.1357563,0.1031225,0.03413492,0.264,0.2788314,0.4099362,2.8,0,0.5761123,47.39999,0,0,0,0,1.305398,0.8882393,0.6804355
3.736645,0,92,-0.1357563,0.1031225,0.03413492,0.264,0.2788314,0.4099362,2.8,0,0.5761123,47.39999,0,0,0,0,1.305398,0.8882393,0.6804355
3.738503,0,92,-0.1357563,0.1031225,0.03413492,0.264,0.2788314,0.4099362,2.8,0,0.5761123,47.39999,0,0,0,0,1.305398,0.8882393,0.6804355
3.740791,0,92,-0.1357563,0.1031225,0.03413492,0.264,0.2788314,0.4099362,2.8,0,0.5761123,47.39999,0,0,0,0,1.305398,0.8882393,0.6804355
3.743443,0,92,-0.1357563,0.1031225,0.03413492,0.264,0.2788314,0.4099362,2.8,0,0.5761123,47.39999,0,0,0,0,1.305398,0.8882393,0.6804355
3.746162,0,92,-0.1357563,0.1031225,0.03413492,0.264,0.2788314,0.4099362,2.8,0,0.5761123,47.39999,0,0,0,0,1.305398,0.8882393,0.6804355
3.748405,0,92,-0.1357563,0.1031225,0.03413492,0.264,0.2788314,0.4099362,2.8,0,0.5761123,47.39999,0,0,0,0,1.305398,0.8882393,0.6804355
3.750782,0,92,-0.1357563,0.1031225,0.03413492,0.264,0.2788314,0.4099362,2.8,0,0.5761123,47.39999,0,0,0,0,1.305398,0.8882393,0.6804355
3.752705,0,92,-0.1357563,0.1031225,0.03413492,0.264,0.2788314,0.4099362,2.8,0,0.5761123,47.39999,0,0,0,0,1.305398,0.8882393,0.6804355
3.75457,0,92,-0.1357563,0.1031225,0.03413492,0.264,0.2788314,0.4099362,2.8,0,0.5761123,47.39999,0,0,0,0,1.305398,0.8882393,0.6804355
3.756493,0,92,-0.1357563,0.1031225,0.03413492,0.264,0.2788314,0.4099362,2.8,0,0.5761123,47.39999,0,0,0,0,1.305398,0.8882393,0.6804355
3.758419,0,92,-0.1357563,0.1031225,0.03413492,0.264,0.2788314,0.4099362,2.8,0,0.5761123,47.39999,0,0,0,0,1.305398,0.8882393,0.6804355
3.76096,0,92,-0.1357563,0.1031225,0.03413492,0.264,0.2788314,0.4099362,2.8,0,0.5761123,47.39999,0,0,0,0,1.305398,0.8882393,0.6804355
3.763172,0,92,-0.1357563,0.1031225,0.03413492,0.264,0.2788314,0.4099362,2.8,0,0.5761123,47.39999,0,0,0,0,1.305398,0.8882393,0.6804355
3.765461,0,92,-0.1357563,0.1031225,0.03413492,0.264,0.2788314,0.4099362,2.8,0,0.5761123,47.39999,0,0,0,0,1.305398,0.8882393,0.6804355
3.767696,0,92,-0.1357563,0.1031225,0.03413492,0.264,0.2788314,0.4099362,2.8,0,0.5761123,47.39999,0,0,0,0,1.305398,0.8882393,0.6804355
3.769695,0,92,-0.1357563,0.1031225,0.03413492,0.264,0.2788314,0.4099362,2.8,0,0.5761123,47.39999,0,0,0,0,1.305398,0.8882393,0.6804355
3.771576,0,92,-0.1357563,0.1031225,0.03413492,0.264,0.2788314,0.4099362,2.8,0,0.5761123,47.39999,0,0,0,0,1.305398,0.8882393,0.6804355
3.773579,0,92,-0.1357563,0.1031225,0.03413492,0.264,0.2788314,0.4099362,2.8,0,0.5761123,47.39999,0,0,0,0,1.305398,0.8882393,0.6804355
3.775497,0,92,-0.1357563,0.1031225,0.03413492,0.264,0.2788314,0.4099362,2.8,0,0.5761123,47.39999,0,0,0,0,1.305398,0.8882393,0.6804355
3.778542,0,92,-0.1357563,0.1031225,0.03413492,0.264,0.2788314,0.4099362,2.8,0,0.5761123,47.39999,0,0,0,0,1.305398,0.8882393,0.6804355
3.782616,0,92,-0.1357563,0.1031225,0.03413492,0.264,0.2788314,0.4099362,2.8,0,0.5761123,47.39999,0,0,0,0,1.305398,0.8882393,0.6804355
3.784542,0,92,-0.1357563,0.1031225,0.03413492,0.264,0.2788314,0.4099362,2.8,0,0.5761123,47.39999,0,0,0,0,1.305398,0.8882393,0.6804355
3.786701,0,92,-0.1357563,0.1031225,0.03413492,0.264,0.2788314,0.4099362,2.8,0,0.5761123,47.39999,0,0,0,0,1.305398,0.8882393,0.6804355
3.788635,0,92,-0.1357563,0.1031225,0.03413492,0.264,0.2788314,0.4099362,2.8,0,0.5761123,47.39999,0,0,0,0,1.305398,0.8882393,0.6804355
3.790508,0,92,-0.1357563,0.1031225,0.03413492,0.264,0.2788314,0.4099362,2.8,0,0.5761123,47.39999,0,0,0,0,1.305398,0.8882393,0.6804355
3.792858,0,92,-0.1357563,0.1031225,0.03413492,0.264,0.2788314,0.4099362,2.8,0,0.5761123,47.39999,0,0,0,0,1.305398,0.8882393,0.6804355
3.795105,0,92,-0.1357563,0.1031225,0.03413492,0.264,0.2788314,0.4099362,2.8,0,0.5761123,47.39999,0,0,0,0,1.305398,0.8882393,0.6804355
3.797619,0,92,-0.1357563,0.1031225,0.03413492,0.264,0.2788314,0.4099362,2.8,0,0.5761123,47.39999,0,0,0,0,1.305398,0.8882393,0.6804355
3.799496,0,92,-0.1357563,0.1031225,0.03413492,0.264,0.2788314,0.4099362,2.8,0,0.5761123,47.39999,0,0,0,0,1.305398,0.8882393,0.6804355
3.801796,0,92,-0.1357563,0.1031225,0.03413492,0.264,0.2788314,0.4099362,2.8,0,0.5761123,47.39999,0,0,0,0,1.305398,0.8882393,0.6804355
3.803791,0,92,-0.1357563,0.1031225,0.03413492,0.264,0.2788314,0.4099362,2.8,0,0.5761123,47.39999,0,0,0,0,1.305398,0.8882393,0.6804355
3.805672,0,92,-0.1357563,0.1031225,0.03413492,0.264,0.2788314,0.4099362,2.8,0,0.5761123,47.39999,0,0,0,0,1.305398,0.8882393,0.6804355
3.807693,0,92,-0.1357563,0.1031225,0.03413492,0.264,0.2788314,0.4099362,2.8,0,0.5761123,47.39999,0,0,0,0,1.305398,0.8882393,0.6804355
3.810139,0,92,-0.1357563,0.1031225,0.03413492,0.264,0.2788314,0.4099362,2.8,0,0.5761123,47.39999,0,0,0,0,1.305398,0.8882393,0.6804355
3.812717,0,92,-0.1357563,0.1031225,0.03413492,0.264,0.2788314,0.4099362,2.8,0,0.5761123,47.39999,0,0,0,0,1.305398,0.8882393,0.6804355
3.814816,0,92,-0.1357563,0.1031225,0.03413492,0.264,0.2788314,0.4099362,2.8,0,0.5761123,47.39999,0,0,0,0,1.305398,0.8882393,0.6804355
3.816742,0,92,-0.1357563,0.1031225,0.03413492,0.264,0.2788314,0.4099362,2.8,0,0.5761123,47.39999,0,0,0,0,1.305398,0.8882393,0.6804355
3.818714,0,92,-0.1357563,0.1031225,0.03413492,0.264,0.2788314,0.4099362,2.8,0,0.5761123,47.39999,0,0,0,0,1.305398,0.8882393,0.6804355
3.821182,0,92,-0.1357563,0.1031225,0.03413492,0.264,0.2788314,0.4099362,2.8,0,0.5761123,47.39999,0,0,0,0,1.305398,0.8882393,0.6804355
3.823174,0,92,-0.1357563,0.1031225,0.03413492,0.264,0.2788314,0.4099362,2.8,0,0.5761123,47.39999,0,0,0,0,1.305398,0.8882393,0.6804355
3.825138,0,92,-0.1357563,0.1031225,0.03413492,0.264,0.2788314,0.4099362,2.8,0,0.5761123,47.39999,0,0,0,0,1.305398,0.8882393,0.6804355
3.828106,0,92,-0.1357563,0.1031225,0.03413492,0.264,0.2788314,0.4099362,2.8,0,0.5761123,47.39999,0,0,0,0,1.305398,0.8882393,0.6804355
3.830544,0,92,-0.1357563,0.1031225,0.03413492,0.264,0.2788314,0.4099362,2.8,0,0.5761123,47.39999,0,0,0,0,1.305398,0.8882393,0.6804355
3.83271,0,92,-0.1357563,0.1031225,0.03413492,0.264,0.2788314,0.4099362,2.8,0,0.5761123,47.39999,0,0,0,0,1.305398,0.8882393,0.6804355
3.83469,0,92,-0.1357563,0.1031225,0.03413492,0.264,0.2788314,0.4099362,2.8,0,0.5761123,47.39999,0,0,0,0,1.305398,0.8882393,0.6804355
3.836643,0,92,-0.1357563,0.1031225,0.03413492,0.264,0.2788314,0.4099362,2.8,0,0.5761123,47.39999,0,0,0,0,1.305398,0.8882393,0.6804355
3.838604,0,92,-0.1357563,0.1031225,0.03413492,0.264,0.2788314,0.4099362,2.8,0,0.5761123,47.39999,0,0,0,0,1.305398,0.8882393,0.6804355
3.84074,0,92,-0.1357563,0.1031225,0.03413492,0.264,0.2788314,0.4099362,2.8,0,0.5761123,47.39999,0,0,0,0,1.305398,0.8882393,0.6804355
3.843086,0,92,-0.1357563,0.1031225,0.03413492,0.264,0.2788314,0.4099362,2.8,0,0.5761123,47.39999,0,0,0,0,1.305398,0.8882393,0.6804355
3.846024,0,92,-0.1357563,0.1031225,0.03413492,0.264,0.2788314,0.4099362,2.8,0,0.5761123,47.39999,0,0,0,0,1.305398,0.8882393,0.6804355
3.848286,0,92,-0.1357563,0.1031225,0.03413492,0.264,0.2788314,0.4099362,2.8,0,0.5761123,47.39999,0,0,0,0,1.305398,0.8882393,0.6804355
3.850193,0,92,-0.1357563,0.1031225,0.03413492,0.264,0.2788314,0.4099362,2.8,0,0.5761123,47.39999,0,0,0,0,1.305398,0.8882393,0.6804355
3.852207,0,92,-0.1357563,0.1031225,0.03413492,0.264,0.2788314,0.4099362,2.8,0,0.5761123,47.39999,0,0,0,0,1.305398,0.8882393,0.6804355
3.854065,0,92,-0.1357563,0.1031225,0.03413492,0.264,0.2788314,0.4099362,2.8,0,0.5761123,47.39999,0,0,0,0,1.305398,0.8882393,0.6804355
3.856056,0,92,-0.1357563,0.1031225,0.03413492,0.264,0.2788314,0.4099362,2.8,0,0.5761123,47.39999,0,0,0,0,1.305398,0.8882393,0.6804355
3.857975,0,92,-0.1357563,0.1031225,0.03413492,0.264,0.2788314,0.4099362,2.8,0,0.5761123,47.39999,0,0,0,0,1.305398,0.8882393,0.6804355
3.861134,0,92,-0.1357563,0.1031225,0.03413492,0.264,0.2788314,0.4099362,2.8,0,0.5761123,47.39999,0,0,0,0,1.305398,0.8882393,0.6804355
3.864288,0,92,-0.1357563,0.1031225,0.03413492,0.264,0.2788314,0.4099362,2.8,0,0.5761123,47.39999,0,0,0,0,1.305398,0.8882393,0.6804355
3.866566,0,92,-0.1357563,0.1031225,0.03413492,0.264,0.2788314,0.4099362,2.8,0,0.5761123,47.39999,0,0,0,0,1.305398,0.8882393,0.6804355
3.868614,0,92,-0.1357563,0.1031225,0.03413492,0.264,0.2788314,0.4099362,2.8,0,0.5761123,47.39999,0,0,0,0,1.305398,0.8882393,0.6804355
3.870579,0,92,-0.1357563,0.1031225,0.03413492,0.264,0.2788314,0.4099362,2.8,0,0.5761123,47.39999,0,0,0,0,1.305398,0.8882393,0.6804355
3.872604,0,92,-0.1357563,0.1031225,0.03413492,0.264,0.2788314,0.4099362,2.8,0,0.5761123,47.39999,0,0,0,0,1.305398,0.8882393,0.6804355
3.874706,0,92,-0.1357563,0.1031225,0.03413492,0.264,0.2788314,0.4099362,2.8,0,0.5761123,47.39999,0,0,0,0,1.305398,0.8882393,0.6804355
3.877193,0,92,-0.1357563,0.1031225,0.03413492,0.264,0.2788314,0.4099362,2.8,0,0.5761123,47.39999,0,0,0,0,1.305398,0.8882393,0.6804355
3.879322,0,92,-0.1357563,0.1031225,0.03413492,0.264,0.2788314,0.4099362,2.8,0,0.5761123,47.39999,0,0,0,0,1.305398,0.8882393,0.6804355
3.881981,0,92,-0.1357563,0.1031225,0.03413492,0.264,0.2788314,0.4099362,2.8,0,0.5761123,47.39999,0,0,0,0,1.305398,0.8882393,0.6804355
3.884129,0,92,-0.1357563,0.1031225,0.03413492,0.264,0.2788314,0.4099362,2.8,0,0.5761123,47.39999,0,0,0,0,1.305398,0.8882393,0.6804355
3.886089,0,92,-0.1357563,0.1031225,0.03413492,0.264,0.2788314,0.4099362,2.8,0,0.5761123,47.39999,0,0,0,0,1.305398,0.8882393,0.6804355
3.887955,0,92,-0.1357563,0.1031225,0.03413492,0.264,0.2788314,0.4099362,2.8,0,0.5761123,47.39999,0,0,0,0,1.305398,0.8882393,0.6804355
3.890266,0,92,-0.1357563,0.1031225,0.03413492,0.264,0.2788314,0.4099362,2.8,0,0.5761123,47.39999,0,0,0,0,1.305398,0.8882393,0.6804355
3.892517,0,92,-0.1357563,0.1031225,0.03413492,0.264,0.2788314,0.4099362,2.8,0,0.5761123,47.39999,0,0,0,0,1.305398,0.8882393,0.6804355
3.894817,0,92,-0.1357563,0.1031225,0.03413492,0.264,0.2788314,0.4099362,2.8,0,0.5761123,47.39999,0,0,0,0,1.305398,0.8882393,0.6804355
3.897038,0,92,-0.1357563,0.1031225,0.03413492,0.264,0.2788314,0.4099362,2.8,0,0.5761123,47.39999,0,0,0,0,1.305398,0.8882393,0.6804355
3.899151,0,92,-0.1357563,0.1031225,0.03413492,0.264,0.2788314,0.4099362,2.8,0,0.5761123,47.39999,0,0,0,0,1.305398,0.8882393,0.6804355
3.901371,0,92,-0.1357563,0.1031225,0.03413492,0.264,0.2788314,0.4099362,2.8,0,0.5761123,47.39999,0,0,0,0,1.305398,0.8882393,0.6804355
3.903309,0,92,-0.1357563,0.1031225,0.03413492,0.264,0.2788314,0.4099362,2.8,0,0.5761123,47.39999,0,0,0,0,1.305398,0.8882393,0.6804355
3.905243,0,92,-0.1357563,0.1031225,0.03413492,0.264,0.2788314,0.4099362,2.8,0,0.5761123,47.39999,0,0,0,0,1.305398,0.8882393,0.6804355
3.907799,0,92,-0.1357563,0.1031225,0.03413492,0.264,0.2788314,0.4099362,2.8,0,0.5761123,47.39999,0,0,0,0,1.305398,0.8882393,0.6804355
3.910332,0,92,-0.1357563,0.1031225,0.03413492,0.264,0.2788314,0.4099362,2.8,0,0.5761123,47.39999,0,0,0,0,1.305398,0.8882393,0.6804355
3.913258,0,92,-0.1357563,0.1031225,0.03413492,0.264,0.2788314,0.4099362,2.8,0,0.5761123,47.39999,0,0,0,0,1.305398,0.8882393,0.6804355
3.915245,0,92,-0.1357563,0.1031225,0.03413492,0.264,0.2788314,0.4099362,2.8,0,0.5761123,47.39999,0,0,0,0,1.305398,0.8882393,0.6804355
3.917126,0,92,-0.1357563,0.1031225,0.03413492,0.264,0.2788314,0.4099362,2.8,0,0.5761123,47.39999,0,0,0,0,1.305398,0.8882393,0.6804355
3.919044,0,92,-0.1357563,0.1031225,0.03413492,0.264,0.2788314,0.4099362,2.8,0,0.5761123,47.39999,0,0,0,0,1.305398,0.8882393,0.6804355
3.921471,0,92,-0.1357563,0.1031225,0.03413492,0.264,0.2788314,0.4099362,2.8,0,0.5761123,47.39999,0,0,0,0,1.305398,0.8882393,0.6804355
3.923363,0,92,-0.1357563,0.1031225,0.03413492,0.264,0.2788314,0.4099362,2.8,0,0.5761123,47.39999,0,0,0,0,1.305398,0.8882393,0.6804355
3.925301,0,92,-0.1357563,0.1031225,0.03413492,0.264,0.2788314,0.4099362,2.8,0,0.5761123,47.39999,0,0,0,0,1.305398,0.8882393,0.6804355
3.928036,0,92,-0.1357563,0.1031225,0.03413492,0.264,0.2788314,0.4099362,2.8,0,0.5761123,47.39999,0,0,0,0,1.305398,0.8882393,0.6804355
3.930798,0,92,-0.1357563,0.1031225,0.03413492,0.264,0.2788314,0.4099362,2.8,0,0.5761123,47.39999,0,0,0,0,1.305398,0.8882393,0.6804355
3.932785,0,92,-0.1357563,0.1031225,0.03413492,0.264,0.2788314,0.4099362,2.8,0,0.5761123,47.39999,0,0,0,0,1.305398,0.8882393,0.6804355
3.934731,0,92,-0.1357563,0.1031225,0.03413492,0.264,0.2788314,0.4099362,2.8,0,0.5761123,47.39999,0,0,0,0,1.305398,0.8882393,0.6804355
3.936829,0,92,-0.1357563,0.1031225,0.03413492,0.264,0.2788314,0.4099362,2.8,0,0.5761123,47.39999,0,0,0,0,1.305398,0.8882393,0.6804355
3.939251,0,92,-0.1357563,0.1031225,0.03413492,0.264,0.2788314,0.4099362,2.8,0,0.5761123,47.39999,0,0,0,0,1.305398,0.8882393,0.6804355
3.941509,0,92,-0.1357563,0.1031225,0.03413492,0.264,0.2788314,0.4099362,2.8,0,0.5761123,47.39999,0,0,0,0,1.305398,0.8882393,0.6804355
3.944199,0,92,-0.1357563,0.1031225,0.03413492,0.264,0.2788314,0.4099362,2.8,0,0.5761123,47.39999,0,0,0,0,1.305398,0.8882393,0.6804355
3.946663,0,92,-0.1357563,0.1031225,0.03413492,0.264,0.2788314,0.4099362,2.8,0,0.5761123,47.39999,0,0,0,0,1.305398,0.8882393,0.6804355
3.948639,0,92,-0.1357563,0.1031225,0.03413492,0.264,0.2788314,0.4099362,2.8,0,0.5761123,47.39999,0,0,0,0,1.305398,0.8882393,0.6804355
3.950676,0,92,-0.1357563,0.1031225,0.03413492,0.264,0.2788314,0.4099362,2.8,0,0.5761123,47.39999,0,0,0,0,1.305398,0.8882393,0.6804355
3.95277,0,92,-0.1357563,0.1031225,0.03413492,0.264,0.2788314,0.4099362,2.8,0,0.5761123,47.39999,0,0,0,0,1.305398,0.8882393,0.6804355
3.954781,0,92,-0.1357563,0.1031225,0.03413492,0.264,0.2788314,0.4099362,2.8,0,0.5761123,47.39999,0,0,0,0,1.305398,0.8882393,0.6804355
3.956593,0,92,-0.1357563,0.1031225,0.03413492,0.264,0.2788314,0.4099362,2.8,0,0.5761123,47.39999,0,0,0,0,1.305398,0.8882393,0.6804355
3.958679,0,92,-0.1357563,0.1031225,0.03413492,0.264,0.2788314,0.4099362,2.8,0,0.5761123,47.39999,0,0,0,0,1.305398,0.8882393,0.6804355
3.961807,0,92,-0.1357563,0.1031225,0.03413492,0.264,0.2788314,0.4099362,2.8,0,0.5761123,47.39999,0,0,0,0,1.305398,0.8882393,0.6804355
3.964813,0,92,-0.1357563,0.1031225,0.03413492,0.264,0.2788314,0.4099362,2.8,0,0.5761123,47.39999,0,0,0,0,1.305398,0.8882393,0.6804355
3.966862,0,92,-0.1357563,0.1031225,0.03413492,0.264,0.2788314,0.4099362,2.8,0,0.5761123,47.39999,0,0,0,0,1.305398,0.8882393,0.6804355
3.96946,0,92,-0.1357563,0.1031225,0.03413492,0.264,0.2788314,0.4099362,2.8,0,0.5761123,47.39999,0,0,0,0,1.305398,0.8882393,0.6804355
3.971432,0,92,-0.1357563,0.1031225,0.03413492,0.264,0.2788314,0.4099362,2.8,0,0.5761123,47.39999,0,0,0,0,1.305398,0.8882393,0.6804355
3.973309,0,92,-0.1357563,0.1031225,0.03413492,0.264,0.2788314,0.4099362,2.8,0,0.5761123,47.39999,0,0,0,0,1.305398,0.8882393,0.6804355
3.97514,0,92,-0.1357563,0.1031225,0.03413492,0.264,0.2788314,0.4099362,2.8,0,0.5761123,47.39999,0,0,0,0,1.305398,0.8882393,0.6804355
3.977913,0,92,-0.1357563,0.1031225,0.03413492,0.264,0.2788314,0.4099362,2.8,0,0.5761123,47.39999,0,0,0,0,1.305398,0.8882393,0.6804355
3.980503,0,92,-0.1357563,0.1031225,0.03413492,0.264,0.2788314,0.4099362,2.8,0,0.5761123,47.39999,0,0,0,0,1.305398,0.8882393,0.6804355
3.983006,0,92,-0.1357563,0.1031225,0.03413492,0.264,0.2788314,0.4099362,2.8,0,0.5761123,47.39999,0,0,0,0,1.305398,0.8882393,0.6804355
3.985359,0,92,-0.1357563,0.1031225,0.03413492,0.264,0.2788314,0.4099362,2.8,0,0.5761123,47.39999,0,0,0,0,1.305398,0.8882393,0.6804355
3.98753,0,92,-0.1357563,0.1031225,0.03413492,0.264,0.2788314,0.4099362,2.8,0,0.5761123,47.39999,0,0,0,0,1.305398,0.8882393,0.6804355
3.989529,0,92,-0.1357563,0.1031225,0.03413492,0.264,0.2788314,0.4099362,2.8,0,0.5761123,47.39999,0,0,0,0,1.305398,0.8882393,0.6804355
3.991871,0,92,-0.1357563,0.1031225,0.03413492,0.264,0.2788314,0.4099362,2.8,0,0.5761123,47.39999,0,0,0,0,1.305398,0.8882393,0.6804355
3.994324,0,92,-0.1357563,0.1031225,0.03413492,0.264,0.2788314,0.4099362,2.8,0,0.5761123,47.39999,0,0,0,0,1.305398,0.8882393,0.6804355
3.996605,0,92,-0.1357563,0.1031225,0.03413492,0.264,0.2788314,0.4099362,2.8,0,0.5761123,47.39999,0,0,0,0,1.305398,0.8882393,0.6804355
3.998737,0,92,-0.1357563,0.1031225,0.03413492,0.264,0.2788314,0.4099362,2.8,0,0.5761123,47.39999,0,0,0,0,1.305398,0.8882393,0.6804355
4.001076,0,92,-0.1357563,0.1031225,0.03413492,0.264,0.2788314,0.4099362,2.8,0,0.5761123,47.39999,0,0,0,0,1.305398,0.8882393,0.6804355
4.003048,0,92,-0.1357563,0.1031225,0.03413492,0.264,0.2788314,0.4099362,2.8,0,0.5761123,47.39999,0,0,0,0,1.305398,0.8882393,0.6804355
4.004917,0,92,-0.1357563,0.1031225,0.03413492,0.264,0.2788314,0.4099362,2.8,0,0.5761123,47.39999,0,0,0,0,1.305398,0.8882393,0.6804355
4.00705,0,92,-0.1357563,0.1031225,0.03413492,0.264,0.2788314,0.4099362,2.8,0,0.5761123,47.39999,0,0,0,0,1.305398,0.8882393,0.6804355
4.009697,0,92,-0.1357563,0.1031225,0.03413492,0.264,0.2788314,0.4099362,2.8,0,0.5761123,47.39999,0,0,0,0,1.305398,0.8882393,0.6804355
4.012196,0,92,-0.1357563,0.1031225,0.03413492,0.264,0.2788314,0.4099362,2.8,0,0.5761123,47.39999,0,0,0,0,1.305398,0.8882393,0.6804355
4.014721,0,92,-0.1357563,0.1031225,0.03413492,0.264,0.2788314,0.4099362,2.8,0,0.5761123,47.39999,0,0,0,0,1.305398,0.8882393,0.6804355
4.017681,0,92,-0.1357563,0.1031225,0.03413492,0.264,0.2788314,0.4099362,2.8,0,0.5761123,47.39999,0,0,0,0,1.305398,0.8882393,0.6804355
4.020107,0,92,-0.1357563,0.1031225,0.03413492,0.264,0.2788314,0.4099362,2.8,0,0.5761123,47.39999,0,0,0,0,1.305398,0.8882393,0.6804355
4.022518,0,92,-0.1357563,0.1031225,0.03413492,0.264,0.2788314,0.4099362,2.8,0,0.5761123,47.39999,0,0,0,0,1.305398,0.8882393,0.6804355
4.024483,0,92,-0.1357563,0.1031225,0.03413492,0.264,0.2788314,0.4099362,2.8,0,0.5761123,47.39999,0,0,0,0,1.305398,0.8882393,0.6804355
4.026802,0,92,-0.1357563,0.1031225,0.03413492,0.264,0.2788314,0.4099362,2.8,0,0.5761123,47.39999,0,0,0,0,1.305398,0.8882393,0.6804355
4.030014,0,92,-0.1357563,0.1031225,0.03413492,0.264,0.2788314,0.4099362,2.8,0,0.5761123,47.39999,0,0,0,0,1.305398,0.8882393,0.6804355
4.032166,0,92,-0.1357563,0.1031225,0.03413492,0.264,0.2788314,0.4099362,2.8,0,0.5761123,47.39999,0,0,0,0,1.305398,0.8882393,0.6804355
4.034115,0,92,-0.1357563,0.1031225,0.03413492,0.264,0.2788314,0.4099362,2.8,0,0.5761123,47.39999,0,0,0,0,1.305398,0.8882393,0.6804355
4.03611,0,92,-0.1357563,0.1031225,0.03413492,0.264,0.2788314,0.4099362,2.8,0,0.5761123,47.39999,0,0,0,0,1.305398,0.8882393,0.6804355
4.038059,0,92,-0.1357563,0.1031225,0.03413492,0.264,0.2788314,0.4099362,2.8,0,0.5761123,47.39999,0,0,0,0,1.305398,0.8882393,0.6804355
4.040127,0,92,-0.1357563,0.1031225,0.03413492,0.264,0.2788314,0.4099362,2.8,0,0.5761123,47.39999,0,0,0,0,1.305398,0.8882393,0.6804355
4.042423,0,92,-0.1357563,0.1031225,0.03413492,0.264,0.2788314,0.4099362,2.8,0,0.5761123,47.39999,0,0,0,0,1.305398,0.8882393,0.6804355
4.044567,0,92,-0.1357563,0.1031225,0.03413492,0.264,0.2788314,0.4099362,2.8,0,0.5761123,47.39999,0,0,0,0,1.305398,0.8882393,0.6804355
4.047535,0,92,-0.1357563,0.1031225,0.03413492,0.264,0.2788314,0.4099362,2.8,0,0.5761123,47.39999,0,0,0,0,1.305398,0.8882393,0.6804355
4.049564,0,92,-0.1357563,0.1031225,0.03413492,0.264,0.2788314,0.4099362,2.8,0,0.5761123,47.39999,0,0,0,0,1.305398,0.8882393,0.6804355
4.051472,0,92,-0.1357563,0.1031225,0.03413492,0.264,0.2788314,0.4099362,2.8,0,0.5761123,47.39999,0,0,0,0,1.305398,0.8882393,0.6804355
4.053268,0,92,-0.1357563,0.1031225,0.03413492,0.264,0.2788314,0.4099362,2.8,0,0.5761123,47.39999,0,0,0,0,1.305398,0.8882393,0.6804355
4.055103,0,92,-0.1357563,0.1031225,0.03413492,0.264,0.2788314,0.4099362,2.8,0,0.5761123,47.39999,0,0,0,0,1.305398,0.8882393,0.6804355
4.056889,0,92,-0.1357563,0.1031225,0.03413492,0.264,0.2788314,0.4099362,2.8,0,0.5761123,47.39999,0,0,0,0,1.305398,0.8882393,0.6804355
4.058762,0,92,-0.1357563,0.1031225,0.03413492,0.264,0.2788314,0.4099362,2.8,0,0.5761123,47.39999,0,0,0,0,1.305398,0.8882393,0.6804355
4.061806,0,92,-0.1357563,0.1031225,0.03413492,0.264,0.2788314,0.4099362,2.8,0,0.5761123,47.39999,0,0,0,0,1.305398,0.8882393,0.6804355
4.064098,0,92,-0.1357563,0.1031225,0.03413492,0.264,0.2788314,0.4099362,2.8,0,0.5761123,47.39999,0,0,0,0,1.305398,0.8882393,0.6804355
4.066212,0,92,-0.1357563,0.1031225,0.03413492,0.264,0.2788314,0.4099362,2.8,0,0.5761123,47.39999,0,0,0,0,1.305398,0.8882393,0.6804355
4.068085,0,92,-0.1357563,0.1031225,0.03413492,0.264,0.2788314,0.4099362,2.8,0,0.5761123,47.39999,0,0,0,0,1.305398,0.8882393,0.6804355
4.069843,0,92,-0.1357563,0.1031225,0.03413492,0.264,0.2788314,0.4099362,2.8,0,0.5761123,47.39999,0,0,0,0,1.305398,0.8882393,0.6804355
4.071678,0,92,-0.1357563,0.1031225,0.03413492,0.264,0.2788314,0.4099362,2.8,0,0.5761123,47.39999,0,0,0,0,1.305398,0.8882393,0.6804355
4.073471,0,92,-0.1357563,0.1031225,0.03413492,0.264,0.2788314,0.4099362,2.8,0,0.5761123,47.39999,0,0,0,0,1.305398,0.8882393,0.6804355
4.075333,0,92,-0.1357563,0.1031225,0.03413492,0.264,0.2788314,0.4099362,2.8,0,0.5761123,47.39999,0,0,0,0,1.305398,0.8882393,0.6804355
4.07803,0,92,-0.1357563,0.1031225,0.03413492,0.264,0.2788314,0.4099362,2.8,0,0.5761123,47.39999,0,0,0,0,1.305398,0.8882393,0.6804355
4.080845,0,92,-0.1357563,0.1031225,0.03413492,0.264,0.2788314,0.4099362,2.8,0,0.5761123,47.39999,0,0,0,0,1.305398,0.8882393,0.6804355
4.083447,0,92,-0.1357563,0.1031225,0.03413492,0.264,0.2788314,0.4099362,2.8,0,0.5761123,47.39999,0,0,0,0,1.305398,0.8882393,0.6804355
4.085484,0,92,-0.1357563,0.1031225,0.03413492,0.264,0.2788314,0.4099362,2.8,0,0.5761123,47.39999,0,0,0,0,1.305398,0.8882393,0.6804355
4.087444,0,92,-0.1357563,0.1031225,0.03413492,0.264,0.2788314,0.4099362,2.8,0,0.5761123,47.39999,0,0,0,0,1.305398,0.8882393,0.6804355
4.089317,0,92,-0.1357563,0.1031225,0.03413492,0.264,0.2788314,0.4099362,2.8,0,0.5761123,47.39999,0,0,0,0,1.305398,0.8882393,0.6804355
4.091187,0,92,-0.1357563,0.1031225,0.03413492,0.264,0.2788314,0.4099362,2.8,0,0.5761123,47.39999,0,0,0,0,1.305398,0.8882393,0.6804355
4.093628,0,92,-0.1357563,0.1031225,0.03413492,0.264,0.2788314,0.4099362,2.8,0,0.5761123,47.39999,0,0,0,0,1.305398,0.8882393,0.6804355
4.095978,0,92,-0.1357563,0.1031225,0.03413492,0.264,0.2788314,0.4099362,2.8,0,0.5761123,47.39999,0,0,0,0,1.305398,0.8882393,0.6804355
4.097984,0,92,-0.1357563,0.1031225,0.03413492,0.264,0.2788314,0.4099362,2.8,0,0.5761123,47.39999,0,0,0,0,1.305398,0.8882393,0.6804355
4.099827,0,92,-0.1357563,0.1031225,0.03413492,0.264,0.2788314,0.4099362,2.8,0,0.5761123,47.39999,0,0,0,0,1.305398,0.8882393,0.6804355
4.10215,0,92,-0.1357563,0.1031225,0.03413492,0.264,0.2788314,0.4099362,2.8,0,0.5761123,47.39999,0,0,0,0,1.305398,0.8882393,0.6804355
4.104015,0,92,-0.1357563,0.1031225,0.03413492,0.264,0.2788314,0.4099362,2.8,0,0.5761123,47.39999,0,0,0,0,1.305398,0.8882393,0.6804355
4.106056,0,92,-0.1357563,0.1031225,0.03413492,0.264,0.2788314,0.4099362,2.8,0,0.5761123,47.39999,0,0,0,0,1.305398,0.8882393,0.6804355
4.108143,0,92,-0.1357563,0.1031225,0.03413492,0.264,0.2788314,0.4099362,2.8,0,0.5761123,47.39999,0,0,0,0,1.305398,0.8882393,0.6804355
4.112438,0,92,-0.1357563,0.1031225,0.03413492,0.264,0.2788314,0.4099362,2.8,0,0.5761123,47.39999,0,0,0,0,1.305398,0.8882393,0.6804355
4.115562,0,92,-0.1357563,0.1031225,0.03413492,0.264,0.2788314,0.4099362,2.8,0,0.5761123,47.39999,0,0,0,0,1.305398,0.8882393,0.6804355
4.118069,0,92,-0.1357563,0.1031225,0.03413492,0.264,0.2788314,0.4099362,2.8,0,0.5761123,47.39999,0,0,0,0,1.305398,0.8882393,0.6804355
4.120247,0,92,-0.1357563,0.1031225,0.03413492,0.264,0.2788314,0.4099362,2.8,0,0.5761123,47.39999,0,0,0,0,1.305398,0.8882393,0.6804355
4.122658,0,92,-0.1357563,0.1031225,0.03413492,0.264,0.2788314,0.4099362,2.8,0,0.5761123,47.39999,0,0,0,0,1.305398,0.8882393,0.6804355
4.125259,0,92,-0.1357563,0.1031225,0.03413492,0.264,0.2788314,0.4099362,2.8,0,0.5761123,47.39999,0,0,0,0,1.305398,0.8882393,0.6804355
4.128357,0,92,-0.1357563,0.1031225,0.03413492,0.264,0.2788314,0.4099362,2.8,0,0.5761123,47.39999,0,0,0,0,1.305398,0.8882393,0.6804355
4.131268,0,92,-0.1357563,0.1031225,0.03413492,0.264,0.2788314,0.4099362,2.8,0,0.5761123,47.39999,0,0,0,0,1.305398,0.8882393,0.6804355
4.133648,0,92,-0.1357563,0.1031225,0.03413492,0.264,0.2788314,0.4099362,2.8,0,0.5761123,47.39999,0,0,0,0,1.305398,0.8882393,0.6804355
4.135548,0,92,-0.1357563,0.1031225,0.03413492,0.264,0.2788314,0.4099362,2.8,0,0.5761123,47.39999,0,0,0,0,1.305398,0.8882393,0.6804355
4.137455,0,92,-0.1357563,0.1031225,0.03413492,0.264,0.2788314,0.4099362,2.8,0,0.5761123,47.39999,0,0,0,0,1.305398,0.8882393,0.6804355
4.139698,0,92,-0.1357563,0.1031225,0.03413492,0.264,0.2788314,0.4099362,2.8,0,0.5761123,47.39999,0,0,0,0,1.305398,0.8882393,0.6804355
4.142319,0,92,-0.1357563,0.1031225,0.03413492,0.264,0.2788314,0.4099362,2.8,0,0.5761123,47.39999,0,0,0,0,1.305398,0.8882393,0.6804355
4.144672,0,92,-0.1357563,0.1031225,0.03413492,0.264,0.2788314,0.4099362,2.8,0,0.5761123,47.39999,0,0,0,0,1.305398,0.8882393,0.6804355
4.147438,0,92,-0.1357563,0.1031225,0.03413492,0.264,0.2788314,0.4099362,2.8,0,0.5761123,47.39999,0,0,0,0,1.305398,0.8882393,0.6804355
4.149452,0,92,-0.1357563,0.1031225,0.03413492,0.264,0.2788314,0.4099362,2.8,0,0.5761123,47.39999,0,0,0,0,1.305398,0.8882393,0.6804355
4.151398,0,92,-0.1357563,0.1031225,0.03413492,0.264,0.2788314,0.4099362,2.8,0,0.5761123,47.39999,0,0,0,0,1.305398,0.8882393,0.6804355
4.153305,0,92,-0.1357563,0.1031225,0.03413492,0.264,0.2788314,0.4099362,2.8,0,0.5761123,47.39999,0,0,0,0,1.305398,0.8882393,0.6804355
4.155453,0,92,-0.1357563,0.1031225,0.03413492,0.264,0.2788314,0.4099362,2.8,0,0.5761123,47.39999,0,0,0,0,1.305398,0.8882393,0.6804355
4.15778,0,92,-0.1357563,0.1031225,0.03413492,0.264,0.2788314,0.4099362,2.8,0,0.5761123,47.39999,0,0,0,0,1.305398,0.8882393,0.6804355
4.160286,0,92,-0.1357563,0.1031225,0.03413492,0.264,0.2788314,0.4099362,2.8,0,0.5761123,47.39999,0,0,0,0,1.305398,0.8882393,0.6804355
4.163101,0,92,-0.1357563,0.1031225,0.03413492,0.264,0.2788314,0.4099362,2.8,0,0.5761123,47.39999,0,0,0,0,1.305398,0.8882393,0.6804355
4.165188,0,92,-0.1357563,0.1031225,0.03413492,0.264,0.2788314,0.4099362,2.8,0,0.5761123,47.39999,0,0,0,0,1.305398,0.8882393,0.6804355
4.167385,0,92,-0.1357563,0.1031225,0.03413492,0.264,0.2788314,0.4099362,2.8,0,0.5761123,47.39999,0,0,0,0,1.305398,0.8882393,0.6804355
4.16943,0,92,-0.1357563,0.1031225,0.03413492,0.264,0.2788314,0.4099362,2.8,0,0.5761123,47.39999,0,0,0,0,1.305398,0.8882393,0.6804355
4.171768,0,92,-0.1357563,0.1031225,0.03413492,0.264,0.2788314,0.4099362,2.8,0,0.5761123,47.39999,0,0,0,0,1.305398,0.8882393,0.6804355
4.173664,0,92,-0.1357563,0.1031225,0.03413492,0.264,0.2788314,0.4099362,2.8,0,0.5761123,47.39999,0,0,0,0,1.305398,0.8882393,0.6804355
4.175983,0,92,-0.1357563,0.1031225,0.03413492,0.264,0.2788314,0.4099362,2.8,0,0.5761123,47.39999,0,0,0,0,1.305398,0.8882393,0.6804355
4.178219,0,92,-0.1357563,0.1031225,0.03413492,0.264,0.2788314,0.4099362,2.8,0,0.5761123,47.39999,0,0,0,0,1.305398,0.8882393,0.6804355
4.181042,0,92,-0.1357563,0.1031225,0.03413492,0.264,0.2788314,0.4099362,2.8,0,0.5761123,47.39999,0,0,0,0,1.305398,0.8882393,0.6804355
4.183155,0,92,-0.1357563,0.1031225,0.03413492,0.264,0.2788314,0.4099362,2.8,0,0.5761123,47.39999,0,0,0,0,1.305398,0.8882393,0.6804355
4.185326,0,92,-0.1357563,0.1031225,0.03413492,0.264,0.2788314,0.4099362,2.8,0,0.5761123,47.39999,0,0,0,0,1.305398,0.8882393,0.6804355
4.188206,0,92,-0.1357563,0.1031225,0.03413492,0.264,0.2788314,0.4099362,2.8,0,0.5761123,47.39999,0,0,0,0,1.305398,0.8882393,0.6804355
4.190582,0,92,-0.1357563,0.1031225,0.03413492,0.264,0.2788314,0.4099362,2.8,0,0.5761123,47.39999,0,0,0,0,1.305398,0.8882393,0.6804355
4.192974,0,92,-0.1357563,0.1031225,0.03413492,0.264,0.2788314,0.4099362,2.8,0,0.5761123,47.39999,0,0,0,0,1.305398,0.8882393,0.6804355
4.195618,0,92,-0.1357563,0.1031225,0.03413492,0.264,0.2788314,0.4099362,2.8,0,0.5761123,47.39999,0,0,0,0,1.305398,0.8882393,0.6804355
4.198261,0,92,-0.1357563,0.1031225,0.03413492,0.264,0.2788314,0.4099362,2.8,0,0.5761123,47.39999,0,0,0,0,1.305398,0.8882393,0.6804355
4.200806,0,92,-0.1357563,0.1031225,0.03413492,0.264,0.2788314,0.4099362,2.8,0,0.5761123,47.39999,0,0,0,0,1.305398,0.8882393,0.6804355
4.202847,0,92,-0.1357563,0.1031225,0.03413492,0.264,0.2788314,0.4099362,2.8,0,0.5761123,47.39999,0,0,0,0,1.305398,0.8882393,0.6804355
4.204929,0,92,-0.1357563,0.1031225,0.03413492,0.264,0.2788314,0.4099362,2.8,0,0.5761123,47.39999,0,0,0,0,1.305398,0.8882393,0.6804355
4.207119,0,92,-0.1357563,0.1031225,0.03413492,0.264,0.2788314,0.4099362,2.8,0,0.5761123,47.39999,0,0,0,0,1.305398,0.8882393,0.6804355
4.209316,0,92,-0.1357563,0.1031225,0.03413492,0.264,0.2788314,0.4099362,2.8,0,0.5761123,47.39999,0,0,0,0,1.305398,0.8882393,0.6804355
4.211681,0,92,-0.1357563,0.1031225,0.03413492,0.264,0.2788314,0.4099362,2.8,0,0.5761123,47.39999,0,0,0,0,1.305398,0.8882393,0.6804355
4.214153,0,92,-0.1357563,0.1031225,0.03413492,0.264,0.2788314,0.4099362,2.8,0,0.5761123,47.39999,0,0,0,0,1.305398,0.8882393,0.6804355
4.216434,0,92,-0.1357563,0.1031225,0.03413492,0.264,0.2788314,0.4099362,2.8,0,0.5761123,47.39999,0,0,0,0,1.305398,0.8882393,0.6804355
4.218678,0,92,-0.1357563,0.1031225,0.03413492,0.264,0.2788314,0.4099362,2.8,0,0.5761123,47.39999,0,0,0,0,1.305398,0.8882393,0.6804355
4.221294,0,92,-0.1357563,0.1031225,0.03413492,0.264,0.2788314,0.4099362,2.8,0,0.5761123,47.39999,0,0,0,0,1.305398,0.8882393,0.6804355
4.223377,0,92,-0.1357563,0.1031225,0.03413492,0.264,0.2788314,0.4099362,2.8,0,0.5761123,47.39999,0,0,0,0,1.305398,0.8882393,0.6804355
4.225418,0,92,-0.1357563,0.1031225,0.03413492,0.264,0.2788314,0.4099362,2.8,0,0.5761123,47.39999,0,0,0,0,1.305398,0.8882393,0.6804355
4.227642,0,92,-0.1357563,0.1031225,0.03413492,0.264,0.2788314,0.4099362,2.8,0,0.5761123,47.39999,0,0,0,0,1.305398,0.8882393,0.6804355
4.229965,0,92,-0.1357563,0.1031225,0.03413492,0.264,0.2788314,0.4099362,2.8,0,0.5761123,47.39999,0,0,0,0,1.305398,0.8882393,0.6804355
4.232353,0,92,-0.1357563,0.1031225,0.03413492,0.264,0.2788314,0.4099362,2.8,0,0.5761123,47.39999,0,0,0,0,1.305398,0.8882393,0.6804355
4.234596,0,92,-0.1357563,0.1031225,0.03413492,0.264,0.2788314,0.4099362,2.8,0,0.5761123,47.39999,0,0,0,0,1.305398,0.8882393,0.6804355
4.236511,0,92,-0.1357563,0.1031225,0.03413492,0.264,0.2788314,0.4099362,2.8,0,0.5761123,47.39999,0,0,0,0,1.305398,0.8882393,0.6804355
4.238365,0,92,-0.1357563,0.1031225,0.03413492,0.264,0.2788314,0.4099362,2.8,0,0.5761123,47.39999,0,0,0,0,1.305398,0.8882393,0.6804355
4.240841,0,92,-0.1357563,0.1031225,0.03413492,0.264,0.2788314,0.4099362,2.8,0,0.5761123,47.39999,0,0,0,0,1.305398,0.8882393,0.6804355
4.243168,0,92,-0.1357563,0.1031225,0.03413492,0.264,0.2788314,0.4099362,2.8,0,0.5761123,47.39999,0,0,0,0,1.305398,0.8882393,0.6804355
4.245892,0,92,-0.1357563,0.1031225,0.03413492,0.264,0.2788314,0.4099362,2.8,0,0.5761123,47.39999,0,0,0,0,1.305398,0.8882393,0.6804355
4.248428,0,92,-0.1357563,0.1031225,0.03413492,0.264,0.2788314,0.4099362,2.8,0,0.5761123,47.39999,0,0,0,0,1.305398,0.8882393,0.6804355
4.250763,0,92,-0.1357563,0.1031225,0.03413492,0.264,0.2788314,0.4099362,2.8,0,0.5761123,47.39999,0,0,0,0,1.305398,0.8882393,0.6804355
4.252934,0,92,-0.1357563,0.1031225,0.03413492,0.264,0.2788314,0.4099362,2.8,0,0.5761123,47.39999,0,0,0,0,1.305398,0.8882393,0.6804355
4.255016,0,92,-0.1357563,0.1031225,0.03413492,0.264,0.2788314,0.4099362,2.8,0,0.5761123,47.39999,0,0,0,0,1.305398,0.8882393,0.6804355
4.257198,0,92,-0.1357563,0.1031225,0.03413492,0.264,0.2788314,0.4099362,2.8,0,0.5761123,47.39999,0,0,0,0,1.305398,0.8882393,0.6804355
4.259274,0,92,-0.1357563,0.1031225,0.03413492,0.264,0.2788314,0.4099362,2.8,0,0.5761123,47.39999,0,0,0,0,1.305398,0.8882393,0.6804355
4.261612,0,92,-0.1357563,0.1031225,0.03413492,0.264,0.2788314,0.4099362,2.8,0,0.5761123,47.39999,0,0,0,0,1.305398,0.8882393,0.6804355
4.263794,0,92,-0.1357563,0.1031225,0.03413492,0.264,0.2788314,0.4099362,2.8,0,0.5761123,47.39999,0,0,0,0,1.305398,0.8882393,0.6804355
4.266853,0,92,-0.1357563,0.1031225,0.03413492,0.264,0.2788314,0.4099362,2.8,0,0.5761123,47.39999,0,0,0,0,1.305398,0.8882393,0.6804355
4.269466,0,92,-0.1357563,0.1031225,0.03413492,0.264,0.2788314,0.4099362,2.8,0,0.5761123,47.39999,0,0,0,0,1.305398,0.8882393,0.6804355
4.271858,0,92,-0.1357563,0.1031225,0.03413492,0.264,0.2788314,0.4099362,2.8,0,0.5761123,47.39999,0,0,0,0,1.305398,0.8882393,0.6804355
4.27475,0,92,-0.1357563,0.1031225,0.03413492,0.264,0.2788314,0.4099362,2.8,0,0.5761123,47.39999,0,0,0,0,1.305398,0.8882393,0.6804355
4.278008,0,92,-0.1357563,0.1031225,0.03413492,0.264,0.2788314,0.4099362,2.8,0,0.5761123,47.39999,0,0,0,0,1.305398,0.8882393,0.6804355
4.280895,0,92,-0.1357563,0.1031225,0.03413492,0.264,0.2788314,0.4099362,2.8,0,0.5761123,47.39999,0,0,0,0,1.305398,0.8882393,0.6804355
4.283951,0,92,-0.1357563,0.1031225,0.03413492,0.264,0.2788314,0.4099362,2.8,0,0.5761123,47.39999,0,0,0,0,1.305398,0.8882393,0.6804355
4.286148,0,92,-0.1357563,0.1031225,0.03413492,0.264,0.2788314,0.4099362,2.8,0,0.5761123,47.39999,0,0,0,0,1.305398,0.8882393,0.6804355
4.288227,0,92,-0.1357563,0.1031225,0.03413492,0.264,0.2788314,0.4099362,2.8,0,0.5761123,47.39999,0,0,0,0,1.305398,0.8882393,0.6804355
4.290154,0,92,-0.1357563,0.1031225,0.03413492,0.264,0.2788314,0.4099362,2.8,0,0.5761123,47.39999,0,0,0,0,1.305398,0.8882393,0.6804355
4.29211,0,92,-0.1357563,0.1031225,0.03413492,0.264,0.2788314,0.4099362,2.8,0,0.5761123,47.39999,0,0,0,0,1.305398,0.8882393,0.6804355
4.294884,0,92,-0.1357563,0.1031225,0.03413492,0.264,0.2788314,0.4099362,2.8,0,0.5761123,47.39999,0,0,0,0,1.305398,0.8882393,0.6804355
4.297832,0,92,-0.1357563,0.1031225,0.03413492,0.264,0.2788314,0.4099362,2.8,0,0.5761123,47.39999,0,0,0,0,1.305398,0.8882393,0.6804355
4.300011,0,92,-0.1357563,0.1031225,0.03413492,0.264,0.2788314,0.4099362,2.8,0,0.5761123,47.39999,0,0,0,0,1.305398,0.8882393,0.6804355
4.302704,0,92,-0.1357563,0.1031225,0.03413492,0.264,0.2788314,0.4099362,2.8,0,0.5761123,47.39999,0,0,0,0,1.305398,0.8882393,0.6804355
4.30505,0,92,-0.1357563,0.1031225,0.03413492,0.264,0.2788314,0.4099362,2.8,0,0.5761123,47.39999,0,0,0,0,1.305398,0.8882393,0.6804355
4.307232,0,92,-0.1357563,0.1031225,0.03413492,0.264,0.2788314,0.4099362,2.8,0,0.5761123,47.39999,0,0,0,0,1.305398,0.8882393,0.6804355
4.309616,0,92,-0.1357563,0.1031225,0.03413492,0.264,0.2788314,0.4099362,2.8,0,0.5761123,47.39999,0,0,0,0,1.305398,0.8882393,0.6804355
4.312695,0,92,-0.1357563,0.1031225,0.03413492,0.264,0.2788314,0.4099362,2.8,0,0.5761123,47.39999,0,0,0,0,1.305398,0.8882393,0.6804355
4.315536,0,92,-0.1357563,0.1031225,0.03413492,0.264,0.2788314,0.4099362,2.8,0,0.5761123,47.39999,0,0,0,0,1.305398,0.8882393,0.6804355
4.317661,0,92,-0.1357563,0.1031225,0.03413492,0.264,0.2788314,0.4099362,2.8,0,0.5761123,47.39999,0,0,0,0,1.305398,0.8882393,0.6804355
4.319645,0,92,-0.1357563,0.1031225,0.03413492,0.264,0.2788314,0.4099362,2.8,0,0.5761123,47.39999,0,0,0,0,1.305398,0.8882393,0.6804355
4.321934,0,92,-0.1357563,0.1031225,0.03413492,0.264,0.2788314,0.4099362,2.8,0,0.5761123,47.39999,0,0,0,0,1.305398,0.8882393,0.6804355
4.323902,0,92,-0.1357563,0.1031225,0.03413492,0.264,0.2788314,0.4099362,2.8,0,0.5761123,47.39999,0,0,0,0,1.305398,0.8882393,0.6804355
4.326523,0,92,-0.1357563,0.1031225,0.03413492,0.264,0.2788314,0.4099362,2.8,0,0.5761123,47.39999,0,0,0,0,1.305398,0.8882393,0.6804355
4.330196,0,92,-0.1357563,0.1031225,0.03413492,0.264,0.2788314,0.4099362,2.8,0,0.5761123,47.39999,0,0,0,0,1.305398,0.8882393,0.6804355
4.332272,0,92,-0.1357563,0.1031225,0.03413492,0.264,0.2788314,0.4099362,2.8,0,0.5761123,47.39999,0,0,0,0,1.305398,0.8882393,0.6804355
4.334679,0,92,-0.1357563,0.1031225,0.03413492,0.264,0.2788314,0.4099362,2.8,0,0.5761123,47.39999,0,0,0,0,1.305398,0.8882393,0.6804355
4.336929,0,92,-0.1357563,0.1031225,0.03413492,0.264,0.2788314,0.4099362,2.8,0,0.5761123,47.39999,0,0,0,0,1.305398,0.8882393,0.6804355
4.339729,0,92,-0.1357563,0.1031225,0.03413492,0.264,0.2788314,0.4099362,2.8,0,0.5761123,47.39999,0,0,0,0,1.305398,0.8882393,0.6804355
4.342808,0,92,-0.1357563,0.1031225,0.03413492,0.264,0.2788314,0.4099362,2.8,0,0.5761123,47.39999,0,0,0,0,1.305398,0.8882393,0.6804355
4.345535,0,92,-0.1357563,0.1031225,0.03413492,0.264,0.2788314,0.4099362,2.8,0,0.5761123,47.39999,0,0,0,0,1.305398,0.8882393,0.6804355
4.348427,0,92,-0.1357563,0.1031225,0.03413492,0.264,0.2788314,0.4099362,2.8,0,0.5761123,47.39999,0,0,0,0,1.305398,0.8882393,0.6804355
4.351063,0,92,-0.1357563,0.1031225,0.03413492,0.264,0.2788314,0.4099362,2.8,0,0.5761123,47.39999,0,0,0,0,1.305398,0.8882393,0.6804355
4.359657,0,92,-0.1357563,0.1031225,0.03413492,0.264,0.2788314,0.4099362,2.8,0,0.5761123,47.39999,0,0,0,0,1.305398,0.8882393,0.6804355
4.370434,0,92,-0.1357563,0.1031225,0.03413492,0.264,0.2788314,0.4099362,2.8,0,0.5761123,47.39999,0,0,0,0,1.305398,0.8882393,0.6804355
4.372971,0,92,-0.1357563,0.1031225,0.03413492,0.264,0.2788314,0.4099362,2.8,0,0.5761123,47.39999,0,0,0,0,1.305398,0.8882393,0.6804355
4.376205,0,92,-0.1357563,0.1031225,0.03413492,0.264,0.2788314,0.4099362,2.8,0,0.5761123,47.39999,0,0,0,0,1.305398,0.8882393,0.6804355
4.378883,0,92,-0.1357563,0.1031225,0.03413492,0.264,0.2788314,0.4099362,2.8,0,0.5761123,47.39999,0,0,0,0,1.305398,0.8882393,0.6804355
4.381203,0,92,-0.1357563,0.1031225,0.03413492,0.264,0.2788314,0.4099362,2.8,0,0.5761123,47.39999,0,0,0,0,1.305398,0.8882393,0.6804355
4.38324,0,92,-0.1357563,0.1031225,0.03413492,0.264,0.2788314,0.4099362,2.8,0,0.5761123,47.39999,0,0,0,0,1.305398,0.8882393,0.6804355
4.38517,0,92,-0.1357563,0.1031225,0.03413492,0.264,0.2788314,0.4099362,2.8,0,0.5761123,47.39999,0,0,0,0,1.305398,0.8882393,0.6804355
4.387043,0,92,-0.1357563,0.1031225,0.03413492,0.264,0.2788314,0.4099362,2.8,0,0.5761123,47.39999,0,0,0,0,1.305398,0.8882393,0.6804355
4.389584,0,92,-0.1357563,0.1031225,0.03413492,0.264,0.2788314,0.4099362,2.8,0,0.5761123,47.39999,0,0,0,0,1.305398,0.8882393,0.6804355
4.391586,0,92,-0.1357563,0.1031225,0.03413492,0.264,0.2788314,0.4099362,2.8,0,0.5761123,47.39999,0,0,0,0,1.305398,0.8882393,0.6804355
4.393917,0,92,-0.1357563,0.1031225,0.03413492,0.264,0.2788314,0.4099362,2.8,0,0.5761123,47.39999,0,0,0,0,1.305398,0.8882393,0.6804355
4.395824,0,92,-0.1357563,0.1031225,0.03413492,0.264,0.2788314,0.4099362,2.8,0,0.5761123,47.39999,0,0,0,0,1.305398,0.8882393,0.6804355
4.397865,0,92,-0.1357563,0.1031225,0.03413492,0.264,0.2788314,0.4099362,2.8,0,0.5761123,47.39999,0,0,0,0,1.305398,0.8882393,0.6804355
4.399857,0,92,-0.1357563,0.1031225,0.03413492,0.264,0.2788314,0.4099362,2.8,0,0.5761123,47.39999,0,0,0,0,1.305398,0.8882393,0.6804355
4.402191,0,92,-0.1357563,0.1031225,0.03413492,0.264,0.2788314,0.4099362,2.8,0,0.5761123,47.39999,0,0,0,0,1.305398,0.8882393,0.6804355
4.404446,0,92,-0.1357563,0.1031225,0.03413492,0.264,0.2788314,0.4099362,2.8,0,0.5761123,47.39999,0,0,0,0,1.305398,0.8882393,0.6804355
4.406437,0,92,-0.1357563,0.1031225,0.03413492,0.264,0.2788314,0.4099362,2.8,0,0.5761123,47.39999,0,0,0,0,1.305398,0.8882393,0.6804355
4.408436,0,92,-0.1357563,0.1031225,0.03413492,0.264,0.2788314,0.4099362,2.8,0,0.5761123,47.39999,0,0,0,0,1.305398,0.8882393,0.6804355
4.411175,0,92,-0.1357563,0.1031225,0.03413492,0.264,0.2788314,0.4099362,2.8,0,0.5761123,47.39999,0,0,0,0,1.305398,0.8882393,0.6804355
4.41325,0,92,-0.1357563,0.1031225,0.03413492,0.264,0.2788314,0.4099362,2.8,0,0.5761123,47.39999,0,0,0,0,1.305398,0.8882393,0.6804355
4.415474,0,92,-0.1357563,0.1031225,0.03413492,0.264,0.2788314,0.4099362,2.8,0,0.5761123,47.39999,0,0,0,0,1.305398,0.8882393,0.6804355
4.417461,0,92,-0.1357563,0.1031225,0.03413492,0.264,0.2788314,0.4099362,2.8,0,0.5761123,47.39999,0,0,0,0,1.305398,0.8882393,0.6804355
4.419476,0,92,-0.1357563,0.1031225,0.03413492,0.264,0.2788314,0.4099362,2.8,0,0.5761123,47.39999,0,0,0,0,1.305398,0.8882393,0.6804355
4.42202,0,92,-0.1357563,0.1031225,0.03413492,0.264,0.2788314,0.4099362,2.8,0,0.5761123,47.39999,0,0,0,0,1.305398,0.8882393,0.6804355
4.424122,0,92,-0.1357563,0.1031225,0.03413492,0.264,0.2788314,0.4099362,2.8,0,0.5761123,47.39999,0,0,0,0,1.305398,0.8882393,0.6804355
4.426128,0,92,-0.1357563,0.1031225,0.03413492,0.264,0.2788314,0.4099362,2.8,0,0.5761123,47.39999,0,0,0,0,1.305398,0.8882393,0.6804355
4.428123,0,92,-0.1357563,0.1031225,0.03413492,0.264,0.2788314,0.4099362,2.8,0,0.5761123,47.39999,0,0,0,0,1.305398,0.8882393,0.6804355
4.430099,0,92,-0.1357563,0.1031225,0.03413492,0.264,0.2788314,0.4099362,2.8,0,0.5761123,47.39999,0,0,0,0,1.305398,0.8882393,0.6804355
4.431973,0,92,-0.1357563,0.1031225,0.03413492,0.264,0.2788314,0.4099362,2.8,0,0.5761123,47.39999,0,0,0,0,1.305398,0.8882393,0.6804355
4.433887,0,92,-0.1357563,0.1031225,0.03413492,0.264,0.2788314,0.4099362,2.8,0,0.5761123,47.39999,0,0,0,0,1.305398,0.8882393,0.6804355
4.436138,0,92,-0.1357563,0.1031225,0.03413492,0.264,0.2788314,0.4099362,2.8,0,0.5761123,47.39999,0,0,0,0,1.305398,0.8882393,0.6804355
4.438671,0,92,-0.1357563,0.1031225,0.03413492,0.264,0.2788314,0.4099362,2.8,0,0.5761123,47.39999,0,0,0,0,1.305398,0.8882393,0.6804355
4.441032,0,92,-0.1357563,0.1031225,0.03413492,0.264,0.2788314,0.4099362,2.8,0,0.5761123,47.39999,0,0,0,0,1.305398,0.8882393,0.6804355
4.443214,0,92,-0.1357563,0.1031225,0.03413492,0.264,0.2788314,0.4099362,2.8,0,0.5761123,47.39999,0,0,0,0,1.305398,0.8882393,0.6804355
4.445412,0,92,-0.1357563,0.1031225,0.03413492,0.264,0.2788314,0.4099362,2.8,0,0.5761123,47.39999,0,0,0,0,1.305398,0.8882393,0.6804355
4.447575,0,92,-0.1357563,0.1031225,0.03413492,0.264,0.2788314,0.4099362,2.8,0,0.5761123,47.39999,0,0,0,0,1.305398,0.8882393,0.6804355
4.449696,0,92,-0.1357563,0.1031225,0.03413492,0.264,0.2788314,0.4099362,2.8,0,0.5761123,47.39999,0,0,0,0,1.305398,0.8882393,0.6804355
4.452091,0,92,-0.1357563,0.1031225,0.03413492,0.264,0.2788314,0.4099362,2.8,0,0.5761123,47.39999,0,0,0,0,1.305398,0.8882393,0.6804355
4.454025,0,92,-0.1357563,0.1031225,0.03413492,0.264,0.2788314,0.4099362,2.8,0,0.5761123,47.39999,0,0,0,0,1.305398,0.8882393,0.6804355
4.456017,0,92,-0.1357563,0.1031225,0.03413492,0.264,0.2788314,0.4099362,2.8,0,0.5761123,47.39999,0,0,0,0,1.305398,0.8882393,0.6804355
4.458157,0,92,-0.1357563,0.1031225,0.03413492,0.264,0.2788314,0.4099362,2.8,0,0.5761123,47.39999,0,0,0,0,1.305398,0.8882393,0.6804355
4.460529,0,92,-0.1357563,0.1031225,0.03413492,0.264,0.2788314,0.4099362,2.8,0,0.5761123,47.39999,0,0,0,0,1.305398,0.8882393,0.6804355
4.46286,0,92,-0.1357563,0.1031225,0.03413492,0.264,0.2788314,0.4099362,2.8,0,0.5761123,47.39999,0,0,0,0,1.305398,0.8882393,0.6804355
4.464878,0,92,-0.1357563,0.1031225,0.03413492,0.264,0.2788314,0.4099362,2.8,0,0.5761123,47.39999,0,0,0,0,1.305398,0.8882393,0.6804355
4.467438,0,92,-0.1357563,0.1031225,0.03413492,0.264,0.2788314,0.4099362,2.8,0,0.5761123,47.39999,0,0,0,0,1.305398,0.8882393,0.6804355
4.469814,0,92,-0.1357563,0.1031225,0.03413492,0.264,0.2788314,0.4099362,2.8,0,0.5761123,47.39999,0,0,0,0,1.305398,0.8882393,0.6804355
4.472176,0,92,-0.1357563,0.1031225,0.03413492,0.264,0.2788314,0.4099362,2.8,0,0.5761123,47.39999,0,0,0,0,1.305398,0.8882393,0.6804355
4.474636,0,92,-0.1357563,0.1031225,0.03413492,0.264,0.2788314,0.4099362,2.8,0,0.5761123,47.39999,0,0,0,0,1.305398,0.8882393,0.6804355
4.477444,0,92,-0.1357563,0.1031225,0.03413492,0.264,0.2788314,0.4099362,2.8,0,0.5761123,47.39999,0,0,0,0,1.305398,0.8882393,0.6804355
4.479519,0,92,-0.1357563,0.1031225,0.03413492,0.264,0.2788314,0.4099362,2.8,0,0.5761123,47.39999,0,0,0,0,1.305398,0.8882393,0.6804355
4.481731,0,92,-0.1357563,0.1031225,0.03413492,0.264,0.2788314,0.4099362,2.8,0,0.5761123,47.39999,0,0,0,0,1.305398,0.8882393,0.6804355
4.484062,0,92,-0.1357563,0.1031225,0.03413492,0.264,0.2788314,0.4099362,2.8,0,0.5761123,47.39999,0,0,0,0,1.305398,0.8882393,0.6804355
4.485939,0,92,-0.1357563,0.1031225,0.03413492,0.264,0.2788314,0.4099362,2.8,0,0.5761123,47.39999,0,0,0,0,1.305398,0.8882393,0.6804355
4.487724,0,92,-0.1357563,0.1031225,0.03413492,0.264,0.2788314,0.4099362,2.8,0,0.5761123,47.39999,0,0,0,0,1.305398,0.8882393,0.6804355
4.489483,0,92,-0.1357563,0.1031225,0.03413492,0.264,0.2788314,0.4099362,2.8,0,0.5761123,47.39999,0,0,0,0,1.305398,0.8882393,0.6804355
4.491344,0,92,-0.1357563,0.1031225,0.03413492,0.264,0.2788314,0.4099362,2.8,0,0.5761123,47.39999,0,0,0,0,1.305398,0.8882393,0.6804355
4.493591,0,92,-0.1357563,0.1031225,0.03413492,0.264,0.2788314,0.4099362,2.8,0,0.5761123,47.39999,0,0,0,0,1.305398,0.8882393,0.6804355
4.495552,0,92,-0.1357563,0.1031225,0.03413492,0.264,0.2788314,0.4099362,2.8,0,0.5761123,47.39999,0,0,0,0,1.305398,0.8882393,0.6804355
4.497559,0,92,-0.1357563,0.1031225,0.03413492,0.264,0.2788314,0.4099362,2.8,0,0.5761123,47.39999,0,0,0,0,1.305398,0.8882393,0.6804355
4.500179,0,92,-0.1357563,0.1031225,0.03413492,0.264,0.2788314,0.4099362,2.8,0,0.5761123,47.39999,0,0,0,0,1.305398,0.8882393,0.6804355
4.502399,0,92,-0.1357563,0.1031225,0.03413492,0.264,0.2788314,0.4099362,2.8,0,0.5761123,47.39999,0,0,0,0,1.305398,0.8882393,0.6804355
4.504551,0,92,-0.1357563,0.1031225,0.03413492,0.264,0.2788314,0.4099362,2.8,0,0.5761123,47.39999,0,0,0,0,1.305398,0.8882393,0.6804355
4.506733,0,92,-0.1357563,0.1031225,0.03413492,0.264,0.2788314,0.4099362,2.8,0,0.5761123,47.39999,0,0,0,0,1.305398,0.8882393,0.6804355
4.508732,0,92,-0.1357563,0.1031225,0.03413492,0.264,0.2788314,0.4099362,2.8,0,0.5761123,47.39999,0,0,0,0,1.305398,0.8882393,0.6804355
4.510883,0,92,-0.1357563,0.1031225,0.03413492,0.264,0.2788314,0.4099362,2.8,0,0.5761123,47.39999,0,0,0,0,1.305398,0.8882393,0.6804355
4.51297,0,92,-0.1357563,0.1031225,0.03413492,0.264,0.2788314,0.4099362,2.8,0,0.5761123,47.39999,0,0,0,0,1.305398,0.8882393,0.6804355
4.515266,0,92,-0.1357563,0.1031225,0.03413492,0.264,0.2788314,0.4099362,2.8,0,0.5761123,47.39999,0,0,0,0,1.305398,0.8882393,0.6804355
4.517704,0,92,-0.1357563,0.1031225,0.03413492,0.264,0.2788314,0.4099362,2.8,0,0.5761123,47.39999,0,0,0,0,1.305398,0.8882393,0.6804355
4.519905,0,92,-0.1357563,0.1031225,0.03413492,0.264,0.2788314,0.4099362,2.8,0,0.5761123,47.39999,0,0,0,0,1.305398,0.8882393,0.6804355
4.522205,0,92,-0.1357563,0.1031225,0.03413492,0.264,0.2788314,0.4099362,2.8,0,0.5761123,47.39999,0,0,0,0,1.305398,0.8882393,0.6804355
4.524216,0,92,-0.1357563,0.1031225,0.03413492,0.264,0.2788314,0.4099362,2.8,0,0.5761123,47.39999,0,0,0,0,1.305398,0.8882393,0.6804355
4.526829,0,92,-0.1357563,0.1031225,0.03413492,0.264,0.2788314,0.4099362,2.8,0,0.5761123,47.39999,0,0,0,0,1.305398,0.8882393,0.6804355
4.529327,0,92,-0.1357563,0.1031225,0.03413492,0.264,0.2788314,0.4099362,2.8,0,0.5761123,47.39999,0,0,0,0,1.305398,0.8882393,0.6804355
4.53149,0,92,-0.1357563,0.1031225,0.03413492,0.264,0.2788314,0.4099362,2.8,0,0.5761123,47.39999,0,0,0,0,1.305398,0.8882393,0.6804355
4.533592,0,92,-0.1357563,0.1031225,0.03413492,0.264,0.2788314,0.4099362,2.8,0,0.5761123,47.39999,0,0,0,0,1.305398,0.8882393,0.6804355
4.535656,0,92,-0.1357563,0.1031225,0.03413492,0.264,0.2788314,0.4099362,2.8,0,0.5761123,47.39999,0,0,0,0,1.305398,0.8882393,0.6804355
4.53764,0,92,-0.1357563,0.1031225,0.03413492,0.264,0.2788314,0.4099362,2.8,0,0.5761123,47.39999,0,0,0,0,1.305398,0.8882393,0.6804355
4.539841,0,92,-0.1357563,0.1031225,0.03413492,0.264,0.2788314,0.4099362,2.8,0,0.5761123,47.39999,0,0,0,0,1.305398,0.8882393,0.6804355
4.542011,0,92,-0.1357563,0.1031225,0.03413492,0.264,0.2788314,0.4099362,2.8,0,0.5761123,47.39999,0,0,0,0,1.305398,0.8882393,0.6804355
4.544052,0,92,-0.1357563,0.1031225,0.03413492,0.264,0.2788314,0.4099362,2.8,0,0.5761123,47.39999,0,0,0,0,1.305398,0.8882393,0.6804355
4.546532,0,92,-0.1357563,0.1031225,0.03413492,0.264,0.2788314,0.4099362,2.8,0,0.5761123,47.39999,0,0,0,0,1.305398,0.8882393,0.6804355
4.548626,0,92,-0.1357563,0.1031225,0.03413492,0.264,0.2788314,0.4099362,2.8,0,0.5761123,47.39999,0,0,0,0,1.305398,0.8882393,0.6804355
4.550816,0,92,-0.1357563,0.1031225,0.03413492,0.264,0.2788314,0.4099362,2.8,0,0.5761123,47.39999,0,0,0,0,1.305398,0.8882393,0.6804355
4.552883,0,92,-0.1357563,0.1031225,0.03413492,0.264,0.2788314,0.4099362,2.8,0,0.5761123,47.39999,0,0,0,0,1.305398,0.8882393,0.6804355
4.554752,0,92,-0.1357563,0.1031225,0.03413492,0.264,0.2788314,0.4099362,2.8,0,0.5761123,47.39999,0,0,0,0,1.305398,0.8882393,0.6804355
4.556755,0,92,-0.1357563,0.1031225,0.03413492,0.264,0.2788314,0.4099362,2.8,0,0.5761123,47.39999,0,0,0,0,1.305398,0.8882393,0.6804355
4.558834,0,92,-0.1357563,0.1031225,0.03413492,0.264,0.2788314,0.4099362,2.8,0,0.5761123,47.39999,0,0,0,0,1.305398,0.8882393,0.6804355
4.561661,0,92,-0.1357563,0.1031225,0.03413492,0.264,0.2788314,0.4099362,2.8,0,0.5761123,47.39999,0,0,0,0,1.305398,0.8882393,0.6804355
4.563637,0,92,-0.1357563,0.1031225,0.03413492,0.264,0.2788314,0.4099362,2.8,0,0.5761123,47.39999,0,0,0,0,1.305398,0.8882393,0.6804355
4.565628,0,92,-0.1357563,0.1031225,0.03413492,0.264,0.2788314,0.4099362,2.8,0,0.5761123,47.39999,0,0,0,0,1.305398,0.8882393,0.6804355
4.567608,0,92,-0.1357563,0.1031225,0.03413492,0.264,0.2788314,0.4099362,2.8,0,0.5761123,47.39999,0,0,0,0,1.305398,0.8882393,0.6804355
4.569473,0,92,-0.1357563,0.1031225,0.03413492,0.264,0.2788314,0.4099362,2.8,0,0.5761123,47.39999,0,0,0,0,1.305398,0.8882393,0.6804355
4.571323,0,92,-0.1357563,0.1031225,0.03413492,0.264,0.2788314,0.4099362,2.8,0,0.5761123,47.39999,0,0,0,0,1.305398,0.8882393,0.6804355
4.573372,0,92,-0.1357563,0.1031225,0.03413492,0.264,0.2788314,0.4099362,2.8,0,0.5761123,47.39999,0,0,0,0,1.305398,0.8882393,0.6804355
4.575329,0,92,-0.1357563,0.1031225,0.03413492,0.264,0.2788314,0.4099362,2.8,0,0.5761123,47.39999,0,0,0,0,1.305398,0.8882393,0.6804355
4.577667,0,92,-0.1357563,0.1031225,0.03413492,0.264,0.2788314,0.4099362,2.8,0,0.5761123,47.39999,0,0,0,0,1.305398,0.8882393,0.6804355
4.579784,0,92,-0.1357563,0.1031225,0.03413492,0.264,0.2788314,0.4099362,2.8,0,0.5761123,47.39999,0,0,0,0,1.305398,0.8882393,0.6804355
4.58186,0,92,-0.1357563,0.1031225,0.03413492,0.264,0.2788314,0.4099362,2.8,0,0.5761123,47.39999,0,0,0,0,1.305398,0.8882393,0.6804355
4.583603,0,92,-0.1357563,0.1031225,0.03413492,0.264,0.2788314,0.4099362,2.8,0,0.5761123,47.39999,0,0,0,0,1.305398,0.8882393,0.6804355
4.585602,0,92,-0.1357563,0.1031225,0.03413492,0.264,0.2788314,0.4099362,2.8,0,0.5761123,47.39999,0,0,0,0,1.305398,0.8882393,0.6804355
4.587608,0,92,-0.1357563,0.1031225,0.03413492,0.264,0.2788314,0.4099362,2.8,0,0.5761123,47.39999,0,0,0,0,1.305398,0.8882393,0.6804355
4.589581,0,92,-0.1357563,0.1031225,0.03413492,0.264,0.2788314,0.4099362,2.8,0,0.5761123,47.39999,0,0,0,0,1.305398,0.8882393,0.6804355
4.591564,0,92,-0.1357563,0.1031225,0.03413492,0.264,0.2788314,0.4099362,2.8,0,0.5761123,47.39999,0,0,0,0,1.305398,0.8882393,0.6804355
4.594601,0,92,-0.1357563,0.1031225,0.03413492,0.264,0.2788314,0.4099362,2.8,0,0.5761123,47.39999,0,0,0,0,1.305398,0.8882393,0.6804355
4.596836,0,92,-0.1357563,0.1031225,0.03413492,0.264,0.2788314,0.4099362,2.8,0,0.5761123,47.39999,0,0,0,0,1.305398,0.8882393,0.6804355
4.598751,0,92,-0.1357563,0.1031225,0.03413492,0.264,0.2788314,0.4099362,2.8,0,0.5761123,47.39999,0,0,0,0,1.305398,0.8882393,0.6804355
4.601383,0,92,-0.1357563,0.1031225,0.03413492,0.264,0.2788314,0.4099362,2.8,0,0.5761123,47.39999,0,0,0,0,1.305398,0.8882393,0.6804355
4.603504,0,92,-0.1357563,0.1031225,0.03413492,0.264,0.2788314,0.4099362,2.8,0,0.5761123,47.39999,0,0,0,0,1.305398,0.8882393,0.6804355
4.605431,0,92,-0.1357563,0.1031225,0.03413492,0.264,0.2788314,0.4099362,2.8,0,0.5761123,47.39999,0,0,0,0,1.305398,0.8882393,0.6804355
4.607967,0,92,-0.1357563,0.1031225,0.03413492,0.264,0.2788314,0.4099362,2.8,0,0.5761123,47.39999,0,0,0,0,1.305398,0.8882393,0.6804355
4.611084,0,92,-0.1357563,0.1031225,0.03413492,0.264,0.2788314,0.4099362,2.8,0,0.5761123,47.39999,0,0,0,0,1.305398,0.8882393,0.6804355
4.613533,0,92,-0.1357563,0.1031225,0.03413492,0.264,0.2788314,0.4099362,2.8,0,0.5761123,47.39999,0,0,0,0,1.305398,0.8882393,0.6804355
4.615467,0,92,-0.1357563,0.1031225,0.03413492,0.264,0.2788314,0.4099362,2.8,0,0.5761123,47.39999,0,0,0,0,1.305398,0.8882393,0.6804355
4.617592,0,92,-0.1357563,0.1031225,0.03413492,0.264,0.2788314,0.4099362,2.8,0,0.5761123,47.39999,0,0,0,0,1.305398,0.8882393,0.6804355
4.619453,0,92,-0.1357563,0.1031225,0.03413492,0.264,0.2788314,0.4099362,2.8,0,0.5761123,47.39999,0,0,0,0,1.305398,0.8882393,0.6804355
4.622063,0,92,-0.1357563,0.1031225,0.03413492,0.264,0.2788314,0.4099362,2.8,0,0.5761123,47.39999,0,0,0,0,1.305398,0.8882393,0.6804355
4.624702,0,92,-0.1357563,0.1031225,0.03413492,0.264,0.2788314,0.4099362,2.8,0,0.5761123,47.39999,0,0,0,0,1.305398,0.8882393,0.6804355
4.627899,0,92,-0.1357563,0.1031225,0.03413492,0.264,0.2788314,0.4099362,2.8,0,0.5761123,47.39999,0,0,0,0,1.305398,0.8882393,0.6804355
4.630142,0,92,-0.1357563,0.1031225,0.03413492,0.264,0.2788314,0.4099362,2.8,0,0.5761123,47.39999,0,0,0,0,1.305398,0.8882393,0.6804355
4.63232,0,92,-0.1357563,0.1031225,0.03413492,0.264,0.2788314,0.4099362,2.8,0,0.5761123,47.39999,0,0,0,0,1.305398,0.8882393,0.6804355
4.634666,0,92,-0.1357563,0.1031225,0.03413492,0.264,0.2788314,0.4099362,2.8,0,0.5761123,47.39999,0,0,0,0,1.305398,0.8882393,0.6804355
4.636864,0,92,-0.1357563,0.1031225,0.03413492,0.264,0.2788314,0.4099362,2.8,0,0.5761123,47.39999,0,0,0,0,1.305398,0.8882393,0.6804355
4.639229,0,92,-0.1357563,0.1031225,0.03413492,0.264,0.2788314,0.4099362,2.8,0,0.5761123,47.39999,0,0,0,0,1.305398,0.8882393,0.6804355
4.641846,0,92,-0.1357563,0.1031225,0.03413492,0.264,0.2788314,0.4099362,2.8,0,0.5761123,47.39999,0,0,0,0,1.305398,0.8882393,0.6804355
4.64431,0,92,-0.1357563,0.1031225,0.03413492,0.264,0.2788314,0.4099362,2.8,0,0.5761123,47.39999,0,0,0,0,1.305398,0.8882393,0.6804355
4.646515,0,92,-0.1357563,0.1031225,0.03413492,0.264,0.2788314,0.4099362,2.8,0,0.5761123,47.39999,0,0,0,0,1.305398,0.8882393,0.6804355
4.648743,0,92,-0.1357563,0.1031225,0.03413492,0.264,0.2788314,0.4099362,2.8,0,0.5761123,47.39999,0,0,0,0,1.305398,0.8882393,0.6804355
4.650925,0,92,-0.1357563,0.1031225,0.03413492,0.264,0.2788314,0.4099362,2.8,0,0.5761123,47.39999,0,0,0,0,1.305398,0.8882393,0.6804355
4.65308,0,92,-0.1357563,0.1031225,0.03413492,0.264,0.2788314,0.4099362,2.8,0,0.5761123,47.39999,0,0,0,0,1.305398,0.8882393,0.6804355
4.655636,0,92,-0.1357563,0.1031225,0.03413492,0.264,0.2788314,0.4099362,2.8,0,0.5761123,47.39999,0,0,0,0,1.305398,0.8882393,0.6804355
4.658123,0,92,-0.1357563,0.1031225,0.03413492,0.264,0.2788314,0.4099362,2.8,0,0.5761123,47.39999,0,0,0,0,1.305398,0.8882393,0.6804355
4.66087,0,92,-0.1357563,0.1031225,0.03413492,0.264,0.2788314,0.4099362,2.8,0,0.5761123,47.39999,0,0,0,0,1.305398,0.8882393,0.6804355
4.663479,0,92,-0.1357563,0.1031225,0.03413492,0.264,0.2788314,0.4099362,2.8,0,0.5761123,47.39999,0,0,0,0,1.305398,0.8882393,0.6804355
4.665779,0,92,-0.1357563,0.1031225,0.03413492,0.264,0.2788314,0.4099362,2.8,0,0.5761123,47.39999,0,0,0,0,1.305398,0.8882393,0.6804355
4.668072,0,92,-0.1357563,0.1031225,0.03413492,0.264,0.2788314,0.4099362,2.8,0,0.5761123,47.39999,0,0,0,0,1.305398,0.8882393,0.6804355
4.670452,0,92,-0.1357563,0.1031225,0.03413492,0.264,0.2788314,0.4099362,2.8,0,0.5761123,47.39999,0,0,0,0,1.305398,0.8882393,0.6804355
4.672775,0,92,-0.1357563,0.1031225,0.03413492,0.264,0.2788314,0.4099362,2.8,0,0.5761123,47.39999,0,0,0,0,1.305398,0.8882393,0.6804355
4.675095,0,92,-0.1357563,0.1031225,0.03413492,0.264,0.2788314,0.4099362,2.8,0,0.5761123,47.39999,0,0,0,0,1.305398,0.8882393,0.6804355
4.678013,0,92,-0.1357563,0.1031225,0.03413492,0.264,0.2788314,0.4099362,2.8,0,0.5761123,47.39999,0,0,0,0,1.305398,0.8882393,0.6804355
4.680508,0,92,-0.1357563,0.1031225,0.03413492,0.264,0.2788314,0.4099362,2.8,0,0.5761123,47.39999,0,0,0,0,1.305398,0.8882393,0.6804355
4.682831,0,92,-0.1357563,0.1031225,0.03413492,0.264,0.2788314,0.4099362,2.8,0,0.5761123,47.39999,0,0,0,0,1.305398,0.8882393,0.6804355
4.685287,0,92,-0.1357563,0.1031225,0.03413492,0.264,0.2788314,0.4099362,2.8,0,0.5761123,47.39999,0,0,0,0,1.305398,0.8882393,0.6804355
4.687946,0,92,-0.1357563,0.1031225,0.03413492,0.264,0.2788314,0.4099362,2.8,0,0.5761123,47.39999,0,0,0,0,1.305398,0.8882393,0.6804355
4.690151,0,92,-0.1357563,0.1031225,0.03413492,0.264,0.2788314,0.4099362,2.8,0,0.5761123,47.39999,0,0,0,0,1.305398,0.8882393,0.6804355
4.69294,0,92,-0.1357563,0.1031225,0.03413492,0.264,0.2788314,0.4099362,2.8,0,0.5761123,47.39999,0,0,0,0,1.305398,0.8882393,0.6804355
4.696388,0,92,-0.1357563,0.1031225,0.03413492,0.264,0.2788314,0.4099362,2.8,0,0.5761123,47.39999,0,0,0,0,1.305398,0.8882393,0.6804355
4.69846,0,92,-0.1357563,0.1031225,0.03413492,0.264,0.2788314,0.4099362,2.8,0,0.5761123,47.39999,0,0,0,0,1.305398,0.8882393,0.6804355
4.701077,0,92,-0.1357563,0.1031225,0.03413492,0.264,0.2788314,0.4099362,2.8,0,0.5761123,47.39999,0,0,0,0,1.305398,0.8882393,0.6804355
4.704067,0,92,-0.1357563,0.1031225,0.03413492,0.264,0.2788314,0.4099362,2.8,0,0.5761123,47.39999,0,0,0,0,1.305398,0.8882393,0.6804355
4.70607,0,92,-0.1357563,0.1031225,0.03413492,0.264,0.2788314,0.4099362,2.8,0,0.5761123,47.39999,0,0,0,0,1.305398,0.8882393,0.6804355
4.708088,0,92,-0.1357563,0.1031225,0.03413492,0.264,0.2788314,0.4099362,2.8,0,0.5761123,47.39999,0,0,0,0,1.305398,0.8882393,0.6804355
4.710651,0,92,-0.1357563,0.1031225,0.03413492,0.264,0.2788314,0.4099362,2.8,0,0.5761123,47.39999,0,0,0,0,1.305398,0.8882393,0.6804355
4.713223,0,92,-0.1357563,0.1031225,0.03413492,0.264,0.2788314,0.4099362,2.8,0,0.5761123,47.39999,0,0,0,0,1.305398,0.8882393,0.6804355
4.715469,0,92,-0.1357563,0.1031225,0.03413492,0.264,0.2788314,0.4099362,2.8,0,0.5761123,47.39999,0,0,0,0,1.305398,0.8882393,0.6804355
4.718124,0,92,-0.1357563,0.1031225,0.03413492,0.264,0.2788314,0.4099362,2.8,0,0.5761123,47.39999,0,0,0,0,1.305398,0.8882393,0.6804355
4.720284,0,92,-0.1357563,0.1031225,0.03413492,0.264,0.2788314,0.4099362,2.8,0,0.5761123,47.39999,0,0,0,0,1.305398,0.8882393,0.6804355
4.723022,0,92,-0.1357563,0.1031225,0.03413492,0.264,0.2788314,0.4099362,2.8,0,0.5761123,47.39999,0,0,0,0,1.305398,0.8882393,0.6804355
4.72575,0,92,-0.1357563,0.1031225,0.03413492,0.264,0.2788314,0.4099362,2.8,0,0.5761123,47.39999,0,0,0,0,1.305398,0.8882393,0.6804355
4.728268,0,92,-0.1357563,0.1031225,0.03413492,0.264,0.2788314,0.4099362,2.8,0,0.5761123,47.39999,0,0,0,0,1.305398,0.8882393,0.6804355
4.730465,0,92,-0.1357563,0.1031225,0.03413492,0.264,0.2788314,0.4099362,2.8,0,0.5761123,47.39999,0,0,0,0,1.305398,0.8882393,0.6804355
4.732594,0,92,-0.1357563,0.1031225,0.03413492,0.264,0.2788314,0.4099362,2.8,0,0.5761123,47.39999,0,0,0,0,1.305398,0.8882393,0.6804355
4.735046,0,92,-0.1357563,0.1031225,0.03413492,0.264,0.2788314,0.4099362,2.8,0,0.5761123,47.39999,0,0,0,0,1.305398,0.8882393,0.6804355
4.737003,0,92,-0.1357563,0.1031225,0.03413492,0.264,0.2788314,0.4099362,2.8,0,0.5761123,47.39999,0,0,0,0,1.305398,0.8882393,0.6804355
4.738949,0,92,-0.1357563,0.1031225,0.03413492,0.264,0.2788314,0.4099362,2.8,0,0.5761123,47.39999,0,0,0,0,1.305398,0.8882393,0.6804355
4.741375,0,92,-0.1357563,0.1031225,0.03413492,0.264,0.2788314,0.4099362,2.8,0,0.5761123,47.39999,0,0,0,0,1.305398,0.8882393,0.6804355
4.743793,0,92,-0.1357563,0.1031225,0.03413492,0.264,0.2788314,0.4099362,2.8,0,0.5761123,47.39999,0,0,0,0,1.305398,0.8882393,0.6804355
4.746037,0,92,-0.1357563,0.1031225,0.03413492,0.264,0.2788314,0.4099362,2.8,0,0.5761123,47.39999,0,0,0,0,1.305398,0.8882393,0.6804355
4.748512,0,92,-0.1357563,0.1031225,0.03413492,0.264,0.2788314,0.4099362,2.8,0,0.5761123,47.39999,0,0,0,0,1.305398,0.8882393,0.6804355
4.75079,0,92,-0.1357563,0.1031225,0.03413492,0.264,0.2788314,0.4099362,2.8,0,0.5761123,47.39999,0,0,0,0,1.305398,0.8882393,0.6804355
4.753147,0,92,-0.1357563,0.1031225,0.03413492,0.264,0.2788314,0.4099362,2.8,0,0.5761123,47.39999,0,0,0,0,1.305398,0.8882393,0.6804355
4.755428,0,92,-0.1357563,0.1031225,0.03413492,0.264,0.2788314,0.4099362,2.8,0,0.5761123,47.39999,0,0,0,0,1.305398,0.8882393,0.6804355
4.757519,0,92,-0.1357563,0.1031225,0.03413492,0.264,0.2788314,0.4099362,2.8,0,0.5761123,47.39999,0,0,0,0,1.305398,0.8882393,0.6804355
4.759697,0,92,-0.1357563,0.1031225,0.03413492,0.264,0.2788314,0.4099362,2.8,0,0.5761123,47.39999,0,0,0,0,1.305398,0.8882393,0.6804355
4.762325,0,92,-0.1357563,0.1031225,0.03413492,0.264,0.2788314,0.4099362,2.8,0,0.5761123,47.39999,0,0,0,0,1.305398,0.8882393,0.6804355
4.764633,0,92,-0.1357563,0.1031225,0.03413492,0.264,0.2788314,0.4099362,2.8,0,0.5761123,47.39999,0,0,0,0,1.305398,0.8882393,0.6804355
4.767315,0,92,-0.1357563,0.1031225,0.03413492,0.264,0.2788314,0.4099362,2.8,0,0.5761123,47.39999,0,0,0,0,1.305398,0.8882393,0.6804355
4.769531,0,92,-0.1357563,0.1031225,0.03413492,0.264,0.2788314,0.4099362,2.8,0,0.5761123,47.39999,0,0,0,0,1.305398,0.8882393,0.6804355
4.771465,0,92,-0.1357563,0.1031225,0.03413492,0.264,0.2788314,0.4099362,2.8,0,0.5761123,47.39999,0,0,0,0,1.305398,0.8882393,0.6804355
4.773354,0,92,-0.1357563,0.1031225,0.03413492,0.264,0.2788314,0.4099362,2.8,0,0.5761123,47.39999,0,0,0,0,1.305398,0.8882393,0.6804355
4.775219,0,92,-0.1357563,0.1031225,0.03413492,0.264,0.2788314,0.4099362,2.8,0,0.5761123,47.39999,0,0,0,0,1.305398,0.8882393,0.6804355
4.777676,0,92,-0.1357563,0.1031225,0.03413492,0.264,0.2788314,0.4099362,2.8,0,0.5761123,47.39999,0,0,0,0,1.305398,0.8882393,0.6804355
4.779778,0,92,-0.1357563,0.1031225,0.03413492,0.264,0.2788314,0.4099362,2.8,0,0.5761123,47.39999,0,0,0,0,1.305398,0.8882393,0.6804355
4.782459,0,92,-0.1357563,0.1031225,0.03413492,0.264,0.2788314,0.4099362,2.8,0,0.5761123,47.39999,0,0,0,0,1.305398,0.8882393,0.6804355
4.784599,0,92,-0.1357563,0.1031225,0.03413492,0.264,0.2788314,0.4099362,2.8,0,0.5761123,47.39999,0,0,0,0,1.305398,0.8882393,0.6804355
4.786568,0,92,-0.1357563,0.1031225,0.03413492,0.264,0.2788314,0.4099362,2.8,0,0.5761123,47.39999,0,0,0,0,1.305398,0.8882393,0.6804355
4.788647,0,92,-0.1357563,0.1031225,0.03413492,0.264,0.2788314,0.4099362,2.8,0,0.5761123,47.39999,0,0,0,0,1.305398,0.8882393,0.6804355
4.790565,0,92,-0.1357563,0.1031225,0.03413492,0.264,0.2788314,0.4099362,2.8,0,0.5761123,47.39999,0,0,0,0,1.305398,0.8882393,0.6804355
4.792892,0,92,-0.1357563,0.1031225,0.03413492,0.264,0.2788314,0.4099362,2.8,0,0.5761123,47.39999,0,0,0,0,1.305398,0.8882393,0.6804355
4.795086,0,92,-0.1357563,0.1031225,0.03413492,0.264,0.2788314,0.4099362,2.8,0,0.5761123,47.39999,0,0,0,0,1.305398,0.8882393,0.6804355
4.797791,0,92,-0.1357563,0.1031225,0.03413492,0.264,0.2788314,0.4099362,2.8,0,0.5761123,47.39999,0,0,0,0,1.305398,0.8882393,0.6804355
4.799858,0,92,-0.1357563,0.1031225,0.03413492,0.264,0.2788314,0.4099362,2.8,0,0.5761123,47.39999,0,0,0,0,1.305398,0.8882393,0.6804355
4.802322,0,92,-0.1357563,0.1031225,0.03413492,0.264,0.2788314,0.4099362,2.8,0,0.5761123,47.39999,0,0,0,0,1.305398,0.8882393,0.6804355
4.80434,0,92,-0.1357563,0.1031225,0.03413492,0.264,0.2788314,0.4099362,2.8,0,0.5761123,47.39999,0,0,0,0,1.305398,0.8882393,0.6804355
4.806271,0,92,-0.1357563,0.1031225,0.03413492,0.264,0.2788314,0.4099362,2.8,0,0.5761123,47.39999,0,0,0,0,1.305398,0.8882393,0.6804355
4.808189,0,92,-0.1357563,0.1031225,0.03413492,0.264,0.2788314,0.4099362,2.8,0,0.5761123,47.39999,0,0,0,0,1.305398,0.8882393,0.6804355
4.810658,0,92,-0.1357563,0.1031225,0.03413492,0.264,0.2788314,0.4099362,2.8,0,0.5761123,47.39999,0,0,0,0,1.305398,0.8882393,0.6804355
4.81321,0,92,-0.1357563,0.1031225,0.03413492,0.264,0.2788314,0.4099362,2.8,0,0.5761123,47.39999,0,0,0,0,1.305398,0.8882393,0.6804355
4.815338,0,92,-0.1357563,0.1031225,0.03413492,0.264,0.2788314,0.4099362,2.8,0,0.5761123,47.39999,0,0,0,0,1.305398,0.8882393,0.6804355
4.817497,0,92,-0.1357563,0.1031225,0.03413492,0.264,0.2788314,0.4099362,2.8,0,0.5761123,47.39999,0,0,0,0,1.305398,0.8882393,0.6804355
4.819603,0,92,-0.1357563,0.1031225,0.03413492,0.264,0.2788314,0.4099362,2.8,0,0.5761123,47.39999,0,0,0,0,1.305398,0.8882393,0.6804355
4.822132,0,92,-0.1357563,0.1031225,0.03413492,0.264,0.2788314,0.4099362,2.8,0,0.5761123,47.39999,0,0,0,0,1.305398,0.8882393,0.6804355
4.824123,0,92,-0.1357563,0.1031225,0.03413492,0.264,0.2788314,0.4099362,2.8,0,0.5761123,47.39999,0,0,0,0,1.305398,0.8882393,0.6804355
4.82637,0,92,-0.1357563,0.1031225,0.03413492,0.264,0.2788314,0.4099362,2.8,0,0.5761123,47.39999,0,0,0,0,1.305398,0.8882393,0.6804355
4.828892,0,92,-0.1357563,0.1031225,0.03413492,0.264,0.2788314,0.4099362,2.8,0,0.5761123,47.39999,0,0,0,0,1.305398,0.8882393,0.6804355
4.8307,0,92,-0.1357563,0.1031225,0.03413492,0.264,0.2788314,0.4099362,2.8,0,0.5761123,47.39999,0,0,0,0,1.305398,0.8882393,0.6804355
4.832775,0,92,-0.1357563,0.1031225,0.03413492,0.264,0.2788314,0.4099362,2.8,0,0.5761123,47.39999,0,0,0,0,1.305398,0.8882393,0.6804355
4.834927,0,92,-0.1357563,0.1031225,0.03413492,0.264,0.2788314,0.4099362,2.8,0,0.5761123,47.39999,0,0,0,0,1.305398,0.8882393,0.6804355
4.837086,0,92,-0.1357563,0.1031225,0.03413492,0.264,0.2788314,0.4099362,2.8,0,0.5761123,47.39999,0,0,0,0,1.305398,0.8882393,0.6804355
4.839207,0,92,-0.1357563,0.1031225,0.03413492,0.264,0.2788314,0.4099362,2.8,0,0.5761123,47.39999,0,0,0,0,1.305398,0.8882393,0.6804355
4.841877,0,92,-0.1357563,0.1031225,0.03413492,0.264,0.2788314,0.4099362,2.8,0,0.5761123,47.39999,0,0,0,0,1.305398,0.8882393,0.6804355
4.844612,0,92,-0.1357563,0.1031225,0.03413492,0.264,0.2788314,0.4099362,2.8,0,0.5761123,47.39999,0,0,0,0,1.305398,0.8882393,0.6804355
4.846729,0,92,-0.1357563,0.1031225,0.03413492,0.264,0.2788314,0.4099362,2.8,0,0.5761123,47.39999,0,0,0,0,1.305398,0.8882393,0.6804355
4.848721,0,92,-0.1357563,0.1031225,0.03413492,0.264,0.2788314,0.4099362,2.8,0,0.5761123,47.39999,0,0,0,0,1.305398,0.8882393,0.6804355
4.850628,0,92,-0.1357563,0.1031225,0.03413492,0.264,0.2788314,0.4099362,2.8,0,0.5761123,47.39999,0,0,0,0,1.305398,0.8882393,0.6804355
4.852577,0,92,-0.1357563,0.1031225,0.03413492,0.264,0.2788314,0.4099362,2.8,0,0.5761123,47.39999,0,0,0,0,1.305398,0.8882393,0.6804355
4.854412,0,92,-0.1357563,0.1031225,0.03413492,0.264,0.2788314,0.4099362,2.8,0,0.5761123,47.39999,0,0,0,0,1.305398,0.8882393,0.6804355
4.856308,0,92,-0.1357563,0.1031225,0.03413492,0.264,0.2788314,0.4099362,2.8,0,0.5761123,47.39999,0,0,0,0,1.305398,0.8882393,0.6804355
4.858601,0,92,-0.1357563,0.1031225,0.03413492,0.264,0.2788314,0.4099362,2.8,0,0.5761123,47.39999,0,0,0,0,1.305398,0.8882393,0.6804355
4.862438,0,92,-0.1357563,0.1031225,0.03413492,0.264,0.2788314,0.4099362,2.8,0,0.5761123,47.39999,0,0,0,0,1.305398,0.8882393,0.6804355
4.864822,0,92,-0.1357563,0.1031225,0.03413492,0.264,0.2788314,0.4099362,2.8,0,0.5761123,47.39999,0,0,0,0,1.305398,0.8882393,0.6804355
4.867161,0,92,-0.1357563,0.1031225,0.03413492,0.264,0.2788314,0.4099362,2.8,0,0.5761123,47.39999,0,0,0,0,1.305398,0.8882393,0.6804355
4.869572,0,92,-0.1357563,0.1031225,0.03413492,0.264,0.2788314,0.4099362,2.8,0,0.5761123,47.39999,0,0,0,0,1.305398,0.8882393,0.6804355
4.871956,0,92,-0.1357563,0.1031225,0.03413492,0.264,0.2788314,0.4099362,2.8,0,0.5761123,47.39999,0,0,0,0,1.305398,0.8882393,0.6804355
4.8741,0,92,-0.1357563,0.1031225,0.03413492,0.264,0.2788314,0.4099362,2.8,0,0.5761123,47.39999,0,0,0,0,1.305398,0.8882393,0.6804355
4.876598,0,92,-0.1357563,0.1031225,0.03413492,0.264,0.2788314,0.4099362,2.8,0,0.5761123,47.39999,0,0,0,0,1.305398,0.8882393,0.6804355
4.879196,0,92,-0.1357563,0.1031225,0.03413492,0.264,0.2788314,0.4099362,2.8,0,0.5761123,47.39999,0,0,0,0,1.305398,0.8882393,0.6804355
4.881657,0,92,-0.1357563,0.1031225,0.03413492,0.264,0.2788314,0.4099362,2.8,0,0.5761123,47.39999,0,0,0,0,1.305398,0.8882393,0.6804355
4.883675,0,92,-0.1357563,0.1031225,0.03413492,0.264,0.2788314,0.4099362,2.8,0,0.5761123,47.39999,0,0,0,0,1.305398,0.8882393,0.6804355
4.885654,0,92,-0.1357563,0.1031225,0.03413492,0.264,0.2788314,0.4099362,2.8,0,0.5761123,47.39999,0,0,0,0,1.305398,0.8882393,0.6804355
4.887779,0,92,-0.1357563,0.1031225,0.03413492,0.264,0.2788314,0.4099362,2.8,0,0.5761123,47.39999,0,0,0,0,1.305398,0.8882393,0.6804355
4.890121,0,92,-0.1357563,0.1031225,0.03413492,0.264,0.2788314,0.4099362,2.8,0,0.5761123,47.39999,0,0,0,0,1.305398,0.8882393,0.6804355
4.892254,0,92,-0.1357563,0.1031225,0.03413492,0.264,0.2788314,0.4099362,2.8,0,0.5761123,47.39999,0,0,0,0,1.305398,0.8882393,0.6804355
4.894604,0,92,-0.1357563,0.1031225,0.03413492,0.264,0.2788314,0.4099362,2.8,0,0.5761123,47.39999,0,0,0,0,1.305398,0.8882393,0.6804355
4.89677,0,92,-0.1357563,0.1031225,0.03413492,0.264,0.2788314,0.4099362,2.8,0,0.5761123,47.39999,0,0,0,0,1.305398,0.8882393,0.6804355
4.898682,0,92,-0.1357563,0.1031225,0.03413492,0.264,0.2788314,0.4099362,2.8,0,0.5761123,47.39999,0,0,0,0,1.305398,0.8882393,0.6804355
4.901245,0,92,-0.1357563,0.1031225,0.03413492,0.264,0.2788314,0.4099362,2.8,0,0.5761123,47.39999,0,0,0,0,1.305398,0.8882393,0.6804355
4.903214,0,92,-0.1357563,0.1031225,0.03413492,0.264,0.2788314,0.4099362,2.8,0,0.5761123,47.39999,0,0,0,0,1.305398,0.8882393,0.6804355
4.905483,0,92,-0.1357563,0.1031225,0.03413492,0.264,0.2788314,0.4099362,2.8,0,0.5761123,47.39999,0,0,0,0,1.305398,0.8882393,0.6804355
4.907505,0,92,-0.1357563,0.1031225,0.03413492,0.264,0.2788314,0.4099362,2.8,0,0.5761123,47.39999,0,0,0,0,1.305398,0.8882393,0.6804355
4.90958,0,92,-0.1357563,0.1031225,0.03413492,0.264,0.2788314,0.4099362,2.8,0,0.5761123,47.39999,0,0,0,0,1.305398,0.8882393,0.6804355
4.911602,0,92,-0.1357563,0.1031225,0.03413492,0.264,0.2788314,0.4099362,2.8,0,0.5761123,47.39999,0,0,0,0,1.305398,0.8882393,0.6804355
4.913506,0,92,-0.1357563,0.1031225,0.03413492,0.264,0.2788314,0.4099362,2.8,0,0.5761123,47.39999,0,0,0,0,1.305398,0.8882393,0.6804355
4.915829,0,92,-0.1357563,0.1031225,0.03413492,0.264,0.2788314,0.4099362,2.8,0,0.5761123,47.39999,0,0,0,0,1.305398,0.8882393,0.6804355
4.918011,0,92,-0.1357563,0.1031225,0.03413492,0.264,0.2788314,0.4099362,2.8,0,0.5761123,47.39999,0,0,0,0,1.305398,0.8882393,0.6804355
4.92078,0,92,-0.1357563,0.1031225,0.03413492,0.264,0.2788314,0.4099362,2.8,0,0.5761123,47.39999,0,0,0,0,1.305398,0.8882393,0.6804355
4.923443,0,92,-0.1357563,0.1031225,0.03413492,0.264,0.2788314,0.4099362,2.8,0,0.5761123,47.39999,0,0,0,0,1.305398,0.8882393,0.6804355
4.926205,0,92,-0.1357563,0.1031225,0.03413492,0.264,0.2788314,0.4099362,2.8,0,0.5761123,47.39999,0,0,0,0,1.305398,0.8882393,0.6804355
4.929436,0,92,-0.1357563,0.1031225,0.03413492,0.264,0.2788314,0.4099362,2.8,0,0.5761123,47.39999,0,0,0,0,1.305398,0.8882393,0.6804355
4.933323,0,92,-0.1357563,0.1031225,0.03413492,0.264,0.2788314,0.4099362,2.8,0,0.5761123,47.39999,0,0,0,0,1.305398,0.8882393,0.6804355
4.936581,0,92,-0.1357563,0.1031225,0.03413492,0.264,0.2788314,0.4099362,2.8,0,0.5761123,47.39999,0,0,0,0,1.305398,0.8882393,0.6804355
4.938648,0,92,-0.1357563,0.1031225,0.03413492,0.264,0.2788314,0.4099362,2.8,0,0.5761123,47.39999,0,0,0,0,1.305398,0.8882393,0.6804355
4.941631,0,92,-0.1357563,0.1031225,0.03413492,0.264,0.2788314,0.4099362,2.8,0,0.5761123,47.39999,0,0,0,0,1.305398,0.8882393,0.6804355
4.944458,0,92,-0.1357563,0.1031225,0.03413492,0.264,0.2788314,0.4099362,2.8,0,0.5761123,47.39999,0,0,0,0,1.305398,0.8882393,0.6804355
4.948406,0,92,-0.1357563,0.1031225,0.03413492,0.264,0.2788314,0.4099362,2.8,0,0.5761123,47.39999,0,0,0,0,1.305398,0.8882393,0.6804355
4.951279,0,92,-0.1357563,0.1031225,0.03413492,0.264,0.2788314,0.4099362,2.8,0,0.5761123,47.39999,0,0,0,0,1.305398,0.8882393,0.6804355
4.95372,0,92,-0.1357563,0.1031225,0.03413492,0.264,0.2788314,0.4099362,2.8,0,0.5761123,47.39999,0,0,0,0,1.305398,0.8882393,0.6804355
4.956203,0,92,-0.1357563,0.1031225,0.03413492,0.264,0.2788314,0.4099362,2.8,0,0.5761123,47.39999,0,0,0,0,1.305398,0.8882393,0.6804355
4.958569,0,92,-0.1357563,0.1031225,0.03413492,0.264,0.2788314,0.4099362,2.8,0,0.5761123,47.39999,0,0,0,0,1.305398,0.8882393,0.6804355
4.961838,0,92,-0.1357563,0.1031225,0.03413492,0.264,0.2788314,0.4099362,2.8,0,0.5761123,47.39999,0,0,0,0,1.305398,0.8882393,0.6804355
4.964752,0,92,-0.1357563,0.1031225,0.03413492,0.264,0.2788314,0.4099362,2.8,0,0.5761123,47.39999,0,0,0,0,1.305398,0.8882393,0.6804355
4.967445,0,92,-0.1357563,0.1031225,0.03413492,0.264,0.2788314,0.4099362,2.8,0,0.5761123,47.39999,0,0,0,0,1.305398,0.8882393,0.6804355
4.970806,0,92,-0.1357563,0.1031225,0.03413492,0.264,0.2788314,0.4099362,2.8,0,0.5761123,47.39999,0,0,0,0,1.305398,0.8882393,0.6804355
4.974483,0,92,-0.1357563,0.1031225,0.03413492,0.264,0.2788314,0.4099362,2.8,0,0.5761123,47.39999,0,0,0,0,1.305398,0.8882393,0.6804355
4.977665,0,92,-0.1357563,0.1031225,0.03413492,0.264,0.2788314,0.4099362,2.8,0,0.5761123,47.39999,0,0,0,0,1.305398,0.8882393,0.6804355
4.980682,0,92,-0.1357563,0.1031225,0.03413492,0.264,0.2788314,0.4099362,2.8,0,0.5761123,47.39999,0,0,0,0,1.305398,0.8882393,0.6804355
4.984268,0,92,-0.1357563,0.1031225,0.03413492,0.264,0.2788314,0.4099362,2.8,0,0.5761123,47.39999,0,0,0,0,1.305398,0.8882393,0.6804355
4.987171,0,92,-0.1357563,0.1031225,0.03413492,0.264,0.2788314,0.4099362,2.8,0,0.5761123,47.39999,0,0,0,0,1.305398,0.8882393,0.6804355
4.990528,0,92,-0.1357563,0.1031225,0.03413492,0.264,0.2788314,0.4099362,2.8,0,0.5761123,47.39999,0,0,0,0,1.305398,0.8882393,0.6804355
4.993423,0,92,-0.1357563,0.1031225,0.03413492,0.264,0.2788314,0.4099362,2.8,0,0.5761123,47.39999,0,0,0,0,1.305398,0.8882393,0.6804355
4.996464,0,92,-0.1357563,0.1031225,0.03413492,0.264,0.2788314,0.4099362,2.8,0,0.5761123,47.39999,0,0,0,0,1.305398,0.8882393,0.6804355
