Timestamp,TargetShoulderPitch,TargetElbowAngle,TargetPosX,TargetPosY,TargetPosZ,ActualPosX,ActualPosY,ActualPosZ,ActualShoulderPitch,ActualElbowAngle,PositionError,JointSpaceError,ShoulderPitchVel,ElbowVel,ShoulderPitchJerk,ElbowJerk,PathLength,OptimalPathLength,PathEfficiency
0.003757477,42,118,-0.08917907,-0.135038,-0.09068605,0.264,0.1541385,0.4623886,12.5,0,0.7171124,73.75,-1544.196,0,0,0,0.8300372,0.7245747,0.8729424
0.006317139,42,118,-0.08917907,-0.135038,-0.09068605,0.264,0.1541385,0.4623886,12.5,0,0.7171124,73.75,0,0,0,0,0.8300372,0.7245747,0.8729424
0.008823395,42,118,-0.08917907,-0.135038,-0.09068605,0.264,0.1541385,0.4623886,12.5,0,0.7171124,73.75,0,0,0,0,0.8300372,0.7245747,0.8729424
0.01175308,42,118,-0.08917907,-0.135038,-0.09068605,0.264,0.1541385,0.4623886,12.5,0,0.7171124,73.75,0,0,0,0,0.8300372,0.7245747,0.8729424
0.01420212,42,118,-0.08917907,-0.135038,-0.09068605,0.264,0.1541385,0.4623886,12.5,0,0.7171124,73.75,0,0,0,0,0.8300372,0.7245747,0.8729424
0.01823044,42,118,-0.08917907,-0.135038,-0.09068605,0.264,0.1541385,0.4623886,12.5,0,0.7171124,73.75,0,0,0,0,0.8300372,0.7245747,0.8729424
0.02114487,42,118,-0.08917907,-0.135038,-0.09068605,0.264,0.1541385,0.4623886,12.5,0,0.7171124,73.75,0,0,0,0,0.8300372,0.7245747,0.8729424
0.02336884,42,118,-0.08917907,-0.135038,-0.09068605,0.264,0.1541385,0.4623886,12.5,0,0.7171124,73.75,0,0,0,0,0.8300372,0.7245747,0.8729424
0.02568436,42,118,-0.08917907,-0.135038,-0.09068605,0.264,0.1541385,0.4623886,12.5,0,0.7171124,73.75,0,0,0,0,0.8300372,0.7245747,0.8729424
0.02850723,42,118,-0.08917907,-0.135038,-0.09068605,0.264,0.1541385,0.4623886,12.5,0,0.7171124,73.75,0,0,0,0,0.8300372,0.7245747,0.8729424
0.03078842,42,118,-0.08917907,-0.135038,-0.09068605,0.264,0.1541385,0.4623886,12.5,0,0.7171124,73.75,0,0,0,0,0.8300372,0.7245747,0.8729424
0.03308105,42,118,-0.08917907,-0.135038,-0.09068605,0.264,0.1541385,0.4623886,12.5,0,0.7171124,73.75,0,0,0,0,0.8300372,0.7245747,0.8729424
0.03544617,42,118,-0.08917907,-0.135038,-0.09068605,0.264,0.1541385,0.4623886,12.5,0,0.7171124,73.75,0,0,0,0,0.8300372,0.7245747,0.8729424
0.03830719,42,118,-0.08917907,-0.135038,-0.09068605,0.264,0.1541385,0.4623886,12.5,0,0.7171124,73.75,0,0,0,0,0.8300372,0.7245747,0.8729424
0.04045105,42,118,-0.08917907,-0.135038,-0.09068605,0.264,0.1541385,0.4623886,12.5,0,0.7171124,73.75,0,0,0,0,0.8300372,0.7245747,0.8729424
0.04360962,42,118,-0.08917907,-0.135038,-0.09068605,0.264,0.1541385,0.4623886,12.5,0,0.7171124,73.75,0,0,0,0,0.8300372,0.7245747,0.8729424
0.04613495,42,118,-0.08917907,-0.135038,-0.09068605,0.264,0.1541385,0.4623886,12.5,0,0.7171124,73.75,0,0,0,0,0.8300372,0.7245747,0.8729424
0.04885101,42,118,-0.08917907,-0.135038,-0.09068605,0.264,0.1541385,0.4623886,12.5,0,0.7171124,73.75,0,0,0,0,0.8300372,0.7245747,0.8729424
0.05111694,42,118,-0.08917907,-0.135038,-0.09068605,0.264,0.1541385,0.4623886,12.5,0,0.7171124,73.75,0,0,0,0,0.8300372,0.7245747,0.8729424
0.05344391,42,118,-0.08917907,-0.135038,-0.09068605,0.264,0.1541385,0.4623886,12.5,0,0.7171124,73.75,0,0,0,0,0.8300372,0.7245747,0.8729424
0.05574417,42,118,-0.08917907,-0.135038,-0.09068605,0.264,0.1541385,0.4623886,12.5,0,0.7171124,73.75,0,0,0,0,0.8300372,0.7245747,0.8729424
0.05861282,42,118,-0.08917907,-0.135038,-0.09068605,0.264,0.1541385,0.4623886,12.5,0,0.7171124,73.75,0,0,0,0,0.8300372,0.7245747,0.8729424
0.06149292,42,118,-0.08917907,-0.135038,-0.09068605,0.264,0.1541385,0.4623886,12.5,0,0.7171124,73.75,0,0,0,0,0.8300372,0.7245747,0.8729424
0.06428909,42,118,-0.08917907,-0.135038,-0.09068605,0.264,0.1541385,0.4623886,12.5,0,0.7171124,73.75,0,0,0,0,0.8300372,0.7245747,0.8729424
0.06656265,42,118,-0.08917907,-0.135038,-0.09068605,0.264,0.1541385,0.4623886,12.5,0,0.7171124,73.75,0,0,0,0,0.8300372,0.7245747,0.8729424
0.06884003,42,118,-0.08917907,-0.135038,-0.09068605,0.264,0.1541385,0.4623886,12.5,0,0.7171124,73.75,0,0,0,0,0.8300372,0.7245747,0.8729424
0.07096863,42,118,-0.08917907,-0.135038,-0.09068605,0.264,0.1541385,0.4623886,12.5,0,0.7171124,73.75,0,0,0,0,0.8300372,0.7245747,0.8729424
0.07323074,42,118,-0.08917907,-0.135038,-0.09068605,0.264,0.1541385,0.4623886,12.5,0,0.7171124,73.75,0,0,0,0,0.8300372,0.7245747,0.8729424
0.07765198,42,118,-0.08917907,-0.135038,-0.09068605,0.264,0.1541385,0.4623886,12.5,0,0.7171124,73.75,0,0,0,0,0.8300372,0.7245747,0.8729424
0.08396912,42,118,-0.08917907,-0.135038,-0.09068605,0.264,0.1541385,0.4623886,12.5,0,0.7171124,73.75,0,0,0,0,0.8300372,0.7245747,0.8729424
0.08920288,42,118,-0.08917907,-0.135038,-0.09068605,0.264,0.1541385,0.4623886,12.5,0,0.7171124,73.75,0,0,0,0,0.8300372,0.7245747,0.8729424
0.09143066,42,118,-0.08917907,-0.135038,-0.09068605,0.264,0.1541385,0.4623886,12.5,0,0.7171124,73.75,0,0,0,0,0.8300372,0.7245747,0.8729424
0.09414673,42,118,-0.08917907,-0.135038,-0.09068605,0.264,0.1541385,0.4623886,12.5,0,0.7171124,73.75,0,0,0,0,0.8300372,0.7245747,0.8729424
0.09700012,42,118,-0.08917907,-0.135038,-0.09068605,0.264,0.1541385,0.4623886,12.5,0,0.7171124,73.75,0,0,0,0,0.8300372,0.7245747,0.8729424
0.09923553,42,118,-0.08917907,-0.135038,-0.09068605,0.264,0.1541385,0.4623886,12.5,0,0.7171124,73.75,0,0,0,0,0.8300372,0.7245747,0.8729424
0.1014404,42,118,-0.08917907,-0.135038,-0.09068605,0.264,0.1541385,0.4623886,12.5,0,0.7171124,73.75,0,0,0,0,0.8300372,0.7245747,0.8729424
0.1035767,42,118,-0.08917907,-0.135038,-0.09068605,0.264,0.1541385,0.4623886,12.5,0,0.7171124,73.75,0,0,0,0,0.8300372,0.7245747,0.8729424
0.1082382,42,118,-0.08917907,-0.135038,-0.09068605,0.264,0.1541385,0.4623886,12.5,0,0.7171124,73.75,0,0,0,0,0.8300372,0.7245747,0.8729424
0.1107407,42,118,-0.08917907,-0.135038,-0.09068605,0.264,0.1541385,0.4623886,12.5,0,0.7171124,73.75,0,0,0,0,0.8300372,0.7245747,0.8729424
0.1131477,42,118,-0.08917907,-0.135038,-0.09068605,0.264,0.1541385,0.4623886,12.5,0,0.7171124,73.75,0,0,0,0,0.8300372,0.7245747,0.8729424
0.1153488,42,118,-0.08917907,-0.135038,-0.09068605,0.264,0.1541385,0.4623886,12.5,0,0.7171124,73.75,0,0,0,0,0.8300372,0.7245747,0.8729424
0.1179886,42,118,-0.08917907,-0.135038,-0.09068605,0.264,0.1541385,0.4623886,12.5,0,0.7171124,73.75,0,0,0,0,0.8300372,0.7245747,0.8729424
0.1204262,42,118,-0.08917907,-0.135038,-0.09068605,0.264,0.1541385,0.4623886,12.5,0,0.7171124,73.75,0,0,0,0,0.8300372,0.7245747,0.8729424
0.1228561,42,118,-0.08917907,-0.135038,-0.09068605,0.264,0.1541385,0.4623886,12.5,0,0.7171124,73.75,0,0,0,0,0.8300372,0.7245747,0.8729424
0.1252556,42,118,-0.08917907,-0.135038,-0.09068605,0.264,0.1541385,0.4623886,12.5,0,0.7171124,73.75,0,0,0,0,0.8300372,0.7245747,0.8729424
0.1280403,42,118,-0.08917907,-0.135038,-0.09068605,0.264,0.1541385,0.4623886,12.5,0,0.7171124,73.75,0,0,0,0,0.8300372,0.7245747,0.8729424
0.1302643,42,118,-0.08917907,-0.135038,-0.09068605,0.264,0.1541385,0.4623886,12.5,0,0.7171124,73.75,0,0,0,0,0.8300372,0.7245747,0.8729424
0.1324196,42,118,-0.08917907,-0.135038,-0.09068605,0.264,0.1541385,0.4623886,12.5,0,0.7171124,73.75,0,0,0,0,0.8300372,0.7245747,0.8729424
0.1347923,42,118,-0.08917907,-0.135038,-0.09068605,0.264,0.1541385,0.4623886,12.5,0,0.7171124,73.75,0,0,0,0,0.8300372,0.7245747,0.8729424
0.1376686,42,118,-0.08917907,-0.135038,-0.09068605,0.264,0.1541385,0.4623886,12.5,0,0.7171124,73.75,0,0,0,0,0.8300372,0.7245747,0.8729424
0.1399727,42,118,-0.08917907,-0.135038,-0.09068605,0.264,0.1541385,0.4623886,12.5,0,0.7171124,73.75,0,0,0,0,0.8300372,0.7245747,0.8729424
0.1420937,42,118,-0.08917907,-0.135038,-0.09068605,0.264,0.1541385,0.4623886,12.5,0,0.7171124,73.75,0,0,0,0,0.8300372,0.7245747,0.8729424
0.1450844,42,118,-0.08917907,-0.135038,-0.09068605,0.264,0.1541385,0.4623886,12.5,0,0.7171124,73.75,0,0,0,0,0.8300372,0.7245747,0.8729424
0.1475525,42,118,-0.08917907,-0.135038,-0.09068605,0.264,0.1541385,0.4623886,12.5,0,0.7171124,73.75,0,0,0,0,0.8300372,0.7245747,0.8729424
0.1497726,42,118,-0.08917907,-0.135038,-0.09068605,0.264,0.1541385,0.4623886,12.5,0,0.7171124,73.75,0,0,0,0,0.8300372,0.7245747,0.8729424
0.152504,42,118,-0.08917907,-0.135038,-0.09068605,0.264,0.1541385,0.4623886,12.5,0,0.7171124,73.75,0,0,0,0,0.8300372,0.7245747,0.8729424
0.1549492,42,118,-0.08917907,-0.135038,-0.09068605,0.264,0.1541385,0.4623886,12.5,0,0.7171124,73.75,0,0,0,0,0.8300372,0.7245747,0.8729424
0.1576385,42,118,-0.08917907,-0.135038,-0.09068605,0.264,0.1541385,0.4623886,12.5,0,0.7171124,73.75,0,0,0,0,0.8300372,0.7245747,0.8729424
0.1601982,42,118,-0.08917907,-0.135038,-0.09068605,0.264,0.1541385,0.4623886,12.5,0,0.7171124,73.75,0,0,0,0,0.8300372,0.7245747,0.8729424
0.1626434,42,118,-0.08917907,-0.135038,-0.09068605,0.264,0.1541385,0.4623886,12.5,0,0.7171124,73.75,0,0,0,0,0.8300372,0.7245747,0.8729424
0.1649551,42,118,-0.08917907,-0.135038,-0.09068605,0.264,0.1541385,0.4623886,12.5,0,0.7171124,73.75,0,0,0,0,0.8300372,0.7245747,0.8729424
0.1678543,42,118,-0.08917907,-0.135038,-0.09068605,0.264,0.1541385,0.4623886,12.5,0,0.7171124,73.75,0,0,0,0,0.8300372,0.7245747,0.8729424
0.1711388,42,118,-0.08917907,-0.135038,-0.09068605,0.264,0.1541385,0.4623886,12.5,0,0.7171124,73.75,0,0,0,0,0.8300372,0.7245747,0.8729424
0.1736755,42,118,-0.08917907,-0.135038,-0.09068605,0.264,0.1541385,0.4623886,12.5,0,0.7171124,73.75,0,0,0,0,0.8300372,0.7245747,0.8729424
0.1760025,42,118,-0.08917907,-0.135038,-0.09068605,0.264,0.1541385,0.4623886,12.5,0,0.7171124,73.75,0,0,0,0,0.8300372,0.7245747,0.8729424
0.1798058,42,118,-0.08917907,-0.135038,-0.09068605,0.264,0.1541385,0.4623886,12.5,0,0.7171124,73.75,0,0,0,0,0.8300372,0.7245747,0.8729424
0.182312,42,118,-0.08917907,-0.135038,-0.09068605,0.264,0.1541385,0.4623886,12.5,0,0.7171124,73.75,0,0,0,0,0.8300372,0.7245747,0.8729424
0.1848831,42,118,-0.08917907,-0.135038,-0.09068605,0.264,0.1541385,0.4623886,12.5,0,0.7171124,73.75,0,0,0,0,0.8300372,0.7245747,0.8729424
0.1871185,42,118,-0.08917907,-0.135038,-0.09068605,0.264,0.1541385,0.4623886,12.5,0,0.7171124,73.75,0,0,0,0,0.8300372,0.7245747,0.8729424
0.1893349,42,118,-0.08917907,-0.135038,-0.09068605,0.264,0.1541385,0.4623886,12.5,0,0.7171124,73.75,0,0,0,0,0.8300372,0.7245747,0.8729424
0.1914177,42,118,-0.08917907,-0.135038,-0.09068605,0.264,0.1541385,0.4623886,12.5,0,0.7171124,73.75,0,0,0,0,0.8300372,0.7245747,0.8729424
0.1937599,42,118,-0.08917907,-0.135038,-0.09068605,0.264,0.1541385,0.4623886,12.5,0,0.7171124,73.75,0,0,0,0,0.8300372,0.7245747,0.8729424
0.1960678,42,118,-0.08917907,-0.135038,-0.09068605,0.264,0.1541385,0.4623886,12.5,0,0.7171124,73.75,0,0,0,0,0.8300372,0.7245747,0.8729424
0.1991501,42,118,-0.08917907,-0.135038,-0.09068605,0.264,0.1541385,0.4623886,12.5,0,0.7171124,73.75,0,0,0,0,0.8300372,0.7245747,0.8729424
0.2014694,42,118,-0.08917907,-0.135038,-0.09068605,0.264,0.1541385,0.4623886,12.5,0,0.7171124,73.75,0,0,0,0,0.8300372,0.7245747,0.8729424
0.2038536,42,118,-0.08917907,-0.135038,-0.09068605,0.264,0.1541385,0.4623886,12.5,0,0.7171124,73.75,0,0,0,0,0.8300372,0.7245747,0.8729424
0.2061691,42,118,-0.08917907,-0.135038,-0.09068605,0.264,0.1541385,0.4623886,12.5,0,0.7171124,73.75,0,0,0,0,0.8300372,0.7245747,0.8729424
0.208622,42,118,-0.08917907,-0.135038,-0.09068605,0.264,0.1541385,0.4623886,12.5,0,0.7171124,73.75,0,0,0,0,0.8300372,0.7245747,0.8729424
0.2113495,42,118,-0.08917907,-0.135038,-0.09068605,0.264,0.1541385,0.4623886,12.5,0,0.7171124,73.75,0,0,0,0,0.8300372,0.7245747,0.8729424
0.2136917,42,118,-0.08917907,-0.135038,-0.09068605,0.264,0.1541385,0.4623886,12.5,0,0.7171124,73.75,0,0,0,0,0.8300372,0.7245747,0.8729424
0.2160492,42,118,-0.08917907,-0.135038,-0.09068605,0.264,0.1541385,0.4623886,12.5,0,0.7171124,73.75,0,0,0,0,0.8300372,0.7245747,0.8729424
0.2189407,42,118,-0.08917907,-0.135038,-0.09068605,0.264,0.1541385,0.4623886,12.5,0,0.7171124,73.75,0,0,0,0,0.8300372,0.7245747,0.8729424
0.2211685,42,118,-0.08917907,-0.135038,-0.09068605,0.264,0.1541385,0.4623886,12.5,0,0.7171124,73.75,0,0,0,0,0.8300372,0.7245747,0.8729424
0.2233658,42,118,-0.08917907,-0.135038,-0.09068605,0.264,0.1541385,0.4623886,12.5,0,0.7171124,73.75,0,0,0,0,0.8300372,0.7245747,0.8729424
0.2255096,42,118,-0.08917907,-0.135038,-0.09068605,0.264,0.1541385,0.4623886,12.5,0,0.7171124,73.75,0,0,0,0,0.8300372,0.7245747,0.8729424
0.2280006,42,118,-0.08917907,-0.135038,-0.09068605,0.264,0.1541385,0.4623886,12.5,0,0.7171124,73.75,0,0,0,0,0.8300372,0.7245747,0.8729424
0.2311592,42,118,-0.08917907,-0.135038,-0.09068605,0.264,0.1541385,0.4623886,12.5,0,0.7171124,73.75,0,0,0,0,0.8300372,0.7245747,0.8729424
0.2336502,42,118,-0.08917907,-0.135038,-0.09068605,0.264,0.1541385,0.4623886,12.5,0,0.7171124,73.75,0,0,0,0,0.8300372,0.7245747,0.8729424
0.236187,42,118,-0.08917907,-0.135038,-0.09068605,0.264,0.1541385,0.4623886,12.5,0,0.7171124,73.75,0,0,0,0,0.8300372,0.7245747,0.8729424
0.2387962,42,118,-0.08917907,-0.135038,-0.09068605,0.264,0.1541385,0.4623886,12.5,0,0.7171124,73.75,0,0,0,0,0.8300372,0.7245747,0.8729424
0.2410088,42,118,-0.08917907,-0.135038,-0.09068605,0.264,0.1541385,0.4623886,12.5,0,0.7171124,73.75,0,0,0,0,0.8300372,0.7245747,0.8729424
0.2434349,42,118,-0.08917907,-0.135038,-0.09068605,0.264,0.1541385,0.4623886,12.5,0,0.7171124,73.75,0,0,0,0,0.8300372,0.7245747,0.8729424
0.2462692,42,118,-0.08917907,-0.135038,-0.09068605,0.264,0.1541385,0.4623886,12.5,0,0.7171124,73.75,0,0,0,0,0.8300372,0.7245747,0.8729424
0.2485085,42,118,-0.08917907,-0.135038,-0.09068605,0.264,0.1541385,0.4623886,12.5,0,0.7171124,73.75,0,0,0,0,0.8300372,0.7245747,0.8729424
0.2506142,42,118,-0.08917907,-0.135038,-0.09068605,0.264,0.1541385,0.4623886,12.5,0,0.7171124,73.75,0,0,0,0,0.8300372,0.7245747,0.8729424
0.2528381,42,118,-0.08917907,-0.135038,-0.09068605,0.264,0.1541385,0.4623886,12.5,0,0.7171124,73.75,0,0,0,0,0.8300372,0.7245747,0.8729424
0.2550735,42,118,-0.08917907,-0.135038,-0.09068605,0.264,0.1541385,0.4623886,12.5,0,0.7171124,73.75,0,0,0,0,0.8300372,0.7245747,0.8729424
0.2577705,42,118,-0.08917907,-0.135038,-0.09068605,0.264,0.1541385,0.4623886,12.5,0,0.7171124,73.75,0,0,0,0,0.8300372,0.7245747,0.8729424
0.2607079,42,118,-0.08917907,-0.135038,-0.09068605,0.264,0.1541385,0.4623886,12.5,0,0.7171124,73.75,0,0,0,0,0.8300372,0.7245747,0.8729424
0.2638245,42,118,-0.08917907,-0.135038,-0.09068605,0.264,0.1541385,0.4623886,12.5,0,0.7171124,73.75,0,0,0,0,0.8300372,0.7245747,0.8729424
0.2662621,42,118,-0.08917907,-0.135038,-0.09068605,0.264,0.1541385,0.4623886,12.5,0,0.7171124,73.75,0,0,0,0,0.8300372,0.7245747,0.8729424
0.2685471,42,118,-0.08917907,-0.135038,-0.09068605,0.264,0.1541385,0.4623886,12.5,0,0.7171124,73.75,0,0,0,0,0.8300372,0.7245747,0.8729424
0.2707901,42,118,-0.08917907,-0.135038,-0.09068605,0.264,0.1541385,0.4623886,12.5,0,0.7171124,73.75,0,0,0,0,0.8300372,0.7245747,0.8729424
0.2731361,42,118,-0.08917907,-0.135038,-0.09068605,0.264,0.1541385,0.4623886,12.5,0,0.7171124,73.75,0,0,0,0,0.8300372,0.7245747,0.8729424
0.2754021,42,118,-0.08917907,-0.135038,-0.09068605,0.264,0.1541385,0.4623886,12.5,0,0.7171124,73.75,0,0,0,0,0.8300372,0.7245747,0.8729424
0.2784767,42,118,-0.08917907,-0.135038,-0.09068605,0.264,0.1541385,0.4623886,12.5,0,0.7171124,73.75,0,0,0,0,0.8300372,0.7245747,0.8729424
0.2807045,42,118,-0.08917907,-0.135038,-0.09068605,0.264,0.1541385,0.4623886,12.5,0,0.7171124,73.75,0,0,0,0,0.8300372,0.7245747,0.8729424
0.2828941,42,118,-0.08917907,-0.135038,-0.09068605,0.264,0.1541385,0.4623886,12.5,0,0.7171124,73.75,0,0,0,0,0.8300372,0.7245747,0.8729424
0.2851868,42,118,-0.08917907,-0.135038,-0.09068605,0.264,0.1541385,0.4623886,12.5,0,0.7171124,73.75,0,0,0,0,0.8300372,0.7245747,0.8729424
0.2874756,42,118,-0.08917907,-0.135038,-0.09068605,0.264,0.1541385,0.4623886,12.5,0,0.7171124,73.75,0,0,0,0,0.8300372,0.7245747,0.8729424
0.2897072,42,118,-0.08917907,-0.135038,-0.09068605,0.264,0.1541385,0.4623886,12.5,0,0.7171124,73.75,0,0,0,0,0.8300372,0.7245747,0.8729424
0.2923126,42,118,-0.08917907,-0.135038,-0.09068605,0.264,0.1541385,0.4623886,12.5,0,0.7171124,73.75,0,0,0,0,0.8300372,0.7245747,0.8729424
0.2954178,42,118,-0.08917907,-0.135038,-0.09068605,0.264,0.1541385,0.4623886,12.5,0,0.7171124,73.75,0,0,0,0,0.8300372,0.7245747,0.8729424
0.2986145,42,118,-0.08917907,-0.135038,-0.09068605,0.264,0.1541385,0.4623886,12.5,0,0.7171124,73.75,0,0,0,0,0.8300372,0.7245747,0.8729424
0.3011818,42,118,-0.08917907,-0.135038,-0.09068605,0.264,0.1541385,0.4623886,12.5,0,0.7171124,73.75,0,0,0,0,0.8300372,0.7245747,0.8729424
0.3035583,42,118,-0.08917907,-0.135038,-0.09068605,0.264,0.1541385,0.4623886,12.5,0,0.7171124,73.75,0,0,0,0,0.8300372,0.7245747,0.8729424
0.3076591,42,118,-0.08917907,-0.135038,-0.09068605,0.264,0.1541385,0.4623886,12.5,0,0.7171124,73.75,0,0,0,0,0.8300372,0.7245747,0.8729424
0.3148994,42,118,-0.08917907,-0.135038,-0.09068605,0.264,0.1541385,0.4623886,12.5,0,0.7171124,73.75,0,0,0,0,0.8300372,0.7245747,0.8729424
0.3211899,42,118,-0.08917907,-0.135038,-0.09068605,0.264,0.1541385,0.4623886,12.5,0,0.7171124,73.75,0,0,0,0,0.8300372,0.7245747,0.8729424
0.3237991,42,118,-0.08917907,-0.135038,-0.09068605,0.264,0.1541385,0.4623886,12.5,0,0.7171124,73.75,0,0,0,0,0.8300372,0.7245747,0.8729424
0.326046,42,118,-0.08917907,-0.135038,-0.09068605,0.264,0.1541385,0.4623886,12.5,0,0.7171124,73.75,0,0,0,0,0.8300372,0.7245747,0.8729424
0.3288422,42,118,-0.08917907,-0.135038,-0.09068605,0.264,0.1541385,0.4623886,12.5,0,0.7171124,73.75,0,0,0,0,0.8300372,0.7245747,0.8729424
0.3310623,42,118,-0.08917907,-0.135038,-0.09068605,0.264,0.1541385,0.4623886,12.5,0,0.7171124,73.75,0,0,0,0,0.8300372,0.7245747,0.8729424
0.3332405,42,118,-0.08917907,-0.135038,-0.09068605,0.264,0.1541385,0.4623886,12.5,0,0.7171124,73.75,0,0,0,0,0.8300372,0.7245747,0.8729424
0.3356476,42,118,-0.08917907,-0.135038,-0.09068605,0.264,0.1541385,0.4623886,12.5,0,0.7171124,73.75,0,0,0,0,0.8300372,0.7245747,0.8729424
0.3384514,42,118,-0.08917907,-0.135038,-0.09068605,0.264,0.1541385,0.4623886,12.5,0,0.7171124,73.75,0,0,0,0,0.8300372,0.7245747,0.8729424
0.3424149,42,118,-0.08917907,-0.135038,-0.09068605,0.264,0.1541385,0.4623886,12.5,0,0.7171124,73.75,0,0,0,0,0.8300372,0.7245747,0.8729424
0.3451195,42,118,-0.08917907,-0.135038,-0.09068605,0.264,0.1541385,0.4623886,12.5,0,0.7171124,73.75,0,0,0,0,0.8300372,0.7245747,0.8729424
0.3473206,42,118,-0.08917907,-0.135038,-0.09068605,0.264,0.1541385,0.4623886,12.5,0,0.7171124,73.75,0,0,0,0,0.8300372,0.7245747,0.8729424
0.3497696,42,118,-0.08917907,-0.135038,-0.09068605,0.264,0.1541385,0.4623886,12.5,0,0.7171124,73.75,0,0,0,0,0.8300372,0.7245747,0.8729424
0.3519974,42,118,-0.08917907,-0.135038,-0.09068605,0.264,0.1541385,0.4623886,12.5,0,0.7171124,73.75,0,0,0,0,0.8300372,0.7245747,0.8729424
0.3543396,42,118,-0.08917907,-0.135038,-0.09068605,0.264,0.1541385,0.4623886,12.5,0,0.7171124,73.75,0,0,0,0,0.8300372,0.7245747,0.8729424
0.3573799,42,118,-0.08917907,-0.135038,-0.09068605,0.264,0.1541385,0.4623886,12.5,0,0.7171124,73.75,0,0,0,0,0.8300372,0.7245747,0.8729424
0.3598366,42,118,-0.08917907,-0.135038,-0.09068605,0.264,0.1541385,0.4623886,12.5,0,0.7171124,73.75,0,0,0,0,0.8300372,0.7245747,0.8729424
0.3623695,42,118,-0.08917907,-0.135038,-0.09068605,0.264,0.1541385,0.4623886,12.5,0,0.7171124,73.75,0,0,0,0,0.8300372,0.7245747,0.8729424
0.3647308,42,118,-0.08917907,-0.135038,-0.09068605,0.264,0.1541385,0.4623886,12.5,0,0.7171124,73.75,0,0,0,0,0.8300372,0.7245747,0.8729424
0.3669014,42,118,-0.08917907,-0.135038,-0.09068605,0.264,0.1541385,0.4623886,12.5,0,0.7171124,73.75,0,0,0,0,0.8300372,0.7245747,0.8729424
0.3693008,42,118,-0.08917907,-0.135038,-0.09068605,0.264,0.1541385,0.4623886,12.5,0,0.7171124,73.75,0,0,0,0,0.8300372,0.7245747,0.8729424
0.3720703,42,118,-0.08917907,-0.135038,-0.09068605,0.264,0.1541385,0.4623886,12.5,0,0.7171124,73.75,0,0,0,0,0.8300372,0.7245747,0.8729424
0.3742523,42,118,-0.08917907,-0.135038,-0.09068605,0.264,0.1541385,0.4623886,12.5,0,0.7171124,73.75,0,0,0,0,0.8300372,0.7245747,0.8729424
0.3775864,42,118,-0.08917907,-0.135038,-0.09068605,0.264,0.1541385,0.4623886,12.5,0,0.7171124,73.75,0,0,0,0,0.8300372,0.7245747,0.8729424
0.3800888,42,118,-0.08917907,-0.135038,-0.09068605,0.264,0.1541385,0.4623886,12.5,0,0.7171124,73.75,0,0,0,0,0.8300372,0.7245747,0.8729424
0.3824768,42,118,-0.08917907,-0.135038,-0.09068605,0.264,0.1541385,0.4623886,12.5,0,0.7171124,73.75,0,0,0,0,0.8300372,0.7245747,0.8729424
0.3850288,42,118,-0.08917907,-0.135038,-0.09068605,0.264,0.1541385,0.4623886,12.5,0,0.7171124,73.75,0,0,0,0,0.8300372,0.7245747,0.8729424
0.3874588,42,118,-0.08917907,-0.135038,-0.09068605,0.264,0.1541385,0.4623886,12.5,0,0.7171124,73.75,0,0,0,0,0.8300372,0.7245747,0.8729424
0.3898239,42,118,-0.08917907,-0.135038,-0.09068605,0.264,0.1541385,0.4623886,12.5,0,0.7171124,73.75,0,0,0,0,0.8300372,0.7245747,0.8729424
0.3919983,42,118,-0.08917907,-0.135038,-0.09068605,0.264,0.1541385,0.4623886,12.5,0,0.7171124,73.75,0,0,0,0,0.8300372,0.7245747,0.8729424
0.3950615,42,118,-0.08917907,-0.135038,-0.09068605,0.264,0.1541385,0.4623886,12.5,0,0.7171124,73.75,0,0,0,0,0.8300372,0.7245747,0.8729424
0.3978729,42,118,-0.08917907,-0.135038,-0.09068605,0.264,0.1541385,0.4623886,12.5,0,0.7171124,73.75,0,0,0,0,0.8300372,0.7245747,0.8729424
0.4006996,42,118,-0.08917907,-0.135038,-0.09068605,0.264,0.1541385,0.4623886,12.5,0,0.7171124,73.75,0,0,0,0,0.8300372,0.7245747,0.8729424
0.4031219,42,118,-0.08917907,-0.135038,-0.09068605,0.264,0.1541385,0.4623886,12.5,0,0.7171124,73.75,0,0,0,0,0.8300372,0.7245747,0.8729424
0.4055443,42,118,-0.08917907,-0.135038,-0.09068605,0.264,0.1541385,0.4623886,12.5,0,0.7171124,73.75,0,0,0,0,0.8300372,0.7245747,0.8729424
0.4078369,42,118,-0.08917907,-0.135038,-0.09068605,0.264,0.1541385,0.4623886,12.5,0,0.7171124,73.75,0,0,0,0,0.8300372,0.7245747,0.8729424
0.4103928,42,118,-0.08917907,-0.135038,-0.09068605,0.264,0.1541385,0.4623886,12.5,0,0.7171124,73.75,0,0,0,0,0.8300372,0.7245747,0.8729424
0.4127502,42,118,-0.08917907,-0.135038,-0.09068605,0.264,0.1541385,0.4623886,12.5,0,0.7171124,73.75,0,0,0,0,0.8300372,0.7245747,0.8729424
0.4151459,42,118,-0.08917907,-0.135038,-0.09068605,0.264,0.1541385,0.4623886,12.5,0,0.7171124,73.75,0,0,0,0,0.8300372,0.7245747,0.8729424
0.417923,42,118,-0.08917907,-0.135038,-0.09068605,0.264,0.1541385,0.4623886,12.5,0,0.7171124,73.75,0,0,0,0,0.8300372,0.7245747,0.8729424
0.4200592,42,118,-0.08917907,-0.135038,-0.09068605,0.264,0.1541385,0.4623886,12.5,0,0.7171124,73.75,0,0,0,0,0.8300372,0.7245747,0.8729424
0.4221687,42,118,-0.08917907,-0.135038,-0.09068605,0.264,0.1541385,0.4623886,12.5,0,0.7171124,73.75,0,0,0,0,0.8300372,0.7245747,0.8729424
0.424305,42,118,-0.08917907,-0.135038,-0.09068605,0.264,0.1541385,0.4623886,12.5,0,0.7171124,73.75,0,0,0,0,0.8300372,0.7245747,0.8729424
0.4265213,42,118,-0.08917907,-0.135038,-0.09068605,0.264,0.1541385,0.4623886,12.5,0,0.7171124,73.75,0,0,0,0,0.8300372,0.7245747,0.8729424
0.4291611,42,118,-0.08917907,-0.135038,-0.09068605,0.264,0.1541385,0.4623886,12.5,0,0.7171124,73.75,0,0,0,0,0.8300372,0.7245747,0.8729424
0.4317703,42,118,-0.08917907,-0.135038,-0.09068605,0.264,0.1541385,0.4623886,12.5,0,0.7171124,73.75,0,0,0,0,0.8300372,0.7245747,0.8729424
0.4340706,42,118,-0.08917907,-0.135038,-0.09068605,0.264,0.1541385,0.4623886,12.5,0,0.7171124,73.75,0,0,0,0,0.8300372,0.7245747,0.8729424
0.4370117,42,118,-0.08917907,-0.135038,-0.09068605,0.264,0.1541385,0.4623886,12.5,0,0.7171124,73.75,0,0,0,0,0.8300372,0.7245747,0.8729424
0.4393082,42,118,-0.08917907,-0.135038,-0.09068605,0.264,0.1541385,0.4623886,12.5,0,0.7171124,73.75,0,0,0,0,0.8300372,0.7245747,0.8729424
0.4416351,42,118,-0.08917907,-0.135038,-0.09068605,0.264,0.1541385,0.4623886,12.5,0,0.7171124,73.75,0,0,0,0,0.8300372,0.7245747,0.8729424
0.4442635,42,118,-0.08917907,-0.135038,-0.09068605,0.264,0.1541385,0.4623886,12.5,0,0.7171124,73.75,0,0,0,0,0.8300372,0.7245747,0.8729424
0.4468307,42,118,-0.08917907,-0.135038,-0.09068605,0.264,0.1541385,0.4623886,12.5,0,0.7171124,73.75,0,0,0,0,0.8300372,0.7245747,0.8729424
0.4491348,42,118,-0.08917907,-0.135038,-0.09068605,0.264,0.1541385,0.4623886,12.5,0,0.7171124,73.75,0,0,0,0,0.8300372,0.7245747,0.8729424
0.4514923,42,118,-0.08917907,-0.135038,-0.09068605,0.264,0.1541385,0.4623886,12.5,0,0.7171124,73.75,0,0,0,0,0.8300372,0.7245747,0.8729424
0.4537773,42,118,-0.08917907,-0.135038,-0.09068605,0.264,0.1541385,0.4623886,12.5,0,0.7171124,73.75,0,0,0,0,0.8300372,0.7245747,0.8729424
0.4560089,42,118,-0.08917907,-0.135038,-0.09068605,0.264,0.1541385,0.4623886,12.5,0,0.7171124,73.75,0,0,0,0,0.8300372,0.7245747,0.8729424
0.4586372,42,118,-0.08917907,-0.135038,-0.09068605,0.264,0.1541385,0.4623886,12.5,0,0.7171124,73.75,0,0,0,0,0.8300372,0.7245747,0.8729424
0.4612045,42,118,-0.08917907,-0.135038,-0.09068605,0.264,0.1541385,0.4623886,12.5,0,0.7171124,73.75,0,0,0,0,0.8300372,0.7245747,0.8729424
0.46381,42,118,-0.08917907,-0.135038,-0.09068605,0.264,0.1541385,0.4623886,12.5,0,0.7171124,73.75,0,0,0,0,0.8300372,0.7245747,0.8729424
0.4660721,42,118,-0.08917907,-0.135038,-0.09068605,0.264,0.1541385,0.4623886,12.5,0,0.7171124,73.75,0,0,0,0,0.8300372,0.7245747,0.8729424
0.4683266,42,118,-0.08917907,-0.135038,-0.09068605,0.264,0.1541385,0.4623886,12.5,0,0.7171124,73.75,0,0,0,0,0.8300372,0.7245747,0.8729424
0.4706039,42,118,-0.08917907,-0.135038,-0.09068605,0.264,0.1541385,0.4623886,12.5,0,0.7171124,73.75,0,0,0,0,0.8300372,0.7245747,0.8729424
0.4728394,42,118,-0.08917907,-0.135038,-0.09068605,0.264,0.1541385,0.4623886,12.5,0,0.7171124,73.75,0,0,0,0,0.8300372,0.7245747,0.8729424
0.47509,42,118,-0.08917907,-0.135038,-0.09068605,0.264,0.1541385,0.4623886,12.5,0,0.7171124,73.75,0,0,0,0,0.8300372,0.7245747,0.8729424
0.4788017,42,118,-0.08917907,-0.135038,-0.09068605,0.264,0.1541385,0.4623886,12.5,0,0.7171124,73.75,0,0,0,0,0.8300372,0.7245747,0.8729424
0.4813576,42,118,-0.08917907,-0.135038,-0.09068605,0.264,0.1541385,0.4623886,12.5,0,0.7171124,73.75,0,0,0,0,0.8300372,0.7245747,0.8729424
0.4836197,42,118,-0.08917907,-0.135038,-0.09068605,0.264,0.1541385,0.4623886,12.5,0,0.7171124,73.75,0,0,0,0,0.8300372,0.7245747,0.8729424
0.4860306,42,118,-0.08917907,-0.135038,-0.09068605,0.264,0.1541385,0.4623886,12.5,0,0.7171124,73.75,0,0,0,0,0.8300372,0.7245747,0.8729424
0.4882736,42,118,-0.08917907,-0.135038,-0.09068605,0.264,0.1541385,0.4623886,12.5,0,0.7171124,73.75,0,0,0,0,0.8300372,0.7245747,0.8729424
0.4904709,42,118,-0.08917907,-0.135038,-0.09068605,0.264,0.1541385,0.4623886,12.5,0,0.7171124,73.75,0,0,0,0,0.8300372,0.7245747,0.8729424
0.4928017,42,118,-0.08917907,-0.135038,-0.09068605,0.264,0.1541385,0.4623886,12.5,0,0.7171124,73.75,0,0,0,0,0.8300372,0.7245747,0.8729424
0.496273,42,118,-0.08917907,-0.135038,-0.09068605,0.264,0.1541385,0.4623886,12.5,0,0.7171124,73.75,0,0,0,0,0.8300372,0.7245747,0.8729424
0.4990463,42,118,-0.08917907,-0.135038,-0.09068605,0.264,0.1541385,0.4623886,12.5,0,0.7171124,73.75,0,0,0,0,0.8300372,0.7245747,0.8729424
0.5018692,42,118,-0.08917907,-0.135038,-0.09068605,0.264,0.1541385,0.4623886,12.5,0,0.7171124,73.75,0,0,0,0,0.8300372,0.7245747,0.8729424
0.5042496,42,118,-0.08917907,-0.135038,-0.09068605,0.264,0.1541385,0.4623886,12.5,0,0.7171124,73.75,0,0,0,0,0.8300372,0.7245747,0.8729424
0.5064545,42,118,-0.08917907,-0.135038,-0.09068605,0.264,0.1541385,0.4623886,12.5,0,0.7171124,73.75,0,0,0,0,0.8300372,0.7245747,0.8729424
0.508831,42,118,-0.08917907,-0.135038,-0.09068605,0.264,0.1541385,0.4623886,12.5,0,0.7171124,73.75,0,0,0,0,0.8300372,0.7245747,0.8729424
0.5126801,42,118,-0.08917907,-0.135038,-0.09068605,0.264,0.1541385,0.4623886,12.5,0,0.7171124,73.75,0,0,0,0,0.8300372,0.7245747,0.8729424
0.5160446,42,118,-0.08917907,-0.135038,-0.09068605,0.264,0.1541385,0.4623886,12.5,0,0.7171124,73.75,0,0,0,0,0.8300372,0.7245747,0.8729424
0.5187645,42,118,-0.08917907,-0.135038,-0.09068605,0.264,0.1541385,0.4623886,12.5,0,0.7171124,73.75,0,0,0,0,0.8300372,0.7245747,0.8729424
0.5220108,42,118,-0.08917907,-0.135038,-0.09068605,0.264,0.1541385,0.4623886,12.5,0,0.7171124,73.75,0,0,0,0,0.8300372,0.7245747,0.8729424
0.5242996,42,118,-0.08917907,-0.135038,-0.09068605,0.264,0.1541385,0.4623886,12.5,0,0.7171124,73.75,0,0,0,0,0.8300372,0.7245747,0.8729424
0.5285187,42,118,-0.08917907,-0.135038,-0.09068605,0.264,0.1541385,0.4623886,12.5,0,0.7171124,73.75,0,0,0,0,0.8300372,0.7245747,0.8729424
0.5319214,42,118,-0.08917907,-0.135038,-0.09068605,0.264,0.1541385,0.4623886,12.5,0,0.7171124,73.75,0,0,0,0,0.8300372,0.7245747,0.8729424
0.5341682,42,118,-0.08917907,-0.135038,-0.09068605,0.264,0.1541385,0.4623886,12.5,0,0.7171124,73.75,0,0,0,0,0.8300372,0.7245747,0.8729424
0.5368195,42,118,-0.08917907,-0.135038,-0.09068605,0.264,0.1541385,0.4623886,12.5,0,0.7171124,73.75,0,0,0,0,0.8300372,0.7245747,0.8729424
0.5399818,42,118,-0.08917907,-0.135038,-0.09068605,0.264,0.1541385,0.4623886,12.5,0,0.7171124,73.75,0,0,0,0,0.8300372,0.7245747,0.8729424
0.5444832,42,118,-0.08917907,-0.135038,-0.09068605,0.264,0.1541385,0.4623886,12.5,0,0.7171124,73.75,0,0,0,0,0.8300372,0.7245747,0.8729424
0.5484848,42,118,-0.08917907,-0.135038,-0.09068605,0.264,0.1541385,0.4623886,12.5,0,0.7171124,73.75,0,0,0,0,0.8300372,0.7245747,0.8729424
0.5520172,42,118,-0.08917907,-0.135038,-0.09068605,0.264,0.1541385,0.4623886,12.5,0,0.7171124,73.75,0,0,0,0,0.8300372,0.7245747,0.8729424
0.5632782,42,118,-0.08917907,-0.135038,-0.09068605,0.264,0.1541385,0.4623886,12.5,0,0.7171124,73.75,0,0,0,0,0.8300372,0.7245747,0.8729424
0.5721169,42,118,-0.08917907,-0.135038,-0.09068605,0.264,0.1541385,0.4623886,12.5,0,0.7171124,73.75,0,0,0,0,0.8300372,0.7245747,0.8729424
0.5809822,42,118,-0.08917907,-0.135038,-0.09068605,0.264,0.1541385,0.4623886,12.5,0,0.7171124,73.75,0,0,0,0,0.8300372,0.7245747,0.8729424
0.5857201,42,118,-0.08917907,-0.135038,-0.09068605,0.264,0.1541385,0.4623886,12.5,0,0.7171124,73.75,0,0,0,0,0.8300372,0.7245747,0.8729424
0.5892487,42,118,-0.08917907,-0.135038,-0.09068605,0.264,0.1541385,0.4623886,12.5,0,0.7171124,73.75,0,0,0,0,0.8300372,0.7245747,0.8729424
0.5918808,42,118,-0.08917907,-0.135038,-0.09068605,0.264,0.1541385,0.4623886,12.5,0,0.7171124,73.75,0,0,0,0,0.8300372,0.7245747,0.8729424
0.5952339,42,118,-0.08917907,-0.135038,-0.09068605,0.264,0.1541385,0.4623886,12.5,0,0.7171124,73.75,0,0,0,0,0.8300372,0.7245747,0.8729424
0.5985832,42,118,-0.08917907,-0.135038,-0.09068605,0.264,0.1541385,0.4623886,12.5,0,0.7171124,73.75,0,0,0,0,0.8300372,0.7245747,0.8729424
0.6032906,42,118,-0.08917907,-0.135038,-0.09068605,0.264,0.1541385,0.4623886,12.5,0,0.7171124,73.75,0,0,0,0,0.8300372,0.7245747,0.8729424
0.6064415,42,118,-0.08917907,-0.135038,-0.09068605,0.264,0.1541385,0.4623886,12.5,0,0.7171124,73.75,0,0,0,0,0.8300372,0.7245747,0.8729424
0.6092377,42,118,-0.08917907,-0.135038,-0.09068605,0.264,0.1541385,0.4623886,12.5,0,0.7171124,73.75,0,0,0,0,0.8300372,0.7245747,0.8729424
0.6123047,42,118,-0.08917907,-0.135038,-0.09068605,0.264,0.1541385,0.4623886,12.5,0,0.7171124,73.75,0,0,0,0,0.8300372,0.7245747,0.8729424
0.6148911,42,118,-0.08917907,-0.135038,-0.09068605,0.264,0.1541385,0.4623886,12.5,0,0.7171124,73.75,0,0,0,0,0.8300372,0.7245747,0.8729424
0.6181946,42,118,-0.08917907,-0.135038,-0.09068605,0.264,0.1541385,0.4623886,12.5,0,0.7171124,73.75,0,0,0,0,0.8300372,0.7245747,0.8729424
0.6207809,42,118,-0.08917907,-0.135038,-0.09068605,0.264,0.1541385,0.4623886,12.5,0,0.7171124,73.75,0,0,0,0,0.8300372,0.7245747,0.8729424
0.6233826,42,118,-0.08917907,-0.135038,-0.09068605,0.264,0.1541385,0.4623886,12.5,0,0.7171124,73.75,0,0,0,0,0.8300372,0.7245747,0.8729424
0.6263084,42,118,-0.08917907,-0.135038,-0.09068605,0.264,0.1541385,0.4623886,12.5,0,0.7171124,73.75,0,0,0,0,0.8300372,0.7245747,0.8729424
0.6292267,42,118,-0.08917907,-0.135038,-0.09068605,0.264,0.1541385,0.4623886,12.5,0,0.7171124,73.75,0,0,0,0,0.8300372,0.7245747,0.8729424
0.6318016,42,118,-0.08917907,-0.135038,-0.09068605,0.264,0.1541385,0.4623886,12.5,0,0.7171124,73.75,0,0,0,0,0.8300372,0.7245747,0.8729424
0.6345139,42,118,-0.08917907,-0.135038,-0.09068605,0.264,0.1541385,0.4623886,12.5,0,0.7171124,73.75,0,0,0,0,0.8300372,0.7245747,0.8729424
0.6372223,42,118,-0.08917907,-0.135038,-0.09068605,0.264,0.1541385,0.4623886,12.5,0,0.7171124,73.75,0,0,0,0,0.8300372,0.7245747,0.8729424
0.6393852,42,118,-0.08917907,-0.135038,-0.09068605,0.264,0.1541385,0.4623886,12.5,0,0.7171124,73.75,0,0,0,0,0.8300372,0.7245747,0.8729424
0.6415749,42,118,-0.08917907,-0.135038,-0.09068605,0.264,0.1541385,0.4623886,12.5,0,0.7171124,73.75,0,0,0,0,0.8300372,0.7245747,0.8729424
0.6441154,42,118,-0.08917907,-0.135038,-0.09068605,0.264,0.1541385,0.4623886,12.5,0,0.7171124,73.75,0,0,0,0,0.8300372,0.7245747,0.8729424
0.646862,42,118,-0.08917907,-0.135038,-0.09068605,0.264,0.1541385,0.4623886,12.5,0,0.7171124,73.75,0,0,0,0,0.8300372,0.7245747,0.8729424
0.6492119,42,118,-0.08917907,-0.135038,-0.09068605,0.264,0.1541385,0.4623886,12.5,0,0.7171124,73.75,0,0,0,0,0.8300372,0.7245747,0.8729424
0.651516,42,118,-0.08917907,-0.135038,-0.09068605,0.264,0.1541385,0.4623886,12.5,0,0.7171124,73.75,0,0,0,0,0.8300372,0.7245747,0.8729424
0.6536789,42,118,-0.08917907,-0.135038,-0.09068605,0.264,0.1541385,0.4623886,12.5,0,0.7171124,73.75,0,0,0,0,0.8300372,0.7245747,0.8729424
0.655899,42,118,-0.08917907,-0.135038,-0.09068605,0.264,0.1541385,0.4623886,12.5,0,0.7171124,73.75,0,0,0,0,0.8300372,0.7245747,0.8729424
0.6585732,42,118,-0.08917907,-0.135038,-0.09068605,0.264,0.1541385,0.4623886,12.5,0,0.7171124,73.75,0,0,0,0,0.8300372,0.7245747,0.8729424
0.6613808,42,118,-0.08917907,-0.135038,-0.09068605,0.264,0.1541385,0.4623886,12.5,0,0.7171124,73.75,0,0,0,0,0.8300372,0.7245747,0.8729424
0.6637344,42,118,-0.08917907,-0.135038,-0.09068605,0.264,0.1541385,0.4623886,12.5,0,0.7171124,73.75,0,0,0,0,0.8300372,0.7245747,0.8729424
0.6660957,42,118,-0.08917907,-0.135038,-0.09068605,0.264,0.1541385,0.4623886,12.5,0,0.7171124,73.75,0,0,0,0,0.8300372,0.7245747,0.8729424
0.6681671,42,118,-0.08917907,-0.135038,-0.09068605,0.264,0.1541385,0.4623886,12.5,0,0.7171124,73.75,0,0,0,0,0.8300372,0.7245747,0.8729424
0.670269,42,118,-0.08917907,-0.135038,-0.09068605,0.264,0.1541385,0.4623886,12.5,0,0.7171124,73.75,0,0,0,0,0.8300372,0.7245747,0.8729424
0.6726189,42,118,-0.08917907,-0.135038,-0.09068605,0.264,0.1541385,0.4623886,12.5,0,0.7171124,73.75,0,0,0,0,0.8300372,0.7245747,0.8729424
0.6749382,42,118,-0.08917907,-0.135038,-0.09068605,0.264,0.1541385,0.4623886,12.5,0,0.7171124,73.75,0,0,0,0,0.8300372,0.7245747,0.8729424
0.6781883,42,118,-0.08917907,-0.135038,-0.09068605,0.264,0.1541385,0.4623886,12.5,0,0.7171124,73.75,0,0,0,0,0.8300372,0.7245747,0.8729424
0.6808853,42,118,-0.08917907,-0.135038,-0.09068605,0.264,0.1541385,0.4623886,12.5,0,0.7171124,73.75,0,0,0,0,0.8300372,0.7245747,0.8729424
0.6899681,42,118,-0.08917907,-0.135038,-0.09068605,0.264,0.1541385,0.4623886,12.5,0,0.7171124,73.75,0,0,0,0,0.8300372,0.7245747,0.8729424
0.6987801,42,118,-0.08917907,-0.135038,-0.09068605,0.264,0.1541385,0.4623886,12.5,0,0.7171124,73.75,0,0,0,0,0.8300372,0.7245747,0.8729424
0.7021828,42,118,-0.08917907,-0.135038,-0.09068605,0.264,0.1541385,0.4623886,12.5,0,0.7171124,73.75,0,0,0,0,0.8300372,0.7245747,0.8729424
0.7046738,42,118,-0.08917907,-0.135038,-0.09068605,0.264,0.1541385,0.4623886,12.5,0,0.7171124,73.75,0,0,0,0,0.8300372,0.7245747,0.8729424
0.7069321,42,118,-0.08917907,-0.135038,-0.09068605,0.264,0.1541385,0.4623886,12.5,0,0.7171124,73.75,0,0,0,0,0.8300372,0.7245747,0.8729424
0.7091026,42,118,-0.08917907,-0.135038,-0.09068605,0.264,0.1541385,0.4623886,12.5,0,0.7171124,73.75,0,0,0,0,0.8300372,0.7245747,0.8729424
0.711689,42,118,-0.08917907,-0.135038,-0.09068605,0.264,0.1541385,0.4623886,12.5,0,0.7171124,73.75,0,0,0,0,0.8300372,0.7245747,0.8729424
0.7139854,42,118,-0.08917907,-0.135038,-0.09068605,0.264,0.1541385,0.4623886,12.5,0,0.7171124,73.75,0,0,0,0,0.8300372,0.7245747,0.8729424
0.7167282,42,118,-0.08917907,-0.135038,-0.09068605,0.264,0.1541385,0.4623886,12.5,0,0.7171124,73.75,0,0,0,0,0.8300372,0.7245747,0.8729424
0.7189026,42,118,-0.08917907,-0.135038,-0.09068605,0.264,0.1541385,0.4623886,12.5,0,0.7171124,73.75,0,0,0,0,0.8300372,0.7245747,0.8729424
0.7210083,42,118,-0.08917907,-0.135038,-0.09068605,0.264,0.1541385,0.4623886,12.5,0,0.7171124,73.75,0,0,0,0,0.8300372,0.7245747,0.8729424
0.7232246,42,118,-0.08917907,-0.135038,-0.09068605,0.264,0.1541385,0.4623886,12.5,0,0.7171124,73.75,0,0,0,0,0.8300372,0.7245747,0.8729424
0.725666,42,118,-0.08917907,-0.135038,-0.09068605,0.264,0.1541385,0.4623886,12.5,0,0.7171124,73.75,0,0,0,0,0.8300372,0.7245747,0.8729424
0.7291756,42,118,-0.08917907,-0.135038,-0.09068605,0.264,0.1541385,0.4623886,12.5,0,0.7171124,73.75,0,0,0,0,0.8300372,0.7245747,0.8729424
0.7324181,42,118,-0.08917907,-0.135038,-0.09068605,0.264,0.1541385,0.4623886,12.5,0,0.7171124,73.75,0,0,0,0,0.8300372,0.7245747,0.8729424
0.735508,42,118,-0.08917907,-0.135038,-0.09068605,0.264,0.1541385,0.4623886,12.5,0,0.7171124,73.75,0,0,0,0,0.8300372,0.7245747,0.8729424
0.7393913,42,118,-0.08917907,-0.135038,-0.09068605,0.264,0.1541385,0.4623886,12.5,0,0.7171124,73.75,0,0,0,0,0.8300372,0.7245747,0.8729424
0.7427635,42,118,-0.08917907,-0.135038,-0.09068605,0.264,0.1541385,0.4623886,12.5,0,0.7171124,73.75,0,0,0,0,0.8300372,0.7245747,0.8729424
0.7465553,42,118,-0.08917907,-0.135038,-0.09068605,0.264,0.1541385,0.4623886,12.5,0,0.7171124,73.75,0,0,0,0,0.8300372,0.7245747,0.8729424
0.7489815,42,118,-0.08917907,-0.135038,-0.09068605,0.264,0.1541385,0.4623886,12.5,0,0.7171124,73.75,0,0,0,0,0.8300372,0.7245747,0.8729424
0.7518311,42,118,-0.08917907,-0.135038,-0.09068605,0.264,0.1541385,0.4623886,12.5,0,0.7171124,73.75,0,0,0,0,0.8300372,0.7245747,0.8729424
0.7542877,42,118,-0.08917907,-0.135038,-0.09068605,0.264,0.1541385,0.4623886,12.5,0,0.7171124,73.75,0,0,0,0,0.8300372,0.7245747,0.8729424
0.7569504,42,118,-0.08917907,-0.135038,-0.09068605,0.264,0.1541385,0.4623886,12.5,0,0.7171124,73.75,0,0,0,0,0.8300372,0.7245747,0.8729424
0.7599182,42,118,-0.08917907,-0.135038,-0.09068605,0.264,0.1541385,0.4623886,12.5,0,0.7171124,73.75,0,0,0,0,0.8300372,0.7245747,0.8729424
0.762455,42,118,-0.08917907,-0.135038,-0.09068605,0.264,0.1541385,0.4623886,12.5,0,0.7171124,73.75,0,0,0,0,0.8300372,0.7245747,0.8729424
0.7648087,42,118,-0.08917907,-0.135038,-0.09068605,0.264,0.1541385,0.4623886,12.5,0,0.7171124,73.75,0,0,0,0,0.8300372,0.7245747,0.8729424
0.7671547,42,118,-0.08917907,-0.135038,-0.09068605,0.264,0.1541385,0.4623886,12.5,0,0.7171124,73.75,0,0,0,0,0.8300372,0.7245747,0.8729424
0.769371,42,118,-0.08917907,-0.135038,-0.09068605,0.264,0.1541385,0.4623886,12.5,0,0.7171124,73.75,0,0,0,0,0.8300372,0.7245747,0.8729424
0.7715797,42,118,-0.08917907,-0.135038,-0.09068605,0.264,0.1541385,0.4623886,12.5,0,0.7171124,73.75,0,0,0,0,0.8300372,0.7245747,0.8729424
0.7739105,42,118,-0.08917907,-0.135038,-0.09068605,0.264,0.1541385,0.4623886,12.5,0,0.7171124,73.75,0,0,0,0,0.8300372,0.7245747,0.8729424
0.7766914,42,118,-0.08917907,-0.135038,-0.09068605,0.264,0.1541385,0.4623886,12.5,0,0.7171124,73.75,0,0,0,0,0.8300372,0.7245747,0.8729424
0.7797508,42,118,-0.08917907,-0.135038,-0.09068605,0.264,0.1541385,0.4623886,12.5,0,0.7171124,73.75,0,0,0,0,0.8300372,0.7245747,0.8729424
0.7820663,42,118,-0.08917907,-0.135038,-0.09068605,0.264,0.1541385,0.4623886,12.5,0,0.7171124,73.75,0,0,0,0,0.8300372,0.7245747,0.8729424
0.78442,42,118,-0.08917907,-0.135038,-0.09068605,0.264,0.1541385,0.4623886,12.5,0,0.7171124,73.75,0,0,0,0,0.8300372,0.7245747,0.8729424
0.7867203,42,118,-0.08917907,-0.135038,-0.09068605,0.264,0.1541385,0.4623886,12.5,0,0.7171124,73.75,0,0,0,0,0.8300372,0.7245747,0.8729424
0.7892609,42,118,-0.08917907,-0.135038,-0.09068605,0.264,0.1541385,0.4623886,12.5,0,0.7171124,73.75,0,0,0,0,0.8300372,0.7245747,0.8729424
0.7916679,42,118,-0.08917907,-0.135038,-0.09068605,0.264,0.1541385,0.4623886,12.5,0,0.7171124,73.75,0,0,0,0,0.8300372,0.7245747,0.8729424
0.7947197,42,118,-0.08917907,-0.135038,-0.09068605,0.264,0.1541385,0.4623886,12.5,0,0.7171124,73.75,0,0,0,0,0.8300372,0.7245747,0.8729424
0.7975311,42,118,-0.08917907,-0.135038,-0.09068605,0.264,0.1541385,0.4623886,12.5,0,0.7171124,73.75,0,0,0,0,0.8300372,0.7245747,0.8729424
0.7999535,42,118,-0.08917907,-0.135038,-0.09068605,0.264,0.1541385,0.4623886,12.5,0,0.7171124,73.75,0,0,0,0,0.8300372,0.7245747,0.8729424
0.8031464,42,118,-0.08917907,-0.135038,-0.09068605,0.264,0.1541385,0.4623886,12.5,0,0.7171124,73.75,0,0,0,0,0.8300372,0.7245747,0.8729424
0.8063965,42,118,-0.08917907,-0.135038,-0.09068605,0.264,0.1541385,0.4623886,12.5,0,0.7171124,73.75,0,0,0,0,0.8300372,0.7245747,0.8729424
0.8089714,42,118,-0.08917907,-0.135038,-0.09068605,0.264,0.1541385,0.4623886,12.5,0,0.7171124,73.75,0,0,0,0,0.8300372,0.7245747,0.8729424
0.8119354,42,118,-0.08917907,-0.135038,-0.09068605,0.264,0.1541385,0.4623886,12.5,0,0.7171124,73.75,0,0,0,0,0.8300372,0.7245747,0.8729424
0.8143272,42,118,-0.08917907,-0.135038,-0.09068605,0.264,0.1541385,0.4623886,12.5,0,0.7171124,73.75,0,0,0,0,0.8300372,0.7245747,0.8729424
0.8169556,42,118,-0.08917907,-0.135038,-0.09068605,0.264,0.1541385,0.4623886,12.5,0,0.7171124,73.75,0,0,0,0,0.8300372,0.7245747,0.8729424
0.8191948,42,118,-0.08917907,-0.135038,-0.09068605,0.264,0.1541385,0.4623886,12.5,0,0.7171124,73.75,0,0,0,0,0.8300372,0.7245747,0.8729424
0.8214836,42,118,-0.08917907,-0.135038,-0.09068605,0.264,0.1541385,0.4623886,12.5,0,0.7171124,73.75,0,0,0,0,0.8300372,0.7245747,0.8729424
0.8237648,42,118,-0.08917907,-0.135038,-0.09068605,0.264,0.1541385,0.4623886,12.5,0,0.7171124,73.75,0,0,0,0,0.8300372,0.7245747,0.8729424
0.8259048,42,118,-0.08917907,-0.135038,-0.09068605,0.264,0.1541385,0.4623886,12.5,0,0.7171124,73.75,0,0,0,0,0.8300372,0.7245747,0.8729424
0.8286781,42,118,-0.08917907,-0.135038,-0.09068605,0.264,0.1541385,0.4623886,12.5,0,0.7171124,73.75,0,0,0,0,0.8300372,0.7245747,0.8729424
0.831131,42,118,-0.08917907,-0.135038,-0.09068605,0.264,0.1541385,0.4623886,12.5,0,0.7171124,73.75,0,0,0,0,0.8300372,0.7245747,0.8729424
0.8332977,42,118,-0.08917907,-0.135038,-0.09068605,0.264,0.1541385,0.4623886,12.5,0,0.7171124,73.75,0,0,0,0,0.8300372,0.7245747,0.8729424
0.8356705,42,118,-0.08917907,-0.135038,-0.09068605,0.264,0.1541385,0.4623886,12.5,0,0.7171124,73.75,0,0,0,0,0.8300372,0.7245747,0.8729424
0.8386383,42,118,-0.08917907,-0.135038,-0.09068605,0.264,0.1541385,0.4623886,12.5,0,0.7171124,73.75,0,0,0,0,0.8300372,0.7245747,0.8729424
0.8408928,42,118,-0.08917907,-0.135038,-0.09068605,0.264,0.1541385,0.4623886,12.5,0,0.7171124,73.75,0,0,0,0,0.8300372,0.7245747,0.8729424
0.8437729,42,118,-0.08917907,-0.135038,-0.09068605,0.264,0.1541385,0.4623886,12.5,0,0.7171124,73.75,0,0,0,0,0.8300372,0.7245747,0.8729424
0.8463097,42,118,-0.08917907,-0.135038,-0.09068605,0.264,0.1541385,0.4623886,12.5,0,0.7171124,73.75,0,0,0,0,0.8300372,0.7245747,0.8729424
0.8485184,42,118,-0.08917907,-0.135038,-0.09068605,0.264,0.1541385,0.4623886,12.5,0,0.7171124,73.75,0,0,0,0,0.8300372,0.7245747,0.8729424
0.8507957,42,118,-0.08917907,-0.135038,-0.09068605,0.264,0.1541385,0.4623886,12.5,0,0.7171124,73.75,0,0,0,0,0.8300372,0.7245747,0.8729424
0.8532829,42,118,-0.08917907,-0.135038,-0.09068605,0.264,0.1541385,0.4623886,12.5,0,0.7171124,73.75,0,0,0,0,0.8300372,0.7245747,0.8729424
0.8559875,42,118,-0.08917907,-0.135038,-0.09068605,0.264,0.1541385,0.4623886,12.5,0,0.7171124,73.75,0,0,0,0,0.8300372,0.7245747,0.8729424
0.8586426,42,118,-0.08917907,-0.135038,-0.09068605,0.264,0.1541385,0.4623886,12.5,0,0.7171124,73.75,0,0,0,0,0.8300372,0.7245747,0.8729424
0.8614197,42,118,-0.08917907,-0.135038,-0.09068605,0.264,0.1541385,0.4623886,12.5,0,0.7171124,73.75,0,0,0,0,0.8300372,0.7245747,0.8729424
0.8637848,42,118,-0.08917907,-0.135038,-0.09068605,0.264,0.1541385,0.4623886,12.5,0,0.7171124,73.75,0,0,0,0,0.8300372,0.7245747,0.8729424
0.865963,42,118,-0.08917907,-0.135038,-0.09068605,0.264,0.1541385,0.4623886,12.5,0,0.7171124,73.75,0,0,0,0,0.8300372,0.7245747,0.8729424
0.8683243,42,118,-0.08917907,-0.135038,-0.09068605,0.264,0.1541385,0.4623886,12.5,0,0.7171124,73.75,0,0,0,0,0.8300372,0.7245747,0.8729424
0.8705292,42,118,-0.08917907,-0.135038,-0.09068605,0.264,0.1541385,0.4623886,12.5,0,0.7171124,73.75,0,0,0,0,0.8300372,0.7245747,0.8729424
0.8727188,42,118,-0.08917907,-0.135038,-0.09068605,0.264,0.1541385,0.4623886,12.5,0,0.7171124,73.75,0,0,0,0,0.8300372,0.7245747,0.8729424
0.8749275,42,118,-0.08917907,-0.135038,-0.09068605,0.264,0.1541385,0.4623886,12.5,0,0.7171124,73.75,0,0,0,0,0.8300372,0.7245747,0.8729424
0.8777199,42,118,-0.08917907,-0.135038,-0.09068605,0.264,0.1541385,0.4623886,12.5,0,0.7171124,73.75,0,0,0,0,0.8300372,0.7245747,0.8729424
0.8802719,42,118,-0.08917907,-0.135038,-0.09068605,0.264,0.1541385,0.4623886,12.5,0,0.7171124,73.75,0,0,0,0,0.8300372,0.7245747,0.8729424
0.8823242,42,118,-0.08917907,-0.135038,-0.09068605,0.264,0.1541385,0.4623886,12.5,0,0.7171124,73.75,0,0,0,0,0.8300372,0.7245747,0.8729424
0.8859215,42,118,-0.08917907,-0.135038,-0.09068605,0.264,0.1541385,0.4623886,12.5,0,0.7171124,73.75,0,0,0,0,0.8300372,0.7245747,0.8729424
0.8891487,42,118,-0.08917907,-0.135038,-0.09068605,0.264,0.1541385,0.4623886,12.5,0,0.7171124,73.75,0,0,0,0,0.8300372,0.7245747,0.8729424
0.8914604,42,118,-0.08917907,-0.135038,-0.09068605,0.264,0.1541385,0.4623886,12.5,0,0.7171124,73.75,0,0,0,0,0.8300372,0.7245747,0.8729424
0.8944168,42,118,-0.08917907,-0.135038,-0.09068605,0.264,0.1541385,0.4623886,12.5,0,0.7171124,73.75,0,0,0,0,0.8300372,0.7245747,0.8729424
0.8970261,42,118,-0.08917907,-0.135038,-0.09068605,0.264,0.1541385,0.4623886,12.5,0,0.7171124,73.75,0,0,0,0,0.8300372,0.7245747,0.8729424
0.8993607,42,118,-0.08917907,-0.135038,-0.09068605,0.264,0.1541385,0.4623886,12.5,0,0.7171124,73.75,0,0,0,0,0.8300372,0.7245747,0.8729424
0.9016151,42,118,-0.08917907,-0.135038,-0.09068605,0.264,0.1541385,0.4623886,12.5,0,0.7171124,73.75,0,0,0,0,0.8300372,0.7245747,0.8729424
0.9037857,42,118,-0.08917907,-0.135038,-0.09068605,0.264,0.1541385,0.4623886,12.5,0,0.7171124,73.75,0,0,0,0,0.8300372,0.7245747,0.8729424
0.9059601,42,118,-0.08917907,-0.135038,-0.09068605,0.264,0.1541385,0.4623886,12.5,0,0.7171124,73.75,0,0,0,0,0.8300372,0.7245747,0.8729424
0.9081078,42,118,-0.08917907,-0.135038,-0.09068605,0.264,0.1541385,0.4623886,12.5,0,0.7171124,73.75,0,0,0,0,0.8300372,0.7245747,0.8729424
0.9105377,42,118,-0.08917907,-0.135038,-0.09068605,0.264,0.1541385,0.4623886,12.5,0,0.7171124,73.75,0,0,0,0,0.8300372,0.7245747,0.8729424
0.9129868,42,118,-0.08917907,-0.135038,-0.09068605,0.264,0.1541385,0.4623886,12.5,0,0.7171124,73.75,0,0,0,0,0.8300372,0.7245747,0.8729424
0.9162102,42,118,-0.08917907,-0.135038,-0.09068605,0.264,0.1541385,0.4623886,12.5,0,0.7171124,73.75,0,0,0,0,0.8300372,0.7245747,0.8729424
0.9198914,42,118,-0.08917907,-0.135038,-0.09068605,0.264,0.1541385,0.4623886,12.5,0,0.7171124,73.75,0,0,0,0,0.8300372,0.7245747,0.8729424
0.9231071,42,118,-0.08917907,-0.135038,-0.09068605,0.264,0.1541385,0.4623886,12.5,0,0.7171124,73.75,0,0,0,0,0.8300372,0.7245747,0.8729424
0.9262161,42,118,-0.08917907,-0.135038,-0.09068605,0.264,0.1541385,0.4623886,12.5,0,0.7171124,73.75,0,0,0,0,0.8300372,0.7245747,0.8729424
0.928894,42,118,-0.08917907,-0.135038,-0.09068605,0.264,0.1541385,0.4623886,12.5,0,0.7171124,73.75,0,0,0,0,0.8300372,0.7245747,0.8729424
0.9317207,42,118,-0.08917907,-0.135038,-0.09068605,0.264,0.1541385,0.4623886,12.5,0,0.7171124,73.75,0,0,0,0,0.8300372,0.7245747,0.8729424
0.9340935,42,118,-0.08917907,-0.135038,-0.09068605,0.264,0.1541385,0.4623886,12.5,0,0.7171124,73.75,0,0,0,0,0.8300372,0.7245747,0.8729424
0.9367065,42,118,-0.08917907,-0.135038,-0.09068605,0.264,0.1541385,0.4623886,12.5,0,0.7171124,73.75,0,0,0,0,0.8300372,0.7245747,0.8729424
0.9390984,42,118,-0.08917907,-0.135038,-0.09068605,0.264,0.1541385,0.4623886,12.5,0,0.7171124,73.75,0,0,0,0,0.8300372,0.7245747,0.8729424
0.9413261,42,118,-0.08917907,-0.135038,-0.09068605,0.264,0.1541385,0.4623886,12.5,0,0.7171124,73.75,0,0,0,0,0.8300372,0.7245747,0.8729424
0.9441948,42,118,-0.08917907,-0.135038,-0.09068605,0.264,0.1541385,0.4623886,12.5,0,0.7171124,73.75,0,0,0,0,0.8300372,0.7245747,0.8729424
0.9473801,42,118,-0.08917907,-0.135038,-0.09068605,0.264,0.1541385,0.4623886,12.5,0,0.7171124,73.75,0,0,0,0,0.8300372,0.7245747,0.8729424
0.9497375,42,118,-0.08917907,-0.135038,-0.09068605,0.264,0.1541385,0.4623886,12.5,0,0.7171124,73.75,0,0,0,0,0.8300372,0.7245747,0.8729424
0.9520226,42,118,-0.08917907,-0.135038,-0.09068605,0.264,0.1541385,0.4623886,12.5,0,0.7171124,73.75,0,0,0,0,0.8300372,0.7245747,0.8729424
0.954277,42,118,-0.08917907,-0.135038,-0.09068605,0.264,0.1541385,0.4623886,12.5,0,0.7171124,73.75,0,0,0,0,0.8300372,0.7245747,0.8729424
0.9568329,42,118,-0.08917907,-0.135038,-0.09068605,0.264,0.1541385,0.4623886,12.5,0,0.7171124,73.75,0,0,0,0,0.8300372,0.7245747,0.8729424
0.9596405,42,118,-0.08917907,-0.135038,-0.09068605,0.264,0.1541385,0.4623886,12.5,0,0.7171124,73.75,0,0,0,0,0.8300372,0.7245747,0.8729424
0.9627342,42,118,-0.08917907,-0.135038,-0.09068605,0.264,0.1541385,0.4623886,12.5,0,0.7171124,73.75,0,0,0,0,0.8300372,0.7245747,0.8729424
0.9653244,42,118,-0.08917907,-0.135038,-0.09068605,0.264,0.1541385,0.4623886,12.5,0,0.7171124,73.75,0,0,0,0,0.8300372,0.7245747,0.8729424
0.9675827,42,118,-0.08917907,-0.135038,-0.09068605,0.264,0.1541385,0.4623886,12.5,0,0.7171124,73.75,0,0,0,0,0.8300372,0.7245747,0.8729424
0.9698753,42,118,-0.08917907,-0.135038,-0.09068605,0.264,0.1541385,0.4623886,12.5,0,0.7171124,73.75,0,0,0,0,0.8300372,0.7245747,0.8729424
0.972084,42,118,-0.08917907,-0.135038,-0.09068605,0.264,0.1541385,0.4623886,12.5,0,0.7171124,73.75,0,0,0,0,0.8300372,0.7245747,0.8729424
0.9743538,42,118,-0.08917907,-0.135038,-0.09068605,0.264,0.1541385,0.4623886,12.5,0,0.7171124,73.75,0,0,0,0,0.8300372,0.7245747,0.8729424
0.97789,42,118,-0.08917907,-0.135038,-0.09068605,0.264,0.1541385,0.4623886,12.5,0,0.7171124,73.75,0,0,0,0,0.8300372,0.7245747,0.8729424
0.9808998,42,118,-0.08917907,-0.135038,-0.09068605,0.264,0.1541385,0.4623886,12.5,0,0.7171124,73.75,0,0,0,0,0.8300372,0.7245747,0.8729424
0.9842148,42,118,-0.08917907,-0.135038,-0.09068605,0.264,0.1541385,0.4623886,12.5,0,0.7171124,73.75,0,0,0,0,0.8300372,0.7245747,0.8729424
0.987072,42,118,-0.08917907,-0.135038,-0.09068605,0.264,0.1541385,0.4623886,12.5,0,0.7171124,73.75,0,0,0,0,0.8300372,0.7245747,0.8729424
0.9897156,42,118,-0.08917907,-0.135038,-0.09068605,0.264,0.1541385,0.4623886,12.5,0,0.7171124,73.75,0,0,0,0,0.8300372,0.7245747,0.8729424
0.9924088,42,118,-0.08917907,-0.135038,-0.09068605,0.264,0.1541385,0.4623886,12.5,0,0.7171124,73.75,0,0,0,0,0.8300372,0.7245747,0.8729424
0.9954185,42,118,-0.08917907,-0.135038,-0.09068605,0.264,0.1541385,0.4623886,12.5,0,0.7171124,73.75,0,0,0,0,0.8300372,0.7245747,0.8729424
0.9983978,42,118,-0.08917907,-0.135038,-0.09068605,0.264,0.1541385,0.4623886,12.5,0,0.7171124,73.75,0,0,0,0,0.8300372,0.7245747,0.8729424
1.001373,42,118,-0.08917907,-0.135038,-0.09068605,0.264,0.1541385,0.4623886,12.5,0,0.7171124,73.75,0,0,0,0,0.8300372,0.7245747,0.8729424
1.003983,42,118,-0.08917907,-0.135038,-0.09068605,0.264,0.1541385,0.4623886,12.5,0,0.7171124,73.75,0,0,0,0,0.8300372,0.7245747,0.8729424
1.006329,42,118,-0.08917907,-0.135038,-0.09068605,0.264,0.1541385,0.4623886,12.5,0,0.7171124,73.75,0,0,0,0,0.8300372,0.7245747,0.8729424
1.008785,42,118,-0.08917907,-0.135038,-0.09068605,0.264,0.1541385,0.4623886,12.5,0,0.7171124,73.75,0,0,0,0,0.8300372,0.7245747,0.8729424
1.011368,42,118,-0.08917907,-0.135038,-0.09068605,0.264,0.1541385,0.4623886,12.5,0,0.7171124,73.75,0,0,0,0,0.8300372,0.7245747,0.8729424
1.013626,42,118,-0.08917907,-0.135038,-0.09068605,0.264,0.1541385,0.4623886,12.5,0,0.7171124,73.75,0,0,0,0,0.8300372,0.7245747,0.8729424
1.01609,42,118,-0.08917907,-0.135038,-0.09068605,0.264,0.1541385,0.4623886,12.5,0,0.7171124,73.75,0,0,0,0,0.8300372,0.7245747,0.8729424
1.019505,42,118,-0.08917907,-0.135038,-0.09068605,0.264,0.1541385,0.4623886,12.5,0,0.7171124,73.75,0,0,0,0,0.8300372,0.7245747,0.8729424
1.021957,42,118,-0.08917907,-0.135038,-0.09068605,0.264,0.1541385,0.4623886,12.5,0,0.7171124,73.75,0,0,0,0,0.8300372,0.7245747,0.8729424
1.024849,42,118,-0.08917907,-0.135038,-0.09068605,0.264,0.1541385,0.4623886,12.5,0,0.7171124,73.75,0,0,0,0,0.8300372,0.7245747,0.8729424
1.027554,42,118,-0.08917907,-0.135038,-0.09068605,0.264,0.1541385,0.4623886,12.5,0,0.7171124,73.75,0,0,0,0,0.8300372,0.7245747,0.8729424
1.030281,42,118,-0.08917907,-0.135038,-0.09068605,0.264,0.1541385,0.4623886,12.5,0,0.7171124,73.75,0,0,0,0,0.8300372,0.7245747,0.8729424
1.032856,42,118,-0.08917907,-0.135038,-0.09068605,0.264,0.1541385,0.4623886,12.5,0,0.7171124,73.75,0,0,0,0,0.8300372,0.7245747,0.8729424
1.035229,42,118,-0.08917907,-0.135038,-0.09068605,0.264,0.1541385,0.4623886,12.5,0,0.7171124,73.75,0,0,0,0,0.8300372,0.7245747,0.8729424
1.038132,42,118,-0.08917907,-0.135038,-0.09068605,0.264,0.1541385,0.4623886,12.5,0,0.7171124,73.75,0,0,0,0,0.8300372,0.7245747,0.8729424
1.040661,42,118,-0.08917907,-0.135038,-0.09068605,0.264,0.1541385,0.4623886,12.5,0,0.7171124,73.75,0,0,0,0,0.8300372,0.7245747,0.8729424
1.042953,42,118,-0.08917907,-0.135038,-0.09068605,0.264,0.1541385,0.4623886,12.5,0,0.7171124,73.75,0,0,0,0,0.8300372,0.7245747,0.8729424
1.045753,42,118,-0.08917907,-0.135038,-0.09068605,0.264,0.1541385,0.4623886,12.5,0,0.7171124,73.75,0,0,0,0,0.8300372,0.7245747,0.8729424
1.04858,42,118,-0.08917907,-0.135038,-0.09068605,0.264,0.1541385,0.4623886,12.5,0,0.7171124,73.75,0,0,0,0,0.8300372,0.7245747,0.8729424
1.050953,42,118,-0.08917907,-0.135038,-0.09068605,0.264,0.1541385,0.4623886,12.5,0,0.7171124,73.75,0,0,0,0,0.8300372,0.7245747,0.8729424
1.053215,42,118,-0.08917907,-0.135038,-0.09068605,0.264,0.1541385,0.4623886,12.5,0,0.7171124,73.75,0,0,0,0,0.8300372,0.7245747,0.8729424
1.056084,42,118,-0.08917907,-0.135038,-0.09068605,0.264,0.1541385,0.4623886,12.5,0,0.7171124,73.75,0,0,0,0,0.8300372,0.7245747,0.8729424
1.058945,42,118,-0.08917907,-0.135038,-0.09068605,0.264,0.1541385,0.4623886,12.5,0,0.7171124,73.75,0,0,0,0,0.8300372,0.7245747,0.8729424
1.061825,42,118,-0.08917907,-0.135038,-0.09068605,0.264,0.1541385,0.4623886,12.5,0,0.7171124,73.75,0,0,0,0,0.8300372,0.7245747,0.8729424
1.064259,42,118,-0.08917907,-0.135038,-0.09068605,0.264,0.1541385,0.4623886,12.5,0,0.7171124,73.75,0,0,0,0,0.8300372,0.7245747,0.8729424
1.066532,42,118,-0.08917907,-0.135038,-0.09068605,0.264,0.1541385,0.4623886,12.5,0,0.7171124,73.75,0,0,0,0,0.8300372,0.7245747,0.8729424
1.06884,42,118,-0.08917907,-0.135038,-0.09068605,0.264,0.1541385,0.4623886,12.5,0,0.7171124,73.75,0,0,0,0,0.8300372,0.7245747,0.8729424
1.071445,42,118,-0.08917907,-0.135038,-0.09068605,0.264,0.1541385,0.4623886,12.5,0,0.7171124,73.75,0,0,0,0,0.8300372,0.7245747,0.8729424
1.073662,42,118,-0.08917907,-0.135038,-0.09068605,0.264,0.1541385,0.4623886,12.5,0,0.7171124,73.75,0,0,0,0,0.8300372,0.7245747,0.8729424
1.075878,42,118,-0.08917907,-0.135038,-0.09068605,0.264,0.1541385,0.4623886,12.5,0,0.7171124,73.75,0,0,0,0,0.8300372,0.7245747,0.8729424
1.078957,42,118,-0.08917907,-0.135038,-0.09068605,0.264,0.1541385,0.4623886,12.5,0,0.7171124,73.75,0,0,0,0,0.8300372,0.7245747,0.8729424
1.081219,42,118,-0.08917907,-0.135038,-0.09068605,0.264,0.1541385,0.4623886,12.5,0,0.7171124,73.75,0,0,0,0,0.8300372,0.7245747,0.8729424
1.083733,42,118,-0.08917907,-0.135038,-0.09068605,0.264,0.1541385,0.4623886,12.5,0,0.7171124,73.75,0,0,0,0,0.8300372,0.7245747,0.8729424
1.086136,42,118,-0.08917907,-0.135038,-0.09068605,0.264,0.1541385,0.4623886,12.5,0,0.7171124,73.75,0,0,0,0,0.8300372,0.7245747,0.8729424
1.088501,42,118,-0.08917907,-0.135038,-0.09068605,0.264,0.1541385,0.4623886,12.5,0,0.7171124,73.75,0,0,0,0,0.8300372,0.7245747,0.8729424
1.090923,42,118,-0.08917907,-0.135038,-0.09068605,0.264,0.1541385,0.4623886,12.5,0,0.7171124,73.75,0,0,0,0,0.8300372,0.7245747,0.8729424
1.093414,42,118,-0.08917907,-0.135038,-0.09068605,0.264,0.1541385,0.4623886,12.5,0,0.7171124,73.75,0,0,0,0,0.8300372,0.7245747,0.8729424
1.096123,42,118,-0.08917907,-0.135038,-0.09068605,0.264,0.1541385,0.4623886,12.5,0,0.7171124,73.75,0,0,0,0,0.8300372,0.7245747,0.8729424
1.09882,42,118,-0.08917907,-0.135038,-0.09068605,0.264,0.1541385,0.4623886,12.5,0,0.7171124,73.75,0,0,0,0,0.8300372,0.7245747,0.8729424
1.101288,42,118,-0.08917907,-0.135038,-0.09068605,0.264,0.1541385,0.4623886,12.5,0,0.7171124,73.75,0,0,0,0,0.8300372,0.7245747,0.8729424
1.103611,42,118,-0.08917907,-0.135038,-0.09068605,0.264,0.1541385,0.4623886,12.5,0,0.7171124,73.75,0,0,0,0,0.8300372,0.7245747,0.8729424
1.10614,42,118,-0.08917907,-0.135038,-0.09068605,0.264,0.1541385,0.4623886,12.5,0,0.7171124,73.75,0,0,0,0,0.8300372,0.7245747,0.8729424
1.108551,42,118,-0.08917907,-0.135038,-0.09068605,0.264,0.1541385,0.4623886,12.5,0,0.7171124,73.75,0,0,0,0,0.8300372,0.7245747,0.8729424
1.111046,42,118,-0.08917907,-0.135038,-0.09068605,0.264,0.1541385,0.4623886,12.5,0,0.7171124,73.75,0,0,0,0,0.8300372,0.7245747,0.8729424
1.113617,42,118,-0.08917907,-0.135038,-0.09068605,0.264,0.1541385,0.4623886,12.5,0,0.7171124,73.75,0,0,0,0,0.8300372,0.7245747,0.8729424
1.116161,42,118,-0.08917907,-0.135038,-0.09068605,0.264,0.1541385,0.4623886,12.5,0,0.7171124,73.75,0,0,0,0,0.8300372,0.7245747,0.8729424
1.118763,42,118,-0.08917907,-0.135038,-0.09068605,0.264,0.1541385,0.4623886,12.5,0,0.7171124,73.75,0,0,0,0,0.8300372,0.7245747,0.8729424
1.121025,42,118,-0.08917907,-0.135038,-0.09068605,0.264,0.1541385,0.4623886,12.5,0,0.7171124,73.75,0,0,0,0,0.8300372,0.7245747,0.8729424
1.12331,42,118,-0.08917907,-0.135038,-0.09068605,0.264,0.1541385,0.4623886,12.5,0,0.7171124,73.75,0,0,0,0,0.8300372,0.7245747,0.8729424
1.125729,42,118,-0.08917907,-0.135038,-0.09068605,0.264,0.1541385,0.4623886,12.5,0,0.7171124,73.75,0,0,0,0,0.8300372,0.7245747,0.8729424
1.128803,42,118,-0.08917907,-0.135038,-0.09068605,0.264,0.1541385,0.4623886,12.5,0,0.7171124,73.75,0,0,0,0,0.8300372,0.7245747,0.8729424
1.131809,42,118,-0.08917907,-0.135038,-0.09068605,0.264,0.1541385,0.4623886,12.5,0,0.7171124,73.75,0,0,0,0,0.8300372,0.7245747,0.8729424
1.134796,42,118,-0.08917907,-0.135038,-0.09068605,0.264,0.1541385,0.4623886,12.5,0,0.7171124,73.75,0,0,0,0,0.8300372,0.7245747,0.8729424
1.13752,42,118,-0.08917907,-0.135038,-0.09068605,0.264,0.1541385,0.4623886,12.5,0,0.7171124,73.75,0,0,0,0,0.8300372,0.7245747,0.8729424
1.139862,42,118,-0.08917907,-0.135038,-0.09068605,0.264,0.1541385,0.4623886,12.5,0,0.7171124,73.75,0,0,0,0,0.8300372,0.7245747,0.8729424
1.142166,42,118,-0.08917907,-0.135038,-0.09068605,0.264,0.1541385,0.4623886,12.5,0,0.7171124,73.75,0,0,0,0,0.8300372,0.7245747,0.8729424
1.144981,42,118,-0.08917907,-0.135038,-0.09068605,0.264,0.1541385,0.4623886,12.5,0,0.7171124,73.75,0,0,0,0,0.8300372,0.7245747,0.8729424
1.147484,42,118,-0.08917907,-0.135038,-0.09068605,0.264,0.1541385,0.4623886,12.5,0,0.7171124,73.75,0,0,0,0,0.8300372,0.7245747,0.8729424
1.149616,42,118,-0.08917907,-0.135038,-0.09068605,0.264,0.1541385,0.4623886,12.5,0,0.7171124,73.75,0,0,0,0,0.8300372,0.7245747,0.8729424
1.151901,42,118,-0.08917907,-0.135038,-0.09068605,0.264,0.1541385,0.4623886,12.5,0,0.7171124,73.75,0,0,0,0,0.8300372,0.7245747,0.8729424
1.154171,42,118,-0.08917907,-0.135038,-0.09068605,0.264,0.1541385,0.4623886,12.5,0,0.7171124,73.75,0,0,0,0,0.8300372,0.7245747,0.8729424
1.156754,42,118,-0.08917907,-0.135038,-0.09068605,0.264,0.1541385,0.4623886,12.5,0,0.7171124,73.75,0,0,0,0,0.8300372,0.7245747,0.8729424
1.158886,42,118,-0.08917907,-0.135038,-0.09068605,0.264,0.1541385,0.4623886,12.5,0,0.7171124,73.75,0,0,0,0,0.8300372,0.7245747,0.8729424
1.162075,42,118,-0.08917907,-0.135038,-0.09068605,0.264,0.1541385,0.4623886,12.5,0,0.7171124,73.75,0,0,0,0,0.8300372,0.7245747,0.8729424
1.164593,42,118,-0.08917907,-0.135038,-0.09068605,0.264,0.1541385,0.4623886,12.5,0,0.7171124,73.75,0,0,0,0,0.8300372,0.7245747,0.8729424
1.167141,42,118,-0.08917907,-0.135038,-0.09068605,0.264,0.1541385,0.4623886,12.5,0,0.7171124,73.75,0,0,0,0,0.8300372,0.7245747,0.8729424
1.169689,42,118,-0.08917907,-0.135038,-0.09068605,0.264,0.1541385,0.4623886,12.5,0,0.7171124,73.75,0,0,0,0,0.8300372,0.7245747,0.8729424
1.171963,42,118,-0.08917907,-0.135038,-0.09068605,0.264,0.1541385,0.4623886,12.5,0,0.7171124,73.75,0,0,0,0,0.8300372,0.7245747,0.8729424
1.174992,42,118,-0.08917907,-0.135038,-0.09068605,0.264,0.1541385,0.4623886,12.5,0,0.7171124,73.75,0,0,0,0,0.8300372,0.7245747,0.8729424
1.178848,42,118,-0.08917907,-0.135038,-0.09068605,0.264,0.1541385,0.4623886,12.5,0,0.7171124,73.75,0,0,0,0,0.8300372,0.7245747,0.8729424
1.181324,42,118,-0.08917907,-0.135038,-0.09068605,0.264,0.1541385,0.4623886,12.5,0,0.7171124,73.75,0,0,0,0,0.8300372,0.7245747,0.8729424
1.183872,42,118,-0.08917907,-0.135038,-0.09068605,0.264,0.1541385,0.4623886,12.5,0,0.7171124,73.75,0,0,0,0,0.8300372,0.7245747,0.8729424
1.186321,42,118,-0.08917907,-0.135038,-0.09068605,0.264,0.1541385,0.4623886,12.5,0,0.7171124,73.75,0,0,0,0,0.8300372,0.7245747,0.8729424
1.188629,42,118,-0.08917907,-0.135038,-0.09068605,0.264,0.1541385,0.4623886,12.5,0,0.7171124,73.75,0,0,0,0,0.8300372,0.7245747,0.8729424
1.191013,42,118,-0.08917907,-0.135038,-0.09068605,0.264,0.1541385,0.4623886,12.5,0,0.7171124,73.75,0,0,0,0,0.8300372,0.7245747,0.8729424
1.193939,42,118,-0.08917907,-0.135038,-0.09068605,0.264,0.1541385,0.4623886,12.5,0,0.7171124,73.75,0,0,0,0,0.8300372,0.7245747,0.8729424
1.196976,42,118,-0.08917907,-0.135038,-0.09068605,0.264,0.1541385,0.4623886,12.5,0,0.7171124,73.75,0,0,0,0,0.8300372,0.7245747,0.8729424
1.199318,42,118,-0.08917907,-0.135038,-0.09068605,0.264,0.1541385,0.4623886,12.5,0,0.7171124,73.75,0,0,0,0,0.8300372,0.7245747,0.8729424
1.201519,42,118,-0.08917907,-0.135038,-0.09068605,0.264,0.1541385,0.4623886,12.5,0,0.7171124,73.75,0,0,0,0,0.8300372,0.7245747,0.8729424
1.203812,42,118,-0.08917907,-0.135038,-0.09068605,0.264,0.1541385,0.4623886,12.5,0,0.7171124,73.75,0,0,0,0,0.8300372,0.7245747,0.8729424
1.205975,42,118,-0.08917907,-0.135038,-0.09068605,0.264,0.1541385,0.4623886,12.5,0,0.7171124,73.75,0,0,0,0,0.8300372,0.7245747,0.8729424
1.208263,42,118,-0.08917907,-0.135038,-0.09068605,0.264,0.1541385,0.4623886,12.5,0,0.7171124,73.75,0,0,0,0,0.8300372,0.7245747,0.8729424
1.210823,42,118,-0.08917907,-0.135038,-0.09068605,0.264,0.1541385,0.4623886,12.5,0,0.7171124,73.75,0,0,0,0,0.8300372,0.7245747,0.8729424
1.213284,42,118,-0.08917907,-0.135038,-0.09068605,0.264,0.1541385,0.4623886,12.5,0,0.7171124,73.75,0,0,0,0,0.8300372,0.7245747,0.8729424
1.215698,42,118,-0.08917907,-0.135038,-0.09068605,0.264,0.1541385,0.4623886,12.5,0,0.7171124,73.75,0,0,0,0,0.8300372,0.7245747,0.8729424
1.218479,42,118,-0.08917907,-0.135038,-0.09068605,0.264,0.1541385,0.4623886,12.5,0,0.7171124,73.75,0,0,0,0,0.8300372,0.7245747,0.8729424
1.220722,42,118,-0.08917907,-0.135038,-0.09068605,0.264,0.1541385,0.4623886,12.5,0,0.7171124,73.75,0,0,0,0,0.8300372,0.7245747,0.8729424
1.223248,42,118,-0.08917907,-0.135038,-0.09068605,0.264,0.1541385,0.4623886,12.5,0,0.7171124,73.75,0,0,0,0,0.8300372,0.7245747,0.8729424
1.22551,42,118,-0.08917907,-0.135038,-0.09068605,0.264,0.1541385,0.4623886,12.5,0,0.7171124,73.75,0,0,0,0,0.8300372,0.7245747,0.8729424
1.228413,42,118,-0.08917907,-0.135038,-0.09068605,0.264,0.1541385,0.4623886,12.5,0,0.7171124,73.75,0,0,0,0,0.8300372,0.7245747,0.8729424
1.231274,42,118,-0.08917907,-0.135038,-0.09068605,0.264,0.1541385,0.4623886,12.5,0,0.7171124,73.75,0,0,0,0,0.8300372,0.7245747,0.8729424
1.233871,42,118,-0.08917907,-0.135038,-0.09068605,0.264,0.1541385,0.4623886,12.5,0,0.7171124,73.75,0,0,0,0,0.8300372,0.7245747,0.8729424
1.236275,42,118,-0.08917907,-0.135038,-0.09068605,0.264,0.1541385,0.4623886,12.5,0,0.7171124,73.75,0,0,0,0,0.8300372,0.7245747,0.8729424
1.239647,42,118,-0.08917907,-0.135038,-0.09068605,0.264,0.1541385,0.4623886,12.5,0,0.7171124,73.75,0,0,0,0,0.8300372,0.7245747,0.8729424
1.241947,42,118,-0.08917907,-0.135038,-0.09068605,0.264,0.1541385,0.4623886,12.5,0,0.7171124,73.75,0,0,0,0,0.8300372,0.7245747,0.8729424
1.244797,42,118,-0.08917907,-0.135038,-0.09068605,0.264,0.1541385,0.4623886,12.5,0,0.7171124,73.75,0,0,0,0,0.8300372,0.7245747,0.8729424
1.247204,42,118,-0.08917907,-0.135038,-0.09068605,0.264,0.1541385,0.4623886,12.5,0,0.7171124,73.75,0,0,0,0,0.8300372,0.7245747,0.8729424
1.249439,42,118,-0.08917907,-0.135038,-0.09068605,0.264,0.1541385,0.4623886,12.5,0,0.7171124,73.75,0,0,0,0,0.8300372,0.7245747,0.8729424
1.251709,42,118,-0.08917907,-0.135038,-0.09068605,0.264,0.1541385,0.4623886,12.5,0,0.7171124,73.75,0,0,0,0,0.8300372,0.7245747,0.8729424
1.254215,42,118,-0.08917907,-0.135038,-0.09068605,0.264,0.1541385,0.4623886,12.5,0,0.7171124,73.75,0,0,0,0,0.8300372,0.7245747,0.8729424
1.256889,42,118,-0.08917907,-0.135038,-0.09068605,0.264,0.1541385,0.4623886,12.5,0,0.7171124,73.75,0,0,0,0,0.8300372,0.7245747,0.8729424
1.259041,42,118,-0.08917907,-0.135038,-0.09068605,0.264,0.1541385,0.4623886,12.5,0,0.7171124,73.75,0,0,0,0,0.8300372,0.7245747,0.8729424
1.26162,42,118,-0.08917907,-0.135038,-0.09068605,0.264,0.1541385,0.4623886,12.5,0,0.7171124,73.75,0,0,0,0,0.8300372,0.7245747,0.8729424
1.263985,42,118,-0.08917907,-0.135038,-0.09068605,0.264,0.1541385,0.4623886,12.5,0,0.7171124,73.75,0,0,0,0,0.8300372,0.7245747,0.8729424
1.266205,42,118,-0.08917907,-0.135038,-0.09068605,0.264,0.1541385,0.4623886,12.5,0,0.7171124,73.75,0,0,0,0,0.8300372,0.7245747,0.8729424
1.268444,42,118,-0.08917907,-0.135038,-0.09068605,0.264,0.1541385,0.4623886,12.5,0,0.7171124,73.75,0,0,0,0,0.8300372,0.7245747,0.8729424
1.270634,42,118,-0.08917907,-0.135038,-0.09068605,0.264,0.1541385,0.4623886,12.5,0,0.7171124,73.75,0,0,0,0,0.8300372,0.7245747,0.8729424
1.272907,42,118,-0.08917907,-0.135038,-0.09068605,0.264,0.1541385,0.4623886,12.5,0,0.7171124,73.75,0,0,0,0,0.8300372,0.7245747,0.8729424
1.275085,42,118,-0.08917907,-0.135038,-0.09068605,0.264,0.1541385,0.4623886,12.5,0,0.7171124,73.75,0,0,0,0,0.8300372,0.7245747,0.8729424
1.278099,42,118,-0.08917907,-0.135038,-0.09068605,0.264,0.1541385,0.4623886,12.5,0,0.7171124,73.75,0,0,0,0,0.8300372,0.7245747,0.8729424
1.280453,42,118,-0.08917907,-0.135038,-0.09068605,0.264,0.1541385,0.4623886,12.5,0,0.7171124,73.75,0,0,0,0,0.8300372,0.7245747,0.8729424
1.282639,42,118,-0.08917907,-0.135038,-0.09068605,0.264,0.1541385,0.4623886,12.5,0,0.7171124,73.75,0,0,0,0,0.8300372,0.7245747,0.8729424
1.285187,42,118,-0.08917907,-0.135038,-0.09068605,0.264,0.1541385,0.4623886,12.5,0,0.7171124,73.75,0,0,0,0,0.8300372,0.7245747,0.8729424
1.287758,42,118,-0.08917907,-0.135038,-0.09068605,0.264,0.1541385,0.4623886,12.5,0,0.7171124,73.75,0,0,0,0,0.8300372,0.7245747,0.8729424
1.29002,42,118,-0.08917907,-0.135038,-0.09068605,0.264,0.1541385,0.4623886,12.5,0,0.7171124,73.75,0,0,0,0,0.8300372,0.7245747,0.8729424
1.292244,42,118,-0.08917907,-0.135038,-0.09068605,0.264,0.1541385,0.4623886,12.5,0,0.7171124,73.75,0,0,0,0,0.8300372,0.7245747,0.8729424
1.294834,42,118,-0.08917907,-0.135038,-0.09068605,0.264,0.1541385,0.4623886,12.5,0,0.7171124,73.75,0,0,0,0,0.8300372,0.7245747,0.8729424
1.297615,42,118,-0.08917907,-0.135038,-0.09068605,0.264,0.1541385,0.4623886,12.5,0,0.7171124,73.75,0,0,0,0,0.8300372,0.7245747,0.8729424
1.300316,42,118,-0.08917907,-0.135038,-0.09068605,0.264,0.1541385,0.4623886,12.5,0,0.7171124,73.75,0,0,0,0,0.8300372,0.7245747,0.8729424
1.303204,42,118,-0.08917907,-0.135038,-0.09068605,0.264,0.1541385,0.4623886,12.5,0,0.7171124,73.75,0,0,0,0,0.8300372,0.7245747,0.8729424
1.305519,42,118,-0.08917907,-0.135038,-0.09068605,0.264,0.1541385,0.4623886,12.5,0,0.7171124,73.75,0,0,0,0,0.8300372,0.7245747,0.8729424
1.307747,42,118,-0.08917907,-0.135038,-0.09068605,0.264,0.1541385,0.4623886,12.5,0,0.7171124,73.75,0,0,0,0,0.8300372,0.7245747,0.8729424
1.310551,42,118,-0.08917907,-0.135038,-0.09068605,0.264,0.1541385,0.4623886,12.5,0,0.7171124,73.75,0,0,0,0,0.8300372,0.7245747,0.8729424
1.31303,42,118,-0.08917907,-0.135038,-0.09068605,0.264,0.1541385,0.4623886,12.5,0,0.7171124,73.75,0,0,0,0,0.8300372,0.7245747,0.8729424
1.315804,42,118,-0.08917907,-0.135038,-0.09068605,0.264,0.1541385,0.4623886,12.5,0,0.7171124,73.75,0,0,0,0,0.8300372,0.7245747,0.8729424
1.31884,42,118,-0.08917907,-0.135038,-0.09068605,0.264,0.1541385,0.4623886,12.5,0,0.7171124,73.75,0,0,0,0,0.8300372,0.7245747,0.8729424
1.321453,42,118,-0.08917907,-0.135038,-0.09068605,0.264,0.1541385,0.4623886,12.5,0,0.7171124,73.75,0,0,0,0,0.8300372,0.7245747,0.8729424
1.323895,42,118,-0.08917907,-0.135038,-0.09068605,0.264,0.1541385,0.4623886,12.5,0,0.7171124,73.75,0,0,0,0,0.8300372,0.7245747,0.8729424
1.326244,42,118,-0.08917907,-0.135038,-0.09068605,0.264,0.1541385,0.4623886,12.5,0,0.7171124,73.75,0,0,0,0,0.8300372,0.7245747,0.8729424
1.328907,42,118,-0.08917907,-0.135038,-0.09068605,0.264,0.1541385,0.4623886,12.5,0,0.7171124,73.75,0,0,0,0,0.8300372,0.7245747,0.8729424
1.331375,42,118,-0.08917907,-0.135038,-0.09068605,0.264,0.1541385,0.4623886,12.5,0,0.7171124,73.75,0,0,0,0,0.8300372,0.7245747,0.8729424
1.333778,42,118,-0.08917907,-0.135038,-0.09068605,0.264,0.1541385,0.4623886,12.5,0,0.7171124,73.75,0,0,0,0,0.8300372,0.7245747,0.8729424
1.336025,42,118,-0.08917907,-0.135038,-0.09068605,0.264,0.1541385,0.4623886,12.5,0,0.7171124,73.75,0,0,0,0,0.8300372,0.7245747,0.8729424
1.338768,42,118,-0.08917907,-0.135038,-0.09068605,0.264,0.1541385,0.4623886,12.5,0,0.7171124,73.75,0,0,0,0,0.8300372,0.7245747,0.8729424
1.341415,42,118,-0.08917907,-0.135038,-0.09068605,0.264,0.1541385,0.4623886,12.5,0,0.7171124,73.75,0,0,0,0,0.8300372,0.7245747,0.8729424
1.344135,42,118,-0.08917907,-0.135038,-0.09068605,0.264,0.1541385,0.4623886,12.5,0,0.7171124,73.75,0,0,0,0,0.8300372,0.7245747,0.8729424
1.34708,42,118,-0.08917907,-0.135038,-0.09068605,0.264,0.1541385,0.4623886,12.5,0,0.7171124,73.75,0,0,0,0,0.8300372,0.7245747,0.8729424
1.34943,42,118,-0.08917907,-0.135038,-0.09068605,0.264,0.1541385,0.4623886,12.5,0,0.7171124,73.75,0,0,0,0,0.8300372,0.7245747,0.8729424
1.351734,42,118,-0.08917907,-0.135038,-0.09068605,0.264,0.1541385,0.4623886,12.5,0,0.7171124,73.75,0,0,0,0,0.8300372,0.7245747,0.8729424
1.354164,42,118,-0.08917907,-0.135038,-0.09068605,0.264,0.1541385,0.4623886,12.5,0,0.7171124,73.75,0,0,0,0,0.8300372,0.7245747,0.8729424
1.357212,42,118,-0.08917907,-0.135038,-0.09068605,0.264,0.1541385,0.4623886,12.5,0,0.7171124,73.75,0,0,0,0,0.8300372,0.7245747,0.8729424
1.359776,42,118,-0.08917907,-0.135038,-0.09068605,0.264,0.1541385,0.4623886,12.5,0,0.7171124,73.75,0,0,0,0,0.8300372,0.7245747,0.8729424
1.362637,42,118,-0.08917907,-0.135038,-0.09068605,0.264,0.1541385,0.4623886,12.5,0,0.7171124,73.75,0,0,0,0,0.8300372,0.7245747,0.8729424
1.365074,42,118,-0.08917907,-0.135038,-0.09068605,0.264,0.1541385,0.4623886,12.5,0,0.7171124,73.75,0,0,0,0,0.8300372,0.7245747,0.8729424
1.367191,42,118,-0.08917907,-0.135038,-0.09068605,0.264,0.1541385,0.4623886,12.5,0,0.7171124,73.75,0,0,0,0,0.8300372,0.7245747,0.8729424
1.369419,42,118,-0.08917907,-0.135038,-0.09068605,0.264,0.1541385,0.4623886,12.5,0,0.7171124,73.75,0,0,0,0,0.8300372,0.7245747,0.8729424
1.371597,42,118,-0.08917907,-0.135038,-0.09068605,0.264,0.1541385,0.4623886,12.5,0,0.7171124,73.75,0,0,0,0,0.8300372,0.7245747,0.8729424
1.37373,42,118,-0.08917907,-0.135038,-0.09068605,0.264,0.1541385,0.4623886,12.5,0,0.7171124,73.75,0,0,0,0,0.8300372,0.7245747,0.8729424
1.375954,42,118,-0.08917907,-0.135038,-0.09068605,0.264,0.1541385,0.4623886,12.5,0,0.7171124,73.75,0,0,0,0,0.8300372,0.7245747,0.8729424
1.379406,42,118,-0.08917907,-0.135038,-0.09068605,0.264,0.1541385,0.4623886,12.5,0,0.7171124,73.75,0,0,0,0,0.8300372,0.7245747,0.8729424
1.381699,42,118,-0.08917907,-0.135038,-0.09068605,0.264,0.1541385,0.4623886,12.5,0,0.7171124,73.75,0,0,0,0,0.8300372,0.7245747,0.8729424
1.384007,42,118,-0.08917907,-0.135038,-0.09068605,0.264,0.1541385,0.4623886,12.5,0,0.7171124,73.75,0,0,0,0,0.8300372,0.7245747,0.8729424
1.386436,42,118,-0.08917907,-0.135038,-0.09068605,0.264,0.1541385,0.4623886,12.5,0,0.7171124,73.75,0,0,0,0,0.8300372,0.7245747,0.8729424
1.388756,42,118,-0.08917907,-0.135038,-0.09068605,0.264,0.1541385,0.4623886,12.5,0,0.7171124,73.75,0,0,0,0,0.8300372,0.7245747,0.8729424
1.391022,42,118,-0.08917907,-0.135038,-0.09068605,0.264,0.1541385,0.4623886,12.5,0,0.7171124,73.75,0,0,0,0,0.8300372,0.7245747,0.8729424
1.393837,42,118,-0.08917907,-0.135038,-0.09068605,0.264,0.1541385,0.4623886,12.5,0,0.7171124,73.75,0,0,0,0,0.8300372,0.7245747,0.8729424
1.397015,42,118,-0.08917907,-0.135038,-0.09068605,0.264,0.1541385,0.4623886,12.5,0,0.7171124,73.75,0,0,0,0,0.8300372,0.7245747,0.8729424
1.399799,42,118,-0.08917907,-0.135038,-0.09068605,0.264,0.1541385,0.4623886,12.5,0,0.7171124,73.75,0,0,0,0,0.8300372,0.7245747,0.8729424
1.402012,42,118,-0.08917907,-0.135038,-0.09068605,0.264,0.1541385,0.4623886,12.5,0,0.7171124,73.75,0,0,0,0,0.8300372,0.7245747,0.8729424
1.404312,42,118,-0.08917907,-0.135038,-0.09068605,0.264,0.1541385,0.4623886,12.5,0,0.7171124,73.75,0,0,0,0,0.8300372,0.7245747,0.8729424
1.406689,42,118,-0.08917907,-0.135038,-0.09068605,0.264,0.1541385,0.4623886,12.5,0,0.7171124,73.75,0,0,0,0,0.8300372,0.7245747,0.8729424
1.409893,42,118,-0.08917907,-0.135038,-0.09068605,0.264,0.1541385,0.4623886,12.5,0,0.7171124,73.75,0,0,0,0,0.8300372,0.7245747,0.8729424
1.412556,42,118,-0.08917907,-0.135038,-0.09068605,0.264,0.1541385,0.4623886,12.5,0,0.7171124,73.75,0,0,0,0,0.8300372,0.7245747,0.8729424
1.414864,42,118,-0.08917907,-0.135038,-0.09068605,0.264,0.1541385,0.4623886,12.5,0,0.7171124,73.75,0,0,0,0,0.8300372,0.7245747,0.8729424
1.417671,42,118,-0.08917907,-0.135038,-0.09068605,0.264,0.1541385,0.4623886,12.5,0,0.7171124,73.75,0,0,0,0,0.8300372,0.7245747,0.8729424
1.419888,42,118,-0.08917907,-0.135038,-0.09068605,0.264,0.1541385,0.4623886,12.5,0,0.7171124,73.75,0,0,0,0,0.8300372,0.7245747,0.8729424
1.421986,42,118,-0.08917907,-0.135038,-0.09068605,0.264,0.1541385,0.4623886,12.5,0,0.7171124,73.75,0,0,0,0,0.8300372,0.7245747,0.8729424
1.42453,42,118,-0.08917907,-0.135038,-0.09068605,0.264,0.1541385,0.4623886,12.5,0,0.7171124,73.75,0,0,0,0,0.8300372,0.7245747,0.8729424
1.42717,42,118,-0.08917907,-0.135038,-0.09068605,0.264,0.1541385,0.4623886,12.5,0,0.7171124,73.75,0,0,0,0,0.8300372,0.7245747,0.8729424
1.429741,42,118,-0.08917907,-0.135038,-0.09068605,0.264,0.1541385,0.4623886,12.5,0,0.7171124,73.75,0,0,0,0,0.8300372,0.7245747,0.8729424
1.43198,42,118,-0.08917907,-0.135038,-0.09068605,0.264,0.1541385,0.4623886,12.5,0,0.7171124,73.75,0,0,0,0,0.8300372,0.7245747,0.8729424
1.434273,42,118,-0.08917907,-0.135038,-0.09068605,0.264,0.1541385,0.4623886,12.5,0,0.7171124,73.75,0,0,0,0,0.8300372,0.7245747,0.8729424
1.436764,42,118,-0.08917907,-0.135038,-0.09068605,0.264,0.1541385,0.4623886,12.5,0,0.7171124,73.75,0,0,0,0,0.8300372,0.7245747,0.8729424
1.438995,42,118,-0.08917907,-0.135038,-0.09068605,0.264,0.1541385,0.4623886,12.5,0,0.7171124,73.75,0,0,0,0,0.8300372,0.7245747,0.8729424
1.441696,42,118,-0.08917907,-0.135038,-0.09068605,0.264,0.1541385,0.4623886,12.5,0,0.7171124,73.75,0,0,0,0,0.8300372,0.7245747,0.8729424
1.444271,42,118,-0.08917907,-0.135038,-0.09068605,0.264,0.1541385,0.4623886,12.5,0,0.7171124,73.75,0,0,0,0,0.8300372,0.7245747,0.8729424
1.44659,42,118,-0.08917907,-0.135038,-0.09068605,0.264,0.1541385,0.4623886,12.5,0,0.7171124,73.75,0,0,0,0,0.8300372,0.7245747,0.8729424
1.448841,42,118,-0.08917907,-0.135038,-0.09068605,0.264,0.1541385,0.4623886,12.5,0,0.7171124,73.75,0,0,0,0,0.8300372,0.7245747,0.8729424
1.451031,42,118,-0.08917907,-0.135038,-0.09068605,0.264,0.1541385,0.4623886,12.5,0,0.7171124,73.75,0,0,0,0,0.8300372,0.7245747,0.8729424
1.45319,42,118,-0.08917907,-0.135038,-0.09068605,0.264,0.1541385,0.4623886,12.5,0,0.7171124,73.75,0,0,0,0,0.8300372,0.7245747,0.8729424
1.455853,42,118,-0.08917907,-0.135038,-0.09068605,0.264,0.1541385,0.4623886,12.5,0,0.7171124,73.75,0,0,0,0,0.8300372,0.7245747,0.8729424
1.458622,42,118,-0.08917907,-0.135038,-0.09068605,0.264,0.1541385,0.4623886,12.5,0,0.7171124,73.75,0,0,0,0,0.8300372,0.7245747,0.8729424
1.460953,42,118,-0.08917907,-0.135038,-0.09068605,0.264,0.1541385,0.4623886,12.5,0,0.7171124,73.75,0,0,0,0,0.8300372,0.7245747,0.8729424
1.463215,42,118,-0.08917907,-0.135038,-0.09068605,0.264,0.1541385,0.4623886,12.5,0,0.7171124,73.75,0,0,0,0,0.8300372,0.7245747,0.8729424
1.465332,42,118,-0.08917907,-0.135038,-0.09068605,0.264,0.1541385,0.4623886,12.5,0,0.7171124,73.75,0,0,0,0,0.8300372,0.7245747,0.8729424
1.467594,42,118,-0.08917907,-0.135038,-0.09068605,0.264,0.1541385,0.4623886,12.5,0,0.7171124,73.75,0,0,0,0,0.8300372,0.7245747,0.8729424
1.470078,42,118,-0.08917907,-0.135038,-0.09068605,0.264,0.1541385,0.4623886,12.5,0,0.7171124,73.75,0,0,0,0,0.8300372,0.7245747,0.8729424
1.472672,42,118,-0.08917907,-0.135038,-0.09068605,0.264,0.1541385,0.4623886,12.5,0,0.7171124,73.75,0,0,0,0,0.8300372,0.7245747,0.8729424
1.474926,42,118,-0.08917907,-0.135038,-0.09068605,0.264,0.1541385,0.4623886,12.5,0,0.7171124,73.75,0,0,0,0,0.8300372,0.7245747,0.8729424
1.47847,42,118,-0.08917907,-0.135038,-0.09068605,0.264,0.1541385,0.4623886,12.5,0,0.7171124,73.75,0,0,0,0,0.8300372,0.7245747,0.8729424
1.481453,42,118,-0.08917907,-0.135038,-0.09068605,0.264,0.1541385,0.4623886,12.5,0,0.7171124,73.75,0,0,0,0,0.8300372,0.7245747,0.8729424
1.483986,42,118,-0.08917907,-0.135038,-0.09068605,0.264,0.1541385,0.4623886,12.5,0,0.7171124,73.75,0,0,0,0,0.8300372,0.7245747,0.8729424
1.486374,42,118,-0.08917907,-0.135038,-0.09068605,0.264,0.1541385,0.4623886,12.5,0,0.7171124,73.75,0,0,0,0,0.8300372,0.7245747,0.8729424
1.488789,42,118,-0.08917907,-0.135038,-0.09068605,0.264,0.1541385,0.4623886,12.5,0,0.7171124,73.75,0,0,0,0,0.8300372,0.7245747,0.8729424
1.491001,42,118,-0.08917907,-0.135038,-0.09068605,0.264,0.1541385,0.4623886,12.5,0,0.7171124,73.75,0,0,0,0,0.8300372,0.7245747,0.8729424
1.493557,42,118,-0.08917907,-0.135038,-0.09068605,0.264,0.1541385,0.4623886,12.5,0,0.7171124,73.75,0,0,0,0,0.8300372,0.7245747,0.8729424
1.496414,42,118,-0.08917907,-0.135038,-0.09068605,0.264,0.1541385,0.4623886,12.5,0,0.7171124,73.75,0,0,0,0,0.8300372,0.7245747,0.8729424
1.499161,42,118,-0.08917907,-0.135038,-0.09068605,0.264,0.1541385,0.4623886,12.5,0,0.7171124,73.75,0,0,0,0,0.8300372,0.7245747,0.8729424
1.501537,42,118,-0.08917907,-0.135038,-0.09068605,0.264,0.1541385,0.4623886,12.5,0,0.7171124,73.75,0,0,0,0,0.8300372,0.7245747,0.8729424
1.504108,42,118,-0.08917907,-0.135038,-0.09068605,0.264,0.1541385,0.4623886,12.5,0,0.7171124,73.75,0,0,0,0,0.8300372,0.7245747,0.8729424
1.506401,42,118,-0.08917907,-0.135038,-0.09068605,0.264,0.1541385,0.4623886,12.5,0,0.7171124,73.75,0,0,0,0,0.8300372,0.7245747,0.8729424
1.508617,42,118,-0.08917907,-0.135038,-0.09068605,0.264,0.1541385,0.4623886,12.5,0,0.7171124,73.75,0,0,0,0,0.8300372,0.7245747,0.8729424
1.511848,42,118,-0.08917907,-0.135038,-0.09068605,0.264,0.1541385,0.4623886,12.5,0,0.7171124,73.75,0,0,0,0,0.8300372,0.7245747,0.8729424
1.514385,42,118,-0.08917907,-0.135038,-0.09068605,0.264,0.1541385,0.4623886,12.5,0,0.7171124,73.75,0,0,0,0,0.8300372,0.7245747,0.8729424
1.517319,42,118,-0.08917907,-0.135038,-0.09068605,0.264,0.1541385,0.4623886,12.5,0,0.7171124,73.75,0,0,0,0,0.8300372,0.7245747,0.8729424
1.519569,42,118,-0.08917907,-0.135038,-0.09068605,0.264,0.1541385,0.4623886,12.5,0,0.7171124,73.75,0,0,0,0,0.8300372,0.7245747,0.8729424
1.521709,42,118,-0.08917907,-0.135038,-0.09068605,0.264,0.1541385,0.4623886,12.5,0,0.7171124,73.75,0,0,0,0,0.8300372,0.7245747,0.8729424
1.523918,42,118,-0.08917907,-0.135038,-0.09068605,0.264,0.1541385,0.4623886,12.5,0,0.7171124,73.75,0,0,0,0,0.8300372,0.7245747,0.8729424
1.526062,42,118,-0.08917907,-0.135038,-0.09068605,0.264,0.1541385,0.4623886,12.5,0,0.7171124,73.75,0,0,0,0,0.8300372,0.7245747,0.8729424
1.52866,42,118,-0.08917907,-0.135038,-0.09068605,0.264,0.1541385,0.4623886,12.5,0,0.7171124,73.75,0,0,0,0,0.8300372,0.7245747,0.8729424
1.530945,42,118,-0.08917907,-0.135038,-0.09068605,0.264,0.1541385,0.4623886,12.5,0,0.7171124,73.75,0,0,0,0,0.8300372,0.7245747,0.8729424
1.53347,42,118,-0.08917907,-0.135038,-0.09068605,0.264,0.1541385,0.4623886,12.5,0,0.7171124,73.75,0,0,0,0,0.8300372,0.7245747,0.8729424
1.535789,42,118,-0.08917907,-0.135038,-0.09068605,0.264,0.1541385,0.4623886,12.5,0,0.7171124,73.75,0,0,0,0,0.8300372,0.7245747,0.8729424
1.538315,42,118,-0.08917907,-0.135038,-0.09068605,0.264,0.1541385,0.4623886,12.5,0,0.7171124,73.75,0,0,0,0,0.8300372,0.7245747,0.8729424
1.540653,42,118,-0.08917907,-0.135038,-0.09068605,0.264,0.1541385,0.4623886,12.5,0,0.7171124,73.75,0,0,0,0,0.8300372,0.7245747,0.8729424
1.543045,42,118,-0.08917907,-0.135038,-0.09068605,0.264,0.1541385,0.4623886,12.5,0,0.7171124,73.75,0,0,0,0,0.8300372,0.7245747,0.8729424
1.545795,42,118,-0.08917907,-0.135038,-0.09068605,0.264,0.1541385,0.4623886,12.5,0,0.7171124,73.75,0,0,0,0,0.8300372,0.7245747,0.8729424
1.548046,42,118,-0.08917907,-0.135038,-0.09068605,0.264,0.1541385,0.4623886,12.5,0,0.7171124,73.75,0,0,0,0,0.8300372,0.7245747,0.8729424
1.550838,42,118,-0.08917907,-0.135038,-0.09068605,0.264,0.1541385,0.4623886,12.5,0,0.7171124,73.75,0,0,0,0,0.8300372,0.7245747,0.8729424
1.553246,42,118,-0.08917907,-0.135038,-0.09068605,0.264,0.1541385,0.4623886,12.5,0,0.7171124,73.75,0,0,0,0,0.8300372,0.7245747,0.8729424
1.555759,42,118,-0.08917907,-0.135038,-0.09068605,0.264,0.1541385,0.4623886,12.5,0,0.7171124,73.75,0,0,0,0,0.8300372,0.7245747,0.8729424
1.55835,42,118,-0.08917907,-0.135038,-0.09068605,0.264,0.1541385,0.4623886,12.5,0,0.7171124,73.75,0,0,0,0,0.8300372,0.7245747,0.8729424
1.560867,42,118,-0.08917907,-0.135038,-0.09068605,0.264,0.1541385,0.4623886,12.5,0,0.7171124,73.75,0,0,0,0,0.8300372,0.7245747,0.8729424
1.56329,42,118,-0.08917907,-0.135038,-0.09068605,0.264,0.1541385,0.4623886,12.5,0,0.7171124,73.75,0,0,0,0,0.8300372,0.7245747,0.8729424
1.572437,42,118,-0.08917907,-0.135038,-0.09068605,0.264,0.1541385,0.4623886,12.5,0,0.7171124,73.75,0,0,0,0,0.8300372,0.7245747,0.8729424
1.581337,42,118,-0.08917907,-0.135038,-0.09068605,0.264,0.1541385,0.4623886,12.5,0,0.7171124,73.75,0,0,0,0,0.8300372,0.7245747,0.8729424
1.585079,42,118,-0.08917907,-0.135038,-0.09068605,0.264,0.1541385,0.4623886,12.5,0,0.7171124,73.75,0,0,0,0,0.8300372,0.7245747,0.8729424
1.588428,42,118,-0.08917907,-0.135038,-0.09068605,0.264,0.1541385,0.4623886,12.5,0,0.7171124,73.75,0,0,0,0,0.8300372,0.7245747,0.8729424
1.590916,42,118,-0.08917907,-0.135038,-0.09068605,0.264,0.1541385,0.4623886,12.5,0,0.7171124,73.75,0,0,0,0,0.8300372,0.7245747,0.8729424
1.594936,42,118,-0.08917907,-0.135038,-0.09068605,0.264,0.1541385,0.4623886,12.5,0,0.7171124,73.75,0,0,0,0,0.8300372,0.7245747,0.8729424
1.598049,42,118,-0.08917907,-0.135038,-0.09068605,0.264,0.1541385,0.4623886,12.5,0,0.7171124,73.75,0,0,0,0,0.8300372,0.7245747,0.8729424
1.600712,42,118,-0.08917907,-0.135038,-0.09068605,0.264,0.1541385,0.4623886,12.5,0,0.7171124,73.75,0,0,0,0,0.8300372,0.7245747,0.8729424
1.603271,42,118,-0.08917907,-0.135038,-0.09068605,0.264,0.1541385,0.4623886,12.5,0,0.7171124,73.75,0,0,0,0,0.8300372,0.7245747,0.8729424
1.606308,42,118,-0.08917907,-0.135038,-0.09068605,0.264,0.1541385,0.4623886,12.5,0,0.7171124,73.75,0,0,0,0,0.8300372,0.7245747,0.8729424
1.608948,42,118,-0.08917907,-0.135038,-0.09068605,0.264,0.1541385,0.4623886,12.5,0,0.7171124,73.75,0,0,0,0,0.8300372,0.7245747,0.8729424
1.611652,42,118,-0.08917907,-0.135038,-0.09068605,0.264,0.1541385,0.4623886,12.5,0,0.7171124,73.75,0,0,0,0,0.8300372,0.7245747,0.8729424
1.613979,42,118,-0.08917907,-0.135038,-0.09068605,0.264,0.1541385,0.4623886,12.5,0,0.7171124,73.75,0,0,0,0,0.8300372,0.7245747,0.8729424
1.616604,42,118,-0.08917907,-0.135038,-0.09068605,0.264,0.1541385,0.4623886,12.5,0,0.7171124,73.75,0,0,0,0,0.8300372,0.7245747,0.8729424
1.618851,42,118,-0.08917907,-0.135038,-0.09068605,0.264,0.1541385,0.4623886,12.5,0,0.7171124,73.75,0,0,0,0,0.8300372,0.7245747,0.8729424
1.621361,42,118,-0.08917907,-0.135038,-0.09068605,0.264,0.1541385,0.4623886,12.5,0,0.7171124,73.75,0,0,0,0,0.8300372,0.7245747,0.8729424
1.623589,42,118,-0.08917907,-0.135038,-0.09068605,0.264,0.1541385,0.4623886,12.5,0,0.7171124,73.75,0,0,0,0,0.8300372,0.7245747,0.8729424
1.625954,42,118,-0.08917907,-0.135038,-0.09068605,0.264,0.1541385,0.4623886,12.5,0,0.7171124,73.75,0,0,0,0,0.8300372,0.7245747,0.8729424
1.629173,42,118,-0.08917907,-0.135038,-0.09068605,0.264,0.1541385,0.4623886,12.5,0,0.7171124,73.75,0,0,0,0,0.8300372,0.7245747,0.8729424
1.631496,42,118,-0.08917907,-0.135038,-0.09068605,0.264,0.1541385,0.4623886,12.5,0,0.7171124,73.75,0,0,0,0,0.8300372,0.7245747,0.8729424
1.633652,42,118,-0.08917907,-0.135038,-0.09068605,0.264,0.1541385,0.4623886,12.5,0,0.7171124,73.75,0,0,0,0,0.8300372,0.7245747,0.8729424
1.635902,42,118,-0.08917907,-0.135038,-0.09068605,0.264,0.1541385,0.4623886,12.5,0,0.7171124,73.75,0,0,0,0,0.8300372,0.7245747,0.8729424
1.638592,42,118,-0.08917907,-0.135038,-0.09068605,0.264,0.1541385,0.4623886,12.5,0,0.7171124,73.75,0,0,0,0,0.8300372,0.7245747,0.8729424
1.641003,42,118,-0.08917907,-0.135038,-0.09068605,0.264,0.1541385,0.4623886,12.5,0,0.7171124,73.75,0,0,0,0,0.8300372,0.7245747,0.8729424
1.643799,42,118,-0.08917907,-0.135038,-0.09068605,0.264,0.1541385,0.4623886,12.5,0,0.7171124,73.75,0,0,0,0,0.8300372,0.7245747,0.8729424
1.646435,42,118,-0.08917907,-0.135038,-0.09068605,0.264,0.1541385,0.4623886,12.5,0,0.7171124,73.75,0,0,0,0,0.8300372,0.7245747,0.8729424
1.648762,42,118,-0.08917907,-0.135038,-0.09068605,0.264,0.1541385,0.4623886,12.5,0,0.7171124,73.75,0,0,0,0,0.8300372,0.7245747,0.8729424
1.651077,42,118,-0.08917907,-0.135038,-0.09068605,0.264,0.1541385,0.4623886,12.5,0,0.7171124,73.75,0,0,0,0,0.8300372,0.7245747,0.8729424
1.65329,42,118,-0.08917907,-0.135038,-0.09068605,0.264,0.1541385,0.4623886,12.5,0,0.7171124,73.75,0,0,0,0,0.8300372,0.7245747,0.8729424
1.655617,42,118,-0.08917907,-0.135038,-0.09068605,0.264,0.1541385,0.4623886,12.5,0,0.7171124,73.75,0,0,0,0,0.8300372,0.7245747,0.8729424
1.658478,42,118,-0.08917907,-0.135038,-0.09068605,0.264,0.1541385,0.4623886,12.5,0,0.7171124,73.75,0,0,0,0,0.8300372,0.7245747,0.8729424
1.661446,42,118,-0.08917907,-0.135038,-0.09068605,0.264,0.1541385,0.4623886,12.5,0,0.7171124,73.75,0,0,0,0,0.8300372,0.7245747,0.8729424
1.664261,42,118,-0.08917907,-0.135038,-0.09068605,0.264,0.1541385,0.4623886,12.5,0,0.7171124,73.75,0,0,0,0,0.8300372,0.7245747,0.8729424
1.666592,42,118,-0.08917907,-0.135038,-0.09068605,0.264,0.1541385,0.4623886,12.5,0,0.7171124,73.75,0,0,0,0,0.8300372,0.7245747,0.8729424
1.668865,42,118,-0.08917907,-0.135038,-0.09068605,0.264,0.1541385,0.4623886,12.5,0,0.7171124,73.75,0,0,0,0,0.8300372,0.7245747,0.8729424
1.671074,42,118,-0.08917907,-0.135038,-0.09068605,0.264,0.1541385,0.4623886,12.5,0,0.7171124,73.75,0,0,0,0,0.8300372,0.7245747,0.8729424
1.673279,42,118,-0.08917907,-0.135038,-0.09068605,0.264,0.1541385,0.4623886,12.5,0,0.7171124,73.75,0,0,0,0,0.8300372,0.7245747,0.8729424
1.676426,42,118,-0.08917907,-0.135038,-0.09068605,0.264,0.1541385,0.4623886,12.5,0,0.7171124,73.75,0,0,0,0,0.8300372,0.7245747,0.8729424
1.679325,42,118,-0.08917907,-0.135038,-0.09068605,0.264,0.1541385,0.4623886,12.5,0,0.7171124,73.75,0,0,0,0,0.8300372,0.7245747,0.8729424
1.681469,42,118,-0.08917907,-0.135038,-0.09068605,0.264,0.1541385,0.4623886,12.5,0,0.7171124,73.75,0,0,0,0,0.8300372,0.7245747,0.8729424
1.68372,42,118,-0.08917907,-0.135038,-0.09068605,0.264,0.1541385,0.4623886,12.5,0,0.7171124,73.75,0,0,0,0,0.8300372,0.7245747,0.8729424
1.685955,42,118,-0.08917907,-0.135038,-0.09068605,0.264,0.1541385,0.4623886,12.5,0,0.7171124,73.75,0,0,0,0,0.8300372,0.7245747,0.8729424
1.688194,42,118,-0.08917907,-0.135038,-0.09068605,0.264,0.1541385,0.4623886,12.5,0,0.7171124,73.75,0,0,0,0,0.8300372,0.7245747,0.8729424
1.690266,42,118,-0.08917907,-0.135038,-0.09068605,0.264,0.1541385,0.4623886,12.5,0,0.7171124,73.75,0,0,0,0,0.8300372,0.7245747,0.8729424
1.69265,42,118,-0.08917907,-0.135038,-0.09068605,0.264,0.1541385,0.4623886,12.5,0,0.7171124,73.75,0,0,0,0,0.8300372,0.7245747,0.8729424
1.695683,42,118,-0.08917907,-0.135038,-0.09068605,0.264,0.1541385,0.4623886,12.5,0,0.7171124,73.75,0,0,0,0,0.8300372,0.7245747,0.8729424
1.698505,42,118,-0.08917907,-0.135038,-0.09068605,0.264,0.1541385,0.4623886,12.5,0,0.7171124,73.75,0,0,0,0,0.8300372,0.7245747,0.8729424
1.700893,42,118,-0.08917907,-0.135038,-0.09068605,0.264,0.1541385,0.4623886,12.5,0,0.7171124,73.75,0,0,0,0,0.8300372,0.7245747,0.8729424
1.703255,42,118,-0.08917907,-0.135038,-0.09068605,0.264,0.1541385,0.4623886,12.5,0,0.7171124,73.75,0,0,0,0,0.8300372,0.7245747,0.8729424
1.705425,42,118,-0.08917907,-0.135038,-0.09068605,0.264,0.1541385,0.4623886,12.5,0,0.7171124,73.75,0,0,0,0,0.8300372,0.7245747,0.8729424
1.70789,42,118,-0.08917907,-0.135038,-0.09068605,0.264,0.1541385,0.4623886,12.5,0,0.7171124,73.75,0,0,0,0,0.8300372,0.7245747,0.8729424
1.710472,42,118,-0.08917907,-0.135038,-0.09068605,0.264,0.1541385,0.4623886,12.5,0,0.7171124,73.75,0,0,0,0,0.8300372,0.7245747,0.8729424
1.712994,42,118,-0.08917907,-0.135038,-0.09068605,0.264,0.1541385,0.4623886,12.5,0,0.7171124,73.75,0,0,0,0,0.8300372,0.7245747,0.8729424
1.715271,42,118,-0.08917907,-0.135038,-0.09068605,0.264,0.1541385,0.4623886,12.5,0,0.7171124,73.75,0,0,0,0,0.8300372,0.7245747,0.8729424
1.717964,42,118,-0.08917907,-0.135038,-0.09068605,0.264,0.1541385,0.4623886,12.5,0,0.7171124,73.75,0,0,0,0,0.8300372,0.7245747,0.8729424
1.720226,42,118,-0.08917907,-0.135038,-0.09068605,0.264,0.1541385,0.4623886,12.5,0,0.7171124,73.75,0,0,0,0,0.8300372,0.7245747,0.8729424
1.722912,42,118,-0.08917907,-0.135038,-0.09068605,0.264,0.1541385,0.4623886,12.5,0,0.7171124,73.75,0,0,0,0,0.8300372,0.7245747,0.8729424
1.725388,42,118,-0.08917907,-0.135038,-0.09068605,0.264,0.1541385,0.4623886,12.5,0,0.7171124,73.75,0,0,0,0,0.8300372,0.7245747,0.8729424
1.728397,42,118,-0.08917907,-0.135038,-0.09068605,0.264,0.1541385,0.4623886,12.5,0,0.7171124,73.75,0,0,0,0,0.8300372,0.7245747,0.8729424
1.73122,42,118,-0.08917907,-0.135038,-0.09068605,0.264,0.1541385,0.4623886,12.5,0,0.7171124,73.75,0,0,0,0,0.8300372,0.7245747,0.8729424
1.733513,42,118,-0.08917907,-0.135038,-0.09068605,0.264,0.1541385,0.4623886,12.5,0,0.7171124,73.75,0,0,0,0,0.8300372,0.7245747,0.8729424
1.735916,42,118,-0.08917907,-0.135038,-0.09068605,0.264,0.1541385,0.4623886,12.5,0,0.7171124,73.75,0,0,0,0,0.8300372,0.7245747,0.8729424
1.738613,42,118,-0.08917907,-0.135038,-0.09068605,0.264,0.1541385,0.4623886,12.5,0,0.7171124,73.75,0,0,0,0,0.8300372,0.7245747,0.8729424
1.740868,42,118,-0.08917907,-0.135038,-0.09068605,0.264,0.1541385,0.4623886,12.5,0,0.7171124,73.75,0,0,0,0,0.8300372,0.7245747,0.8729424
1.743835,42,118,-0.08917907,-0.135038,-0.09068605,0.264,0.1541385,0.4623886,12.5,0,0.7171124,73.75,0,0,0,0,0.8300372,0.7245747,0.8729424
1.746365,42,118,-0.08917907,-0.135038,-0.09068605,0.264,0.1541385,0.4623886,12.5,0,0.7171124,73.75,0,0,0,0,0.8300372,0.7245747,0.8729424
1.748627,42,118,-0.08917907,-0.135038,-0.09068605,0.264,0.1541385,0.4623886,12.5,0,0.7171124,73.75,0,0,0,0,0.8300372,0.7245747,0.8729424
1.7509,42,118,-0.08917907,-0.135038,-0.09068605,0.264,0.1541385,0.4623886,12.5,0,0.7171124,73.75,0,0,0,0,0.8300372,0.7245747,0.8729424
1.75322,42,118,-0.08917907,-0.135038,-0.09068605,0.264,0.1541385,0.4623886,12.5,0,0.7171124,73.75,0,0,0,0,0.8300372,0.7245747,0.8729424
1.755539,42,118,-0.08917907,-0.135038,-0.09068605,0.264,0.1541385,0.4623886,12.5,0,0.7171124,73.75,0,0,0,0,0.8300372,0.7245747,0.8729424
1.758221,42,118,-0.08917907,-0.135038,-0.09068605,0.264,0.1541385,0.4623886,12.5,0,0.7171124,73.75,0,0,0,0,0.8300372,0.7245747,0.8729424
1.760948,42,118,-0.08917907,-0.135038,-0.09068605,0.264,0.1541385,0.4623886,12.5,0,0.7171124,73.75,0,0,0,0,0.8300372,0.7245747,0.8729424
1.763309,42,118,-0.08917907,-0.135038,-0.09068605,0.264,0.1541385,0.4623886,12.5,0,0.7171124,73.75,0,0,0,0,0.8300372,0.7245747,0.8729424
1.765575,42,118,-0.08917907,-0.135038,-0.09068605,0.264,0.1541385,0.4623886,12.5,0,0.7171124,73.75,0,0,0,0,0.8300372,0.7245747,0.8729424
1.767834,42,118,-0.08917907,-0.135038,-0.09068605,0.264,0.1541385,0.4623886,12.5,0,0.7171124,73.75,0,0,0,0,0.8300372,0.7245747,0.8729424
1.770081,42,118,-0.08917907,-0.135038,-0.09068605,0.264,0.1541385,0.4623886,12.5,0,0.7171124,73.75,0,0,0,0,0.8300372,0.7245747,0.8729424
1.772297,42,118,-0.08917907,-0.135038,-0.09068605,0.264,0.1541385,0.4623886,12.5,0,0.7171124,73.75,0,0,0,0,0.8300372,0.7245747,0.8729424
1.774723,42,118,-0.08917907,-0.135038,-0.09068605,0.264,0.1541385,0.4623886,12.5,0,0.7171124,73.75,0,0,0,0,0.8300372,0.7245747,0.8729424
1.777641,42,118,-0.08917907,-0.135038,-0.09068605,0.264,0.1541385,0.4623886,12.5,0,0.7171124,73.75,0,0,0,0,0.8300372,0.7245747,0.8729424
1.779869,42,118,-0.08917907,-0.135038,-0.09068605,0.264,0.1541385,0.4623886,12.5,0,0.7171124,73.75,0,0,0,0,0.8300372,0.7245747,0.8729424
1.782104,42,118,-0.08917907,-0.135038,-0.09068605,0.264,0.1541385,0.4623886,12.5,0,0.7171124,73.75,0,0,0,0,0.8300372,0.7245747,0.8729424
1.785038,42,118,-0.08917907,-0.135038,-0.09068605,0.264,0.1541385,0.4623886,12.5,0,0.7171124,73.75,0,0,0,0,0.8300372,0.7245747,0.8729424
1.787308,42,118,-0.08917907,-0.135038,-0.09068605,0.264,0.1541385,0.4623886,12.5,0,0.7171124,73.75,0,0,0,0,0.8300372,0.7245747,0.8729424
1.78968,42,118,-0.08917907,-0.135038,-0.09068605,0.264,0.1541385,0.4623886,12.5,0,0.7171124,73.75,0,0,0,0,0.8300372,0.7245747,0.8729424
1.792004,42,118,-0.08917907,-0.135038,-0.09068605,0.264,0.1541385,0.4623886,12.5,0,0.7171124,73.75,0,0,0,0,0.8300372,0.7245747,0.8729424
1.794598,42,118,-0.08917907,-0.135038,-0.09068605,0.264,0.1541385,0.4623886,12.5,0,0.7171124,73.75,0,0,0,0,0.8300372,0.7245747,0.8729424
1.797333,42,118,-0.08917907,-0.135038,-0.09068605,0.264,0.1541385,0.4623886,12.5,0,0.7171124,73.75,0,0,0,0,0.8300372,0.7245747,0.8729424
1.800003,42,118,-0.08917907,-0.135038,-0.09068605,0.264,0.1541385,0.4623886,12.5,0,0.7171124,73.75,0,0,0,0,0.8300372,0.7245747,0.8729424
1.802395,42,118,-0.08917907,-0.135038,-0.09068605,0.264,0.1541385,0.4623886,12.5,0,0.7171124,73.75,0,0,0,0,0.8300372,0.7245747,0.8729424
1.805443,42,118,-0.08917907,-0.135038,-0.09068605,0.264,0.1541385,0.4623886,12.5,0,0.7171124,73.75,0,0,0,0,0.8300372,0.7245747,0.8729424
1.80809,42,118,-0.08917907,-0.135038,-0.09068605,0.264,0.1541385,0.4623886,12.5,0,0.7171124,73.75,0,0,0,0,0.8300372,0.7245747,0.8729424
1.810875,42,118,-0.08917907,-0.135038,-0.09068605,0.264,0.1541385,0.4623886,12.5,0,0.7171124,73.75,0,0,0,0,0.8300372,0.7245747,0.8729424
1.813755,42,118,-0.08917907,-0.135038,-0.09068605,0.264,0.1541385,0.4623886,12.5,0,0.7171124,73.75,0,0,0,0,0.8300372,0.7245747,0.8729424
1.81601,42,118,-0.08917907,-0.135038,-0.09068605,0.264,0.1541385,0.4623886,12.5,0,0.7171124,73.75,0,0,0,0,0.8300372,0.7245747,0.8729424
1.81879,42,118,-0.08917907,-0.135038,-0.09068605,0.264,0.1541385,0.4623886,12.5,0,0.7171124,73.75,0,0,0,0,0.8300372,0.7245747,0.8729424
1.821148,42,118,-0.08917907,-0.135038,-0.09068605,0.264,0.1541385,0.4623886,12.5,0,0.7171124,73.75,0,0,0,0,0.8300372,0.7245747,0.8729424
1.823471,42,118,-0.08917907,-0.135038,-0.09068605,0.264,0.1541385,0.4623886,12.5,0,0.7171124,73.75,0,0,0,0,0.8300372,0.7245747,0.8729424
1.825733,42,118,-0.08917907,-0.135038,-0.09068605,0.264,0.1541385,0.4623886,12.5,0,0.7171124,73.75,0,0,0,0,0.8300372,0.7245747,0.8729424
1.828743,42,118,-0.08917907,-0.135038,-0.09068605,0.264,0.1541385,0.4623886,12.5,0,0.7171124,73.75,0,0,0,0,0.8300372,0.7245747,0.8729424
1.83147,42,118,-0.08917907,-0.135038,-0.09068605,0.264,0.1541385,0.4623886,12.5,0,0.7171124,73.75,0,0,0,0,0.8300372,0.7245747,0.8729424
1.833935,42,118,-0.08917907,-0.135038,-0.09068605,0.264,0.1541385,0.4623886,12.5,0,0.7171124,73.75,0,0,0,0,0.8300372,0.7245747,0.8729424
1.836201,42,118,-0.08917907,-0.135038,-0.09068605,0.264,0.1541385,0.4623886,12.5,0,0.7171124,73.75,0,0,0,0,0.8300372,0.7245747,0.8729424
1.839008,42,118,-0.08917907,-0.135038,-0.09068605,0.264,0.1541385,0.4623886,12.5,0,0.7171124,73.75,0,0,0,0,0.8300372,0.7245747,0.8729424
1.841412,42,118,-0.08917907,-0.135038,-0.09068605,0.264,0.1541385,0.4623886,12.5,0,0.7171124,73.75,0,0,0,0,0.8300372,0.7245747,0.8729424
1.844322,42,118,-0.08917907,-0.135038,-0.09068605,0.264,0.1541385,0.4623886,12.5,0,0.7171124,73.75,0,0,0,0,0.8300372,0.7245747,0.8729424
1.846752,42,118,-0.08917907,-0.135038,-0.09068605,0.264,0.1541385,0.4623886,12.5,0,0.7171124,73.75,0,0,0,0,0.8300372,0.7245747,0.8729424
1.84903,42,118,-0.08917907,-0.135038,-0.09068605,0.264,0.1541385,0.4623886,12.5,0,0.7171124,73.75,0,0,0,0,0.8300372,0.7245747,0.8729424
1.851318,42,118,-0.08917907,-0.135038,-0.09068605,0.264,0.1541385,0.4623886,12.5,0,0.7171124,73.75,0,0,0,0,0.8300372,0.7245747,0.8729424
1.853405,42,118,-0.08917907,-0.135038,-0.09068605,0.264,0.1541385,0.4623886,12.5,0,0.7171124,73.75,0,0,0,0,0.8300372,0.7245747,0.8729424
1.855961,42,118,-0.08917907,-0.135038,-0.09068605,0.264,0.1541385,0.4623886,12.5,0,0.7171124,73.75,0,0,0,0,0.8300372,0.7245747,0.8729424
1.858738,42,118,-0.08917907,-0.135038,-0.09068605,0.264,0.1541385,0.4623886,12.5,0,0.7171124,73.75,0,0,0,0,0.8300372,0.7245747,0.8729424
1.86161,42,118,-0.08917907,-0.135038,-0.09068605,0.264,0.1541385,0.4623886,12.5,0,0.7171124,73.75,0,0,0,0,0.8300372,0.7245747,0.8729424
1.864254,42,118,-0.08917907,-0.135038,-0.09068605,0.264,0.1541385,0.4623886,12.5,0,0.7171124,73.75,0,0,0,0,0.8300372,0.7245747,0.8729424
1.86644,42,118,-0.08917907,-0.135038,-0.09068605,0.264,0.1541385,0.4623886,12.5,0,0.7171124,73.75,0,0,0,0,0.8300372,0.7245747,0.8729424
1.868675,42,118,-0.08917907,-0.135038,-0.09068605,0.264,0.1541385,0.4623886,12.5,0,0.7171124,73.75,0,0,0,0,0.8300372,0.7245747,0.8729424
1.870926,42,118,-0.08917907,-0.135038,-0.09068605,0.264,0.1541385,0.4623886,12.5,0,0.7171124,73.75,0,0,0,0,0.8300372,0.7245747,0.8729424
1.873131,42,118,-0.08917907,-0.135038,-0.09068605,0.264,0.1541385,0.4623886,12.5,0,0.7171124,73.75,0,0,0,0,0.8300372,0.7245747,0.8729424
1.875336,42,118,-0.08917907,-0.135038,-0.09068605,0.264,0.1541385,0.4623886,12.5,0,0.7171124,73.75,0,0,0,0,0.8300372,0.7245747,0.8729424
1.878448,42,118,-0.08917907,-0.135038,-0.09068605,0.264,0.1541385,0.4623886,12.5,0,0.7171124,73.75,0,0,0,0,0.8300372,0.7245747,0.8729424
1.880711,42,118,-0.08917907,-0.135038,-0.09068605,0.264,0.1541385,0.4623886,12.5,0,0.7171124,73.75,0,0,0,0,0.8300372,0.7245747,0.8729424
1.882774,42,118,-0.08917907,-0.135038,-0.09068605,0.264,0.1541385,0.4623886,12.5,0,0.7171124,73.75,0,0,0,0,0.8300372,0.7245747,0.8729424
1.885082,42,118,-0.08917907,-0.135038,-0.09068605,0.264,0.1541385,0.4623886,12.5,0,0.7171124,73.75,0,0,0,0,0.8300372,0.7245747,0.8729424
1.887272,42,118,-0.08917907,-0.135038,-0.09068605,0.264,0.1541385,0.4623886,12.5,0,0.7171124,73.75,0,0,0,0,0.8300372,0.7245747,0.8729424
1.889309,42,118,-0.08917907,-0.135038,-0.09068605,0.264,0.1541385,0.4623886,12.5,0,0.7171124,73.75,0,0,0,0,0.8300372,0.7245747,0.8729424
1.891335,42,118,-0.08917907,-0.135038,-0.09068605,0.264,0.1541385,0.4623886,12.5,0,0.7171124,73.75,0,0,0,0,0.8300372,0.7245747,0.8729424
1.894089,42,118,-0.08917907,-0.135038,-0.09068605,0.264,0.1541385,0.4623886,12.5,0,0.7171124,73.75,0,0,0,0,0.8300372,0.7245747,0.8729424
1.897221,42,118,-0.08917907,-0.135038,-0.09068605,0.264,0.1541385,0.4623886,12.5,0,0.7171124,73.75,0,0,0,0,0.8300372,0.7245747,0.8729424
1.899506,42,118,-0.08917907,-0.135038,-0.09068605,0.264,0.1541385,0.4623886,12.5,0,0.7171124,73.75,0,0,0,0,0.8300372,0.7245747,0.8729424
1.901653,42,118,-0.08917907,-0.135038,-0.09068605,0.264,0.1541385,0.4623886,12.5,0,0.7171124,73.75,0,0,0,0,0.8300372,0.7245747,0.8729424
1.904018,42,118,-0.08917907,-0.135038,-0.09068605,0.264,0.1541385,0.4623886,12.5,0,0.7171124,73.75,0,0,0,0,0.8300372,0.7245747,0.8729424
1.906242,42,118,-0.08917907,-0.135038,-0.09068605,0.264,0.1541385,0.4623886,12.5,0,0.7171124,73.75,0,0,0,0,0.8300372,0.7245747,0.8729424
1.908436,42,118,-0.08917907,-0.135038,-0.09068605,0.264,0.1541385,0.4623886,12.5,0,0.7171124,73.75,0,0,0,0,0.8300372,0.7245747,0.8729424
1.912132,42,118,-0.08917907,-0.135038,-0.09068605,0.264,0.1541385,0.4623886,12.5,0,0.7171124,73.75,0,0,0,0,0.8300372,0.7245747,0.8729424
1.915016,42,118,-0.08917907,-0.135038,-0.09068605,0.264,0.1541385,0.4623886,12.5,0,0.7171124,73.75,0,0,0,0,0.8300372,0.7245747,0.8729424
1.918762,42,118,-0.08917907,-0.135038,-0.09068605,0.264,0.1541385,0.4623886,12.5,0,0.7171124,73.75,0,0,0,0,0.8300372,0.7245747,0.8729424
1.922058,42,118,-0.08917907,-0.135038,-0.09068605,0.264,0.1541385,0.4623886,12.5,0,0.7171124,73.75,0,0,0,0,0.8300372,0.7245747,0.8729424
1.924725,42,118,-0.08917907,-0.135038,-0.09068605,0.264,0.1541385,0.4623886,12.5,0,0.7171124,73.75,0,0,0,0,0.8300372,0.7245747,0.8729424
1.927841,42,118,-0.08917907,-0.135038,-0.09068605,0.264,0.1541385,0.4623886,12.5,0,0.7171124,73.75,0,0,0,0,0.8300372,0.7245747,0.8729424
1.930737,42,118,-0.08917907,-0.135038,-0.09068605,0.264,0.1541385,0.4623886,12.5,0,0.7171124,73.75,0,0,0,0,0.8300372,0.7245747,0.8729424
1.933033,42,118,-0.08917907,-0.135038,-0.09068605,0.264,0.1541385,0.4623886,12.5,0,0.7171124,73.75,0,0,0,0,0.8300372,0.7245747,0.8729424
1.935612,42,118,-0.08917907,-0.135038,-0.09068605,0.264,0.1541385,0.4623886,12.5,0,0.7171124,73.75,0,0,0,0,0.8300372,0.7245747,0.8729424
1.938206,42,118,-0.08917907,-0.135038,-0.09068605,0.264,0.1541385,0.4623886,12.5,0,0.7171124,73.75,0,0,0,0,0.8300372,0.7245747,0.8729424
1.942326,42,118,-0.08917907,-0.135038,-0.09068605,0.264,0.1541385,0.4623886,12.5,0,0.7171124,73.75,0,0,0,0,0.8300372,0.7245747,0.8729424
1.945484,42,118,-0.08917907,-0.135038,-0.09068605,0.264,0.1541385,0.4623886,12.5,0,0.7171124,73.75,0,0,0,0,0.8300372,0.7245747,0.8729424
1.947826,42,118,-0.08917907,-0.135038,-0.09068605,0.264,0.1541385,0.4623886,12.5,0,0.7171124,73.75,0,0,0,0,0.8300372,0.7245747,0.8729424
1.95118,42,118,-0.08917907,-0.135038,-0.09068605,0.264,0.1541385,0.4623886,12.5,0,0.7171124,73.75,0,0,0,0,0.8300372,0.7245747,0.8729424
1.957165,42,118,-0.08917907,-0.135038,-0.09068605,0.264,0.1541385,0.4623886,12.5,0,0.7171124,73.75,0,0,0,0,0.8300372,0.7245747,0.8729424
1.959908,42,118,-0.08917907,-0.135038,-0.09068605,0.264,0.1541385,0.4623886,12.5,0,0.7171124,73.75,0,0,0,0,0.8300372,0.7245747,0.8729424
1.962864,42,118,-0.08917907,-0.135038,-0.09068605,0.264,0.1541385,0.4623886,12.5,0,0.7171124,73.75,0,0,0,0,0.8300372,0.7245747,0.8729424
1.966743,42,118,-0.08917907,-0.135038,-0.09068605,0.264,0.1541385,0.4623886,12.5,0,0.7171124,73.75,0,0,0,0,0.8300372,0.7245747,0.8729424
1.969135,42,118,-0.08917907,-0.135038,-0.09068605,0.264,0.1541385,0.4623886,12.5,0,0.7171124,73.75,0,0,0,0,0.8300372,0.7245747,0.8729424
1.9715,42,118,-0.08917907,-0.135038,-0.09068605,0.264,0.1541385,0.4623886,12.5,0,0.7171124,73.75,0,0,0,0,0.8300372,0.7245747,0.8729424
1.974476,42,118,-0.08917907,-0.135038,-0.09068605,0.264,0.1541385,0.4623886,12.5,0,0.7171124,73.75,0,0,0,0,0.8300372,0.7245747,0.8729424
1.978367,42,118,-0.08917907,-0.135038,-0.09068605,0.264,0.1541385,0.4623886,12.5,0,0.7171124,73.75,0,0,0,0,0.8300372,0.7245747,0.8729424
1.982121,42,118,-0.08917907,-0.135038,-0.09068605,0.264,0.1541385,0.4623886,12.5,0,0.7171124,73.75,0,0,0,0,0.8300372,0.7245747,0.8729424
1.984653,42,118,-0.08917907,-0.135038,-0.09068605,0.264,0.1541385,0.4623886,12.5,0,0.7171124,73.75,0,0,0,0,0.8300372,0.7245747,0.8729424
1.987495,42,118,-0.08917907,-0.135038,-0.09068605,0.264,0.1541385,0.4623886,12.5,0,0.7171124,73.75,0,0,0,0,0.8300372,0.7245747,0.8729424
1.990646,42,118,-0.08917907,-0.135038,-0.09068605,0.264,0.1541385,0.4623886,12.5,0,0.7171124,73.75,0,0,0,0,0.8300372,0.7245747,0.8729424
1.99342,42,118,-0.08917907,-0.135038,-0.09068605,0.264,0.1541385,0.4623886,12.5,0,0.7171124,73.75,0,0,0,0,0.8300372,0.7245747,0.8729424
1.996002,42,118,-0.08917907,-0.135038,-0.09068605,0.264,0.1541385,0.4623886,12.5,0,0.7171124,73.75,0,0,0,0,0.8300372,0.7245747,0.8729424
1.998619,42,118,-0.08917907,-0.135038,-0.09068605,0.264,0.1541385,0.4623886,12.5,0,0.7171124,73.75,0,0,0,0,0.8300372,0.7245747,0.8729424
2.000858,42,118,-0.08917907,-0.135038,-0.09068605,0.264,0.1541385,0.4623886,12.5,0,0.7171124,73.75,0,0,0,0,0.8300372,0.7245747,0.8729424
2.00312,42,118,-0.08917907,-0.135038,-0.09068605,0.264,0.1541385,0.4623886,12.5,0,0.7171124,73.75,0,0,0,0,0.8300372,0.7245747,0.8729424
2.006111,42,118,-0.08917907,-0.135038,-0.09068605,0.264,0.1541385,0.4623886,12.5,0,0.7171124,73.75,0,0,0,0,0.8300372,0.7245747,0.8729424
2.008419,42,118,-0.08917907,-0.135038,-0.09068605,0.264,0.1541385,0.4623886,12.5,0,0.7171124,73.75,0,0,0,0,0.8300372,0.7245747,0.8729424
2.011078,42,118,-0.08917907,-0.135038,-0.09068605,0.264,0.1541385,0.4623886,12.5,0,0.7171124,73.75,0,0,0,0,0.8300372,0.7245747,0.8729424
2.0135,42,118,-0.08917907,-0.135038,-0.09068605,0.264,0.1541385,0.4623886,12.5,0,0.7171124,73.75,0,0,0,0,0.8300372,0.7245747,0.8729424
2.015694,42,118,-0.08917907,-0.135038,-0.09068605,0.264,0.1541385,0.4623886,12.5,0,0.7171124,73.75,0,0,0,0,0.8300372,0.7245747,0.8729424
2.018253,42,118,-0.08917907,-0.135038,-0.09068605,0.264,0.1541385,0.4623886,12.5,0,0.7171124,73.75,0,0,0,0,0.8300372,0.7245747,0.8729424
2.020683,42,118,-0.08917907,-0.135038,-0.09068605,0.264,0.1541385,0.4623886,12.5,0,0.7171124,73.75,0,0,0,0,0.8300372,0.7245747,0.8729424
2.022964,42,118,-0.08917907,-0.135038,-0.09068605,0.264,0.1541385,0.4623886,12.5,0,0.7171124,73.75,0,0,0,0,0.8300372,0.7245747,0.8729424
2.025192,42,118,-0.08917907,-0.135038,-0.09068605,0.264,0.1541385,0.4623886,12.5,0,0.7171124,73.75,0,0,0,0,0.8300372,0.7245747,0.8729424
2.027809,42,118,-0.08917907,-0.135038,-0.09068605,0.264,0.1541385,0.4623886,12.5,0,0.7171124,73.75,0,0,0,0,0.8300372,0.7245747,0.8729424
2.030155,42,118,-0.08917907,-0.135038,-0.09068605,0.264,0.1541385,0.4623886,12.5,0,0.7171124,73.75,0,0,0,0,0.8300372,0.7245747,0.8729424
2.032276,42,118,-0.08917907,-0.135038,-0.09068605,0.264,0.1541385,0.4623886,12.5,0,0.7171124,73.75,0,0,0,0,0.8300372,0.7245747,0.8729424
2.03442,42,118,-0.08917907,-0.135038,-0.09068605,0.264,0.1541385,0.4623886,12.5,0,0.7171124,73.75,0,0,0,0,0.8300372,0.7245747,0.8729424
2.037415,42,118,-0.08917907,-0.135038,-0.09068605,0.264,0.1541385,0.4623886,12.5,0,0.7171124,73.75,0,0,0,0,0.8300372,0.7245747,0.8729424
2.040501,42,118,-0.08917907,-0.135038,-0.09068605,0.264,0.1541385,0.4623886,12.5,0,0.7171124,73.75,0,0,0,0,0.8300372,0.7245747,0.8729424
2.043198,42,118,-0.08917907,-0.135038,-0.09068605,0.264,0.1541385,0.4623886,12.5,0,0.7171124,73.75,0,0,0,0,0.8300372,0.7245747,0.8729424
2.045998,42,118,-0.08917907,-0.135038,-0.09068605,0.264,0.1541385,0.4623886,12.5,0,0.7171124,73.75,0,0,0,0,0.8300372,0.7245747,0.8729424
2.048275,42,118,-0.08917907,-0.135038,-0.09068605,0.264,0.1541385,0.4623886,12.5,0,0.7171124,73.75,0,0,0,0,0.8300372,0.7245747,0.8729424
2.050671,42,118,-0.08917907,-0.135038,-0.09068605,0.264,0.1541385,0.4623886,12.5,0,0.7171124,73.75,0,0,0,0,0.8300372,0.7245747,0.8729424
2.053791,42,118,-0.08917907,-0.135038,-0.09068605,0.264,0.1541385,0.4623886,12.5,0,0.7171124,73.75,0,0,0,0,0.8300372,0.7245747,0.8729424
2.056038,42,118,-0.08917907,-0.135038,-0.09068605,0.264,0.1541385,0.4623886,12.5,0,0.7171124,73.75,0,0,0,0,0.8300372,0.7245747,0.8729424
2.058815,42,118,-0.08917907,-0.135038,-0.09068605,0.264,0.1541385,0.4623886,12.5,0,0.7171124,73.75,0,0,0,0,0.8300372,0.7245747,0.8729424
2.061546,42,118,-0.08917907,-0.135038,-0.09068605,0.264,0.1541385,0.4623886,12.5,0,0.7171124,73.75,0,0,0,0,0.8300372,0.7245747,0.8729424
2.064007,42,118,-0.08917907,-0.135038,-0.09068605,0.264,0.1541385,0.4623886,12.5,0,0.7171124,73.75,0,0,0,0,0.8300372,0.7245747,0.8729424
2.066559,42,118,-0.08917907,-0.135038,-0.09068605,0.264,0.1541385,0.4623886,12.5,0,0.7171124,73.75,0,0,0,0,0.8300372,0.7245747,0.8729424
2.06879,42,118,-0.08917907,-0.135038,-0.09068605,0.264,0.1541385,0.4623886,12.5,0,0.7171124,73.75,0,0,0,0,0.8300372,0.7245747,0.8729424
2.071041,42,118,-0.08917907,-0.135038,-0.09068605,0.264,0.1541385,0.4623886,12.5,0,0.7171124,73.75,0,0,0,0,0.8300372,0.7245747,0.8729424
2.073322,42,118,-0.08917907,-0.135038,-0.09068605,0.264,0.1541385,0.4623886,12.5,0,0.7171124,73.75,0,0,0,0,0.8300372,0.7245747,0.8729424
2.075623,42,118,-0.08917907,-0.135038,-0.09068605,0.264,0.1541385,0.4623886,12.5,0,0.7171124,73.75,0,0,0,0,0.8300372,0.7245747,0.8729424
2.080212,42,118,-0.08917907,-0.135038,-0.09068605,0.264,0.1541385,0.4623886,12.5,0,0.7171124,73.75,0,0,0,0,0.8300372,0.7245747,0.8729424
2.082809,42,118,-0.08917907,-0.135038,-0.09068605,0.264,0.1541385,0.4623886,12.5,0,0.7171124,73.75,0,0,0,0,0.8300372,0.7245747,0.8729424
2.085171,42,118,-0.08917907,-0.135038,-0.09068605,0.264,0.1541385,0.4623886,12.5,0,0.7171124,73.75,0,0,0,0,0.8300372,0.7245747,0.8729424
2.087585,42,118,-0.08917907,-0.135038,-0.09068605,0.264,0.1541385,0.4623886,12.5,0,0.7171124,73.75,0,0,0,0,0.8300372,0.7245747,0.8729424
2.08989,42,118,-0.08917907,-0.135038,-0.09068605,0.264,0.1541385,0.4623886,12.5,0,0.7171124,73.75,0,0,0,0,0.8300372,0.7245747,0.8729424
2.092205,42,118,-0.08917907,-0.135038,-0.09068605,0.264,0.1541385,0.4623886,12.5,0,0.7171124,73.75,0,0,0,0,0.8300372,0.7245747,0.8729424
2.094971,42,118,-0.08917907,-0.135038,-0.09068605,0.264,0.1541385,0.4623886,12.5,0,0.7171124,73.75,0,0,0,0,0.8300372,0.7245747,0.8729424
2.097893,42,118,-0.08917907,-0.135038,-0.09068605,0.264,0.1541385,0.4623886,12.5,0,0.7171124,73.75,0,0,0,0,0.8300372,0.7245747,0.8729424
2.100048,42,118,-0.08917907,-0.135038,-0.09068605,0.264,0.1541385,0.4623886,12.5,0,0.7171124,73.75,0,0,0,0,0.8300372,0.7245747,0.8729424
2.102371,42,118,-0.08917907,-0.135038,-0.09068605,0.264,0.1541385,0.4623886,12.5,0,0.7171124,73.75,0,0,0,0,0.8300372,0.7245747,0.8729424
2.10619,42,118,-0.08917907,-0.135038,-0.09068605,0.264,0.1541385,0.4623886,12.5,0,0.7171124,73.75,0,0,0,0,0.8300372,0.7245747,0.8729424
2.10881,42,118,-0.08917907,-0.135038,-0.09068605,0.264,0.1541385,0.4623886,12.5,0,0.7171124,73.75,0,0,0,0,0.8300372,0.7245747,0.8729424
2.1124,42,118,-0.08917907,-0.135038,-0.09068605,0.264,0.1541385,0.4623886,12.5,0,0.7171124,73.75,0,0,0,0,0.8300372,0.7245747,0.8729424
2.115353,42,118,-0.08917907,-0.135038,-0.09068605,0.264,0.1541385,0.4623886,12.5,0,0.7171124,73.75,0,0,0,0,0.8300372,0.7245747,0.8729424
2.120319,42,118,-0.08917907,-0.135038,-0.09068605,0.264,0.1541385,0.4623886,12.5,0,0.7171124,73.75,0,0,0,0,0.8300372,0.7245747,0.8729424
2.127735,42,118,-0.08917907,-0.135038,-0.09068605,0.264,0.1541385,0.4623886,12.5,0,0.7171124,73.75,0,0,0,0,0.8300372,0.7245747,0.8729424
2.131676,42,118,-0.08917907,-0.135038,-0.09068605,0.264,0.1541385,0.4623886,12.5,0,0.7171124,73.75,0,0,0,0,0.8300372,0.7245747,0.8729424
2.134632,42,118,-0.08917907,-0.135038,-0.09068605,0.264,0.1541385,0.4623886,12.5,0,0.7171124,73.75,0,0,0,0,0.8300372,0.7245747,0.8729424
2.13776,42,118,-0.08917907,-0.135038,-0.09068605,0.264,0.1541385,0.4623886,12.5,0,0.7171124,73.75,0,0,0,0,0.8300372,0.7245747,0.8729424
2.140636,42,118,-0.08917907,-0.135038,-0.09068605,0.264,0.1541385,0.4623886,12.5,0,0.7171124,73.75,0,0,0,0,0.8300372,0.7245747,0.8729424
2.144588,42,118,-0.08917907,-0.135038,-0.09068605,0.264,0.1541385,0.4623886,12.5,0,0.7171124,73.75,0,0,0,0,0.8300372,0.7245747,0.8729424
2.148029,42,118,-0.08917907,-0.135038,-0.09068605,0.264,0.1541385,0.4623886,12.5,0,0.7171124,73.75,0,0,0,0,0.8300372,0.7245747,0.8729424
2.151554,42,118,-0.08917907,-0.135038,-0.09068605,0.264,0.1541385,0.4623886,12.5,0,0.7171124,73.75,0,0,0,0,0.8300372,0.7245747,0.8729424
2.154564,42,118,-0.08917907,-0.135038,-0.09068605,0.264,0.1541385,0.4623886,12.5,0,0.7171124,73.75,0,0,0,0,0.8300372,0.7245747,0.8729424
2.157471,42,118,-0.08917907,-0.135038,-0.09068605,0.264,0.1541385,0.4623886,12.5,0,0.7171124,73.75,0,0,0,0,0.8300372,0.7245747,0.8729424
2.161022,42,118,-0.08917907,-0.135038,-0.09068605,0.264,0.1541385,0.4623886,12.5,0,0.7171124,73.75,0,0,0,0,0.8300372,0.7245747,0.8729424
2.163807,42,118,-0.08917907,-0.135038,-0.09068605,0.264,0.1541385,0.4623886,12.5,0,0.7171124,73.75,0,0,0,0,0.8300372,0.7245747,0.8729424
2.166748,42,118,-0.08917907,-0.135038,-0.09068605,0.264,0.1541385,0.4623886,12.5,0,0.7171124,73.75,0,0,0,0,0.8300372,0.7245747,0.8729424
2.16927,42,118,-0.08917907,-0.135038,-0.09068605,0.264,0.1541385,0.4623886,12.5,0,0.7171124,73.75,0,0,0,0,0.8300372,0.7245747,0.8729424
2.171837,42,118,-0.08917907,-0.135038,-0.09068605,0.264,0.1541385,0.4623886,12.5,0,0.7171124,73.75,0,0,0,0,0.8300372,0.7245747,0.8729424
2.175522,42,118,-0.08917907,-0.135038,-0.09068605,0.264,0.1541385,0.4623886,12.5,0,0.7171124,73.75,0,0,0,0,0.8300372,0.7245747,0.8729424
2.180061,42,118,-0.08917907,-0.135038,-0.09068605,0.264,0.1541385,0.4623886,12.5,0,0.7171124,73.75,0,0,0,0,0.8300372,0.7245747,0.8729424
2.183025,42,118,-0.08917907,-0.135038,-0.09068605,0.264,0.1541385,0.4623886,12.5,0,0.7171124,73.75,0,0,0,0,0.8300372,0.7245747,0.8729424
2.186432,42,118,-0.08917907,-0.135038,-0.09068605,0.264,0.1541385,0.4623886,12.5,0,0.7171124,73.75,0,0,0,0,0.8300372,0.7245747,0.8729424
2.190243,42,118,-0.08917907,-0.135038,-0.09068605,0.264,0.1541385,0.4623886,12.5,0,0.7171124,73.75,0,0,0,0,0.8300372,0.7245747,0.8729424
2.193897,42,118,-0.08917907,-0.135038,-0.09068605,0.264,0.1541385,0.4623886,12.5,0,0.7171124,73.75,0,0,0,0,0.8300372,0.7245747,0.8729424
2.196964,42,118,-0.08917907,-0.135038,-0.09068605,0.264,0.1541385,0.4623886,12.5,0,0.7171124,73.75,0,0,0,0,0.8300372,0.7245747,0.8729424
2.200336,42,118,-0.08917907,-0.135038,-0.09068605,0.264,0.1541385,0.4623886,12.5,0,0.7171124,73.75,0,0,0,0,0.8300372,0.7245747,0.8729424
2.202919,42,118,-0.08917907,-0.135038,-0.09068605,0.264,0.1541385,0.4623886,12.5,0,0.7171124,73.75,0,0,0,0,0.8300372,0.7245747,0.8729424
2.205994,42,118,-0.08917907,-0.135038,-0.09068605,0.264,0.1541385,0.4623886,12.5,0,0.7171124,73.75,0,0,0,0,0.8300372,0.7245747,0.8729424
2.210747,42,118,-0.08917907,-0.135038,-0.09068605,0.264,0.1541385,0.4623886,12.5,0,0.7171124,73.75,0,0,0,0,0.8300372,0.7245747,0.8729424
2.214424,42,118,-0.08917907,-0.135038,-0.09068605,0.264,0.1541385,0.4623886,12.5,0,0.7171124,73.75,0,0,0,0,0.8300372,0.7245747,0.8729424
2.221218,42,118,-0.08917907,-0.135038,-0.09068605,0.264,0.1541385,0.4623886,12.5,0,0.7171124,73.75,0,0,0,0,0.8300372,0.7245747,0.8729424
2.225742,42,118,-0.08917907,-0.135038,-0.09068605,0.264,0.1541385,0.4623886,12.5,0,0.7171124,73.75,0,0,0,0,0.8300372,0.7245747,0.8729424
2.229244,42,118,-0.08917907,-0.135038,-0.09068605,0.264,0.1541385,0.4623886,12.5,0,0.7171124,73.75,0,0,0,0,0.8300372,0.7245747,0.8729424
2.232536,42,118,-0.08917907,-0.135038,-0.09068605,0.264,0.1541385,0.4623886,12.5,0,0.7171124,73.75,0,0,0,0,0.8300372,0.7245747,0.8729424
2.235481,42,118,-0.08917907,-0.135038,-0.09068605,0.264,0.1541385,0.4623886,12.5,0,0.7171124,73.75,0,0,0,0,0.8300372,0.7245747,0.8729424
2.238548,42,118,-0.08917907,-0.135038,-0.09068605,0.264,0.1541385,0.4623886,12.5,0,0.7171124,73.75,0,0,0,0,0.8300372,0.7245747,0.8729424
2.240784,42,118,-0.08917907,-0.135038,-0.09068605,0.264,0.1541385,0.4623886,12.5,0,0.7171124,73.75,0,0,0,0,0.8300372,0.7245747,0.8729424
2.243332,42,118,-0.08917907,-0.135038,-0.09068605,0.264,0.1541385,0.4623886,12.5,0,0.7171124,73.75,0,0,0,0,0.8300372,0.7245747,0.8729424
2.246056,42,118,-0.08917907,-0.135038,-0.09068605,0.264,0.1541385,0.4623886,12.5,0,0.7171124,73.75,0,0,0,0,0.8300372,0.7245747,0.8729424
2.248684,42,118,-0.08917907,-0.135038,-0.09068605,0.264,0.1541385,0.4623886,12.5,0,0.7171124,73.75,0,0,0,0,0.8300372,0.7245747,0.8729424
2.25222,42,118,-0.08917907,-0.135038,-0.09068605,0.264,0.1541385,0.4623886,12.5,0,0.7171124,73.75,0,0,0,0,0.8300372,0.7245747,0.8729424
2.25489,42,118,-0.08917907,-0.135038,-0.09068605,0.264,0.1541385,0.4623886,12.5,0,0.7171124,73.75,0,0,0,0,0.8300372,0.7245747,0.8729424
2.259636,42,118,-0.08917907,-0.135038,-0.09068605,0.264,0.1541385,0.4623886,12.5,0,0.7171124,73.75,0,0,0,0,0.8300372,0.7245747,0.8729424
2.264397,42,118,-0.08917907,-0.135038,-0.09068605,0.264,0.1541385,0.4623886,12.5,0,0.7171124,73.75,0,0,0,0,0.8300372,0.7245747,0.8729424
2.26709,42,118,-0.08917907,-0.135038,-0.09068605,0.264,0.1541385,0.4623886,12.5,0,0.7171124,73.75,0,0,0,0,0.8300372,0.7245747,0.8729424
2.270348,42,118,-0.08917907,-0.135038,-0.09068605,0.264,0.1541385,0.4623886,12.5,0,0.7171124,73.75,0,0,0,0,0.8300372,0.7245747,0.8729424
2.273262,42,118,-0.08917907,-0.135038,-0.09068605,0.264,0.1541385,0.4623886,12.5,0,0.7171124,73.75,0,0,0,0,0.8300372,0.7245747,0.8729424
2.277515,42,118,-0.08917907,-0.135038,-0.09068605,0.264,0.1541385,0.4623886,12.5,0,0.7171124,73.75,0,0,0,0,0.8300372,0.7245747,0.8729424
2.280216,42,118,-0.08917907,-0.135038,-0.09068605,0.264,0.1541385,0.4623886,12.5,0,0.7171124,73.75,0,0,0,0,0.8300372,0.7245747,0.8729424
2.282722,42,118,-0.08917907,-0.135038,-0.09068605,0.264,0.1541385,0.4623886,12.5,0,0.7171124,73.75,0,0,0,0,0.8300372,0.7245747,0.8729424
2.286163,42,118,-0.08917907,-0.135038,-0.09068605,0.264,0.1541385,0.4623886,12.5,0,0.7171124,73.75,0,0,0,0,0.8300372,0.7245747,0.8729424
2.288963,42,118,-0.08917907,-0.135038,-0.09068605,0.264,0.1541385,0.4623886,12.5,0,0.7171124,73.75,0,0,0,0,0.8300372,0.7245747,0.8729424
2.291958,42,118,-0.08917907,-0.135038,-0.09068605,0.264,0.1541385,0.4623886,12.5,0,0.7171124,73.75,0,0,0,0,0.8300372,0.7245747,0.8729424
2.294708,42,118,-0.08917907,-0.135038,-0.09068605,0.264,0.1541385,0.4623886,12.5,0,0.7171124,73.75,0,0,0,0,0.8300372,0.7245747,0.8729424
2.297424,42,118,-0.08917907,-0.135038,-0.09068605,0.264,0.1541385,0.4623886,12.5,0,0.7171124,73.75,0,0,0,0,0.8300372,0.7245747,0.8729424
2.300941,42,118,-0.08917907,-0.135038,-0.09068605,0.264,0.1541385,0.4623886,12.5,0,0.7171124,73.75,0,0,0,0,0.8300372,0.7245747,0.8729424
2.304142,42,118,-0.08917907,-0.135038,-0.09068605,0.264,0.1541385,0.4623886,12.5,0,0.7171124,73.75,0,0,0,0,0.8300372,0.7245747,0.8729424
2.30682,42,118,-0.08917907,-0.135038,-0.09068605,0.264,0.1541385,0.4623886,12.5,0,0.7171124,73.75,0,0,0,0,0.8300372,0.7245747,0.8729424
2.309818,42,118,-0.08917907,-0.135038,-0.09068605,0.264,0.1541385,0.4623886,12.5,0,0.7171124,73.75,0,0,0,0,0.8300372,0.7245747,0.8729424
2.313011,42,118,-0.08917907,-0.135038,-0.09068605,0.264,0.1541385,0.4623886,12.5,0,0.7171124,73.75,0,0,0,0,0.8300372,0.7245747,0.8729424
2.316288,42,118,-0.08917907,-0.135038,-0.09068605,0.264,0.1541385,0.4623886,12.5,0,0.7171124,73.75,0,0,0,0,0.8300372,0.7245747,0.8729424
2.320778,42,118,-0.08917907,-0.135038,-0.09068605,0.264,0.1541385,0.4623886,12.5,0,0.7171124,73.75,0,0,0,0,0.8300372,0.7245747,0.8729424
2.323696,42,118,-0.08917907,-0.135038,-0.09068605,0.264,0.1541385,0.4623886,12.5,0,0.7171124,73.75,0,0,0,0,0.8300372,0.7245747,0.8729424
2.326893,42,118,-0.08917907,-0.135038,-0.09068605,0.264,0.1541385,0.4623886,12.5,0,0.7171124,73.75,0,0,0,0,0.8300372,0.7245747,0.8729424
2.33036,42,118,-0.08917907,-0.135038,-0.09068605,0.264,0.1541385,0.4623886,12.5,0,0.7171124,73.75,0,0,0,0,0.8300372,0.7245747,0.8729424
2.333393,42,118,-0.08917907,-0.135038,-0.09068605,0.264,0.1541385,0.4623886,12.5,0,0.7171124,73.75,0,0,0,0,0.8300372,0.7245747,0.8729424
2.336407,42,118,-0.08917907,-0.135038,-0.09068605,0.264,0.1541385,0.4623886,12.5,0,0.7171124,73.75,0,0,0,0,0.8300372,0.7245747,0.8729424
2.340172,42,118,-0.08917907,-0.135038,-0.09068605,0.264,0.1541385,0.4623886,12.5,0,0.7171124,73.75,0,0,0,0,0.8300372,0.7245747,0.8729424
2.343246,42,118,-0.08917907,-0.135038,-0.09068605,0.264,0.1541385,0.4623886,12.5,0,0.7171124,73.75,0,0,0,0,0.8300372,0.7245747,0.8729424
2.347153,42,118,-0.08917907,-0.135038,-0.09068605,0.264,0.1541385,0.4623886,12.5,0,0.7171124,73.75,0,0,0,0,0.8300372,0.7245747,0.8729424
2.349892,42,118,-0.08917907,-0.135038,-0.09068605,0.264,0.1541385,0.4623886,12.5,0,0.7171124,73.75,0,0,0,0,0.8300372,0.7245747,0.8729424
2.352257,42,118,-0.08917907,-0.135038,-0.09068605,0.264,0.1541385,0.4623886,12.5,0,0.7171124,73.75,0,0,0,0,0.8300372,0.7245747,0.8729424
2.354897,42,118,-0.08917907,-0.135038,-0.09068605,0.264,0.1541385,0.4623886,12.5,0,0.7171124,73.75,0,0,0,0,0.8300372,0.7245747,0.8729424
2.358292,42,118,-0.08917907,-0.135038,-0.09068605,0.264,0.1541385,0.4623886,12.5,0,0.7171124,73.75,0,0,0,0,0.8300372,0.7245747,0.8729424
2.361092,42,118,-0.08917907,-0.135038,-0.09068605,0.264,0.1541385,0.4623886,12.5,0,0.7171124,73.75,0,0,0,0,0.8300372,0.7245747,0.8729424
2.364124,42,118,-0.08917907,-0.135038,-0.09068605,0.264,0.1541385,0.4623886,12.5,0,0.7171124,73.75,0,0,0,0,0.8300372,0.7245747,0.8729424
2.366737,42,118,-0.08917907,-0.135038,-0.09068605,0.264,0.1541385,0.4623886,12.5,0,0.7171124,73.75,0,0,0,0,0.8300372,0.7245747,0.8729424
2.369057,42,118,-0.08917907,-0.135038,-0.09068605,0.264,0.1541385,0.4623886,12.5,0,0.7171124,73.75,0,0,0,0,0.8300372,0.7245747,0.8729424
2.371452,42,118,-0.08917907,-0.135038,-0.09068605,0.264,0.1541385,0.4623886,12.5,0,0.7171124,73.75,0,0,0,0,0.8300372,0.7245747,0.8729424
2.373726,42,118,-0.08917907,-0.135038,-0.09068605,0.264,0.1541385,0.4623886,12.5,0,0.7171124,73.75,0,0,0,0,0.8300372,0.7245747,0.8729424
2.375992,42,118,-0.08917907,-0.135038,-0.09068605,0.264,0.1541385,0.4623886,12.5,0,0.7171124,73.75,0,0,0,0,0.8300372,0.7245747,0.8729424
2.379604,42,118,-0.08917907,-0.135038,-0.09068605,0.264,0.1541385,0.4623886,12.5,0,0.7171124,73.75,0,0,0,0,0.8300372,0.7245747,0.8729424
2.382397,42,118,-0.08917907,-0.135038,-0.09068605,0.264,0.1541385,0.4623886,12.5,0,0.7171124,73.75,0,0,0,0,0.8300372,0.7245747,0.8729424
2.384876,42,118,-0.08917907,-0.135038,-0.09068605,0.264,0.1541385,0.4623886,12.5,0,0.7171124,73.75,0,0,0,0,0.8300372,0.7245747,0.8729424
2.387497,42,118,-0.08917907,-0.135038,-0.09068605,0.264,0.1541385,0.4623886,12.5,0,0.7171124,73.75,0,0,0,0,0.8300372,0.7245747,0.8729424
2.390366,42,118,-0.08917907,-0.135038,-0.09068605,0.264,0.1541385,0.4623886,12.5,0,0.7171124,73.75,0,0,0,0,0.8300372,0.7245747,0.8729424
2.392704,42,118,-0.08917907,-0.135038,-0.09068605,0.264,0.1541385,0.4623886,12.5,0,0.7171124,73.75,0,0,0,0,0.8300372,0.7245747,0.8729424
2.395912,42,118,-0.08917907,-0.135038,-0.09068605,0.264,0.1541385,0.4623886,12.5,0,0.7171124,73.75,0,0,0,0,0.8300372,0.7245747,0.8729424
2.398643,42,118,-0.08917907,-0.135038,-0.09068605,0.264,0.1541385,0.4623886,12.5,0,0.7171124,73.75,0,0,0,0,0.8300372,0.7245747,0.8729424
2.401314,42,118,-0.08917907,-0.135038,-0.09068605,0.264,0.1541385,0.4623886,12.5,0,0.7171124,73.75,0,0,0,0,0.8300372,0.7245747,0.8729424
2.40379,42,118,-0.08917907,-0.135038,-0.09068605,0.264,0.1541385,0.4623886,12.5,0,0.7171124,73.75,0,0,0,0,0.8300372,0.7245747,0.8729424
2.406216,42,118,-0.08917907,-0.135038,-0.09068605,0.264,0.1541385,0.4623886,12.5,0,0.7171124,73.75,0,0,0,0,0.8300372,0.7245747,0.8729424
2.408646,42,118,-0.08917907,-0.135038,-0.09068605,0.264,0.1541385,0.4623886,12.5,0,0.7171124,73.75,0,0,0,0,0.8300372,0.7245747,0.8729424
2.411556,42,118,-0.08917907,-0.135038,-0.09068605,0.264,0.1541385,0.4623886,12.5,0,0.7171124,73.75,0,0,0,0,0.8300372,0.7245747,0.8729424
2.414261,42,118,-0.08917907,-0.135038,-0.09068605,0.264,0.1541385,0.4623886,12.5,0,0.7171124,73.75,0,0,0,0,0.8300372,0.7245747,0.8729424
2.417038,42,118,-0.08917907,-0.135038,-0.09068605,0.264,0.1541385,0.4623886,12.5,0,0.7171124,73.75,0,0,0,0,0.8300372,0.7245747,0.8729424
2.419502,42,118,-0.08917907,-0.135038,-0.09068605,0.264,0.1541385,0.4623886,12.5,0,0.7171124,73.75,0,0,0,0,0.8300372,0.7245747,0.8729424
2.421989,42,118,-0.08917907,-0.135038,-0.09068605,0.264,0.1541385,0.4623886,12.5,0,0.7171124,73.75,0,0,0,0,0.8300372,0.7245747,0.8729424
2.425312,42,118,-0.08917907,-0.135038,-0.09068605,0.264,0.1541385,0.4623886,12.5,0,0.7171124,73.75,0,0,0,0,0.8300372,0.7245747,0.8729424
2.428127,42,118,-0.08917907,-0.135038,-0.09068605,0.264,0.1541385,0.4623886,12.5,0,0.7171124,73.75,0,0,0,0,0.8300372,0.7245747,0.8729424
2.430885,42,118,-0.08917907,-0.135038,-0.09068605,0.264,0.1541385,0.4623886,12.5,0,0.7171124,73.75,0,0,0,0,0.8300372,0.7245747,0.8729424
2.433548,42,118,-0.08917907,-0.135038,-0.09068605,0.264,0.1541385,0.4623886,12.5,0,0.7171124,73.75,0,0,0,0,0.8300372,0.7245747,0.8729424
2.436611,42,118,-0.08917907,-0.135038,-0.09068605,0.264,0.1541385,0.4623886,12.5,0,0.7171124,73.75,0,0,0,0,0.8300372,0.7245747,0.8729424
2.440109,42,118,-0.08917907,-0.135038,-0.09068605,0.264,0.1541385,0.4623886,12.5,0,0.7171124,73.75,0,0,0,0,0.8300372,0.7245747,0.8729424
2.443695,42,118,-0.08917907,-0.135038,-0.09068605,0.264,0.1541385,0.4623886,12.5,0,0.7171124,73.75,0,0,0,0,0.8300372,0.7245747,0.8729424
2.446575,42,118,-0.08917907,-0.135038,-0.09068605,0.264,0.1541385,0.4623886,12.5,0,0.7171124,73.75,0,0,0,0,0.8300372,0.7245747,0.8729424
2.449646,42,118,-0.08917907,-0.135038,-0.09068605,0.264,0.1541385,0.4623886,12.5,0,0.7171124,73.75,0,0,0,0,0.8300372,0.7245747,0.8729424
2.453163,42,118,-0.08917907,-0.135038,-0.09068605,0.264,0.1541385,0.4623886,12.5,0,0.7171124,73.75,0,0,0,0,0.8300372,0.7245747,0.8729424
2.456448,42,118,-0.08917907,-0.135038,-0.09068605,0.264,0.1541385,0.4623886,12.5,0,0.7171124,73.75,0,0,0,0,0.8300372,0.7245747,0.8729424
2.459343,42,118,-0.08917907,-0.135038,-0.09068605,0.264,0.1541385,0.4623886,12.5,0,0.7171124,73.75,0,0,0,0,0.8300372,0.7245747,0.8729424
2.462273,42,118,-0.08917907,-0.135038,-0.09068605,0.264,0.1541385,0.4623886,12.5,0,0.7171124,73.75,0,0,0,0,0.8300372,0.7245747,0.8729424
2.46471,42,118,-0.08917907,-0.135038,-0.09068605,0.264,0.1541385,0.4623886,12.5,0,0.7171124,73.75,0,0,0,0,0.8300372,0.7245747,0.8729424
2.467812,42,118,-0.08917907,-0.135038,-0.09068605,0.264,0.1541385,0.4623886,12.5,0,0.7171124,73.75,0,0,0,0,0.8300372,0.7245747,0.8729424
2.470604,42,118,-0.08917907,-0.135038,-0.09068605,0.264,0.1541385,0.4623886,12.5,0,0.7171124,73.75,0,0,0,0,0.8300372,0.7245747,0.8729424
2.475143,42,118,-0.08917907,-0.135038,-0.09068605,0.264,0.1541385,0.4623886,12.5,0,0.7171124,73.75,0,0,0,0,0.8300372,0.7245747,0.8729424
2.479847,42,118,-0.08917907,-0.135038,-0.09068605,0.264,0.1541385,0.4623886,12.5,0,0.7171124,73.75,0,0,0,0,0.8300372,0.7245747,0.8729424
2.48315,42,118,-0.08917907,-0.135038,-0.09068605,0.264,0.1541385,0.4623886,12.5,0,0.7171124,73.75,0,0,0,0,0.8300372,0.7245747,0.8729424
2.486042,42,118,-0.08917907,-0.135038,-0.09068605,0.264,0.1541385,0.4623886,12.5,0,0.7171124,73.75,0,0,0,0,0.8300372,0.7245747,0.8729424
2.489452,42,118,-0.08917907,-0.135038,-0.09068605,0.264,0.1541385,0.4623886,12.5,0,0.7171124,73.75,0,0,0,0,0.8300372,0.7245747,0.8729424
2.493866,42,118,-0.08917907,-0.135038,-0.09068605,0.264,0.1541385,0.4623886,12.5,0,0.7171124,73.75,0,0,0,0,0.8300372,0.7245747,0.8729424
2.496857,42,118,-0.08917907,-0.135038,-0.09068605,0.264,0.1541385,0.4623886,12.5,0,0.7171124,73.75,0,0,0,0,0.8300372,0.7245747,0.8729424
2.499943,42,118,-0.08917907,-0.135038,-0.09068605,0.264,0.1541385,0.4623886,12.5,0,0.7171124,73.75,0,0,0,0,0.8300372,0.7245747,0.8729424
2.502975,42,118,-0.08917907,-0.135038,-0.09068605,0.264,0.1541385,0.4623886,12.5,0,0.7171124,73.75,0,0,0,0,0.8300372,0.7245747,0.8729424
2.505329,42,118,-0.08917907,-0.135038,-0.09068605,0.264,0.1541385,0.4623886,12.5,0,0.7171124,73.75,0,0,0,0,0.8300372,0.7245747,0.8729424
2.507839,42,118,-0.08917907,-0.135038,-0.09068605,0.264,0.1541385,0.4623886,12.5,0,0.7171124,73.75,0,0,0,0,0.8300372,0.7245747,0.8729424
2.510242,42,118,-0.08917907,-0.135038,-0.09068605,0.264,0.1541385,0.4623886,12.5,0,0.7171124,73.75,0,0,0,0,0.8300372,0.7245747,0.8729424
2.512917,42,118,-0.08917907,-0.135038,-0.09068605,0.264,0.1541385,0.4623886,12.5,0,0.7171124,73.75,0,0,0,0,0.8300372,0.7245747,0.8729424
2.515476,42,118,-0.08917907,-0.135038,-0.09068605,0.264,0.1541385,0.4623886,12.5,0,0.7171124,73.75,0,0,0,0,0.8300372,0.7245747,0.8729424
2.518143,42,118,-0.08917907,-0.135038,-0.09068605,0.264,0.1541385,0.4623886,12.5,0,0.7171124,73.75,0,0,0,0,0.8300372,0.7245747,0.8729424
2.520538,42,118,-0.08917907,-0.135038,-0.09068605,0.264,0.1541385,0.4623886,12.5,0,0.7171124,73.75,0,0,0,0,0.8300372,0.7245747,0.8729424
2.523132,42,118,-0.08917907,-0.135038,-0.09068605,0.264,0.1541385,0.4623886,12.5,0,0.7171124,73.75,0,0,0,0,0.8300372,0.7245747,0.8729424
2.527096,42,118,-0.08917907,-0.135038,-0.09068605,0.264,0.1541385,0.4623886,12.5,0,0.7171124,73.75,0,0,0,0,0.8300372,0.7245747,0.8729424
2.531063,42,118,-0.08917907,-0.135038,-0.09068605,0.264,0.1541385,0.4623886,12.5,0,0.7171124,73.75,0,0,0,0,0.8300372,0.7245747,0.8729424
2.534569,42,118,-0.08917907,-0.135038,-0.09068605,0.264,0.1541385,0.4623886,12.5,0,0.7171124,73.75,0,0,0,0,0.8300372,0.7245747,0.8729424
2.538048,42,118,-0.08917907,-0.135038,-0.09068605,0.264,0.1541385,0.4623886,12.5,0,0.7171124,73.75,0,0,0,0,0.8300372,0.7245747,0.8729424
2.541237,42,118,-0.08917907,-0.135038,-0.09068605,0.264,0.1541385,0.4623886,12.5,0,0.7171124,73.75,0,0,0,0,0.8300372,0.7245747,0.8729424
2.544544,42,118,-0.08917907,-0.135038,-0.09068605,0.264,0.1541385,0.4623886,12.5,0,0.7171124,73.75,0,0,0,0,0.8300372,0.7245747,0.8729424
2.547493,42,118,-0.08917907,-0.135038,-0.09068605,0.264,0.1541385,0.4623886,12.5,0,0.7171124,73.75,0,0,0,0,0.8300372,0.7245747,0.8729424
2.551167,42,118,-0.08917907,-0.135038,-0.09068605,0.264,0.1541385,0.4623886,12.5,0,0.7171124,73.75,0,0,0,0,0.8300372,0.7245747,0.8729424
2.554176,42,118,-0.08917907,-0.135038,-0.09068605,0.264,0.1541385,0.4623886,12.5,0,0.7171124,73.75,0,0,0,0,0.8300372,0.7245747,0.8729424
2.556995,42,118,-0.08917907,-0.135038,-0.09068605,0.264,0.1541385,0.4623886,12.5,0,0.7171124,73.75,0,0,0,0,0.8300372,0.7245747,0.8729424
2.559231,42,118,-0.08917907,-0.135038,-0.09068605,0.264,0.1541385,0.4623886,12.5,0,0.7171124,73.75,0,0,0,0,0.8300372,0.7245747,0.8729424
2.562553,42,118,-0.08917907,-0.135038,-0.09068605,0.264,0.1541385,0.4623886,12.5,0,0.7171124,73.75,0,0,0,0,0.8300372,0.7245747,0.8729424
2.565704,42,118,-0.08917907,-0.135038,-0.09068605,0.264,0.1541385,0.4623886,12.5,0,0.7171124,73.75,0,0,0,0,0.8300372,0.7245747,0.8729424
2.568817,42,118,-0.08917907,-0.135038,-0.09068605,0.264,0.1541385,0.4623886,12.5,0,0.7171124,73.75,0,0,0,0,0.8300372,0.7245747,0.8729424
2.571136,42,118,-0.08917907,-0.135038,-0.09068605,0.264,0.1541385,0.4623886,12.5,0,0.7171124,73.75,0,0,0,0,0.8300372,0.7245747,0.8729424
2.580292,42,118,-0.08917907,-0.135038,-0.09068605,0.264,0.1541385,0.4623886,12.5,0,0.7171124,73.75,0,0,0,0,0.8300372,0.7245747,0.8729424
2.592319,42,118,-0.08917907,-0.135038,-0.09068605,0.264,0.1541385,0.4623886,12.5,0,0.7171124,73.75,0,0,0,0,0.8300372,0.7245747,0.8729424
2.596619,42,118,-0.08917907,-0.135038,-0.09068605,0.264,0.1541385,0.4623886,12.5,0,0.7171124,73.75,0,0,0,0,0.8300372,0.7245747,0.8729424
2.601017,42,118,-0.08917907,-0.135038,-0.09068605,0.264,0.1541385,0.4623886,12.5,0,0.7171124,73.75,0,0,0,0,0.8300372,0.7245747,0.8729424
2.604275,42,118,-0.08917907,-0.135038,-0.09068605,0.264,0.1541385,0.4623886,12.5,0,0.7171124,73.75,0,0,0,0,0.8300372,0.7245747,0.8729424
2.607029,42,118,-0.08917907,-0.135038,-0.09068605,0.264,0.1541385,0.4623886,12.5,0,0.7171124,73.75,0,0,0,0,0.8300372,0.7245747,0.8729424
2.612415,42,118,-0.08917907,-0.135038,-0.09068605,0.264,0.1541385,0.4623886,12.5,0,0.7171124,73.75,0,0,0,0,0.8300372,0.7245747,0.8729424
2.617748,42,118,-0.08917907,-0.135038,-0.09068605,0.264,0.1541385,0.4623886,12.5,0,0.7171124,73.75,0,0,0,0,0.8300372,0.7245747,0.8729424
2.622719,42,118,-0.08917907,-0.135038,-0.09068605,0.264,0.1541385,0.4623886,12.5,0,0.7171124,73.75,0,0,0,0,0.8300372,0.7245747,0.8729424
2.626656,42,118,-0.08917907,-0.135038,-0.09068605,0.264,0.1541385,0.4623886,12.5,0,0.7171124,73.75,0,0,0,0,0.8300372,0.7245747,0.8729424
2.635193,42,118,-0.08917907,-0.135038,-0.09068605,0.264,0.1541385,0.4623886,12.5,0,0.7171124,73.75,0,0,0,0,0.8300372,0.7245747,0.8729424
2.663712,42,118,-0.08917907,-0.135038,-0.09068605,0.264,0.1541385,0.4623886,12.5,0,0.7171124,73.75,0,0,0,0,0.8300372,0.7245747,0.8729424
2.680149,42,118,-0.08917907,-0.135038,-0.09068605,0.264,0.1541385,0.4623886,12.5,0,0.7171124,73.75,0,0,0,0,0.8300372,0.7245747,0.8729424
2.689114,42,118,-0.08917907,-0.135038,-0.09068605,0.264,0.1541385,0.4623886,12.5,0,0.7171124,73.75,0,0,0,0,0.8300372,0.7245747,0.8729424
2.692928,42,118,-0.08917907,-0.135038,-0.09068605,0.264,0.1541385,0.4623886,12.5,0,0.7171124,73.75,0,0,0,0,0.8300372,0.7245747,0.8729424
2.696404,42,118,-0.08917907,-0.135038,-0.09068605,0.264,0.1541385,0.4623886,12.5,0,0.7171124,73.75,0,0,0,0,0.8300372,0.7245747,0.8729424
2.699669,42,118,-0.08917907,-0.135038,-0.09068605,0.264,0.1541385,0.4623886,12.5,0,0.7171124,73.75,0,0,0,0,0.8300372,0.7245747,0.8729424
2.702587,42,118,-0.08917907,-0.135038,-0.09068605,0.264,0.1541385,0.4623886,12.5,0,0.7171124,73.75,0,0,0,0,0.8300372,0.7245747,0.8729424
2.705135,42,118,-0.08917907,-0.135038,-0.09068605,0.264,0.1541385,0.4623886,12.5,0,0.7171124,73.75,0,0,0,0,0.8300372,0.7245747,0.8729424
2.708187,42,118,-0.08917907,-0.135038,-0.09068605,0.264,0.1541385,0.4623886,12.5,0,0.7171124,73.75,0,0,0,0,0.8300372,0.7245747,0.8729424
2.711689,42,118,-0.08917907,-0.135038,-0.09068605,0.264,0.1541385,0.4623886,12.5,0,0.7171124,73.75,0,0,0,0,0.8300372,0.7245747,0.8729424
2.715542,42,118,-0.08917907,-0.135038,-0.09068605,0.264,0.1541385,0.4623886,12.5,0,0.7171124,73.75,0,0,0,0,0.8300372,0.7245747,0.8729424
2.719017,42,118,-0.08917907,-0.135038,-0.09068605,0.264,0.1541385,0.4623886,12.5,0,0.7171124,73.75,0,0,0,0,0.8300372,0.7245747,0.8729424
2.721985,42,118,-0.08917907,-0.135038,-0.09068605,0.264,0.1541385,0.4623886,12.5,0,0.7171124,73.75,0,0,0,0,0.8300372,0.7245747,0.8729424
2.725246,42,118,-0.08917907,-0.135038,-0.09068605,0.264,0.1541385,0.4623886,12.5,0,0.7171124,73.75,0,0,0,0,0.8300372,0.7245747,0.8729424
2.72987,42,118,-0.08917907,-0.135038,-0.09068605,0.264,0.1541385,0.4623886,12.5,0,0.7171124,73.75,0,0,0,0,0.8300372,0.7245747,0.8729424
2.734253,42,118,-0.08917907,-0.135038,-0.09068605,0.264,0.1541385,0.4623886,12.5,0,0.7171124,73.75,0,0,0,0,0.8300372,0.7245747,0.8729424
2.737976,42,118,-0.08917907,-0.135038,-0.09068605,0.264,0.1541385,0.4623886,12.5,0,0.7171124,73.75,0,0,0,0,0.8300372,0.7245747,0.8729424
2.741348,42,118,-0.08917907,-0.135038,-0.09068605,0.264,0.1541385,0.4623886,12.5,0,0.7171124,73.75,0,0,0,0,0.8300372,0.7245747,0.8729424
2.745014,42,118,-0.08917907,-0.135038,-0.09068605,0.264,0.1541385,0.4623886,12.5,0,0.7171124,73.75,0,0,0,0,0.8300372,0.7245747,0.8729424
2.74905,42,118,-0.08917907,-0.135038,-0.09068605,0.264,0.1541385,0.4623886,12.5,0,0.7171124,73.75,0,0,0,0,0.8300372,0.7245747,0.8729424
2.751766,42,118,-0.08917907,-0.135038,-0.09068605,0.264,0.1541385,0.4623886,12.5,0,0.7171124,73.75,0,0,0,0,0.8300372,0.7245747,0.8729424
2.754597,42,118,-0.08917907,-0.135038,-0.09068605,0.264,0.1541385,0.4623886,12.5,0,0.7171124,73.75,0,0,0,0,0.8300372,0.7245747,0.8729424
2.757286,42,118,-0.08917907,-0.135038,-0.09068605,0.264,0.1541385,0.4623886,12.5,0,0.7171124,73.75,0,0,0,0,0.8300372,0.7245747,0.8729424
2.759457,42,118,-0.08917907,-0.135038,-0.09068605,0.264,0.1541385,0.4623886,12.5,0,0.7171124,73.75,0,0,0,0,0.8300372,0.7245747,0.8729424
2.762844,42,118,-0.08917907,-0.135038,-0.09068605,0.264,0.1541385,0.4623886,12.5,0,0.7171124,73.75,0,0,0,0,0.8300372,0.7245747,0.8729424
2.765663,42,118,-0.08917907,-0.135038,-0.09068605,0.264,0.1541385,0.4623886,12.5,0,0.7171124,73.75,0,0,0,0,0.8300372,0.7245747,0.8729424
2.768833,42,118,-0.08917907,-0.135038,-0.09068605,0.264,0.1541385,0.4623886,12.5,0,0.7171124,73.75,0,0,0,0,0.8300372,0.7245747,0.8729424
2.771568,42,118,-0.08917907,-0.135038,-0.09068605,0.264,0.1541385,0.4623886,12.5,0,0.7171124,73.75,0,0,0,0,0.8300372,0.7245747,0.8729424
2.774361,42,118,-0.08917907,-0.135038,-0.09068605,0.264,0.1541385,0.4623886,12.5,0,0.7171124,73.75,0,0,0,0,0.8300372,0.7245747,0.8729424
2.777622,42,118,-0.08917907,-0.135038,-0.09068605,0.264,0.1541385,0.4623886,12.5,0,0.7171124,73.75,0,0,0,0,0.8300372,0.7245747,0.8729424
2.780853,42,118,-0.08917907,-0.135038,-0.09068605,0.264,0.1541385,0.4623886,12.5,0,0.7171124,73.75,0,0,0,0,0.8300372,0.7245747,0.8729424
2.783993,42,118,-0.08917907,-0.135038,-0.09068605,0.264,0.1541385,0.4623886,12.5,0,0.7171124,73.75,0,0,0,0,0.8300372,0.7245747,0.8729424
2.786976,42,118,-0.08917907,-0.135038,-0.09068605,0.264,0.1541385,0.4623886,12.5,0,0.7171124,73.75,0,0,0,0,0.8300372,0.7245747,0.8729424
2.789272,42,118,-0.08917907,-0.135038,-0.09068605,0.264,0.1541385,0.4623886,12.5,0,0.7171124,73.75,0,0,0,0,0.8300372,0.7245747,0.8729424
2.791622,42,118,-0.08917907,-0.135038,-0.09068605,0.264,0.1541385,0.4623886,12.5,0,0.7171124,73.75,0,0,0,0,0.8300372,0.7245747,0.8729424
2.795113,42,118,-0.08917907,-0.135038,-0.09068605,0.264,0.1541385,0.4623886,12.5,0,0.7171124,73.75,0,0,0,0,0.8300372,0.7245747,0.8729424
2.798634,42,118,-0.08917907,-0.135038,-0.09068605,0.264,0.1541385,0.4623886,12.5,0,0.7171124,73.75,0,0,0,0,0.8300372,0.7245747,0.8729424
2.802452,42,118,-0.08917907,-0.135038,-0.09068605,0.264,0.1541385,0.4623886,12.5,0,0.7171124,73.75,0,0,0,0,0.8300372,0.7245747,0.8729424
2.805691,42,118,-0.08917907,-0.135038,-0.09068605,0.264,0.1541385,0.4623886,12.5,0,0.7171124,73.75,0,0,0,0,0.8300372,0.7245747,0.8729424
2.8092,42,118,-0.08917907,-0.135038,-0.09068605,0.264,0.1541385,0.4623886,12.5,0,0.7171124,73.75,0,0,0,0,0.8300372,0.7245747,0.8729424
2.812321,42,118,-0.08917907,-0.135038,-0.09068605,0.264,0.1541385,0.4623886,12.5,0,0.7171124,73.75,0,0,0,0,0.8300372,0.7245747,0.8729424
2.815723,42,118,-0.08917907,-0.135038,-0.09068605,0.264,0.1541385,0.4623886,12.5,0,0.7171124,73.75,0,0,0,0,0.8300372,0.7245747,0.8729424
2.818359,42,118,-0.08917907,-0.135038,-0.09068605,0.264,0.1541385,0.4623886,12.5,0,0.7171124,73.75,0,0,0,0,0.8300372,0.7245747,0.8729424
2.821293,42,118,-0.08917907,-0.135038,-0.09068605,0.264,0.1541385,0.4623886,12.5,0,0.7171124,73.75,0,0,0,0,0.8300372,0.7245747,0.8729424
2.824348,42,118,-0.08917907,-0.135038,-0.09068605,0.264,0.1541385,0.4623886,12.5,0,0.7171124,73.75,0,0,0,0,0.8300372,0.7245747,0.8729424
2.82674,42,118,-0.08917907,-0.135038,-0.09068605,0.264,0.1541385,0.4623886,12.5,0,0.7171124,73.75,0,0,0,0,0.8300372,0.7245747,0.8729424
2.829449,42,118,-0.08917907,-0.135038,-0.09068605,0.264,0.1541385,0.4623886,12.5,0,0.7171124,73.75,0,0,0,0,0.8300372,0.7245747,0.8729424
2.832397,42,118,-0.08917907,-0.135038,-0.09068605,0.264,0.1541385,0.4623886,12.5,0,0.7171124,73.75,0,0,0,0,0.8300372,0.7245747,0.8729424
2.834801,42,118,-0.08917907,-0.135038,-0.09068605,0.264,0.1541385,0.4623886,12.5,0,0.7171124,73.75,0,0,0,0,0.8300372,0.7245747,0.8729424
2.838165,42,118,-0.08917907,-0.135038,-0.09068605,0.264,0.1541385,0.4623886,12.5,0,0.7171124,73.75,0,0,0,0,0.8300372,0.7245747,0.8729424
2.840462,42,118,-0.08917907,-0.135038,-0.09068605,0.264,0.1541385,0.4623886,12.5,0,0.7171124,73.75,0,0,0,0,0.8300372,0.7245747,0.8729424
2.843014,42,118,-0.08917907,-0.135038,-0.09068605,0.264,0.1541385,0.4623886,12.5,0,0.7171124,73.75,0,0,0,0,0.8300372,0.7245747,0.8729424
2.845772,42,118,-0.08917907,-0.135038,-0.09068605,0.264,0.1541385,0.4623886,12.5,0,0.7171124,73.75,0,0,0,0,0.8300372,0.7245747,0.8729424
2.848465,42,118,-0.08917907,-0.135038,-0.09068605,0.264,0.1541385,0.4623886,12.5,0,0.7171124,73.75,0,0,0,0,0.8300372,0.7245747,0.8729424
2.850544,42,118,-0.08917907,-0.135038,-0.09068605,0.264,0.1541385,0.4623886,12.5,0,0.7171124,73.75,0,0,0,0,0.8300372,0.7245747,0.8729424
2.852798,42,118,-0.08917907,-0.135038,-0.09068605,0.264,0.1541385,0.4623886,12.5,0,0.7171124,73.75,0,0,0,0,0.8300372,0.7245747,0.8729424
2.855442,42,118,-0.08917907,-0.135038,-0.09068605,0.264,0.1541385,0.4623886,12.5,0,0.7171124,73.75,0,0,0,0,0.8300372,0.7245747,0.8729424
2.857903,42,118,-0.08917907,-0.135038,-0.09068605,0.264,0.1541385,0.4623886,12.5,0,0.7171124,73.75,0,0,0,0,0.8300372,0.7245747,0.8729424
2.860287,42,118,-0.08917907,-0.135038,-0.09068605,0.264,0.1541385,0.4623886,12.5,0,0.7171124,73.75,0,0,0,0,0.8300372,0.7245747,0.8729424
2.863125,42,118,-0.08917907,-0.135038,-0.09068605,0.264,0.1541385,0.4623886,12.5,0,0.7171124,73.75,0,0,0,0,0.8300372,0.7245747,0.8729424
2.865437,42,118,-0.08917907,-0.135038,-0.09068605,0.264,0.1541385,0.4623886,12.5,0,0.7171124,73.75,0,0,0,0,0.8300372,0.7245747,0.8729424
2.867554,42,118,-0.08917907,-0.135038,-0.09068605,0.264,0.1541385,0.4623886,12.5,0,0.7171124,73.75,0,0,0,0,0.8300372,0.7245747,0.8729424
2.869667,42,118,-0.08917907,-0.135038,-0.09068605,0.264,0.1541385,0.4623886,12.5,0,0.7171124,73.75,0,0,0,0,0.8300372,0.7245747,0.8729424
2.871643,42,118,-0.08917907,-0.135038,-0.09068605,0.264,0.1541385,0.4623886,12.5,0,0.7171124,73.75,0,0,0,0,0.8300372,0.7245747,0.8729424
2.873684,42,118,-0.08917907,-0.135038,-0.09068605,0.264,0.1541385,0.4623886,12.5,0,0.7171124,73.75,0,0,0,0,0.8300372,0.7245747,0.8729424
2.875671,42,118,-0.08917907,-0.135038,-0.09068605,0.264,0.1541385,0.4623886,12.5,0,0.7171124,73.75,0,0,0,0,0.8300372,0.7245747,0.8729424
2.879322,42,118,-0.08917907,-0.135038,-0.09068605,0.264,0.1541385,0.4623886,12.5,0,0.7171124,73.75,0,0,0,0,0.8300372,0.7245747,0.8729424
2.881668,42,118,-0.08917907,-0.135038,-0.09068605,0.264,0.1541385,0.4623886,12.5,0,0.7171124,73.75,0,0,0,0,0.8300372,0.7245747,0.8729424
2.883804,42,118,-0.08917907,-0.135038,-0.09068605,0.264,0.1541385,0.4623886,12.5,0,0.7171124,73.75,0,0,0,0,0.8300372,0.7245747,0.8729424
2.885937,42,118,-0.08917907,-0.135038,-0.09068605,0.264,0.1541385,0.4623886,12.5,0,0.7171124,73.75,0,0,0,0,0.8300372,0.7245747,0.8729424
2.888123,42,118,-0.08917907,-0.135038,-0.09068605,0.264,0.1541385,0.4623886,12.5,0,0.7171124,73.75,0,0,0,0,0.8300372,0.7245747,0.8729424
2.890495,42,118,-0.08917907,-0.135038,-0.09068605,0.264,0.1541385,0.4623886,12.5,0,0.7171124,73.75,0,0,0,0,0.8300372,0.7245747,0.8729424
2.892677,42,118,-0.08917907,-0.135038,-0.09068605,0.264,0.1541385,0.4623886,12.5,0,0.7171124,73.75,0,0,0,0,0.8300372,0.7245747,0.8729424
2.895813,42,118,-0.08917907,-0.135038,-0.09068605,0.264,0.1541385,0.4623886,12.5,0,0.7171124,73.75,0,0,0,0,0.8300372,0.7245747,0.8729424
2.898617,42,118,-0.08917907,-0.135038,-0.09068605,0.264,0.1541385,0.4623886,12.5,0,0.7171124,73.75,0,0,0,0,0.8300372,0.7245747,0.8729424
2.900993,42,118,-0.08917907,-0.135038,-0.09068605,0.264,0.1541385,0.4623886,12.5,0,0.7171124,73.75,0,0,0,0,0.8300372,0.7245747,0.8729424
2.903439,42,118,-0.08917907,-0.135038,-0.09068605,0.264,0.1541385,0.4623886,12.5,0,0.7171124,73.75,0,0,0,0,0.8300372,0.7245747,0.8729424
2.905704,42,118,-0.08917907,-0.135038,-0.09068605,0.264,0.1541385,0.4623886,12.5,0,0.7171124,73.75,0,0,0,0,0.8300372,0.7245747,0.8729424
2.907913,42,118,-0.08917907,-0.135038,-0.09068605,0.264,0.1541385,0.4623886,12.5,0,0.7171124,73.75,0,0,0,0,0.8300372,0.7245747,0.8729424
2.911137,42,118,-0.08917907,-0.135038,-0.09068605,0.264,0.1541385,0.4623886,12.5,0,0.7171124,73.75,0,0,0,0,0.8300372,0.7245747,0.8729424
2.914215,42,118,-0.08917907,-0.135038,-0.09068605,0.264,0.1541385,0.4623886,12.5,0,0.7171124,73.75,0,0,0,0,0.8300372,0.7245747,0.8729424
2.917957,42,118,-0.08917907,-0.135038,-0.09068605,0.264,0.1541385,0.4623886,12.5,0,0.7171124,73.75,0,0,0,0,0.8300372,0.7245747,0.8729424
2.921265,42,118,-0.08917907,-0.135038,-0.09068605,0.264,0.1541385,0.4623886,12.5,0,0.7171124,73.75,0,0,0,0,0.8300372,0.7245747,0.8729424
2.923958,42,118,-0.08917907,-0.135038,-0.09068605,0.264,0.1541385,0.4623886,12.5,0,0.7171124,73.75,0,0,0,0,0.8300372,0.7245747,0.8729424
2.926605,42,118,-0.08917907,-0.135038,-0.09068605,0.264,0.1541385,0.4623886,12.5,0,0.7171124,73.75,0,0,0,0,0.8300372,0.7245747,0.8729424
2.929211,42,118,-0.08917907,-0.135038,-0.09068605,0.264,0.1541385,0.4623886,12.5,0,0.7171124,73.75,0,0,0,0,0.8300372,0.7245747,0.8729424
2.932335,42,118,-0.08917907,-0.135038,-0.09068605,0.264,0.1541385,0.4623886,12.5,0,0.7171124,73.75,0,0,0,0,0.8300372,0.7245747,0.8729424
2.934608,42,118,-0.08917907,-0.135038,-0.09068605,0.264,0.1541385,0.4623886,12.5,0,0.7171124,73.75,0,0,0,0,0.8300372,0.7245747,0.8729424
2.937119,42,118,-0.08917907,-0.135038,-0.09068605,0.264,0.1541385,0.4623886,12.5,0,0.7171124,73.75,0,0,0,0,0.8300372,0.7245747,0.8729424
2.939529,42,118,-0.08917907,-0.135038,-0.09068605,0.264,0.1541385,0.4623886,12.5,0,0.7171124,73.75,0,0,0,0,0.8300372,0.7245747,0.8729424
2.942051,42,118,-0.08917907,-0.135038,-0.09068605,0.264,0.1541385,0.4623886,12.5,0,0.7171124,73.75,0,0,0,0,0.8300372,0.7245747,0.8729424
2.945671,42,118,-0.08917907,-0.135038,-0.09068605,0.264,0.1541385,0.4623886,12.5,0,0.7171124,73.75,0,0,0,0,0.8300372,0.7245747,0.8729424
2.949059,42,118,-0.08917907,-0.135038,-0.09068605,0.264,0.1541385,0.4623886,12.5,0,0.7171124,73.75,0,0,0,0,0.8300372,0.7245747,0.8729424
2.95121,42,118,-0.08917907,-0.135038,-0.09068605,0.264,0.1541385,0.4623886,12.5,0,0.7171124,73.75,0,0,0,0,0.8300372,0.7245747,0.8729424
2.953632,42,118,-0.08917907,-0.135038,-0.09068605,0.264,0.1541385,0.4623886,12.5,0,0.7171124,73.75,0,0,0,0,0.8300372,0.7245747,0.8729424
2.956333,42,118,-0.08917907,-0.135038,-0.09068605,0.264,0.1541385,0.4623886,12.5,0,0.7171124,73.75,0,0,0,0,0.8300372,0.7245747,0.8729424
2.958908,42,118,-0.08917907,-0.135038,-0.09068605,0.264,0.1541385,0.4623886,12.5,0,0.7171124,73.75,0,0,0,0,0.8300372,0.7245747,0.8729424
2.961468,42,118,-0.08917907,-0.135038,-0.09068605,0.264,0.1541385,0.4623886,12.5,0,0.7171124,73.75,0,0,0,0,0.8300372,0.7245747,0.8729424
2.964382,42,118,-0.08917907,-0.135038,-0.09068605,0.264,0.1541385,0.4623886,12.5,0,0.7171124,73.75,0,0,0,0,0.8300372,0.7245747,0.8729424
2.966694,42,118,-0.08917907,-0.135038,-0.09068605,0.264,0.1541385,0.4623886,12.5,0,0.7171124,73.75,0,0,0,0,0.8300372,0.7245747,0.8729424
2.968811,42,118,-0.08917907,-0.135038,-0.09068605,0.264,0.1541385,0.4623886,12.5,0,0.7171124,73.75,0,0,0,0,0.8300372,0.7245747,0.8729424
2.972153,42,118,-0.08917907,-0.135038,-0.09068605,0.264,0.1541385,0.4623886,12.5,0,0.7171124,73.75,0,0,0,0,0.8300372,0.7245747,0.8729424
2.974686,42,118,-0.08917907,-0.135038,-0.09068605,0.264,0.1541385,0.4623886,12.5,0,0.7171124,73.75,0,0,0,0,0.8300372,0.7245747,0.8729424
2.978428,42,118,-0.08917907,-0.135038,-0.09068605,0.264,0.1541385,0.4623886,12.5,0,0.7171124,73.75,0,0,0,0,0.8300372,0.7245747,0.8729424
2.981823,42,118,-0.08917907,-0.135038,-0.09068605,0.264,0.1541385,0.4623886,12.5,0,0.7171124,73.75,0,0,0,0,0.8300372,0.7245747,0.8729424
2.984615,42,118,-0.08917907,-0.135038,-0.09068605,0.264,0.1541385,0.4623886,12.5,0,0.7171124,73.75,0,0,0,0,0.8300372,0.7245747,0.8729424
2.988789,42,118,-0.08917907,-0.135038,-0.09068605,0.264,0.1541385,0.4623886,12.5,0,0.7171124,73.75,0,0,0,0,0.8300372,0.7245747,0.8729424
2.992207,42,118,-0.08917907,-0.135038,-0.09068605,0.264,0.1541385,0.4623886,12.5,0,0.7171124,73.75,0,0,0,0,0.8300372,0.7245747,0.8729424
2.995213,42,118,-0.08917907,-0.135038,-0.09068605,0.264,0.1541385,0.4623886,12.5,0,0.7171124,73.75,0,0,0,0,0.8300372,0.7245747,0.8729424
2.997993,42,118,-0.08917907,-0.135038,-0.09068605,0.264,0.1541385,0.4623886,12.5,0,0.7171124,73.75,0,0,0,0,0.8300372,0.7245747,0.8729424
3.001171,42,118,-0.08917907,-0.135038,-0.09068605,0.264,0.1541385,0.4623886,12.5,0,0.7171124,73.75,0,0,0,0,0.8300372,0.7245747,0.8729424
3.00388,42,118,-0.08917907,-0.135038,-0.09068605,0.264,0.1541385,0.4623886,12.5,0,0.7171124,73.75,0,0,0,0,0.8300372,0.7245747,0.8729424
3.006397,42,118,-0.08917907,-0.135038,-0.09068605,0.264,0.1541385,0.4623886,12.5,0,0.7171124,73.75,0,0,0,0,0.8300372,0.7245747,0.8729424
3.00893,42,118,-0.08917907,-0.135038,-0.09068605,0.264,0.1541385,0.4623886,12.5,0,0.7171124,73.75,0,0,0,0,0.8300372,0.7245747,0.8729424
3.011719,42,118,-0.08917907,-0.135038,-0.09068605,0.264,0.1541385,0.4623886,12.5,0,0.7171124,73.75,0,0,0,0,0.8300372,0.7245747,0.8729424
3.014332,42,118,-0.08917907,-0.135038,-0.09068605,0.264,0.1541385,0.4623886,12.5,0,0.7171124,73.75,0,0,0,0,0.8300372,0.7245747,0.8729424
3.017498,42,118,-0.08917907,-0.135038,-0.09068605,0.264,0.1541385,0.4623886,12.5,0,0.7171124,73.75,0,0,0,0,0.8300372,0.7245747,0.8729424
3.020992,42,118,-0.08917907,-0.135038,-0.09068605,0.264,0.1541385,0.4623886,12.5,0,0.7171124,73.75,0,0,0,0,0.8300372,0.7245747,0.8729424
3.023163,42,118,-0.08917907,-0.135038,-0.09068605,0.264,0.1541385,0.4623886,12.5,0,0.7171124,73.75,0,0,0,0,0.8300372,0.7245747,0.8729424
3.025162,42,118,-0.08917907,-0.135038,-0.09068605,0.264,0.1541385,0.4623886,12.5,0,0.7171124,73.75,0,0,0,0,0.8300372,0.7245747,0.8729424
3.027668,42,118,-0.08917907,-0.135038,-0.09068605,0.264,0.1541385,0.4623886,12.5,0,0.7171124,73.75,0,0,0,0,0.8300372,0.7245747,0.8729424
3.030849,42,118,-0.08917907,-0.135038,-0.09068605,0.264,0.1541385,0.4623886,12.5,0,0.7171124,73.75,0,0,0,0,0.8300372,0.7245747,0.8729424
3.034275,42,118,-0.08917907,-0.135038,-0.09068605,0.264,0.1541385,0.4623886,12.5,0,0.7171124,73.75,0,0,0,0,0.8300372,0.7245747,0.8729424
3.036743,42,118,-0.08917907,-0.135038,-0.09068605,0.264,0.1541385,0.4623886,12.5,0,0.7171124,73.75,0,0,0,0,0.8300372,0.7245747,0.8729424
3.038837,42,118,-0.08917907,-0.135038,-0.09068605,0.264,0.1541385,0.4623886,12.5,0,0.7171124,73.75,0,0,0,0,0.8300372,0.7245747,0.8729424
3.040897,42,118,-0.08917907,-0.135038,-0.09068605,0.264,0.1541385,0.4623886,12.5,0,0.7171124,73.75,0,0,0,0,0.8300372,0.7245747,0.8729424
3.04306,42,118,-0.08917907,-0.135038,-0.09068605,0.264,0.1541385,0.4623886,12.5,0,0.7171124,73.75,0,0,0,0,0.8300372,0.7245747,0.8729424
3.04599,42,118,-0.08917907,-0.135038,-0.09068605,0.264,0.1541385,0.4623886,12.5,0,0.7171124,73.75,0,0,0,0,0.8300372,0.7245747,0.8729424
3.04929,42,118,-0.08917907,-0.135038,-0.09068605,0.264,0.1541385,0.4623886,12.5,0,0.7171124,73.75,0,0,0,0,0.8300372,0.7245747,0.8729424
3.052502,42,118,-0.08917907,-0.135038,-0.09068605,0.264,0.1541385,0.4623886,12.5,0,0.7171124,73.75,0,0,0,0,0.8300372,0.7245747,0.8729424
3.055283,42,118,-0.08917907,-0.135038,-0.09068605,0.264,0.1541385,0.4623886,12.5,0,0.7171124,73.75,0,0,0,0,0.8300372,0.7245747,0.8729424
3.057915,42,118,-0.08917907,-0.135038,-0.09068605,0.264,0.1541385,0.4623886,12.5,0,0.7171124,73.75,0,0,0,0,0.8300372,0.7245747,0.8729424
3.060612,42,118,-0.08917907,-0.135038,-0.09068605,0.264,0.1541385,0.4623886,12.5,0,0.7171124,73.75,0,0,0,0,0.8300372,0.7245747,0.8729424
3.063755,42,118,-0.08917907,-0.135038,-0.09068605,0.264,0.1541385,0.4623886,12.5,0,0.7171124,73.75,0,0,0,0,0.8300372,0.7245747,0.8729424
3.065994,42,118,-0.08917907,-0.135038,-0.09068605,0.264,0.1541385,0.4623886,12.5,0,0.7171124,73.75,0,0,0,0,0.8300372,0.7245747,0.8729424
3.068138,42,118,-0.08917907,-0.135038,-0.09068605,0.264,0.1541385,0.4623886,12.5,0,0.7171124,73.75,0,0,0,0,0.8300372,0.7245747,0.8729424
3.070297,42,118,-0.08917907,-0.135038,-0.09068605,0.264,0.1541385,0.4623886,12.5,0,0.7171124,73.75,0,0,0,0,0.8300372,0.7245747,0.8729424
3.072285,42,118,-0.08917907,-0.135038,-0.09068605,0.264,0.1541385,0.4623886,12.5,0,0.7171124,73.75,0,0,0,0,0.8300372,0.7245747,0.8729424
3.074257,42,118,-0.08917907,-0.135038,-0.09068605,0.264,0.1541385,0.4623886,12.5,0,0.7171124,73.75,0,0,0,0,0.8300372,0.7245747,0.8729424
3.077072,42,118,-0.08917907,-0.135038,-0.09068605,0.264,0.1541385,0.4623886,12.5,0,0.7171124,73.75,0,0,0,0,0.8300372,0.7245747,0.8729424
3.079803,42,118,-0.08917907,-0.135038,-0.09068605,0.264,0.1541385,0.4623886,12.5,0,0.7171124,73.75,0,0,0,0,0.8300372,0.7245747,0.8729424
3.082039,42,118,-0.08917907,-0.135038,-0.09068605,0.264,0.1541385,0.4623886,12.5,0,0.7171124,73.75,0,0,0,0,0.8300372,0.7245747,0.8729424
3.084156,42,118,-0.08917907,-0.135038,-0.09068605,0.264,0.1541385,0.4623886,12.5,0,0.7171124,73.75,0,0,0,0,0.8300372,0.7245747,0.8729424
3.086182,42,118,-0.08917907,-0.135038,-0.09068605,0.264,0.1541385,0.4623886,12.5,0,0.7171124,73.75,0,0,0,0,0.8300372,0.7245747,0.8729424
3.088345,42,118,-0.08917907,-0.135038,-0.09068605,0.264,0.1541385,0.4623886,12.5,0,0.7171124,73.75,0,0,0,0,0.8300372,0.7245747,0.8729424
3.090588,42,118,-0.08917907,-0.135038,-0.09068605,0.264,0.1541385,0.4623886,12.5,0,0.7171124,73.75,0,0,0,0,0.8300372,0.7245747,0.8729424
3.092762,42,118,-0.08917907,-0.135038,-0.09068605,0.264,0.1541385,0.4623886,12.5,0,0.7171124,73.75,0,0,0,0,0.8300372,0.7245747,0.8729424
3.096146,42,118,-0.08917907,-0.135038,-0.09068605,0.264,0.1541385,0.4623886,12.5,0,0.7171124,73.75,0,0,0,0,0.8300372,0.7245747,0.8729424
3.099724,42,118,-0.08917907,-0.135038,-0.09068605,0.264,0.1541385,0.4623886,12.5,0,0.7171124,73.75,0,0,0,0,0.8300372,0.7245747,0.8729424
3.102352,42,118,-0.08917907,-0.135038,-0.09068605,0.264,0.1541385,0.4623886,12.5,0,0.7171124,73.75,0,0,0,0,0.8300372,0.7245747,0.8729424
3.104618,42,118,-0.08917907,-0.135038,-0.09068605,0.264,0.1541385,0.4623886,12.5,0,0.7171124,73.75,0,0,0,0,0.8300372,0.7245747,0.8729424
3.107101,42,118,-0.08917907,-0.135038,-0.09068605,0.264,0.1541385,0.4623886,12.5,0,0.7171124,73.75,0,0,0,0,0.8300372,0.7245747,0.8729424
3.109352,42,118,-0.08917907,-0.135038,-0.09068605,0.264,0.1541385,0.4623886,12.5,0,0.7171124,73.75,0,0,0,0,0.8300372,0.7245747,0.8729424
3.112595,42,118,-0.08917907,-0.135038,-0.09068605,0.264,0.1541385,0.4623886,12.5,0,0.7171124,73.75,0,0,0,0,0.8300372,0.7245747,0.8729424
3.115559,42,118,-0.08917907,-0.135038,-0.09068605,0.264,0.1541385,0.4623886,12.5,0,0.7171124,73.75,0,0,0,0,0.8300372,0.7245747,0.8729424
3.118279,42,118,-0.08917907,-0.135038,-0.09068605,0.264,0.1541385,0.4623886,12.5,0,0.7171124,73.75,0,0,0,0,0.8300372,0.7245747,0.8729424
3.120495,42,118,-0.08917907,-0.135038,-0.09068605,0.264,0.1541385,0.4623886,12.5,0,0.7171124,73.75,0,0,0,0,0.8300372,0.7245747,0.8729424
3.122726,42,118,-0.08917907,-0.135038,-0.09068605,0.264,0.1541385,0.4623886,12.5,0,0.7171124,73.75,0,0,0,0,0.8300372,0.7245747,0.8729424
3.124954,42,118,-0.08917907,-0.135038,-0.09068605,0.264,0.1541385,0.4623886,12.5,0,0.7171124,73.75,0,0,0,0,0.8300372,0.7245747,0.8729424
3.127777,42,118,-0.08917907,-0.135038,-0.09068605,0.264,0.1541385,0.4623886,12.5,0,0.7171124,73.75,0,0,0,0,0.8300372,0.7245747,0.8729424
3.130089,42,118,-0.08917907,-0.135038,-0.09068605,0.264,0.1541385,0.4623886,12.5,0,0.7171124,73.75,0,0,0,0,0.8300372,0.7245747,0.8729424
3.132542,42,118,-0.08917907,-0.135038,-0.09068605,0.264,0.1541385,0.4623886,12.5,0,0.7171124,73.75,0,0,0,0,0.8300372,0.7245747,0.8729424
3.135086,42,118,-0.08917907,-0.135038,-0.09068605,0.264,0.1541385,0.4623886,12.5,0,0.7171124,73.75,0,0,0,0,0.8300372,0.7245747,0.8729424
3.137798,42,118,-0.08917907,-0.135038,-0.09068605,0.264,0.1541385,0.4623886,12.5,0,0.7171124,73.75,0,0,0,0,0.8300372,0.7245747,0.8729424
3.139919,42,118,-0.08917907,-0.135038,-0.09068605,0.264,0.1541385,0.4623886,12.5,0,0.7171124,73.75,0,0,0,0,0.8300372,0.7245747,0.8729424
3.14259,42,118,-0.08917907,-0.135038,-0.09068605,0.264,0.1541385,0.4623886,12.5,0,0.7171124,73.75,0,0,0,0,0.8300372,0.7245747,0.8729424
3.145412,42,118,-0.08917907,-0.135038,-0.09068605,0.264,0.1541385,0.4623886,12.5,0,0.7171124,73.75,0,0,0,0,0.8300372,0.7245747,0.8729424
3.148293,42,118,-0.08917907,-0.135038,-0.09068605,0.264,0.1541385,0.4623886,12.5,0,0.7171124,73.75,0,0,0,0,0.8300372,0.7245747,0.8729424
3.150574,42,118,-0.08917907,-0.135038,-0.09068605,0.264,0.1541385,0.4623886,12.5,0,0.7171124,73.75,0,0,0,0,0.8300372,0.7245747,0.8729424
3.152752,42,118,-0.08917907,-0.135038,-0.09068605,0.264,0.1541385,0.4623886,12.5,0,0.7171124,73.75,0,0,0,0,0.8300372,0.7245747,0.8729424
3.155224,42,118,-0.08917907,-0.135038,-0.09068605,0.264,0.1541385,0.4623886,12.5,0,0.7171124,73.75,0,0,0,0,0.8300372,0.7245747,0.8729424
3.15818,42,118,-0.08917907,-0.135038,-0.09068605,0.264,0.1541385,0.4623886,12.5,0,0.7171124,73.75,0,0,0,0,0.8300372,0.7245747,0.8729424
3.161083,42,118,-0.08917907,-0.135038,-0.09068605,0.264,0.1541385,0.4623886,12.5,0,0.7171124,73.75,0,0,0,0,0.8300372,0.7245747,0.8729424
3.164684,42,118,-0.08917907,-0.135038,-0.09068605,0.264,0.1541385,0.4623886,12.5,0,0.7171124,73.75,0,0,0,0,0.8300372,0.7245747,0.8729424
3.167343,42,118,-0.08917907,-0.135038,-0.09068605,0.264,0.1541385,0.4623886,12.5,0,0.7171124,73.75,0,0,0,0,0.8300372,0.7245747,0.8729424
3.170143,42,118,-0.08917907,-0.135038,-0.09068605,0.264,0.1541385,0.4623886,12.5,0,0.7171124,73.75,0,0,0,0,0.8300372,0.7245747,0.8729424
3.173035,42,118,-0.08917907,-0.135038,-0.09068605,0.264,0.1541385,0.4623886,12.5,0,0.7171124,73.75,0,0,0,0,0.8300372,0.7245747,0.8729424
3.175854,42,118,-0.08917907,-0.135038,-0.09068605,0.264,0.1541385,0.4623886,12.5,0,0.7171124,73.75,0,0,0,0,0.8300372,0.7245747,0.8729424
3.179703,42,118,-0.08917907,-0.135038,-0.09068605,0.264,0.1541385,0.4623886,12.5,0,0.7171124,73.75,0,0,0,0,0.8300372,0.7245747,0.8729424
3.182804,42,118,-0.08917907,-0.135038,-0.09068605,0.264,0.1541385,0.4623886,12.5,0,0.7171124,73.75,0,0,0,0,0.8300372,0.7245747,0.8729424
3.185566,42,118,-0.08917907,-0.135038,-0.09068605,0.264,0.1541385,0.4623886,12.5,0,0.7171124,73.75,0,0,0,0,0.8300372,0.7245747,0.8729424
3.188522,42,118,-0.08917907,-0.135038,-0.09068605,0.264,0.1541385,0.4623886,12.5,0,0.7171124,73.75,0,0,0,0,0.8300372,0.7245747,0.8729424
3.191673,42,118,-0.08917907,-0.135038,-0.09068605,0.264,0.1541385,0.4623886,12.5,0,0.7171124,73.75,0,0,0,0,0.8300372,0.7245747,0.8729424
3.194717,42,118,-0.08917907,-0.135038,-0.09068605,0.264,0.1541385,0.4623886,12.5,0,0.7171124,73.75,0,0,0,0,0.8300372,0.7245747,0.8729424
3.198158,42,118,-0.08917907,-0.135038,-0.09068605,0.264,0.1541385,0.4623886,12.5,0,0.7171124,73.75,0,0,0,0,0.8300372,0.7245747,0.8729424
3.200706,42,118,-0.08917907,-0.135038,-0.09068605,0.264,0.1541385,0.4623886,12.5,0,0.7171124,73.75,0,0,0,0,0.8300372,0.7245747,0.8729424
3.203434,42,118,-0.08917907,-0.135038,-0.09068605,0.264,0.1541385,0.4623886,12.5,0,0.7171124,73.75,0,0,0,0,0.8300372,0.7245747,0.8729424
3.206856,42,118,-0.08917907,-0.135038,-0.09068605,0.264,0.1541385,0.4623886,12.5,0,0.7171124,73.75,0,0,0,0,0.8300372,0.7245747,0.8729424
3.209595,42,118,-0.08917907,-0.135038,-0.09068605,0.264,0.1541385,0.4623886,12.5,0,0.7171124,73.75,0,0,0,0,0.8300372,0.7245747,0.8729424
3.212646,42,118,-0.08917907,-0.135038,-0.09068605,0.264,0.1541385,0.4623886,12.5,0,0.7171124,73.75,0,0,0,0,0.8300372,0.7245747,0.8729424
3.216492,42,118,-0.08917907,-0.135038,-0.09068605,0.264,0.1541385,0.4623886,12.5,0,0.7171124,73.75,0,0,0,0,0.8300372,0.7245747,0.8729424
3.219746,42,118,-0.08917907,-0.135038,-0.09068605,0.264,0.1541385,0.4623886,12.5,0,0.7171124,73.75,0,0,0,0,0.8300372,0.7245747,0.8729424
3.22274,42,118,-0.08917907,-0.135038,-0.09068605,0.264,0.1541385,0.4623886,12.5,0,0.7171124,73.75,0,0,0,0,0.8300372,0.7245747,0.8729424
3.225544,42,118,-0.08917907,-0.135038,-0.09068605,0.264,0.1541385,0.4623886,12.5,0,0.7171124,73.75,0,0,0,0,0.8300372,0.7245747,0.8729424
3.229256,42,118,-0.08917907,-0.135038,-0.09068605,0.264,0.1541385,0.4623886,12.5,0,0.7171124,73.75,0,0,0,0,0.8300372,0.7245747,0.8729424
3.23312,42,118,-0.08917907,-0.135038,-0.09068605,0.264,0.1541385,0.4623886,12.5,0,0.7171124,73.75,0,0,0,0,0.8300372,0.7245747,0.8729424
3.236263,42,118,-0.08917907,-0.135038,-0.09068605,0.264,0.1541385,0.4623886,12.5,0,0.7171124,73.75,0,0,0,0,0.8300372,0.7245747,0.8729424
3.239429,42,118,-0.08917907,-0.135038,-0.09068605,0.264,0.1541385,0.4623886,12.5,0,0.7171124,73.75,0,0,0,0,0.8300372,0.7245747,0.8729424
3.242016,42,118,-0.08917907,-0.135038,-0.09068605,0.264,0.1541385,0.4623886,12.5,0,0.7171124,73.75,0,0,0,0,0.8300372,0.7245747,0.8729424
3.245304,42,118,-0.08917907,-0.135038,-0.09068605,0.264,0.1541385,0.4623886,12.5,0,0.7171124,73.75,0,0,0,0,0.8300372,0.7245747,0.8729424
3.248352,42,118,-0.08917907,-0.135038,-0.09068605,0.264,0.1541385,0.4623886,12.5,0,0.7171124,73.75,0,0,0,0,0.8300372,0.7245747,0.8729424
3.25198,42,118,-0.08917907,-0.135038,-0.09068605,0.264,0.1541385,0.4623886,12.5,0,0.7171124,73.75,0,0,0,0,0.8300372,0.7245747,0.8729424
3.2547,42,118,-0.08917907,-0.135038,-0.09068605,0.264,0.1541385,0.4623886,12.5,0,0.7171124,73.75,0,0,0,0,0.8300372,0.7245747,0.8729424
3.257774,42,118,-0.08917907,-0.135038,-0.09068605,0.264,0.1541385,0.4623886,12.5,0,0.7171124,73.75,0,0,0,0,0.8300372,0.7245747,0.8729424
3.261204,42,118,-0.08917907,-0.135038,-0.09068605,0.264,0.1541385,0.4623886,12.5,0,0.7171124,73.75,0,0,0,0,0.8300372,0.7245747,0.8729424
3.264156,42,118,-0.08917907,-0.135038,-0.09068605,0.264,0.1541385,0.4623886,12.5,0,0.7171124,73.75,0,0,0,0,0.8300372,0.7245747,0.8729424
3.266945,42,118,-0.08917907,-0.135038,-0.09068605,0.264,0.1541385,0.4623886,12.5,0,0.7171124,73.75,0,0,0,0,0.8300372,0.7245747,0.8729424
3.270103,42,118,-0.08917907,-0.135038,-0.09068605,0.264,0.1541385,0.4623886,12.5,0,0.7171124,73.75,0,0,0,0,0.8300372,0.7245747,0.8729424
3.272709,42,118,-0.08917907,-0.135038,-0.09068605,0.264,0.1541385,0.4623886,12.5,0,0.7171124,73.75,0,0,0,0,0.8300372,0.7245747,0.8729424
3.275513,42,118,-0.08917907,-0.135038,-0.09068605,0.264,0.1541385,0.4623886,12.5,0,0.7171124,73.75,0,0,0,0,0.8300372,0.7245747,0.8729424
3.278812,42,118,-0.08917907,-0.135038,-0.09068605,0.264,0.1541385,0.4623886,12.5,0,0.7171124,73.75,0,0,0,0,0.8300372,0.7245747,0.8729424
3.281853,42,118,-0.08917907,-0.135038,-0.09068605,0.264,0.1541385,0.4623886,12.5,0,0.7171124,73.75,0,0,0,0,0.8300372,0.7245747,0.8729424
3.285057,42,118,-0.08917907,-0.135038,-0.09068605,0.264,0.1541385,0.4623886,12.5,0,0.7171124,73.75,0,0,0,0,0.8300372,0.7245747,0.8729424
3.287834,42,118,-0.08917907,-0.135038,-0.09068605,0.264,0.1541385,0.4623886,12.5,0,0.7171124,73.75,0,0,0,0,0.8300372,0.7245747,0.8729424
3.290688,42,118,-0.08917907,-0.135038,-0.09068605,0.264,0.1541385,0.4623886,12.5,0,0.7171124,73.75,0,0,0,0,0.8300372,0.7245747,0.8729424
3.293865,42,118,-0.08917907,-0.135038,-0.09068605,0.264,0.1541385,0.4623886,12.5,0,0.7171124,73.75,0,0,0,0,0.8300372,0.7245747,0.8729424
3.296829,42,118,-0.08917907,-0.135038,-0.09068605,0.264,0.1541385,0.4623886,12.5,0,0.7171124,73.75,0,0,0,0,0.8300372,0.7245747,0.8729424
3.300453,42,118,-0.08917907,-0.135038,-0.09068605,0.264,0.1541385,0.4623886,12.5,0,0.7171124,73.75,0,0,0,0,0.8300372,0.7245747,0.8729424
3.303268,42,118,-0.08917907,-0.135038,-0.09068605,0.264,0.1541385,0.4623886,12.5,0,0.7171124,73.75,0,0,0,0,0.8300372,0.7245747,0.8729424
3.305988,42,118,-0.08917907,-0.135038,-0.09068605,0.264,0.1541385,0.4623886,12.5,0,0.7171124,73.75,0,0,0,0,0.8300372,0.7245747,0.8729424
3.308537,42,118,-0.08917907,-0.135038,-0.09068605,0.264,0.1541385,0.4623886,12.5,0,0.7171124,73.75,0,0,0,0,0.8300372,0.7245747,0.8729424
3.311779,42,118,-0.08917907,-0.135038,-0.09068605,0.264,0.1541385,0.4623886,12.5,0,0.7171124,73.75,0,0,0,0,0.8300372,0.7245747,0.8729424
3.315788,42,118,-0.08917907,-0.135038,-0.09068605,0.264,0.1541385,0.4623886,12.5,0,0.7171124,73.75,0,0,0,0,0.8300372,0.7245747,0.8729424
3.319347,42,118,-0.08917907,-0.135038,-0.09068605,0.264,0.1541385,0.4623886,12.5,0,0.7171124,73.75,0,0,0,0,0.8300372,0.7245747,0.8729424
3.322018,42,118,-0.08917907,-0.135038,-0.09068605,0.264,0.1541385,0.4623886,12.5,0,0.7171124,73.75,0,0,0,0,0.8300372,0.7245747,0.8729424
3.324657,42,118,-0.08917907,-0.135038,-0.09068605,0.264,0.1541385,0.4623886,12.5,0,0.7171124,73.75,0,0,0,0,0.8300372,0.7245747,0.8729424
3.327686,42,118,-0.08917907,-0.135038,-0.09068605,0.264,0.1541385,0.4623886,12.5,0,0.7171124,73.75,0,0,0,0,0.8300372,0.7245747,0.8729424
3.331081,42,118,-0.08917907,-0.135038,-0.09068605,0.264,0.1541385,0.4623886,12.5,0,0.7171124,73.75,0,0,0,0,0.8300372,0.7245747,0.8729424
3.334377,42,118,-0.08917907,-0.135038,-0.09068605,0.264,0.1541385,0.4623886,12.5,0,0.7171124,73.75,0,0,0,0,0.8300372,0.7245747,0.8729424
3.337528,42,118,-0.08917907,-0.135038,-0.09068605,0.264,0.1541385,0.4623886,12.5,0,0.7171124,73.75,0,0,0,0,0.8300372,0.7245747,0.8729424
3.340126,42,118,-0.08917907,-0.135038,-0.09068605,0.264,0.1541385,0.4623886,12.5,0,0.7171124,73.75,0,0,0,0,0.8300372,0.7245747,0.8729424
3.342594,42,118,-0.08917907,-0.135038,-0.09068605,0.264,0.1541385,0.4623886,12.5,0,0.7171124,73.75,0,0,0,0,0.8300372,0.7245747,0.8729424
3.34618,42,118,-0.08917907,-0.135038,-0.09068605,0.264,0.1541385,0.4623886,12.5,0,0.7171124,73.75,0,0,0,0,0.8300372,0.7245747,0.8729424
3.34951,42,118,-0.08917907,-0.135038,-0.09068605,0.264,0.1541385,0.4623886,12.5,0,0.7171124,73.75,0,0,0,0,0.8300372,0.7245747,0.8729424
3.352474,42,118,-0.08917907,-0.135038,-0.09068605,0.264,0.1541385,0.4623886,12.5,0,0.7171124,73.75,0,0,0,0,0.8300372,0.7245747,0.8729424
3.356548,42,118,-0.08917907,-0.135038,-0.09068605,0.264,0.1541385,0.4623886,12.5,0,0.7171124,73.75,0,0,0,0,0.8300372,0.7245747,0.8729424
3.359684,42,118,-0.08917907,-0.135038,-0.09068605,0.264,0.1541385,0.4623886,12.5,0,0.7171124,73.75,0,0,0,0,0.8300372,0.7245747,0.8729424
3.36338,42,118,-0.08917907,-0.135038,-0.09068605,0.264,0.1541385,0.4623886,12.5,0,0.7171124,73.75,0,0,0,0,0.8300372,0.7245747,0.8729424
3.367046,42,118,-0.08917907,-0.135038,-0.09068605,0.264,0.1541385,0.4623886,12.5,0,0.7171124,73.75,0,0,0,0,0.8300372,0.7245747,0.8729424
3.369617,42,118,-0.08917907,-0.135038,-0.09068605,0.264,0.1541385,0.4623886,12.5,0,0.7171124,73.75,0,0,0,0,0.8300372,0.7245747,0.8729424
3.372223,42,118,-0.08917907,-0.135038,-0.09068605,0.264,0.1541385,0.4623886,12.5,0,0.7171124,73.75,0,0,0,0,0.8300372,0.7245747,0.8729424
3.374989,42,118,-0.08917907,-0.135038,-0.09068605,0.264,0.1541385,0.4623886,12.5,0,0.7171124,73.75,0,0,0,0,0.8300372,0.7245747,0.8729424
3.379257,42,118,-0.08917907,-0.135038,-0.09068605,0.264,0.1541385,0.4623886,12.5,0,0.7171124,73.75,0,0,0,0,0.8300372,0.7245747,0.8729424
3.383114,42,118,-0.08917907,-0.135038,-0.09068605,0.264,0.1541385,0.4623886,12.5,0,0.7171124,73.75,0,0,0,0,0.8300372,0.7245747,0.8729424
3.385929,42,118,-0.08917907,-0.135038,-0.09068605,0.264,0.1541385,0.4623886,12.5,0,0.7171124,73.75,0,0,0,0,0.8300372,0.7245747,0.8729424
3.388706,42,118,-0.08917907,-0.135038,-0.09068605,0.264,0.1541385,0.4623886,12.5,0,0.7171124,73.75,0,0,0,0,0.8300372,0.7245747,0.8729424
3.391956,42,118,-0.08917907,-0.135038,-0.09068605,0.264,0.1541385,0.4623886,12.5,0,0.7171124,73.75,0,0,0,0,0.8300372,0.7245747,0.8729424
3.395287,42,118,-0.08917907,-0.135038,-0.09068605,0.264,0.1541385,0.4623886,12.5,0,0.7171124,73.75,0,0,0,0,0.8300372,0.7245747,0.8729424
3.398979,42,118,-0.08917907,-0.135038,-0.09068605,0.264,0.1541385,0.4623886,12.5,0,0.7171124,73.75,0,0,0,0,0.8300372,0.7245747,0.8729424
3.401913,42,118,-0.08917907,-0.135038,-0.09068605,0.264,0.1541385,0.4623886,12.5,0,0.7171124,73.75,0,0,0,0,0.8300372,0.7245747,0.8729424
3.404575,42,118,-0.08917907,-0.135038,-0.09068605,0.264,0.1541385,0.4623886,12.5,0,0.7171124,73.75,0,0,0,0,0.8300372,0.7245747,0.8729424
3.40752,42,118,-0.08917907,-0.135038,-0.09068605,0.264,0.1541385,0.4623886,12.5,0,0.7171124,73.75,0,0,0,0,0.8300372,0.7245747,0.8729424
3.410561,42,118,-0.08917907,-0.135038,-0.09068605,0.264,0.1541385,0.4623886,12.5,0,0.7171124,73.75,0,0,0,0,0.8300372,0.7245747,0.8729424
3.413876,42,118,-0.08917907,-0.135038,-0.09068605,0.264,0.1541385,0.4623886,12.5,0,0.7171124,73.75,0,0,0,0,0.8300372,0.7245747,0.8729424
3.416851,42,118,-0.08917907,-0.135038,-0.09068605,0.264,0.1541385,0.4623886,12.5,0,0.7171124,73.75,0,0,0,0,0.8300372,0.7245747,0.8729424
3.420418,42,118,-0.08917907,-0.135038,-0.09068605,0.264,0.1541385,0.4623886,12.5,0,0.7171124,73.75,0,0,0,0,0.8300372,0.7245747,0.8729424
3.423168,42,118,-0.08917907,-0.135038,-0.09068605,0.264,0.1541385,0.4623886,12.5,0,0.7171124,73.75,0,0,0,0,0.8300372,0.7245747,0.8729424
3.426628,42,118,-0.08917907,-0.135038,-0.09068605,0.264,0.1541385,0.4623886,12.5,0,0.7171124,73.75,0,0,0,0,0.8300372,0.7245747,0.8729424
3.430622,42,118,-0.08917907,-0.135038,-0.09068605,0.264,0.1541385,0.4623886,12.5,0,0.7171124,73.75,0,0,0,0,0.8300372,0.7245747,0.8729424
3.433884,42,118,-0.08917907,-0.135038,-0.09068605,0.264,0.1541385,0.4623886,12.5,0,0.7171124,73.75,0,0,0,0,0.8300372,0.7245747,0.8729424
3.436661,42,118,-0.08917907,-0.135038,-0.09068605,0.264,0.1541385,0.4623886,12.5,0,0.7171124,73.75,0,0,0,0,0.8300372,0.7245747,0.8729424
3.440136,42,118,-0.08917907,-0.135038,-0.09068605,0.264,0.1541385,0.4623886,12.5,0,0.7171124,73.75,0,0,0,0,0.8300372,0.7245747,0.8729424
3.442863,42,118,-0.08917907,-0.135038,-0.09068605,0.264,0.1541385,0.4623886,12.5,0,0.7171124,73.75,0,0,0,0,0.8300372,0.7245747,0.8729424
3.446308,42,118,-0.08917907,-0.135038,-0.09068605,0.264,0.1541385,0.4623886,12.5,0,0.7171124,73.75,0,0,0,0,0.8300372,0.7245747,0.8729424
3.449398,42,118,-0.08917907,-0.135038,-0.09068605,0.264,0.1541385,0.4623886,12.5,0,0.7171124,73.75,0,0,0,0,0.8300372,0.7245747,0.8729424
3.452248,42,118,-0.08917907,-0.135038,-0.09068605,0.264,0.1541385,0.4623886,12.5,0,0.7171124,73.75,0,0,0,0,0.8300372,0.7245747,0.8729424
3.455566,42,118,-0.08917907,-0.135038,-0.09068605,0.264,0.1541385,0.4623886,12.5,0,0.7171124,73.75,0,0,0,0,0.8300372,0.7245747,0.8729424
3.458736,42,118,-0.08917907,-0.135038,-0.09068605,0.264,0.1541385,0.4623886,12.5,0,0.7171124,73.75,0,0,0,0,0.8300372,0.7245747,0.8729424
3.46159,42,118,-0.08917907,-0.135038,-0.09068605,0.264,0.1541385,0.4623886,12.5,0,0.7171124,73.75,0,0,0,0,0.8300372,0.7245747,0.8729424
3.465084,42,118,-0.08917907,-0.135038,-0.09068605,0.264,0.1541385,0.4623886,12.5,0,0.7171124,73.75,0,0,0,0,0.8300372,0.7245747,0.8729424
3.467896,42,118,-0.08917907,-0.135038,-0.09068605,0.264,0.1541385,0.4623886,12.5,0,0.7171124,73.75,0,0,0,0,0.8300372,0.7245747,0.8729424
3.470993,42,118,-0.08917907,-0.135038,-0.09068605,0.264,0.1541385,0.4623886,12.5,0,0.7171124,73.75,0,0,0,0,0.8300372,0.7245747,0.8729424
3.473549,42,118,-0.08917907,-0.135038,-0.09068605,0.264,0.1541385,0.4623886,12.5,0,0.7171124,73.75,0,0,0,0,0.8300372,0.7245747,0.8729424
3.476048,42,118,-0.08917907,-0.135038,-0.09068605,0.264,0.1541385,0.4623886,12.5,0,0.7171124,73.75,0,0,0,0,0.8300372,0.7245747,0.8729424
3.480331,42,118,-0.08917907,-0.135038,-0.09068605,0.264,0.1541385,0.4623886,12.5,0,0.7171124,73.75,0,0,0,0,0.8300372,0.7245747,0.8729424
3.484238,42,118,-0.08917907,-0.135038,-0.09068605,0.264,0.1541385,0.4623886,12.5,0,0.7171124,73.75,0,0,0,0,0.8300372,0.7245747,0.8729424
3.487274,42,118,-0.08917907,-0.135038,-0.09068605,0.264,0.1541385,0.4623886,12.5,0,0.7171124,73.75,0,0,0,0,0.8300372,0.7245747,0.8729424
3.490078,42,118,-0.08917907,-0.135038,-0.09068605,0.264,0.1541385,0.4623886,12.5,0,0.7171124,73.75,0,0,0,0,0.8300372,0.7245747,0.8729424
3.492977,42,118,-0.08917907,-0.135038,-0.09068605,0.264,0.1541385,0.4623886,12.5,0,0.7171124,73.75,0,0,0,0,0.8300372,0.7245747,0.8729424
3.496399,42,118,-0.08917907,-0.135038,-0.09068605,0.264,0.1541385,0.4623886,12.5,0,0.7171124,73.75,0,0,0,0,0.8300372,0.7245747,0.8729424
3.50024,42,118,-0.08917907,-0.135038,-0.09068605,0.264,0.1541385,0.4623886,12.5,0,0.7171124,73.75,0,0,0,0,0.8300372,0.7245747,0.8729424
3.503017,42,118,-0.08917907,-0.135038,-0.09068605,0.264,0.1541385,0.4623886,12.5,0,0.7171124,73.75,0,0,0,0,0.8300372,0.7245747,0.8729424
3.505688,42,118,-0.08917907,-0.135038,-0.09068605,0.264,0.1541385,0.4623886,12.5,0,0.7171124,73.75,0,0,0,0,0.8300372,0.7245747,0.8729424
3.508152,42,118,-0.08917907,-0.135038,-0.09068605,0.264,0.1541385,0.4623886,12.5,0,0.7171124,73.75,0,0,0,0,0.8300372,0.7245747,0.8729424
3.511021,42,118,-0.08917907,-0.135038,-0.09068605,0.264,0.1541385,0.4623886,12.5,0,0.7171124,73.75,0,0,0,0,0.8300372,0.7245747,0.8729424
3.514214,42,118,-0.08917907,-0.135038,-0.09068605,0.264,0.1541385,0.4623886,12.5,0,0.7171124,73.75,0,0,0,0,0.8300372,0.7245747,0.8729424
3.517754,42,118,-0.08917907,-0.135038,-0.09068605,0.264,0.1541385,0.4623886,12.5,0,0.7171124,73.75,0,0,0,0,0.8300372,0.7245747,0.8729424
3.520855,42,118,-0.08917907,-0.135038,-0.09068605,0.264,0.1541385,0.4623886,12.5,0,0.7171124,73.75,0,0,0,0,0.8300372,0.7245747,0.8729424
3.523609,42,118,-0.08917907,-0.135038,-0.09068605,0.264,0.1541385,0.4623886,12.5,0,0.7171124,73.75,0,0,0,0,0.8300372,0.7245747,0.8729424
3.526707,42,118,-0.08917907,-0.135038,-0.09068605,0.264,0.1541385,0.4623886,12.5,0,0.7171124,73.75,0,0,0,0,0.8300372,0.7245747,0.8729424
3.529675,42,118,-0.08917907,-0.135038,-0.09068605,0.264,0.1541385,0.4623886,12.5,0,0.7171124,73.75,0,0,0,0,0.8300372,0.7245747,0.8729424
3.533295,42,118,-0.08917907,-0.135038,-0.09068605,0.264,0.1541385,0.4623886,12.5,0,0.7171124,73.75,0,0,0,0,0.8300372,0.7245747,0.8729424
3.535755,42,118,-0.08917907,-0.135038,-0.09068605,0.264,0.1541385,0.4623886,12.5,0,0.7171124,73.75,0,0,0,0,0.8300372,0.7245747,0.8729424
3.538929,42,118,-0.08917907,-0.135038,-0.09068605,0.264,0.1541385,0.4623886,12.5,0,0.7171124,73.75,0,0,0,0,0.8300372,0.7245747,0.8729424
3.541367,42,118,-0.08917907,-0.135038,-0.09068605,0.264,0.1541385,0.4623886,12.5,0,0.7171124,73.75,0,0,0,0,0.8300372,0.7245747,0.8729424
3.544506,42,118,-0.08917907,-0.135038,-0.09068605,0.264,0.1541385,0.4623886,12.5,0,0.7171124,73.75,0,0,0,0,0.8300372,0.7245747,0.8729424
3.547848,42,118,-0.08917907,-0.135038,-0.09068605,0.264,0.1541385,0.4623886,12.5,0,0.7171124,73.75,0,0,0,0,0.8300372,0.7245747,0.8729424
3.550293,42,118,-0.08917907,-0.135038,-0.09068605,0.264,0.1541385,0.4623886,12.5,0,0.7171124,73.75,0,0,0,0,0.8300372,0.7245747,0.8729424
3.552948,42,118,-0.08917907,-0.135038,-0.09068605,0.264,0.1541385,0.4623886,12.5,0,0.7171124,73.75,0,0,0,0,0.8300372,0.7245747,0.8729424
3.555576,42,118,-0.08917907,-0.135038,-0.09068605,0.264,0.1541385,0.4623886,12.5,0,0.7171124,73.75,0,0,0,0,0.8300372,0.7245747,0.8729424
3.558533,42,118,-0.08917907,-0.135038,-0.09068605,0.264,0.1541385,0.4623886,12.5,0,0.7171124,73.75,0,0,0,0,0.8300372,0.7245747,0.8729424
3.562077,42,118,-0.08917907,-0.135038,-0.09068605,0.264,0.1541385,0.4623886,12.5,0,0.7171124,73.75,0,0,0,0,0.8300372,0.7245747,0.8729424
3.565281,42,118,-0.08917907,-0.135038,-0.09068605,0.264,0.1541385,0.4623886,12.5,0,0.7171124,73.75,0,0,0,0,0.8300372,0.7245747,0.8729424
3.568481,42,118,-0.08917907,-0.135038,-0.09068605,0.264,0.1541385,0.4623886,12.5,0,0.7171124,73.75,0,0,0,0,0.8300372,0.7245747,0.8729424
3.571438,42,118,-0.08917907,-0.135038,-0.09068605,0.264,0.1541385,0.4623886,12.5,0,0.7171124,73.75,0,0,0,0,0.8300372,0.7245747,0.8729424
3.574158,42,118,-0.08917907,-0.135038,-0.09068605,0.264,0.1541385,0.4623886,12.5,0,0.7171124,73.75,0,0,0,0,0.8300372,0.7245747,0.8729424
3.577835,42,118,-0.08917907,-0.135038,-0.09068605,0.264,0.1541385,0.4623886,12.5,0,0.7171124,73.75,0,0,0,0,0.8300372,0.7245747,0.8729424
3.581543,42,118,-0.08917907,-0.135038,-0.09068605,0.264,0.1541385,0.4623886,12.5,0,0.7171124,73.75,0,0,0,0,0.8300372,0.7245747,0.8729424
3.584721,42,118,-0.08917907,-0.135038,-0.09068605,0.264,0.1541385,0.4623886,12.5,0,0.7171124,73.75,0,0,0,0,0.8300372,0.7245747,0.8729424
3.58783,42,118,-0.08917907,-0.135038,-0.09068605,0.264,0.1541385,0.4623886,12.5,0,0.7171124,73.75,0,0,0,0,0.8300372,0.7245747,0.8729424
3.590462,42,118,-0.08917907,-0.135038,-0.09068605,0.264,0.1541385,0.4623886,12.5,0,0.7171124,73.75,0,0,0,0,0.8300372,0.7245747,0.8729424
3.593594,42,118,-0.08917907,-0.135038,-0.09068605,0.264,0.1541385,0.4623886,12.5,0,0.7171124,73.75,0,0,0,0,0.8300372,0.7245747,0.8729424
3.596714,42,118,-0.08917907,-0.135038,-0.09068605,0.264,0.1541385,0.4623886,12.5,0,0.7171124,73.75,0,0,0,0,0.8300372,0.7245747,0.8729424
3.600098,42,118,-0.08917907,-0.135038,-0.09068605,0.264,0.1541385,0.4623886,12.5,0,0.7171124,73.75,0,0,0,0,0.8300372,0.7245747,0.8729424
3.603027,42,118,-0.08917907,-0.135038,-0.09068605,0.264,0.1541385,0.4623886,12.5,0,0.7171124,73.75,0,0,0,0,0.8300372,0.7245747,0.8729424
3.606331,42,118,-0.08917907,-0.135038,-0.09068605,0.264,0.1541385,0.4623886,12.5,0,0.7171124,73.75,0,0,0,0,0.8300372,0.7245747,0.8729424
3.609837,42,118,-0.08917907,-0.135038,-0.09068605,0.264,0.1541385,0.4623886,12.5,0,0.7171124,73.75,0,0,0,0,0.8300372,0.7245747,0.8729424
3.613979,42,118,-0.08917907,-0.135038,-0.09068605,0.264,0.1541385,0.4623886,12.5,0,0.7171124,73.75,0,0,0,0,0.8300372,0.7245747,0.8729424
3.617897,42,118,-0.08917907,-0.135038,-0.09068605,0.264,0.1541385,0.4623886,12.5,0,0.7171124,73.75,0,0,0,0,0.8300372,0.7245747,0.8729424
3.620747,42,118,-0.08917907,-0.135038,-0.09068605,0.264,0.1541385,0.4623886,12.5,0,0.7171124,73.75,0,0,0,0,0.8300372,0.7245747,0.8729424
3.624828,42,118,-0.08917907,-0.135038,-0.09068605,0.264,0.1541385,0.4623886,12.5,0,0.7171124,73.75,0,0,0,0,0.8300372,0.7245747,0.8729424
3.628033,42,118,-0.08917907,-0.135038,-0.09068605,0.264,0.1541385,0.4623886,12.5,0,0.7171124,73.75,0,0,0,0,0.8300372,0.7245747,0.8729424
3.632336,42,118,-0.08917907,-0.135038,-0.09068605,0.264,0.1541385,0.4623886,12.5,0,0.7171124,73.75,0,0,0,0,0.8300372,0.7245747,0.8729424
3.635868,42,118,-0.08917907,-0.135038,-0.09068605,0.264,0.1541385,0.4623886,12.5,0,0.7171124,73.75,0,0,0,0,0.8300372,0.7245747,0.8729424
3.639252,42,118,-0.08917907,-0.135038,-0.09068605,0.264,0.1541385,0.4623886,12.5,0,0.7171124,73.75,0,0,0,0,0.8300372,0.7245747,0.8729424
3.644745,42,118,-0.08917907,-0.135038,-0.09068605,0.264,0.1541385,0.4623886,12.5,0,0.7171124,73.75,0,0,0,0,0.8300372,0.7245747,0.8729424
3.647842,42,118,-0.08917907,-0.135038,-0.09068605,0.264,0.1541385,0.4623886,12.5,0,0.7171124,73.75,0,0,0,0,0.8300372,0.7245747,0.8729424
3.650684,42,118,-0.08917907,-0.135038,-0.09068605,0.264,0.1541385,0.4623886,12.5,0,0.7171124,73.75,0,0,0,0,0.8300372,0.7245747,0.8729424
3.6535,42,118,-0.08917907,-0.135038,-0.09068605,0.264,0.1541385,0.4623886,12.5,0,0.7171124,73.75,0,0,0,0,0.8300372,0.7245747,0.8729424
3.656246,42,118,-0.08917907,-0.135038,-0.09068605,0.264,0.1541385,0.4623886,12.5,0,0.7171124,73.75,0,0,0,0,0.8300372,0.7245747,0.8729424
3.659306,42,118,-0.08917907,-0.135038,-0.09068605,0.264,0.1541385,0.4623886,12.5,0,0.7171124,73.75,0,0,0,0,0.8300372,0.7245747,0.8729424
3.662102,42,118,-0.08917907,-0.135038,-0.09068605,0.264,0.1541385,0.4623886,12.5,0,0.7171124,73.75,0,0,0,0,0.8300372,0.7245747,0.8729424
3.665447,42,118,-0.08917907,-0.135038,-0.09068605,0.264,0.1541385,0.4623886,12.5,0,0.7171124,73.75,0,0,0,0,0.8300372,0.7245747,0.8729424
3.668201,42,118,-0.08917907,-0.135038,-0.09068605,0.264,0.1541385,0.4623886,12.5,0,0.7171124,73.75,0,0,0,0,0.8300372,0.7245747,0.8729424
3.671558,42,118,-0.08917907,-0.135038,-0.09068605,0.264,0.1541385,0.4623886,12.5,0,0.7171124,73.75,0,0,0,0,0.8300372,0.7245747,0.8729424
3.674816,42,118,-0.08917907,-0.135038,-0.09068605,0.264,0.1541385,0.4623886,12.5,0,0.7171124,73.75,0,0,0,0,0.8300372,0.7245747,0.8729424
3.678734,42,118,-0.08917907,-0.135038,-0.09068605,0.264,0.1541385,0.4623886,12.5,0,0.7171124,73.75,0,0,0,0,0.8300372,0.7245747,0.8729424
3.681698,42,118,-0.08917907,-0.135038,-0.09068605,0.264,0.1541385,0.4623886,12.5,0,0.7171124,73.75,0,0,0,0,0.8300372,0.7245747,0.8729424
3.684792,42,118,-0.08917907,-0.135038,-0.09068605,0.264,0.1541385,0.4623886,12.5,0,0.7171124,73.75,0,0,0,0,0.8300372,0.7245747,0.8729424
3.688183,42,118,-0.08917907,-0.135038,-0.09068605,0.264,0.1541385,0.4623886,12.5,0,0.7171124,73.75,0,0,0,0,0.8300372,0.7245747,0.8729424
3.691071,42,118,-0.08917907,-0.135038,-0.09068605,0.264,0.1541385,0.4623886,12.5,0,0.7171124,73.75,0,0,0,0,0.8300372,0.7245747,0.8729424
3.693974,42,118,-0.08917907,-0.135038,-0.09068605,0.264,0.1541385,0.4623886,12.5,0,0.7171124,73.75,0,0,0,0,0.8300372,0.7245747,0.8729424
3.697437,42,118,-0.08917907,-0.135038,-0.09068605,0.264,0.1541385,0.4623886,12.5,0,0.7171124,73.75,0,0,0,0,0.8300372,0.7245747,0.8729424
3.700512,42,118,-0.08917907,-0.135038,-0.09068605,0.264,0.1541385,0.4623886,12.5,0,0.7171124,73.75,0,0,0,0,0.8300372,0.7245747,0.8729424
3.703663,42,118,-0.08917907,-0.135038,-0.09068605,0.264,0.1541385,0.4623886,12.5,0,0.7171124,73.75,0,0,0,0,0.8300372,0.7245747,0.8729424
3.706474,42,118,-0.08917907,-0.135038,-0.09068605,0.264,0.1541385,0.4623886,12.5,0,0.7171124,73.75,0,0,0,0,0.8300372,0.7245747,0.8729424
3.709408,42,118,-0.08917907,-0.135038,-0.09068605,0.264,0.1541385,0.4623886,12.5,0,0.7171124,73.75,0,0,0,0,0.8300372,0.7245747,0.8729424
3.712528,42,118,-0.08917907,-0.135038,-0.09068605,0.264,0.1541385,0.4623886,12.5,0,0.7171124,73.75,0,0,0,0,0.8300372,0.7245747,0.8729424
3.716564,42,118,-0.08917907,-0.135038,-0.09068605,0.264,0.1541385,0.4623886,12.5,0,0.7171124,73.75,0,0,0,0,0.8300372,0.7245747,0.8729424
3.72007,42,118,-0.08917907,-0.135038,-0.09068605,0.264,0.1541385,0.4623886,12.5,0,0.7171124,73.75,0,0,0,0,0.8300372,0.7245747,0.8729424
3.729332,42,118,-0.08917907,-0.135038,-0.09068605,0.264,0.1541385,0.4623886,12.5,0,0.7171124,73.75,0,0,0,0,0.8300372,0.7245747,0.8729424
3.742317,42,118,-0.08917907,-0.135038,-0.09068605,0.264,0.1541385,0.4623886,12.5,0,0.7171124,73.75,0,0,0,0,0.8300372,0.7245747,0.8729424
3.747894,42,118,-0.08917907,-0.135038,-0.09068605,0.264,0.1541385,0.4623886,12.5,0,0.7171124,73.75,0,0,0,0,0.8300372,0.7245747,0.8729424
3.752403,42,118,-0.08917907,-0.135038,-0.09068605,0.264,0.1541385,0.4623886,12.5,0,0.7171124,73.75,0,0,0,0,0.8300372,0.7245747,0.8729424
3.755531,42,118,-0.08917907,-0.135038,-0.09068605,0.264,0.1541385,0.4623886,12.5,0,0.7171124,73.75,0,0,0,0,0.8300372,0.7245747,0.8729424
3.758541,42,118,-0.08917907,-0.135038,-0.09068605,0.264,0.1541385,0.4623886,12.5,0,0.7171124,73.75,0,0,0,0,0.8300372,0.7245747,0.8729424
3.7612,42,118,-0.08917907,-0.135038,-0.09068605,0.264,0.1541385,0.4623886,12.5,0,0.7171124,73.75,0,0,0,0,0.8300372,0.7245747,0.8729424
3.765266,42,118,-0.08917907,-0.135038,-0.09068605,0.264,0.1541385,0.4623886,12.5,0,0.7171124,73.75,0,0,0,0,0.8300372,0.7245747,0.8729424
3.768288,42,118,-0.08917907,-0.135038,-0.09068605,0.264,0.1541385,0.4623886,12.5,0,0.7171124,73.75,0,0,0,0,0.8300372,0.7245747,0.8729424
3.771332,42,118,-0.08917907,-0.135038,-0.09068605,0.264,0.1541385,0.4623886,12.5,0,0.7171124,73.75,0,0,0,0,0.8300372,0.7245747,0.8729424
3.77417,42,118,-0.08917907,-0.135038,-0.09068605,0.264,0.1541385,0.4623886,12.5,0,0.7171124,73.75,0,0,0,0,0.8300372,0.7245747,0.8729424
3.777328,42,118,-0.08917907,-0.135038,-0.09068605,0.264,0.1541385,0.4623886,12.5,0,0.7171124,73.75,0,0,0,0,0.8300372,0.7245747,0.8729424
3.781013,42,118,-0.08917907,-0.135038,-0.09068605,0.264,0.1541385,0.4623886,12.5,0,0.7171124,73.75,0,0,0,0,0.8300372,0.7245747,0.8729424
3.783882,42,118,-0.08917907,-0.135038,-0.09068605,0.264,0.1541385,0.4623886,12.5,0,0.7171124,73.75,0,0,0,0,0.8300372,0.7245747,0.8729424
3.786877,42,118,-0.08917907,-0.135038,-0.09068605,0.264,0.1541385,0.4623886,12.5,0,0.7171124,73.75,0,0,0,0,0.8300372,0.7245747,0.8729424
3.789532,42,118,-0.08917907,-0.135038,-0.09068605,0.264,0.1541385,0.4623886,12.5,0,0.7171124,73.75,0,0,0,0,0.8300372,0.7245747,0.8729424
3.792347,42,118,-0.08917907,-0.135038,-0.09068605,0.264,0.1541385,0.4623886,12.5,0,0.7171124,73.75,0,0,0,0,0.8300372,0.7245747,0.8729424
3.79528,42,118,-0.08917907,-0.135038,-0.09068605,0.264,0.1541385,0.4623886,12.5,0,0.7171124,73.75,0,0,0,0,0.8300372,0.7245747,0.8729424
3.798992,42,118,-0.08917907,-0.135038,-0.09068605,0.264,0.1541385,0.4623886,12.5,0,0.7171124,73.75,0,0,0,0,0.8300372,0.7245747,0.8729424
3.801624,42,118,-0.08917907,-0.135038,-0.09068605,0.264,0.1541385,0.4623886,12.5,0,0.7171124,73.75,0,0,0,0,0.8300372,0.7245747,0.8729424
3.804497,42,118,-0.08917907,-0.135038,-0.09068605,0.264,0.1541385,0.4623886,12.5,0,0.7171124,73.75,0,0,0,0,0.8300372,0.7245747,0.8729424
3.807419,42,118,-0.08917907,-0.135038,-0.09068605,0.264,0.1541385,0.4623886,12.5,0,0.7171124,73.75,0,0,0,0,0.8300372,0.7245747,0.8729424
3.811272,42,118,-0.08917907,-0.135038,-0.09068605,0.264,0.1541385,0.4623886,12.5,0,0.7171124,73.75,0,0,0,0,0.8300372,0.7245747,0.8729424
3.81506,42,118,-0.08917907,-0.135038,-0.09068605,0.264,0.1541385,0.4623886,12.5,0,0.7171124,73.75,0,0,0,0,0.8300372,0.7245747,0.8729424
3.818142,42,118,-0.08917907,-0.135038,-0.09068605,0.264,0.1541385,0.4623886,12.5,0,0.7171124,73.75,0,0,0,0,0.8300372,0.7245747,0.8729424
3.821068,42,118,-0.08917907,-0.135038,-0.09068605,0.264,0.1541385,0.4623886,12.5,0,0.7171124,73.75,0,0,0,0,0.8300372,0.7245747,0.8729424
3.823753,42,118,-0.08917907,-0.135038,-0.09068605,0.264,0.1541385,0.4623886,12.5,0,0.7171124,73.75,0,0,0,0,0.8300372,0.7245747,0.8729424
3.827141,42,118,-0.08917907,-0.135038,-0.09068605,0.264,0.1541385,0.4623886,12.5,0,0.7171124,73.75,0,0,0,0,0.8300372,0.7245747,0.8729424
3.83062,42,118,-0.08917907,-0.135038,-0.09068605,0.264,0.1541385,0.4623886,12.5,0,0.7171124,73.75,0,0,0,0,0.8300372,0.7245747,0.8729424
3.833504,42,118,-0.08917907,-0.135038,-0.09068605,0.264,0.1541385,0.4623886,12.5,0,0.7171124,73.75,0,0,0,0,0.8300372,0.7245747,0.8729424
3.836037,42,118,-0.08917907,-0.135038,-0.09068605,0.264,0.1541385,0.4623886,12.5,0,0.7171124,73.75,0,0,0,0,0.8300372,0.7245747,0.8729424
3.839214,42,118,-0.08917907,-0.135038,-0.09068605,0.264,0.1541385,0.4623886,12.5,0,0.7171124,73.75,0,0,0,0,0.8300372,0.7245747,0.8729424
3.84198,42,118,-0.08917907,-0.135038,-0.09068605,0.264,0.1541385,0.4623886,12.5,0,0.7171124,73.75,0,0,0,0,0.8300372,0.7245747,0.8729424
3.845039,42,118,-0.08917907,-0.135038,-0.09068605,0.264,0.1541385,0.4623886,12.5,0,0.7171124,73.75,0,0,0,0,0.8300372,0.7245747,0.8729424
3.848164,42,118,-0.08917907,-0.135038,-0.09068605,0.264,0.1541385,0.4623886,12.5,0,0.7171124,73.75,0,0,0,0,0.8300372,0.7245747,0.8729424
3.850796,42,118,-0.08917907,-0.135038,-0.09068605,0.264,0.1541385,0.4623886,12.5,0,0.7171124,73.75,0,0,0,0,0.8300372,0.7245747,0.8729424
3.853504,42,118,-0.08917907,-0.135038,-0.09068605,0.264,0.1541385,0.4623886,12.5,0,0.7171124,73.75,0,0,0,0,0.8300372,0.7245747,0.8729424
3.856178,42,118,-0.08917907,-0.135038,-0.09068605,0.264,0.1541385,0.4623886,12.5,0,0.7171124,73.75,0,0,0,0,0.8300372,0.7245747,0.8729424
3.860184,42,118,-0.08917907,-0.135038,-0.09068605,0.264,0.1541385,0.4623886,12.5,0,0.7171124,73.75,0,0,0,0,0.8300372,0.7245747,0.8729424
3.862755,42,118,-0.08917907,-0.135038,-0.09068605,0.264,0.1541385,0.4623886,12.5,0,0.7171124,73.75,0,0,0,0,0.8300372,0.7245747,0.8729424
3.865295,42,118,-0.08917907,-0.135038,-0.09068605,0.264,0.1541385,0.4623886,12.5,0,0.7171124,73.75,0,0,0,0,0.8300372,0.7245747,0.8729424
3.86787,42,118,-0.08917907,-0.135038,-0.09068605,0.264,0.1541385,0.4623886,12.5,0,0.7171124,73.75,0,0,0,0,0.8300372,0.7245747,0.8729424
3.870274,42,118,-0.08917907,-0.135038,-0.09068605,0.264,0.1541385,0.4623886,12.5,0,0.7171124,73.75,0,0,0,0,0.8300372,0.7245747,0.8729424
3.873077,42,118,-0.08917907,-0.135038,-0.09068605,0.264,0.1541385,0.4623886,12.5,0,0.7171124,73.75,0,0,0,0,0.8300372,0.7245747,0.8729424
3.875641,42,118,-0.08917907,-0.135038,-0.09068605,0.264,0.1541385,0.4623886,12.5,0,0.7171124,73.75,0,0,0,0,0.8300372,0.7245747,0.8729424
3.878979,42,118,-0.08917907,-0.135038,-0.09068605,0.264,0.1541385,0.4623886,12.5,0,0.7171124,73.75,0,0,0,0,0.8300372,0.7245747,0.8729424
3.881207,42,118,-0.08917907,-0.135038,-0.09068605,0.264,0.1541385,0.4623886,12.5,0,0.7171124,73.75,0,0,0,0,0.8300372,0.7245747,0.8729424
3.883427,42,118,-0.08917907,-0.135038,-0.09068605,0.264,0.1541385,0.4623886,12.5,0,0.7171124,73.75,0,0,0,0,0.8300372,0.7245747,0.8729424
3.88559,42,118,-0.08917907,-0.135038,-0.09068605,0.264,0.1541385,0.4623886,12.5,0,0.7171124,73.75,0,0,0,0,0.8300372,0.7245747,0.8729424
3.887787,42,118,-0.08917907,-0.135038,-0.09068605,0.264,0.1541385,0.4623886,12.5,0,0.7171124,73.75,0,0,0,0,0.8300372,0.7245747,0.8729424
3.890564,42,118,-0.08917907,-0.135038,-0.09068605,0.264,0.1541385,0.4623886,12.5,0,0.7171124,73.75,0,0,0,0,0.8300372,0.7245747,0.8729424
3.893669,42,118,-0.08917907,-0.135038,-0.09068605,0.264,0.1541385,0.4623886,12.5,0,0.7171124,73.75,0,0,0,0,0.8300372,0.7245747,0.8729424
3.896534,42,118,-0.08917907,-0.135038,-0.09068605,0.264,0.1541385,0.4623886,12.5,0,0.7171124,73.75,0,0,0,0,0.8300372,0.7245747,0.8729424
3.899391,42,118,-0.08917907,-0.135038,-0.09068605,0.264,0.1541385,0.4623886,12.5,0,0.7171124,73.75,0,0,0,0,0.8300372,0.7245747,0.8729424
3.901764,42,118,-0.08917907,-0.135038,-0.09068605,0.264,0.1541385,0.4623886,12.5,0,0.7171124,73.75,0,0,0,0,0.8300372,0.7245747,0.8729424
3.904255,42,118,-0.08917907,-0.135038,-0.09068605,0.264,0.1541385,0.4623886,12.5,0,0.7171124,73.75,0,0,0,0,0.8300372,0.7245747,0.8729424
3.907761,42,118,-0.08917907,-0.135038,-0.09068605,0.264,0.1541385,0.4623886,12.5,0,0.7171124,73.75,0,0,0,0,0.8300372,0.7245747,0.8729424
3.911613,42,118,-0.08917907,-0.135038,-0.09068605,0.264,0.1541385,0.4623886,12.5,0,0.7171124,73.75,0,0,0,0,0.8300372,0.7245747,0.8729424
3.915073,42,118,-0.08917907,-0.135038,-0.09068605,0.264,0.1541385,0.4623886,12.5,0,0.7171124,73.75,0,0,0,0,0.8300372,0.7245747,0.8729424
3.918144,42,118,-0.08917907,-0.135038,-0.09068605,0.264,0.1541385,0.4623886,12.5,0,0.7171124,73.75,0,0,0,0,0.8300372,0.7245747,0.8729424
3.921104,42,118,-0.08917907,-0.135038,-0.09068605,0.264,0.1541385,0.4623886,12.5,0,0.7171124,73.75,0,0,0,0,0.8300372,0.7245747,0.8729424
3.924423,42,118,-0.08917907,-0.135038,-0.09068605,0.264,0.1541385,0.4623886,12.5,0,0.7171124,73.75,0,0,0,0,0.8300372,0.7245747,0.8729424
3.928089,42,118,-0.08917907,-0.135038,-0.09068605,0.264,0.1541385,0.4623886,12.5,0,0.7171124,73.75,0,0,0,0,0.8300372,0.7245747,0.8729424
3.930695,42,118,-0.08917907,-0.135038,-0.09068605,0.264,0.1541385,0.4623886,12.5,0,0.7171124,73.75,0,0,0,0,0.8300372,0.7245747,0.8729424
3.93335,42,118,-0.08917907,-0.135038,-0.09068605,0.264,0.1541385,0.4623886,12.5,0,0.7171124,73.75,0,0,0,0,0.8300372,0.7245747,0.8729424
3.937229,42,118,-0.08917907,-0.135038,-0.09068605,0.264,0.1541385,0.4623886,12.5,0,0.7171124,73.75,0,0,0,0,0.8300372,0.7245747,0.8729424
3.94038,42,118,-0.08917907,-0.135038,-0.09068605,0.264,0.1541385,0.4623886,12.5,0,0.7171124,73.75,0,0,0,0,0.8300372,0.7245747,0.8729424
3.943153,42,118,-0.08917907,-0.135038,-0.09068605,0.264,0.1541385,0.4623886,12.5,0,0.7171124,73.75,0,0,0,0,0.8300372,0.7245747,0.8729424
3.946156,42,118,-0.08917907,-0.135038,-0.09068605,0.264,0.1541385,0.4623886,12.5,0,0.7171124,73.75,0,0,0,0,0.8300372,0.7245747,0.8729424
3.949005,42,118,-0.08917907,-0.135038,-0.09068605,0.264,0.1541385,0.4623886,12.5,0,0.7171124,73.75,0,0,0,0,0.8300372,0.7245747,0.8729424
3.952106,42,118,-0.08917907,-0.135038,-0.09068605,0.264,0.1541385,0.4623886,12.5,0,0.7171124,73.75,0,0,0,0,0.8300372,0.7245747,0.8729424
3.955257,42,118,-0.08917907,-0.135038,-0.09068605,0.264,0.1541385,0.4623886,12.5,0,0.7171124,73.75,0,0,0,0,0.8300372,0.7245747,0.8729424
3.958534,42,118,-0.08917907,-0.135038,-0.09068605,0.264,0.1541385,0.4623886,12.5,0,0.7171124,73.75,0,0,0,0,0.8300372,0.7245747,0.8729424
3.962402,42,118,-0.08917907,-0.135038,-0.09068605,0.264,0.1541385,0.4623886,12.5,0,0.7171124,73.75,0,0,0,0,0.8300372,0.7245747,0.8729424
3.965172,42,118,-0.08917907,-0.135038,-0.09068605,0.264,0.1541385,0.4623886,12.5,0,0.7171124,73.75,0,0,0,0,0.8300372,0.7245747,0.8729424
3.96788,42,118,-0.08917907,-0.135038,-0.09068605,0.264,0.1541385,0.4623886,12.5,0,0.7171124,73.75,0,0,0,0,0.8300372,0.7245747,0.8729424
3.970879,42,118,-0.08917907,-0.135038,-0.09068605,0.264,0.1541385,0.4623886,12.5,0,0.7171124,73.75,0,0,0,0,0.8300372,0.7245747,0.8729424
3.973522,42,118,-0.08917907,-0.135038,-0.09068605,0.264,0.1541385,0.4623886,12.5,0,0.7171124,73.75,0,0,0,0,0.8300372,0.7245747,0.8729424
3.97644,42,118,-0.08917907,-0.135038,-0.09068605,0.264,0.1541385,0.4623886,12.5,0,0.7171124,73.75,0,0,0,0,0.8300372,0.7245747,0.8729424
3.981205,42,118,-0.08917907,-0.135038,-0.09068605,0.264,0.1541385,0.4623886,12.5,0,0.7171124,73.75,0,0,0,0,0.8300372,0.7245747,0.8729424
3.984608,42,118,-0.08917907,-0.135038,-0.09068605,0.264,0.1541385,0.4623886,12.5,0,0.7171124,73.75,0,0,0,0,0.8300372,0.7245747,0.8729424
3.987881,42,118,-0.08917907,-0.135038,-0.09068605,0.264,0.1541385,0.4623886,12.5,0,0.7171124,73.75,0,0,0,0,0.8300372,0.7245747,0.8729424
3.991089,42,118,-0.08917907,-0.135038,-0.09068605,0.264,0.1541385,0.4623886,12.5,0,0.7171124,73.75,0,0,0,0,0.8300372,0.7245747,0.8729424
3.993916,42,118,-0.08917907,-0.135038,-0.09068605,0.264,0.1541385,0.4623886,12.5,0,0.7171124,73.75,0,0,0,0,0.8300372,0.7245747,0.8729424
3.997227,42,118,-0.08917907,-0.135038,-0.09068605,0.264,0.1541385,0.4623886,12.5,0,0.7171124,73.75,0,0,0,0,0.8300372,0.7245747,0.8729424
4.000763,42,118,-0.08917907,-0.135038,-0.09068605,0.264,0.1541385,0.4623886,12.5,0,0.7171124,73.75,0,0,0,0,0.8300372,0.7245747,0.8729424
4.003582,42,118,-0.08917907,-0.135038,-0.09068605,0.264,0.1541385,0.4623886,12.5,0,0.7171124,73.75,0,0,0,0,0.8300372,0.7245747,0.8729424
4.006565,42,118,-0.08917907,-0.135038,-0.09068605,0.264,0.1541385,0.4623886,12.5,0,0.7171124,73.75,0,0,0,0,0.8300372,0.7245747,0.8729424
4.009487,42,118,-0.08917907,-0.135038,-0.09068605,0.264,0.1541385,0.4623886,12.5,0,0.7171124,73.75,0,0,0,0,0.8300372,0.7245747,0.8729424
4.012699,42,118,-0.08917907,-0.135038,-0.09068605,0.264,0.1541385,0.4623886,12.5,0,0.7171124,73.75,0,0,0,0,0.8300372,0.7245747,0.8729424
4.015583,42,118,-0.08917907,-0.135038,-0.09068605,0.264,0.1541385,0.4623886,12.5,0,0.7171124,73.75,0,0,0,0,0.8300372,0.7245747,0.8729424
4.018559,42,118,-0.08917907,-0.135038,-0.09068605,0.264,0.1541385,0.4623886,12.5,0,0.7171124,73.75,0,0,0,0,0.8300372,0.7245747,0.8729424
4.02076,42,118,-0.08917907,-0.135038,-0.09068605,0.264,0.1541385,0.4623886,12.5,0,0.7171124,73.75,0,0,0,0,0.8300372,0.7245747,0.8729424
4.023205,42,118,-0.08917907,-0.135038,-0.09068605,0.264,0.1541385,0.4623886,12.5,0,0.7171124,73.75,0,0,0,0,0.8300372,0.7245747,0.8729424
4.025822,42,118,-0.08917907,-0.135038,-0.09068605,0.264,0.1541385,0.4623886,12.5,0,0.7171124,73.75,0,0,0,0,0.8300372,0.7245747,0.8729424
4.028641,42,118,-0.08917907,-0.135038,-0.09068605,0.264,0.1541385,0.4623886,12.5,0,0.7171124,73.75,0,0,0,0,0.8300372,0.7245747,0.8729424
4.031364,42,118,-0.08917907,-0.135038,-0.09068605,0.264,0.1541385,0.4623886,12.5,0,0.7171124,73.75,0,0,0,0,0.8300372,0.7245747,0.8729424
4.034153,42,118,-0.08917907,-0.135038,-0.09068605,0.264,0.1541385,0.4623886,12.5,0,0.7171124,73.75,0,0,0,0,0.8300372,0.7245747,0.8729424
4.036877,42,118,-0.08917907,-0.135038,-0.09068605,0.264,0.1541385,0.4623886,12.5,0,0.7171124,73.75,0,0,0,0,0.8300372,0.7245747,0.8729424
4.039589,42,118,-0.08917907,-0.135038,-0.09068605,0.264,0.1541385,0.4623886,12.5,0,0.7171124,73.75,0,0,0,0,0.8300372,0.7245747,0.8729424
4.041954,42,118,-0.08917907,-0.135038,-0.09068605,0.264,0.1541385,0.4623886,12.5,0,0.7171124,73.75,0,0,0,0,0.8300372,0.7245747,0.8729424
4.044746,42,118,-0.08917907,-0.135038,-0.09068605,0.264,0.1541385,0.4623886,12.5,0,0.7171124,73.75,0,0,0,0,0.8300372,0.7245747,0.8729424
4.04842,42,118,-0.08917907,-0.135038,-0.09068605,0.264,0.1541385,0.4623886,12.5,0,0.7171124,73.75,0,0,0,0,0.8300372,0.7245747,0.8729424
4.051071,42,118,-0.08917907,-0.135038,-0.09068605,0.264,0.1541385,0.4623886,12.5,0,0.7171124,73.75,0,0,0,0,0.8300372,0.7245747,0.8729424
4.053925,42,118,-0.08917907,-0.135038,-0.09068605,0.264,0.1541385,0.4623886,12.5,0,0.7171124,73.75,0,0,0,0,0.8300372,0.7245747,0.8729424
4.056461,42,118,-0.08917907,-0.135038,-0.09068605,0.264,0.1541385,0.4623886,12.5,0,0.7171124,73.75,0,0,0,0,0.8300372,0.7245747,0.8729424
4.059303,42,118,-0.08917907,-0.135038,-0.09068605,0.264,0.1541385,0.4623886,12.5,0,0.7171124,73.75,0,0,0,0,0.8300372,0.7245747,0.8729424
4.062428,42,118,-0.08917907,-0.135038,-0.09068605,0.264,0.1541385,0.4623886,12.5,0,0.7171124,73.75,0,0,0,0,0.8300372,0.7245747,0.8729424
4.06596,42,118,-0.08917907,-0.135038,-0.09068605,0.264,0.1541385,0.4623886,12.5,0,0.7171124,73.75,0,0,0,0,0.8300372,0.7245747,0.8729424
4.068619,42,118,-0.08917907,-0.135038,-0.09068605,0.264,0.1541385,0.4623886,12.5,0,0.7171124,73.75,0,0,0,0,0.8300372,0.7245747,0.8729424
4.071377,42,118,-0.08917907,-0.135038,-0.09068605,0.264,0.1541385,0.4623886,12.5,0,0.7171124,73.75,0,0,0,0,0.8300372,0.7245747,0.8729424
4.073864,42,118,-0.08917907,-0.135038,-0.09068605,0.264,0.1541385,0.4623886,12.5,0,0.7171124,73.75,0,0,0,0,0.8300372,0.7245747,0.8729424
4.076618,42,118,-0.08917907,-0.135038,-0.09068605,0.264,0.1541385,0.4623886,12.5,0,0.7171124,73.75,0,0,0,0,0.8300372,0.7245747,0.8729424
4.079941,42,118,-0.08917907,-0.135038,-0.09068605,0.264,0.1541385,0.4623886,12.5,0,0.7171124,73.75,0,0,0,0,0.8300372,0.7245747,0.8729424
4.082253,42,118,-0.08917907,-0.135038,-0.09068605,0.264,0.1541385,0.4623886,12.5,0,0.7171124,73.75,0,0,0,0,0.8300372,0.7245747,0.8729424
4.08456,42,118,-0.08917907,-0.135038,-0.09068605,0.264,0.1541385,0.4623886,12.5,0,0.7171124,73.75,0,0,0,0,0.8300372,0.7245747,0.8729424
4.087009,42,118,-0.08917907,-0.135038,-0.09068605,0.264,0.1541385,0.4623886,12.5,0,0.7171124,73.75,0,0,0,0,0.8300372,0.7245747,0.8729424
4.089115,42,118,-0.08917907,-0.135038,-0.09068605,0.264,0.1541385,0.4623886,12.5,0,0.7171124,73.75,0,0,0,0,0.8300372,0.7245747,0.8729424
4.091904,42,118,-0.08917907,-0.135038,-0.09068605,0.264,0.1541385,0.4623886,12.5,0,0.7171124,73.75,0,0,0,0,0.8300372,0.7245747,0.8729424
4.094723,42,118,-0.08917907,-0.135038,-0.09068605,0.264,0.1541385,0.4623886,12.5,0,0.7171124,73.75,0,0,0,0,0.8300372,0.7245747,0.8729424
4.098137,42,118,-0.08917907,-0.135038,-0.09068605,0.264,0.1541385,0.4623886,12.5,0,0.7171124,73.75,0,0,0,0,0.8300372,0.7245747,0.8729424
4.100616,42,118,-0.08917907,-0.135038,-0.09068605,0.264,0.1541385,0.4623886,12.5,0,0.7171124,73.75,0,0,0,0,0.8300372,0.7245747,0.8729424
4.103024,42,118,-0.08917907,-0.135038,-0.09068605,0.264,0.1541385,0.4623886,12.5,0,0.7171124,73.75,0,0,0,0,0.8300372,0.7245747,0.8729424
4.10598,42,118,-0.08917907,-0.135038,-0.09068605,0.264,0.1541385,0.4623886,12.5,0,0.7171124,73.75,0,0,0,0,0.8300372,0.7245747,0.8729424
4.108681,42,118,-0.08917907,-0.135038,-0.09068605,0.264,0.1541385,0.4623886,12.5,0,0.7171124,73.75,0,0,0,0,0.8300372,0.7245747,0.8729424
4.111473,42,118,-0.08917907,-0.135038,-0.09068605,0.264,0.1541385,0.4623886,12.5,0,0.7171124,73.75,0,0,0,0,0.8300372,0.7245747,0.8729424
4.113823,42,118,-0.08917907,-0.135038,-0.09068605,0.264,0.1541385,0.4623886,12.5,0,0.7171124,73.75,0,0,0,0,0.8300372,0.7245747,0.8729424
4.116341,42,118,-0.08917907,-0.135038,-0.09068605,0.264,0.1541385,0.4623886,12.5,0,0.7171124,73.75,0,0,0,0,0.8300372,0.7245747,0.8729424
4.119236,42,118,-0.08917907,-0.135038,-0.09068605,0.264,0.1541385,0.4623886,12.5,0,0.7171124,73.75,0,0,0,0,0.8300372,0.7245747,0.8729424
4.122066,42,118,-0.08917907,-0.135038,-0.09068605,0.264,0.1541385,0.4623886,12.5,0,0.7171124,73.75,0,0,0,0,0.8300372,0.7245747,0.8729424
4.124607,42,118,-0.08917907,-0.135038,-0.09068605,0.264,0.1541385,0.4623886,12.5,0,0.7171124,73.75,0,0,0,0,0.8300372,0.7245747,0.8729424
4.127182,42,118,-0.08917907,-0.135038,-0.09068605,0.264,0.1541385,0.4623886,12.5,0,0.7171124,73.75,0,0,0,0,0.8300372,0.7245747,0.8729424
4.129753,42,118,-0.08917907,-0.135038,-0.09068605,0.264,0.1541385,0.4623886,12.5,0,0.7171124,73.75,0,0,0,0,0.8300372,0.7245747,0.8729424
4.132374,42,118,-0.08917907,-0.135038,-0.09068605,0.264,0.1541385,0.4623886,12.5,0,0.7171124,73.75,0,0,0,0,0.8300372,0.7245747,0.8729424
4.134933,42,118,-0.08917907,-0.135038,-0.09068605,0.264,0.1541385,0.4623886,12.5,0,0.7171124,73.75,0,0,0,0,0.8300372,0.7245747,0.8729424
4.137573,42,118,-0.08917907,-0.135038,-0.09068605,0.264,0.1541385,0.4623886,12.5,0,0.7171124,73.75,0,0,0,0,0.8300372,0.7245747,0.8729424
4.140198,42,118,-0.08917907,-0.135038,-0.09068605,0.264,0.1541385,0.4623886,12.5,0,0.7171124,73.75,0,0,0,0,0.8300372,0.7245747,0.8729424
4.143116,42,118,-0.08917907,-0.135038,-0.09068605,0.264,0.1541385,0.4623886,12.5,0,0.7171124,73.75,0,0,0,0,0.8300372,0.7245747,0.8729424
4.145737,42,118,-0.08917907,-0.135038,-0.09068605,0.264,0.1541385,0.4623886,12.5,0,0.7171124,73.75,0,0,0,0,0.8300372,0.7245747,0.8729424
4.148121,42,118,-0.08917907,-0.135038,-0.09068605,0.264,0.1541385,0.4623886,12.5,0,0.7171124,73.75,0,0,0,0,0.8300372,0.7245747,0.8729424
4.150478,42,118,-0.08917907,-0.135038,-0.09068605,0.264,0.1541385,0.4623886,12.5,0,0.7171124,73.75,0,0,0,0,0.8300372,0.7245747,0.8729424
4.152672,42,118,-0.08917907,-0.135038,-0.09068605,0.264,0.1541385,0.4623886,12.5,0,0.7171124,73.75,0,0,0,0,0.8300372,0.7245747,0.8729424
4.155174,42,118,-0.08917907,-0.135038,-0.09068605,0.264,0.1541385,0.4623886,12.5,0,0.7171124,73.75,0,0,0,0,0.8300372,0.7245747,0.8729424
4.158142,42,118,-0.08917907,-0.135038,-0.09068605,0.264,0.1541385,0.4623886,12.5,0,0.7171124,73.75,0,0,0,0,0.8300372,0.7245747,0.8729424
4.160851,42,118,-0.08917907,-0.135038,-0.09068605,0.264,0.1541385,0.4623886,12.5,0,0.7171124,73.75,0,0,0,0,0.8300372,0.7245747,0.8729424
4.163242,42,118,-0.08917907,-0.135038,-0.09068605,0.264,0.1541385,0.4623886,12.5,0,0.7171124,73.75,0,0,0,0,0.8300372,0.7245747,0.8729424
4.165653,42,118,-0.08917907,-0.135038,-0.09068605,0.264,0.1541385,0.4623886,12.5,0,0.7171124,73.75,0,0,0,0,0.8300372,0.7245747,0.8729424
4.167908,42,118,-0.08917907,-0.135038,-0.09068605,0.264,0.1541385,0.4623886,12.5,0,0.7171124,73.75,0,0,0,0,0.8300372,0.7245747,0.8729424
4.170151,42,118,-0.08917907,-0.135038,-0.09068605,0.264,0.1541385,0.4623886,12.5,0,0.7171124,73.75,0,0,0,0,0.8300372,0.7245747,0.8729424
4.173088,42,118,-0.08917907,-0.135038,-0.09068605,0.264,0.1541385,0.4623886,12.5,0,0.7171124,73.75,0,0,0,0,0.8300372,0.7245747,0.8729424
4.175571,42,118,-0.08917907,-0.135038,-0.09068605,0.264,0.1541385,0.4623886,12.5,0,0.7171124,73.75,0,0,0,0,0.8300372,0.7245747,0.8729424
4.178917,42,118,-0.08917907,-0.135038,-0.09068605,0.264,0.1541385,0.4623886,12.5,0,0.7171124,73.75,0,0,0,0,0.8300372,0.7245747,0.8729424
4.181217,42,118,-0.08917907,-0.135038,-0.09068605,0.264,0.1541385,0.4623886,12.5,0,0.7171124,73.75,0,0,0,0,0.8300372,0.7245747,0.8729424
4.183533,42,118,-0.08917907,-0.135038,-0.09068605,0.264,0.1541385,0.4623886,12.5,0,0.7171124,73.75,0,0,0,0,0.8300372,0.7245747,0.8729424
4.186794,42,118,-0.08917907,-0.135038,-0.09068605,0.264,0.1541385,0.4623886,12.5,0,0.7171124,73.75,0,0,0,0,0.8300372,0.7245747,0.8729424
4.189316,42,118,-0.08917907,-0.135038,-0.09068605,0.264,0.1541385,0.4623886,12.5,0,0.7171124,73.75,0,0,0,0,0.8300372,0.7245747,0.8729424
4.191463,42,118,-0.08917907,-0.135038,-0.09068605,0.264,0.1541385,0.4623886,12.5,0,0.7171124,73.75,0,0,0,0,0.8300372,0.7245747,0.8729424
4.19397,42,118,-0.08917907,-0.135038,-0.09068605,0.264,0.1541385,0.4623886,12.5,0,0.7171124,73.75,0,0,0,0,0.8300372,0.7245747,0.8729424
4.196869,42,118,-0.08917907,-0.135038,-0.09068605,0.264,0.1541385,0.4623886,12.5,0,0.7171124,73.75,0,0,0,0,0.8300372,0.7245747,0.8729424
4.199196,42,118,-0.08917907,-0.135038,-0.09068605,0.264,0.1541385,0.4623886,12.5,0,0.7171124,73.75,0,0,0,0,0.8300372,0.7245747,0.8729424
4.201447,42,118,-0.08917907,-0.135038,-0.09068605,0.264,0.1541385,0.4623886,12.5,0,0.7171124,73.75,0,0,0,0,0.8300372,0.7245747,0.8729424
4.204067,42,118,-0.08917907,-0.135038,-0.09068605,0.264,0.1541385,0.4623886,12.5,0,0.7171124,73.75,0,0,0,0,0.8300372,0.7245747,0.8729424
4.206287,42,118,-0.08917907,-0.135038,-0.09068605,0.264,0.1541385,0.4623886,12.5,0,0.7171124,73.75,0,0,0,0,0.8300372,0.7245747,0.8729424
4.20863,42,118,-0.08917907,-0.135038,-0.09068605,0.264,0.1541385,0.4623886,12.5,0,0.7171124,73.75,0,0,0,0,0.8300372,0.7245747,0.8729424
4.211121,42,118,-0.08917907,-0.135038,-0.09068605,0.264,0.1541385,0.4623886,12.5,0,0.7171124,73.75,0,0,0,0,0.8300372,0.7245747,0.8729424
4.213535,42,118,-0.08917907,-0.135038,-0.09068605,0.264,0.1541385,0.4623886,12.5,0,0.7171124,73.75,0,0,0,0,0.8300372,0.7245747,0.8729424
4.215748,42,118,-0.08917907,-0.135038,-0.09068605,0.264,0.1541385,0.4623886,12.5,0,0.7171124,73.75,0,0,0,0,0.8300372,0.7245747,0.8729424
4.218735,42,118,-0.08917907,-0.135038,-0.09068605,0.264,0.1541385,0.4623886,12.5,0,0.7171124,73.75,0,0,0,0,0.8300372,0.7245747,0.8729424
4.221069,42,118,-0.08917907,-0.135038,-0.09068605,0.264,0.1541385,0.4623886,12.5,0,0.7171124,73.75,0,0,0,0,0.8300372,0.7245747,0.8729424
4.223904,42,118,-0.08917907,-0.135038,-0.09068605,0.264,0.1541385,0.4623886,12.5,0,0.7171124,73.75,0,0,0,0,0.8300372,0.7245747,0.8729424
4.226677,42,118,-0.08917907,-0.135038,-0.09068605,0.264,0.1541385,0.4623886,12.5,0,0.7171124,73.75,0,0,0,0,0.8300372,0.7245747,0.8729424
4.230709,42,118,-0.08917907,-0.135038,-0.09068605,0.264,0.1541385,0.4623886,12.5,0,0.7171124,73.75,0,0,0,0,0.8300372,0.7245747,0.8729424
4.233421,42,118,-0.08917907,-0.135038,-0.09068605,0.264,0.1541385,0.4623886,12.5,0,0.7171124,73.75,0,0,0,0,0.8300372,0.7245747,0.8729424
4.235752,42,118,-0.08917907,-0.135038,-0.09068605,0.264,0.1541385,0.4623886,12.5,0,0.7171124,73.75,0,0,0,0,0.8300372,0.7245747,0.8729424
4.238338,42,118,-0.08917907,-0.135038,-0.09068605,0.264,0.1541385,0.4623886,12.5,0,0.7171124,73.75,0,0,0,0,0.8300372,0.7245747,0.8729424
4.24049,42,118,-0.08917907,-0.135038,-0.09068605,0.264,0.1541385,0.4623886,12.5,0,0.7171124,73.75,0,0,0,0,0.8300372,0.7245747,0.8729424
4.242741,42,118,-0.08917907,-0.135038,-0.09068605,0.264,0.1541385,0.4623886,12.5,0,0.7171124,73.75,0,0,0,0,0.8300372,0.7245747,0.8729424
4.245384,42,118,-0.08917907,-0.135038,-0.09068605,0.264,0.1541385,0.4623886,12.5,0,0.7171124,73.75,0,0,0,0,0.8300372,0.7245747,0.8729424
4.248074,42,118,-0.08917907,-0.135038,-0.09068605,0.264,0.1541385,0.4623886,12.5,0,0.7171124,73.75,0,0,0,0,0.8300372,0.7245747,0.8729424
4.250465,42,118,-0.08917907,-0.135038,-0.09068605,0.264,0.1541385,0.4623886,12.5,0,0.7171124,73.75,0,0,0,0,0.8300372,0.7245747,0.8729424
4.252781,42,118,-0.08917907,-0.135038,-0.09068605,0.264,0.1541385,0.4623886,12.5,0,0.7171124,73.75,0,0,0,0,0.8300372,0.7245747,0.8729424
4.255302,42,118,-0.08917907,-0.135038,-0.09068605,0.264,0.1541385,0.4623886,12.5,0,0.7171124,73.75,0,0,0,0,0.8300372,0.7245747,0.8729424
4.257866,42,118,-0.08917907,-0.135038,-0.09068605,0.264,0.1541385,0.4623886,12.5,0,0.7171124,73.75,0,0,0,0,0.8300372,0.7245747,0.8729424
4.260384,42,118,-0.08917907,-0.135038,-0.09068605,0.264,0.1541385,0.4623886,12.5,0,0.7171124,73.75,0,0,0,0,0.8300372,0.7245747,0.8729424
4.262859,42,118,-0.08917907,-0.135038,-0.09068605,0.264,0.1541385,0.4623886,12.5,0,0.7171124,73.75,0,0,0,0,0.8300372,0.7245747,0.8729424
4.266003,42,118,-0.08917907,-0.135038,-0.09068605,0.264,0.1541385,0.4623886,12.5,0,0.7171124,73.75,0,0,0,0,0.8300372,0.7245747,0.8729424
4.268341,42,118,-0.08917907,-0.135038,-0.09068605,0.264,0.1541385,0.4623886,12.5,0,0.7171124,73.75,0,0,0,0,0.8300372,0.7245747,0.8729424
4.270599,42,118,-0.08917907,-0.135038,-0.09068605,0.264,0.1541385,0.4623886,12.5,0,0.7171124,73.75,0,0,0,0,0.8300372,0.7245747,0.8729424
4.272873,42,118,-0.08917907,-0.135038,-0.09068605,0.264,0.1541385,0.4623886,12.5,0,0.7171124,73.75,0,0,0,0,0.8300372,0.7245747,0.8729424
4.275166,42,118,-0.08917907,-0.135038,-0.09068605,0.264,0.1541385,0.4623886,12.5,0,0.7171124,73.75,0,0,0,0,0.8300372,0.7245747,0.8729424
4.27832,42,118,-0.08917907,-0.135038,-0.09068605,0.264,0.1541385,0.4623886,12.5,0,0.7171124,73.75,0,0,0,0,0.8300372,0.7245747,0.8729424
4.280697,42,118,-0.08917907,-0.135038,-0.09068605,0.264,0.1541385,0.4623886,12.5,0,0.7171124,73.75,0,0,0,0,0.8300372,0.7245747,0.8729424
4.28307,42,118,-0.08917907,-0.135038,-0.09068605,0.264,0.1541385,0.4623886,12.5,0,0.7171124,73.75,0,0,0,0,0.8300372,0.7245747,0.8729424
4.285294,42,118,-0.08917907,-0.135038,-0.09068605,0.264,0.1541385,0.4623886,12.5,0,0.7171124,73.75,0,0,0,0,0.8300372,0.7245747,0.8729424
4.287502,42,118,-0.08917907,-0.135038,-0.09068605,0.264,0.1541385,0.4623886,12.5,0,0.7171124,73.75,0,0,0,0,0.8300372,0.7245747,0.8729424
4.289639,42,118,-0.08917907,-0.135038,-0.09068605,0.264,0.1541385,0.4623886,12.5,0,0.7171124,73.75,0,0,0,0,0.8300372,0.7245747,0.8729424
4.291851,42,118,-0.08917907,-0.135038,-0.09068605,0.264,0.1541385,0.4623886,12.5,0,0.7171124,73.75,0,0,0,0,0.8300372,0.7245747,0.8729424
4.295193,42,118,-0.08917907,-0.135038,-0.09068605,0.264,0.1541385,0.4623886,12.5,0,0.7171124,73.75,0,0,0,0,0.8300372,0.7245747,0.8729424
4.298145,42,118,-0.08917907,-0.135038,-0.09068605,0.264,0.1541385,0.4623886,12.5,0,0.7171124,73.75,0,0,0,0,0.8300372,0.7245747,0.8729424
4.300415,42,118,-0.08917907,-0.135038,-0.09068605,0.264,0.1541385,0.4623886,12.5,0,0.7171124,73.75,0,0,0,0,0.8300372,0.7245747,0.8729424
4.302547,42,118,-0.08917907,-0.135038,-0.09068605,0.264,0.1541385,0.4623886,12.5,0,0.7171124,73.75,0,0,0,0,0.8300372,0.7245747,0.8729424
4.30479,42,118,-0.08917907,-0.135038,-0.09068605,0.264,0.1541385,0.4623886,12.5,0,0.7171124,73.75,0,0,0,0,0.8300372,0.7245747,0.8729424
4.30695,42,118,-0.08917907,-0.135038,-0.09068605,0.264,0.1541385,0.4623886,12.5,0,0.7171124,73.75,0,0,0,0,0.8300372,0.7245747,0.8729424
4.309132,42,118,-0.08917907,-0.135038,-0.09068605,0.264,0.1541385,0.4623886,12.5,0,0.7171124,73.75,0,0,0,0,0.8300372,0.7245747,0.8729424
4.312153,42,118,-0.08917907,-0.135038,-0.09068605,0.264,0.1541385,0.4623886,12.5,0,0.7171124,73.75,0,0,0,0,0.8300372,0.7245747,0.8729424
4.314404,42,118,-0.08917907,-0.135038,-0.09068605,0.264,0.1541385,0.4623886,12.5,0,0.7171124,73.75,0,0,0,0,0.8300372,0.7245747,0.8729424
4.317017,42,118,-0.08917907,-0.135038,-0.09068605,0.264,0.1541385,0.4623886,12.5,0,0.7171124,73.75,0,0,0,0,0.8300372,0.7245747,0.8729424
4.319233,42,118,-0.08917907,-0.135038,-0.09068605,0.264,0.1541385,0.4623886,12.5,0,0.7171124,73.75,0,0,0,0,0.8300372,0.7245747,0.8729424
4.321442,42,118,-0.08917907,-0.135038,-0.09068605,0.264,0.1541385,0.4623886,12.5,0,0.7171124,73.75,0,0,0,0,0.8300372,0.7245747,0.8729424
4.323864,42,118,-0.08917907,-0.135038,-0.09068605,0.264,0.1541385,0.4623886,12.5,0,0.7171124,73.75,0,0,0,0,0.8300372,0.7245747,0.8729424
4.326904,42,118,-0.08917907,-0.135038,-0.09068605,0.264,0.1541385,0.4623886,12.5,0,0.7171124,73.75,0,0,0,0,0.8300372,0.7245747,0.8729424
4.329514,42,118,-0.08917907,-0.135038,-0.09068605,0.264,0.1541385,0.4623886,12.5,0,0.7171124,73.75,0,0,0,0,0.8300372,0.7245747,0.8729424
4.331688,42,118,-0.08917907,-0.135038,-0.09068605,0.264,0.1541385,0.4623886,12.5,0,0.7171124,73.75,0,0,0,0,0.8300372,0.7245747,0.8729424
4.334122,42,118,-0.08917907,-0.135038,-0.09068605,0.264,0.1541385,0.4623886,12.5,0,0.7171124,73.75,0,0,0,0,0.8300372,0.7245747,0.8729424
4.336723,42,118,-0.08917907,-0.135038,-0.09068605,0.264,0.1541385,0.4623886,12.5,0,0.7171124,73.75,0,0,0,0,0.8300372,0.7245747,0.8729424
4.33894,42,118,-0.08917907,-0.135038,-0.09068605,0.264,0.1541385,0.4623886,12.5,0,0.7171124,73.75,0,0,0,0,0.8300372,0.7245747,0.8729424
4.341198,42,118,-0.08917907,-0.135038,-0.09068605,0.264,0.1541385,0.4623886,12.5,0,0.7171124,73.75,0,0,0,0,0.8300372,0.7245747,0.8729424
4.343678,42,118,-0.08917907,-0.135038,-0.09068605,0.264,0.1541385,0.4623886,12.5,0,0.7171124,73.75,0,0,0,0,0.8300372,0.7245747,0.8729424
4.346085,42,118,-0.08917907,-0.135038,-0.09068605,0.264,0.1541385,0.4623886,12.5,0,0.7171124,73.75,0,0,0,0,0.8300372,0.7245747,0.8729424
4.348305,42,118,-0.08917907,-0.135038,-0.09068605,0.264,0.1541385,0.4623886,12.5,0,0.7171124,73.75,0,0,0,0,0.8300372,0.7245747,0.8729424
4.350582,42,118,-0.08917907,-0.135038,-0.09068605,0.264,0.1541385,0.4623886,12.5,0,0.7171124,73.75,0,0,0,0,0.8300372,0.7245747,0.8729424
4.352791,42,118,-0.08917907,-0.135038,-0.09068605,0.264,0.1541385,0.4623886,12.5,0,0.7171124,73.75,0,0,0,0,0.8300372,0.7245747,0.8729424
4.355942,42,118,-0.08917907,-0.135038,-0.09068605,0.264,0.1541385,0.4623886,12.5,0,0.7171124,73.75,0,0,0,0,0.8300372,0.7245747,0.8729424
4.358753,42,118,-0.08917907,-0.135038,-0.09068605,0.264,0.1541385,0.4623886,12.5,0,0.7171124,73.75,0,0,0,0,0.8300372,0.7245747,0.8729424
4.361496,42,118,-0.08917907,-0.135038,-0.09068605,0.264,0.1541385,0.4623886,12.5,0,0.7171124,73.75,0,0,0,0,0.8300372,0.7245747,0.8729424
4.363926,42,118,-0.08917907,-0.135038,-0.09068605,0.264,0.1541385,0.4623886,12.5,0,0.7171124,73.75,0,0,0,0,0.8300372,0.7245747,0.8729424
4.366333,42,118,-0.08917907,-0.135038,-0.09068605,0.264,0.1541385,0.4623886,12.5,0,0.7171124,73.75,0,0,0,0,0.8300372,0.7245747,0.8729424
4.368687,42,118,-0.08917907,-0.135038,-0.09068605,0.264,0.1541385,0.4623886,12.5,0,0.7171124,73.75,0,0,0,0,0.8300372,0.7245747,0.8729424
4.370945,42,118,-0.08917907,-0.135038,-0.09068605,0.264,0.1541385,0.4623886,12.5,0,0.7171124,73.75,0,0,0,0,0.8300372,0.7245747,0.8729424
4.374058,42,118,-0.08917907,-0.135038,-0.09068605,0.264,0.1541385,0.4623886,12.5,0,0.7171124,73.75,0,0,0,0,0.8300372,0.7245747,0.8729424
4.377117,42,118,-0.08917907,-0.135038,-0.09068605,0.264,0.1541385,0.4623886,12.5,0,0.7171124,73.75,0,0,0,0,0.8300372,0.7245747,0.8729424
4.37962,42,118,-0.08917907,-0.135038,-0.09068605,0.264,0.1541385,0.4623886,12.5,0,0.7171124,73.75,0,0,0,0,0.8300372,0.7245747,0.8729424
4.381809,42,118,-0.08917907,-0.135038,-0.09068605,0.264,0.1541385,0.4623886,12.5,0,0.7171124,73.75,0,0,0,0,0.8300372,0.7245747,0.8729424
4.384403,42,118,-0.08917907,-0.135038,-0.09068605,0.264,0.1541385,0.4623886,12.5,0,0.7171124,73.75,0,0,0,0,0.8300372,0.7245747,0.8729424
4.386745,42,118,-0.08917907,-0.135038,-0.09068605,0.264,0.1541385,0.4623886,12.5,0,0.7171124,73.75,0,0,0,0,0.8300372,0.7245747,0.8729424
4.389748,42,118,-0.08917907,-0.135038,-0.09068605,0.264,0.1541385,0.4623886,12.5,0,0.7171124,73.75,0,0,0,0,0.8300372,0.7245747,0.8729424
4.392357,42,118,-0.08917907,-0.135038,-0.09068605,0.264,0.1541385,0.4623886,12.5,0,0.7171124,73.75,0,0,0,0,0.8300372,0.7245747,0.8729424
4.395214,42,118,-0.08917907,-0.135038,-0.09068605,0.264,0.1541385,0.4623886,12.5,0,0.7171124,73.75,0,0,0,0,0.8300372,0.7245747,0.8729424
4.397953,42,118,-0.08917907,-0.135038,-0.09068605,0.264,0.1541385,0.4623886,12.5,0,0.7171124,73.75,0,0,0,0,0.8300372,0.7245747,0.8729424
4.400314,42,118,-0.08917907,-0.135038,-0.09068605,0.264,0.1541385,0.4623886,12.5,0,0.7171124,73.75,0,0,0,0,0.8300372,0.7245747,0.8729424
4.402565,42,118,-0.08917907,-0.135038,-0.09068605,0.264,0.1541385,0.4623886,12.5,0,0.7171124,73.75,0,0,0,0,0.8300372,0.7245747,0.8729424
4.405598,42,118,-0.08917907,-0.135038,-0.09068605,0.264,0.1541385,0.4623886,12.5,0,0.7171124,73.75,0,0,0,0,0.8300372,0.7245747,0.8729424
4.407932,42,118,-0.08917907,-0.135038,-0.09068605,0.264,0.1541385,0.4623886,12.5,0,0.7171124,73.75,0,0,0,0,0.8300372,0.7245747,0.8729424
4.411003,42,118,-0.08917907,-0.135038,-0.09068605,0.264,0.1541385,0.4623886,12.5,0,0.7171124,73.75,0,0,0,0,0.8300372,0.7245747,0.8729424
4.413364,42,118,-0.08917907,-0.135038,-0.09068605,0.264,0.1541385,0.4623886,12.5,0,0.7171124,73.75,0,0,0,0,0.8300372,0.7245747,0.8729424
4.415867,42,118,-0.08917907,-0.135038,-0.09068605,0.264,0.1541385,0.4623886,12.5,0,0.7171124,73.75,0,0,0,0,0.8300372,0.7245747,0.8729424
4.418854,42,118,-0.08917907,-0.135038,-0.09068605,0.264,0.1541385,0.4623886,12.5,0,0.7171124,73.75,0,0,0,0,0.8300372,0.7245747,0.8729424
4.421265,42,118,-0.08917907,-0.135038,-0.09068605,0.264,0.1541385,0.4623886,12.5,0,0.7171124,73.75,0,0,0,0,0.8300372,0.7245747,0.8729424
4.423615,42,118,-0.08917907,-0.135038,-0.09068605,0.264,0.1541385,0.4623886,12.5,0,0.7171124,73.75,0,0,0,0,0.8300372,0.7245747,0.8729424
4.426865,42,118,-0.08917907,-0.135038,-0.09068605,0.264,0.1541385,0.4623886,12.5,0,0.7171124,73.75,0,0,0,0,0.8300372,0.7245747,0.8729424
4.429337,42,118,-0.08917907,-0.135038,-0.09068605,0.264,0.1541385,0.4623886,12.5,0,0.7171124,73.75,0,0,0,0,0.8300372,0.7245747,0.8729424
4.431492,42,118,-0.08917907,-0.135038,-0.09068605,0.264,0.1541385,0.4623886,12.5,0,0.7171124,73.75,0,0,0,0,0.8300372,0.7245747,0.8729424
4.433769,42,118,-0.08917907,-0.135038,-0.09068605,0.264,0.1541385,0.4623886,12.5,0,0.7171124,73.75,0,0,0,0,0.8300372,0.7245747,0.8729424
4.436527,42,118,-0.08917907,-0.135038,-0.09068605,0.264,0.1541385,0.4623886,12.5,0,0.7171124,73.75,0,0,0,0,0.8300372,0.7245747,0.8729424
4.439289,42,118,-0.08917907,-0.135038,-0.09068605,0.264,0.1541385,0.4623886,12.5,0,0.7171124,73.75,0,0,0,0,0.8300372,0.7245747,0.8729424
4.441589,42,118,-0.08917907,-0.135038,-0.09068605,0.264,0.1541385,0.4623886,12.5,0,0.7171124,73.75,0,0,0,0,0.8300372,0.7245747,0.8729424
4.444054,42,118,-0.08917907,-0.135038,-0.09068605,0.264,0.1541385,0.4623886,12.5,0,0.7171124,73.75,0,0,0,0,0.8300372,0.7245747,0.8729424
4.446346,42,118,-0.08917907,-0.135038,-0.09068605,0.264,0.1541385,0.4623886,12.5,0,0.7171124,73.75,0,0,0,0,0.8300372,0.7245747,0.8729424
4.448524,42,118,-0.08917907,-0.135038,-0.09068605,0.264,0.1541385,0.4623886,12.5,0,0.7171124,73.75,0,0,0,0,0.8300372,0.7245747,0.8729424
4.451248,42,118,-0.08917907,-0.135038,-0.09068605,0.264,0.1541385,0.4623886,12.5,0,0.7171124,73.75,0,0,0,0,0.8300372,0.7245747,0.8729424
4.453606,42,118,-0.08917907,-0.135038,-0.09068605,0.264,0.1541385,0.4623886,12.5,0,0.7171124,73.75,0,0,0,0,0.8300372,0.7245747,0.8729424
4.455933,42,118,-0.08917907,-0.135038,-0.09068605,0.264,0.1541385,0.4623886,12.5,0,0.7171124,73.75,0,0,0,0,0.8300372,0.7245747,0.8729424
4.458935,42,118,-0.08917907,-0.135038,-0.09068605,0.264,0.1541385,0.4623886,12.5,0,0.7171124,73.75,0,0,0,0,0.8300372,0.7245747,0.8729424
4.462181,42,118,-0.08917907,-0.135038,-0.09068605,0.264,0.1541385,0.4623886,12.5,0,0.7171124,73.75,0,0,0,0,0.8300372,0.7245747,0.8729424
4.464619,42,118,-0.08917907,-0.135038,-0.09068605,0.264,0.1541385,0.4623886,12.5,0,0.7171124,73.75,0,0,0,0,0.8300372,0.7245747,0.8729424
4.467262,42,118,-0.08917907,-0.135038,-0.09068605,0.264,0.1541385,0.4623886,12.5,0,0.7171124,73.75,0,0,0,0,0.8300372,0.7245747,0.8729424
4.469734,42,118,-0.08917907,-0.135038,-0.09068605,0.264,0.1541385,0.4623886,12.5,0,0.7171124,73.75,0,0,0,0,0.8300372,0.7245747,0.8729424
4.472095,42,118,-0.08917907,-0.135038,-0.09068605,0.264,0.1541385,0.4623886,12.5,0,0.7171124,73.75,0,0,0,0,0.8300372,0.7245747,0.8729424
4.474609,42,118,-0.08917907,-0.135038,-0.09068605,0.264,0.1541385,0.4623886,12.5,0,0.7171124,73.75,0,0,0,0,0.8300372,0.7245747,0.8729424
4.478451,42,118,-0.08917907,-0.135038,-0.09068605,0.264,0.1541385,0.4623886,12.5,0,0.7171124,73.75,0,0,0,0,0.8300372,0.7245747,0.8729424
4.481384,42,118,-0.08917907,-0.135038,-0.09068605,0.264,0.1541385,0.4623886,12.5,0,0.7171124,73.75,0,0,0,0,0.8300372,0.7245747,0.8729424
4.484257,42,118,-0.08917907,-0.135038,-0.09068605,0.264,0.1541385,0.4623886,12.5,0,0.7171124,73.75,0,0,0,0,0.8300372,0.7245747,0.8729424
4.48698,42,118,-0.08917907,-0.135038,-0.09068605,0.264,0.1541385,0.4623886,12.5,0,0.7171124,73.75,0,0,0,0,0.8300372,0.7245747,0.8729424
4.489563,42,118,-0.08917907,-0.135038,-0.09068605,0.264,0.1541385,0.4623886,12.5,0,0.7171124,73.75,0,0,0,0,0.8300372,0.7245747,0.8729424
4.492065,42,118,-0.08917907,-0.135038,-0.09068605,0.264,0.1541385,0.4623886,12.5,0,0.7171124,73.75,0,0,0,0,0.8300372,0.7245747,0.8729424
4.494942,42,118,-0.08917907,-0.135038,-0.09068605,0.264,0.1541385,0.4623886,12.5,0,0.7171124,73.75,0,0,0,0,0.8300372,0.7245747,0.8729424
4.498058,42,118,-0.08917907,-0.135038,-0.09068605,0.264,0.1541385,0.4623886,12.5,0,0.7171124,73.75,0,0,0,0,0.8300372,0.7245747,0.8729424
4.500729,42,118,-0.08917907,-0.135038,-0.09068605,0.264,0.1541385,0.4623886,12.5,0,0.7171124,73.75,0,0,0,0,0.8300372,0.7245747,0.8729424
4.503151,42,118,-0.08917907,-0.135038,-0.09068605,0.264,0.1541385,0.4623886,12.5,0,0.7171124,73.75,0,0,0,0,0.8300372,0.7245747,0.8729424
4.505394,42,118,-0.08917907,-0.135038,-0.09068605,0.264,0.1541385,0.4623886,12.5,0,0.7171124,73.75,0,0,0,0,0.8300372,0.7245747,0.8729424
4.50782,42,118,-0.08917907,-0.135038,-0.09068605,0.264,0.1541385,0.4623886,12.5,0,0.7171124,73.75,0,0,0,0,0.8300372,0.7245747,0.8729424
4.510513,42,118,-0.08917907,-0.135038,-0.09068605,0.264,0.1541385,0.4623886,12.5,0,0.7171124,73.75,0,0,0,0,0.8300372,0.7245747,0.8729424
4.513721,42,118,-0.08917907,-0.135038,-0.09068605,0.264,0.1541385,0.4623886,12.5,0,0.7171124,73.75,0,0,0,0,0.8300372,0.7245747,0.8729424
4.516148,42,118,-0.08917907,-0.135038,-0.09068605,0.264,0.1541385,0.4623886,12.5,0,0.7171124,73.75,0,0,0,0,0.8300372,0.7245747,0.8729424
4.51889,42,118,-0.08917907,-0.135038,-0.09068605,0.264,0.1541385,0.4623886,12.5,0,0.7171124,73.75,0,0,0,0,0.8300372,0.7245747,0.8729424
4.521435,42,118,-0.08917907,-0.135038,-0.09068605,0.264,0.1541385,0.4623886,12.5,0,0.7171124,73.75,0,0,0,0,0.8300372,0.7245747,0.8729424
4.524006,42,118,-0.08917907,-0.135038,-0.09068605,0.264,0.1541385,0.4623886,12.5,0,0.7171124,73.75,0,0,0,0,0.8300372,0.7245747,0.8729424
4.526604,42,118,-0.08917907,-0.135038,-0.09068605,0.264,0.1541385,0.4623886,12.5,0,0.7171124,73.75,0,0,0,0,0.8300372,0.7245747,0.8729424
4.529591,42,118,-0.08917907,-0.135038,-0.09068605,0.264,0.1541385,0.4623886,12.5,0,0.7171124,73.75,0,0,0,0,0.8300372,0.7245747,0.8729424
4.531986,42,118,-0.08917907,-0.135038,-0.09068605,0.264,0.1541385,0.4623886,12.5,0,0.7171124,73.75,0,0,0,0,0.8300372,0.7245747,0.8729424
4.534771,42,118,-0.08917907,-0.135038,-0.09068605,0.264,0.1541385,0.4623886,12.5,0,0.7171124,73.75,0,0,0,0,0.8300372,0.7245747,0.8729424
4.537579,42,118,-0.08917907,-0.135038,-0.09068605,0.264,0.1541385,0.4623886,12.5,0,0.7171124,73.75,0,0,0,0,0.8300372,0.7245747,0.8729424
4.540043,42,118,-0.08917907,-0.135038,-0.09068605,0.264,0.1541385,0.4623886,12.5,0,0.7171124,73.75,0,0,0,0,0.8300372,0.7245747,0.8729424
4.542416,42,118,-0.08917907,-0.135038,-0.09068605,0.264,0.1541385,0.4623886,12.5,0,0.7171124,73.75,0,0,0,0,0.8300372,0.7245747,0.8729424
4.545616,42,118,-0.08917907,-0.135038,-0.09068605,0.264,0.1541385,0.4623886,12.5,0,0.7171124,73.75,0,0,0,0,0.8300372,0.7245747,0.8729424
4.54818,42,118,-0.08917907,-0.135038,-0.09068605,0.264,0.1541385,0.4623886,12.5,0,0.7171124,73.75,0,0,0,0,0.8300372,0.7245747,0.8729424
4.550457,42,118,-0.08917907,-0.135038,-0.09068605,0.264,0.1541385,0.4623886,12.5,0,0.7171124,73.75,0,0,0,0,0.8300372,0.7245747,0.8729424
4.552696,42,118,-0.08917907,-0.135038,-0.09068605,0.264,0.1541385,0.4623886,12.5,0,0.7171124,73.75,0,0,0,0,0.8300372,0.7245747,0.8729424
4.555294,42,118,-0.08917907,-0.135038,-0.09068605,0.264,0.1541385,0.4623886,12.5,0,0.7171124,73.75,0,0,0,0,0.8300372,0.7245747,0.8729424
4.557953,42,118,-0.08917907,-0.135038,-0.09068605,0.264,0.1541385,0.4623886,12.5,0,0.7171124,73.75,0,0,0,0,0.8300372,0.7245747,0.8729424
4.560608,42,118,-0.08917907,-0.135038,-0.09068605,0.264,0.1541385,0.4623886,12.5,0,0.7171124,73.75,0,0,0,0,0.8300372,0.7245747,0.8729424
4.56321,42,118,-0.08917907,-0.135038,-0.09068605,0.264,0.1541385,0.4623886,12.5,0,0.7171124,73.75,0,0,0,0,0.8300372,0.7245747,0.8729424
4.565704,42,118,-0.08917907,-0.135038,-0.09068605,0.264,0.1541385,0.4623886,12.5,0,0.7171124,73.75,0,0,0,0,0.8300372,0.7245747,0.8729424
4.568913,42,118,-0.08917907,-0.135038,-0.09068605,0.264,0.1541385,0.4623886,12.5,0,0.7171124,73.75,0,0,0,0,0.8300372,0.7245747,0.8729424
4.572067,42,118,-0.08917907,-0.135038,-0.09068605,0.264,0.1541385,0.4623886,12.5,0,0.7171124,73.75,0,0,0,0,0.8300372,0.7245747,0.8729424
4.575603,42,118,-0.08917907,-0.135038,-0.09068605,0.264,0.1541385,0.4623886,12.5,0,0.7171124,73.75,0,0,0,0,0.8300372,0.7245747,0.8729424
4.579258,42,118,-0.08917907,-0.135038,-0.09068605,0.264,0.1541385,0.4623886,12.5,0,0.7171124,73.75,0,0,0,0,0.8300372,0.7245747,0.8729424
4.581493,42,118,-0.08917907,-0.135038,-0.09068605,0.264,0.1541385,0.4623886,12.5,0,0.7171124,73.75,0,0,0,0,0.8300372,0.7245747,0.8729424
4.583622,42,118,-0.08917907,-0.135038,-0.09068605,0.264,0.1541385,0.4623886,12.5,0,0.7171124,73.75,0,0,0,0,0.8300372,0.7245747,0.8729424
4.585812,42,118,-0.08917907,-0.135038,-0.09068605,0.264,0.1541385,0.4623886,12.5,0,0.7171124,73.75,0,0,0,0,0.8300372,0.7245747,0.8729424
4.588169,42,118,-0.08917907,-0.135038,-0.09068605,0.264,0.1541385,0.4623886,12.5,0,0.7171124,73.75,0,0,0,0,0.8300372,0.7245747,0.8729424
4.590435,42,118,-0.08917907,-0.135038,-0.09068605,0.264,0.1541385,0.4623886,12.5,0,0.7171124,73.75,0,0,0,0,0.8300372,0.7245747,0.8729424
4.593231,42,118,-0.08917907,-0.135038,-0.09068605,0.264,0.1541385,0.4623886,12.5,0,0.7171124,73.75,0,0,0,0,0.8300372,0.7245747,0.8729424
4.596081,42,118,-0.08917907,-0.135038,-0.09068605,0.264,0.1541385,0.4623886,12.5,0,0.7171124,73.75,0,0,0,0,0.8300372,0.7245747,0.8729424
4.598801,42,118,-0.08917907,-0.135038,-0.09068605,0.264,0.1541385,0.4623886,12.5,0,0.7171124,73.75,0,0,0,0,0.8300372,0.7245747,0.8729424
4.601032,42,118,-0.08917907,-0.135038,-0.09068605,0.264,0.1541385,0.4623886,12.5,0,0.7171124,73.75,0,0,0,0,0.8300372,0.7245747,0.8729424
4.603252,42,118,-0.08917907,-0.135038,-0.09068605,0.264,0.1541385,0.4623886,12.5,0,0.7171124,73.75,0,0,0,0,0.8300372,0.7245747,0.8729424
4.605827,42,118,-0.08917907,-0.135038,-0.09068605,0.264,0.1541385,0.4623886,12.5,0,0.7171124,73.75,0,0,0,0,0.8300372,0.7245747,0.8729424
4.60841,42,118,-0.08917907,-0.135038,-0.09068605,0.264,0.1541385,0.4623886,12.5,0,0.7171124,73.75,0,0,0,0,0.8300372,0.7245747,0.8729424
4.611519,42,118,-0.08917907,-0.135038,-0.09068605,0.264,0.1541385,0.4623886,12.5,0,0.7171124,73.75,0,0,0,0,0.8300372,0.7245747,0.8729424
4.614071,42,118,-0.08917907,-0.135038,-0.09068605,0.264,0.1541385,0.4623886,12.5,0,0.7171124,73.75,0,0,0,0,0.8300372,0.7245747,0.8729424
4.616707,42,118,-0.08917907,-0.135038,-0.09068605,0.264,0.1541385,0.4623886,12.5,0,0.7171124,73.75,0,0,0,0,0.8300372,0.7245747,0.8729424
4.618969,42,118,-0.08917907,-0.135038,-0.09068605,0.264,0.1541385,0.4623886,12.5,0,0.7171124,73.75,0,0,0,0,0.8300372,0.7245747,0.8729424
4.621162,42,118,-0.08917907,-0.135038,-0.09068605,0.264,0.1541385,0.4623886,12.5,0,0.7171124,73.75,0,0,0,0,0.8300372,0.7245747,0.8729424
4.624104,42,118,-0.08917907,-0.135038,-0.09068605,0.264,0.1541385,0.4623886,12.5,0,0.7171124,73.75,0,0,0,0,0.8300372,0.7245747,0.8729424
4.626541,42,118,-0.08917907,-0.135038,-0.09068605,0.264,0.1541385,0.4623886,12.5,0,0.7171124,73.75,0,0,0,0,0.8300372,0.7245747,0.8729424
4.629055,42,118,-0.08917907,-0.135038,-0.09068605,0.264,0.1541385,0.4623886,12.5,0,0.7171124,73.75,0,0,0,0,0.8300372,0.7245747,0.8729424
4.631317,42,118,-0.08917907,-0.135038,-0.09068605,0.264,0.1541385,0.4623886,12.5,0,0.7171124,73.75,0,0,0,0,0.8300372,0.7245747,0.8729424
4.633625,42,118,-0.08917907,-0.135038,-0.09068605,0.264,0.1541385,0.4623886,12.5,0,0.7171124,73.75,0,0,0,0,0.8300372,0.7245747,0.8729424
4.635994,42,118,-0.08917907,-0.135038,-0.09068605,0.264,0.1541385,0.4623886,12.5,0,0.7171124,73.75,0,0,0,0,0.8300372,0.7245747,0.8729424
4.639111,42,118,-0.08917907,-0.135038,-0.09068605,0.264,0.1541385,0.4623886,12.5,0,0.7171124,73.75,0,0,0,0,0.8300372,0.7245747,0.8729424
4.641403,42,118,-0.08917907,-0.135038,-0.09068605,0.264,0.1541385,0.4623886,12.5,0,0.7171124,73.75,0,0,0,0,0.8300372,0.7245747,0.8729424
4.644157,42,118,-0.08917907,-0.135038,-0.09068605,0.264,0.1541385,0.4623886,12.5,0,0.7171124,73.75,0,0,0,0,0.8300372,0.7245747,0.8729424
4.646904,42,118,-0.08917907,-0.135038,-0.09068605,0.264,0.1541385,0.4623886,12.5,0,0.7171124,73.75,0,0,0,0,0.8300372,0.7245747,0.8729424
4.649284,42,118,-0.08917907,-0.135038,-0.09068605,0.264,0.1541385,0.4623886,12.5,0,0.7171124,73.75,0,0,0,0,0.8300372,0.7245747,0.8729424
4.651527,42,118,-0.08917907,-0.135038,-0.09068605,0.264,0.1541385,0.4623886,12.5,0,0.7171124,73.75,0,0,0,0,0.8300372,0.7245747,0.8729424
4.65419,42,118,-0.08917907,-0.135038,-0.09068605,0.264,0.1541385,0.4623886,12.5,0,0.7171124,73.75,0,0,0,0,0.8300372,0.7245747,0.8729424
4.657166,42,118,-0.08917907,-0.135038,-0.09068605,0.264,0.1541385,0.4623886,12.5,0,0.7171124,73.75,0,0,0,0,0.8300372,0.7245747,0.8729424
4.659798,42,118,-0.08917907,-0.135038,-0.09068605,0.264,0.1541385,0.4623886,12.5,0,0.7171124,73.75,0,0,0,0,0.8300372,0.7245747,0.8729424
4.662415,42,118,-0.08917907,-0.135038,-0.09068605,0.264,0.1541385,0.4623886,12.5,0,0.7171124,73.75,0,0,0,0,0.8300372,0.7245747,0.8729424
4.664845,42,118,-0.08917907,-0.135038,-0.09068605,0.264,0.1541385,0.4623886,12.5,0,0.7171124,73.75,0,0,0,0,0.8300372,0.7245747,0.8729424
4.667015,42,118,-0.08917907,-0.135038,-0.09068605,0.264,0.1541385,0.4623886,12.5,0,0.7171124,73.75,0,0,0,0,0.8300372,0.7245747,0.8729424
4.669571,42,118,-0.08917907,-0.135038,-0.09068605,0.264,0.1541385,0.4623886,12.5,0,0.7171124,73.75,0,0,0,0,0.8300372,0.7245747,0.8729424
4.671787,42,118,-0.08917907,-0.135038,-0.09068605,0.264,0.1541385,0.4623886,12.5,0,0.7171124,73.75,0,0,0,0,0.8300372,0.7245747,0.8729424
4.673885,42,118,-0.08917907,-0.135038,-0.09068605,0.264,0.1541385,0.4623886,12.5,0,0.7171124,73.75,0,0,0,0,0.8300372,0.7245747,0.8729424
4.676044,42,118,-0.08917907,-0.135038,-0.09068605,0.264,0.1541385,0.4623886,12.5,0,0.7171124,73.75,0,0,0,0,0.8300372,0.7245747,0.8729424
4.678986,42,118,-0.08917907,-0.135038,-0.09068605,0.264,0.1541385,0.4623886,12.5,0,0.7171124,73.75,0,0,0,0,0.8300372,0.7245747,0.8729424
4.68124,42,118,-0.08917907,-0.135038,-0.09068605,0.264,0.1541385,0.4623886,12.5,0,0.7171124,73.75,0,0,0,0,0.8300372,0.7245747,0.8729424
4.683739,42,118,-0.08917907,-0.135038,-0.09068605,0.264,0.1541385,0.4623886,12.5,0,0.7171124,73.75,0,0,0,0,0.8300372,0.7245747,0.8729424
4.686115,42,118,-0.08917907,-0.135038,-0.09068605,0.264,0.1541385,0.4623886,12.5,0,0.7171124,73.75,0,0,0,0,0.8300372,0.7245747,0.8729424
4.688522,42,118,-0.08917907,-0.135038,-0.09068605,0.264,0.1541385,0.4623886,12.5,0,0.7171124,73.75,0,0,0,0,0.8300372,0.7245747,0.8729424
4.690788,42,118,-0.08917907,-0.135038,-0.09068605,0.264,0.1541385,0.4623886,12.5,0,0.7171124,73.75,0,0,0,0,0.8300372,0.7245747,0.8729424
4.693226,42,118,-0.08917907,-0.135038,-0.09068605,0.264,0.1541385,0.4623886,12.5,0,0.7171124,73.75,0,0,0,0,0.8300372,0.7245747,0.8729424
4.695904,42,118,-0.08917907,-0.135038,-0.09068605,0.264,0.1541385,0.4623886,12.5,0,0.7171124,73.75,0,0,0,0,0.8300372,0.7245747,0.8729424
4.698586,42,118,-0.08917907,-0.135038,-0.09068605,0.264,0.1541385,0.4623886,12.5,0,0.7171124,73.75,0,0,0,0,0.8300372,0.7245747,0.8729424
4.701191,42,118,-0.08917907,-0.135038,-0.09068605,0.264,0.1541385,0.4623886,12.5,0,0.7171124,73.75,0,0,0,0,0.8300372,0.7245747,0.8729424
4.703442,42,118,-0.08917907,-0.135038,-0.09068605,0.264,0.1541385,0.4623886,12.5,0,0.7171124,73.75,0,0,0,0,0.8300372,0.7245747,0.8729424
4.705742,42,118,-0.08917907,-0.135038,-0.09068605,0.264,0.1541385,0.4623886,12.5,0,0.7171124,73.75,0,0,0,0,0.8300372,0.7245747,0.8729424
4.708118,42,118,-0.08917907,-0.135038,-0.09068605,0.264,0.1541385,0.4623886,12.5,0,0.7171124,73.75,0,0,0,0,0.8300372,0.7245747,0.8729424
4.710602,42,118,-0.08917907,-0.135038,-0.09068605,0.264,0.1541385,0.4623886,12.5,0,0.7171124,73.75,0,0,0,0,0.8300372,0.7245747,0.8729424
4.713226,42,118,-0.08917907,-0.135038,-0.09068605,0.264,0.1541385,0.4623886,12.5,0,0.7171124,73.75,0,0,0,0,0.8300372,0.7245747,0.8729424
4.715679,42,118,-0.08917907,-0.135038,-0.09068605,0.264,0.1541385,0.4623886,12.5,0,0.7171124,73.75,0,0,0,0,0.8300372,0.7245747,0.8729424
4.718349,42,118,-0.08917907,-0.135038,-0.09068605,0.264,0.1541385,0.4623886,12.5,0,0.7171124,73.75,0,0,0,0,0.8300372,0.7245747,0.8729424
4.720581,42,118,-0.08917907,-0.135038,-0.09068605,0.264,0.1541385,0.4623886,12.5,0,0.7171124,73.75,0,0,0,0,0.8300372,0.7245747,0.8729424
4.72298,42,118,-0.08917907,-0.135038,-0.09068605,0.264,0.1541385,0.4623886,12.5,0,0.7171124,73.75,0,0,0,0,0.8300372,0.7245747,0.8729424
4.726013,42,118,-0.08917907,-0.135038,-0.09068605,0.264,0.1541385,0.4623886,12.5,0,0.7171124,73.75,0,0,0,0,0.8300372,0.7245747,0.8729424
4.729935,42,118,-0.08917907,-0.135038,-0.09068605,0.264,0.1541385,0.4623886,12.5,0,0.7171124,73.75,0,0,0,0,0.8300372,0.7245747,0.8729424
4.732826,42,118,-0.08917907,-0.135038,-0.09068605,0.264,0.1541385,0.4623886,12.5,0,0.7171124,73.75,0,0,0,0,0.8300372,0.7245747,0.8729424
4.735275,42,118,-0.08917907,-0.135038,-0.09068605,0.264,0.1541385,0.4623886,12.5,0,0.7171124,73.75,0,0,0,0,0.8300372,0.7245747,0.8729424
4.738056,42,118,-0.08917907,-0.135038,-0.09068605,0.264,0.1541385,0.4623886,12.5,0,0.7171124,73.75,0,0,0,0,0.8300372,0.7245747,0.8729424
4.7402,42,118,-0.08917907,-0.135038,-0.09068605,0.264,0.1541385,0.4623886,12.5,0,0.7171124,73.75,0,0,0,0,0.8300372,0.7245747,0.8729424
4.742287,42,118,-0.08917907,-0.135038,-0.09068605,0.264,0.1541385,0.4623886,12.5,0,0.7171124,73.75,0,0,0,0,0.8300372,0.7245747,0.8729424
4.745636,42,118,-0.08917907,-0.135038,-0.09068605,0.264,0.1541385,0.4623886,12.5,0,0.7171124,73.75,0,0,0,0,0.8300372,0.7245747,0.8729424
4.749504,42,118,-0.08917907,-0.135038,-0.09068605,0.264,0.1541385,0.4623886,12.5,0,0.7171124,73.75,0,0,0,0,0.8300372,0.7245747,0.8729424
4.75214,42,118,-0.08917907,-0.135038,-0.09068605,0.264,0.1541385,0.4623886,12.5,0,0.7171124,73.75,0,0,0,0,0.8300372,0.7245747,0.8729424
4.763577,42,118,-0.08917907,-0.135038,-0.09068605,0.264,0.1541385,0.4623886,12.5,0,0.7171124,73.75,0,0,0,0,0.8300372,0.7245747,0.8729424
4.774139,42,118,-0.08917907,-0.135038,-0.09068605,0.264,0.1541385,0.4623886,12.5,0,0.7171124,73.75,0,0,0,0,0.8300372,0.7245747,0.8729424
4.777573,42,118,-0.08917907,-0.135038,-0.09068605,0.264,0.1541385,0.4623886,12.5,0,0.7171124,73.75,0,0,0,0,0.8300372,0.7245747,0.8729424
4.780956,42,118,-0.08917907,-0.135038,-0.09068605,0.264,0.1541385,0.4623886,12.5,0,0.7171124,73.75,0,0,0,0,0.8300372,0.7245747,0.8729424
4.783428,42,118,-0.08917907,-0.135038,-0.09068605,0.264,0.1541385,0.4623886,12.5,0,0.7171124,73.75,0,0,0,0,0.8300372,0.7245747,0.8729424
4.785786,42,118,-0.08917907,-0.135038,-0.09068605,0.264,0.1541385,0.4623886,12.5,0,0.7171124,73.75,0,0,0,0,0.8300372,0.7245747,0.8729424
4.788212,42,118,-0.08917907,-0.135038,-0.09068605,0.264,0.1541385,0.4623886,12.5,0,0.7171124,73.75,0,0,0,0,0.8300372,0.7245747,0.8729424
4.790756,42,118,-0.08917907,-0.135038,-0.09068605,0.264,0.1541385,0.4623886,12.5,0,0.7171124,73.75,0,0,0,0,0.8300372,0.7245747,0.8729424
4.793144,42,118,-0.08917907,-0.135038,-0.09068605,0.264,0.1541385,0.4623886,12.5,0,0.7171124,73.75,0,0,0,0,0.8300372,0.7245747,0.8729424
4.796242,42,118,-0.08917907,-0.135038,-0.09068605,0.264,0.1541385,0.4623886,12.5,0,0.7171124,73.75,0,0,0,0,0.8300372,0.7245747,0.8729424
4.799282,42,118,-0.08917907,-0.135038,-0.09068605,0.264,0.1541385,0.4623886,12.5,0,0.7171124,73.75,0,0,0,0,0.8300372,0.7245747,0.8729424
4.801693,42,118,-0.08917907,-0.135038,-0.09068605,0.264,0.1541385,0.4623886,12.5,0,0.7171124,73.75,0,0,0,0,0.8300372,0.7245747,0.8729424
4.804565,42,118,-0.08917907,-0.135038,-0.09068605,0.264,0.1541385,0.4623886,12.5,0,0.7171124,73.75,0,0,0,0,0.8300372,0.7245747,0.8729424
4.807301,42,118,-0.08917907,-0.135038,-0.09068605,0.264,0.1541385,0.4623886,12.5,0,0.7171124,73.75,0,0,0,0,0.8300372,0.7245747,0.8729424
4.811188,42,118,-0.08917907,-0.135038,-0.09068605,0.264,0.1541385,0.4623886,12.5,0,0.7171124,73.75,0,0,0,0,0.8300372,0.7245747,0.8729424
4.814037,42,118,-0.08917907,-0.135038,-0.09068605,0.264,0.1541385,0.4623886,12.5,0,0.7171124,73.75,0,0,0,0,0.8300372,0.7245747,0.8729424
4.817833,42,118,-0.08917907,-0.135038,-0.09068605,0.264,0.1541385,0.4623886,12.5,0,0.7171124,73.75,0,0,0,0,0.8300372,0.7245747,0.8729424
4.820534,42,118,-0.08917907,-0.135038,-0.09068605,0.264,0.1541385,0.4623886,12.5,0,0.7171124,73.75,0,0,0,0,0.8300372,0.7245747,0.8729424
4.823269,42,118,-0.08917907,-0.135038,-0.09068605,0.264,0.1541385,0.4623886,12.5,0,0.7171124,73.75,0,0,0,0,0.8300372,0.7245747,0.8729424
4.826031,42,118,-0.08917907,-0.135038,-0.09068605,0.264,0.1541385,0.4623886,12.5,0,0.7171124,73.75,0,0,0,0,0.8300372,0.7245747,0.8729424
4.830116,42,118,-0.08917907,-0.135038,-0.09068605,0.264,0.1541385,0.4623886,12.5,0,0.7171124,73.75,0,0,0,0,0.8300372,0.7245747,0.8729424
4.833549,42,118,-0.08917907,-0.135038,-0.09068605,0.264,0.1541385,0.4623886,12.5,0,0.7171124,73.75,0,0,0,0,0.8300372,0.7245747,0.8729424
4.836742,42,118,-0.08917907,-0.135038,-0.09068605,0.264,0.1541385,0.4623886,12.5,0,0.7171124,73.75,0,0,0,0,0.8300372,0.7245747,0.8729424
4.840057,42,118,-0.08917907,-0.135038,-0.09068605,0.264,0.1541385,0.4623886,12.5,0,0.7171124,73.75,0,0,0,0,0.8300372,0.7245747,0.8729424
4.843678,42,118,-0.08917907,-0.135038,-0.09068605,0.264,0.1541385,0.4623886,12.5,0,0.7171124,73.75,0,0,0,0,0.8300372,0.7245747,0.8729424
4.846607,42,118,-0.08917907,-0.135038,-0.09068605,0.264,0.1541385,0.4623886,12.5,0,0.7171124,73.75,0,0,0,0,0.8300372,0.7245747,0.8729424
4.849293,42,118,-0.08917907,-0.135038,-0.09068605,0.264,0.1541385,0.4623886,12.5,0,0.7171124,73.75,0,0,0,0,0.8300372,0.7245747,0.8729424
4.851921,42,118,-0.08917907,-0.135038,-0.09068605,0.264,0.1541385,0.4623886,12.5,0,0.7171124,73.75,0,0,0,0,0.8300372,0.7245747,0.8729424
4.85458,42,118,-0.08917907,-0.135038,-0.09068605,0.264,0.1541385,0.4623886,12.5,0,0.7171124,73.75,0,0,0,0,0.8300372,0.7245747,0.8729424
4.858379,42,118,-0.08917907,-0.135038,-0.09068605,0.264,0.1541385,0.4623886,12.5,0,0.7171124,73.75,0,0,0,0,0.8300372,0.7245747,0.8729424
4.861858,42,118,-0.08917907,-0.135038,-0.09068605,0.264,0.1541385,0.4623886,12.5,0,0.7171124,73.75,0,0,0,0,0.8300372,0.7245747,0.8729424
4.864971,42,118,-0.08917907,-0.135038,-0.09068605,0.264,0.1541385,0.4623886,12.5,0,0.7171124,73.75,0,0,0,0,0.8300372,0.7245747,0.8729424
4.867943,42,118,-0.08917907,-0.135038,-0.09068605,0.264,0.1541385,0.4623886,12.5,0,0.7171124,73.75,0,0,0,0,0.8300372,0.7245747,0.8729424
4.870659,42,118,-0.08917907,-0.135038,-0.09068605,0.264,0.1541385,0.4623886,12.5,0,0.7171124,73.75,0,0,0,0,0.8300372,0.7245747,0.8729424
4.873596,42,118,-0.08917907,-0.135038,-0.09068605,0.264,0.1541385,0.4623886,12.5,0,0.7171124,73.75,0,0,0,0,0.8300372,0.7245747,0.8729424
4.876324,42,118,-0.08917907,-0.135038,-0.09068605,0.264,0.1541385,0.4623886,12.5,0,0.7171124,73.75,0,0,0,0,0.8300372,0.7245747,0.8729424
4.879753,42,118,-0.08917907,-0.135038,-0.09068605,0.264,0.1541385,0.4623886,12.5,0,0.7171124,73.75,0,0,0,0,0.8300372,0.7245747,0.8729424
4.88295,42,118,-0.08917907,-0.135038,-0.09068605,0.264,0.1541385,0.4623886,12.5,0,0.7171124,73.75,0,0,0,0,0.8300372,0.7245747,0.8729424
4.885872,42,118,-0.08917907,-0.135038,-0.09068605,0.264,0.1541385,0.4623886,12.5,0,0.7171124,73.75,0,0,0,0,0.8300372,0.7245747,0.8729424
4.889175,42,118,-0.08917907,-0.135038,-0.09068605,0.264,0.1541385,0.4623886,12.5,0,0.7171124,73.75,0,0,0,0,0.8300372,0.7245747,0.8729424
4.891815,42,118,-0.08917907,-0.135038,-0.09068605,0.264,0.1541385,0.4623886,12.5,0,0.7171124,73.75,0,0,0,0,0.8300372,0.7245747,0.8729424
4.894817,42,118,-0.08917907,-0.135038,-0.09068605,0.264,0.1541385,0.4623886,12.5,0,0.7171124,73.75,0,0,0,0,0.8300372,0.7245747,0.8729424
4.898136,42,118,-0.08917907,-0.135038,-0.09068605,0.264,0.1541385,0.4623886,12.5,0,0.7171124,73.75,0,0,0,0,0.8300372,0.7245747,0.8729424
4.90041,42,118,-0.08917907,-0.135038,-0.09068605,0.264,0.1541385,0.4623886,12.5,0,0.7171124,73.75,0,0,0,0,0.8300372,0.7245747,0.8729424
4.902664,42,118,-0.08917907,-0.135038,-0.09068605,0.264,0.1541385,0.4623886,12.5,0,0.7171124,73.75,0,0,0,0,0.8300372,0.7245747,0.8729424
4.905766,42,118,-0.08917907,-0.135038,-0.09068605,0.264,0.1541385,0.4623886,12.5,0,0.7171124,73.75,0,0,0,0,0.8300372,0.7245747,0.8729424
4.908791,42,118,-0.08917907,-0.135038,-0.09068605,0.264,0.1541385,0.4623886,12.5,0,0.7171124,73.75,0,0,0,0,0.8300372,0.7245747,0.8729424
4.914051,42,118,-0.08917907,-0.135038,-0.09068605,0.264,0.1541385,0.4623886,12.5,0,0.7171124,73.75,0,0,0,0,0.8300372,0.7245747,0.8729424
4.917103,42,118,-0.08917907,-0.135038,-0.09068605,0.264,0.1541385,0.4623886,12.5,0,0.7171124,73.75,0,0,0,0,0.8300372,0.7245747,0.8729424
4.920044,42,118,-0.08917907,-0.135038,-0.09068605,0.264,0.1541385,0.4623886,12.5,0,0.7171124,73.75,0,0,0,0,0.8300372,0.7245747,0.8729424
4.922466,42,118,-0.08917907,-0.135038,-0.09068605,0.264,0.1541385,0.4623886,12.5,0,0.7171124,73.75,0,0,0,0,0.8300372,0.7245747,0.8729424
4.924683,42,118,-0.08917907,-0.135038,-0.09068605,0.264,0.1541385,0.4623886,12.5,0,0.7171124,73.75,0,0,0,0,0.8300372,0.7245747,0.8729424
4.927475,42,118,-0.08917907,-0.135038,-0.09068605,0.264,0.1541385,0.4623886,12.5,0,0.7171124,73.75,0,0,0,0,0.8300372,0.7245747,0.8729424
4.93121,42,118,-0.08917907,-0.135038,-0.09068605,0.264,0.1541385,0.4623886,12.5,0,0.7171124,73.75,0,0,0,0,0.8300372,0.7245747,0.8729424
4.934307,42,118,-0.08917907,-0.135038,-0.09068605,0.264,0.1541385,0.4623886,12.5,0,0.7171124,73.75,0,0,0,0,0.8300372,0.7245747,0.8729424
4.937366,42,118,-0.08917907,-0.135038,-0.09068605,0.264,0.1541385,0.4623886,12.5,0,0.7171124,73.75,0,0,0,0,0.8300372,0.7245747,0.8729424
4.939724,42,118,-0.08917907,-0.135038,-0.09068605,0.264,0.1541385,0.4623886,12.5,0,0.7171124,73.75,0,0,0,0,0.8300372,0.7245747,0.8729424
4.941998,42,118,-0.08917907,-0.135038,-0.09068605,0.264,0.1541385,0.4623886,12.5,0,0.7171124,73.75,0,0,0,0,0.8300372,0.7245747,0.8729424
4.944771,42,118,-0.08917907,-0.135038,-0.09068605,0.264,0.1541385,0.4623886,12.5,0,0.7171124,73.75,0,0,0,0,0.8300372,0.7245747,0.8729424
4.947803,42,118,-0.08917907,-0.135038,-0.09068605,0.264,0.1541385,0.4623886,12.5,0,0.7171124,73.75,0,0,0,0,0.8300372,0.7245747,0.8729424
4.950367,42,118,-0.08917907,-0.135038,-0.09068605,0.264,0.1541385,0.4623886,12.5,0,0.7171124,73.75,0,0,0,0,0.8300372,0.7245747,0.8729424
4.953461,42,118,-0.08917907,-0.135038,-0.09068605,0.264,0.1541385,0.4623886,12.5,0,0.7171124,73.75,0,0,0,0,0.8300372,0.7245747,0.8729424
4.956219,42,118,-0.08917907,-0.135038,-0.09068605,0.264,0.1541385,0.4623886,12.5,0,0.7171124,73.75,0,0,0,0,0.8300372,0.7245747,0.8729424
4.960377,42,118,-0.08917907,-0.135038,-0.09068605,0.264,0.1541385,0.4623886,12.5,0,0.7171124,73.75,0,0,0,0,0.8300372,0.7245747,0.8729424
4.963936,42,118,-0.08917907,-0.135038,-0.09068605,0.264,0.1541385,0.4623886,12.5,0,0.7171124,73.75,0,0,0,0,0.8300372,0.7245747,0.8729424
4.967487,42,118,-0.08917907,-0.135038,-0.09068605,0.264,0.1541385,0.4623886,12.5,0,0.7171124,73.75,0,0,0,0,0.8300372,0.7245747,0.8729424
4.971298,42,118,-0.08917907,-0.135038,-0.09068605,0.264,0.1541385,0.4623886,12.5,0,0.7171124,73.75,0,0,0,0,0.8300372,0.7245747,0.8729424
4.974525,42,118,-0.08917907,-0.135038,-0.09068605,0.264,0.1541385,0.4623886,12.5,0,0.7171124,73.75,0,0,0,0,0.8300372,0.7245747,0.8729424
4.978748,42,118,-0.08917907,-0.135038,-0.09068605,0.264,0.1541385,0.4623886,12.5,0,0.7171124,73.75,0,0,0,0,0.8300372,0.7245747,0.8729424
4.983471,42,118,-0.08917907,-0.135038,-0.09068605,0.264,0.1541385,0.4623886,12.5,0,0.7171124,73.75,0,0,0,0,0.8300372,0.7245747,0.8729424
4.986618,42,118,-0.08917907,-0.135038,-0.09068605,0.264,0.1541385,0.4623886,12.5,0,0.7171124,73.75,0,0,0,0,0.8300372,0.7245747,0.8729424
4.990135,42,118,-0.08917907,-0.135038,-0.09068605,0.264,0.1541385,0.4623886,12.5,0,0.7171124,73.75,0,0,0,0,0.8300372,0.7245747,0.8729424
4.992794,42,118,-0.08917907,-0.135038,-0.09068605,0.264,0.1541385,0.4623886,12.5,0,0.7171124,73.75,0,0,0,0,0.8300372,0.7245747,0.8729424
4.996735,42,118,-0.08917907,-0.135038,-0.09068605,0.264,0.1541385,0.4623886,12.5,0,0.7171124,73.75,0,0,0,0,0.8300372,0.7245747,0.8729424
