Timestamp,TargetShoulderPitch,TargetElbowAngle,TargetPosX,TargetPosY,TargetPosZ,ActualPosX,ActualPosY,ActualPosZ,ActualShoulderPitch,ActualElbowAngle,PositionError,JointSpaceError,ShoulderPitchVel,ElbowVel,ShoulderPitchJerk,ElbowJerk,PathLength,OptimalPathLength,PathEfficiency
0.009918213,68,155,0.09495266,-0.115433,-0.2688926,0.264,-0.6536835,0.2716394,75,0,0.7813229,81,7562.237,0,0,0,0,0.7813229,781.3229
0.01520538,68,155,0.09495266,-0.115433,-0.2688926,0.264,-0.6536835,0.2716394,75,0,0.7813229,81,0,0,0,0,0,0.7813229,781.3229
0.02011108,68,155,0.09495266,-0.115433,-0.2688926,0.264,-0.6536835,0.2716394,75,0,0.7813229,81,0,0,0,0,0,0.7813229,781.3229
0.02508926,68,155,0.09495266,-0.115433,-0.2688926,0.264,-0.6536835,0.2716394,75,0,0.7813229,81,0,0,0,0,0,0.7813229,781.3229
0.02905846,68,155,0.09495266,-0.115433,-0.2688926,0.264,-0.6536835,0.2716394,75,0,0.7813229,81,0,0,0,0,0,0.7813229,781.3229
0.03213501,68,155,0.09495266,-0.115433,-0.2688926,0.264,-0.6536835,0.2716394,75,0,0.7813229,81,0,0,0,0,0,0.7813229,781.3229
0.035326,68,155,0.09495266,-0.115433,-0.2688926,0.264,-0.6536835,0.2716394,75,0,0.7813229,81,0,0,0,0,0,0.7813229,781.3229
0.03989601,68,155,0.09495266,-0.115433,-0.2688926,0.264,-0.6536835,0.2716394,75,0,0.7813229,81,0,0,0,0,0,0.7813229,781.3229
0.04483795,68,155,0.09495266,-0.115433,-0.2688926,0.264,-0.6536835,0.2716394,75,0,0.7813229,81,0,0,0,0,0,0.7813229,781.3229
0.04816628,68,155,0.09495266,-0.115433,-0.2688926,0.264,-0.6536835,0.2716394,75,0,0.7813229,81,0,0,0,0,0,0.7813229,781.3229
0.05118561,68,155,0.09495266,-0.115433,-0.2688926,0.264,-0.6536835,0.2716394,75,0,0.7813229,81,0,0,0,0,0,0.7813229,781.3229
0.05706978,68,155,0.09495266,-0.115433,-0.2688926,0.264,-0.6536835,0.2716394,75,0,0.7813229,81,0,0,0,0,0,0.7813229,781.3229
0.06012154,68,155,0.09495266,-0.115433,-0.2688926,0.264,-0.6536835,0.2716394,75,0,0.7813229,81,0,0,0,0,0,0.7813229,781.3229
0.06312752,68,155,0.09495266,-0.115433,-0.2688926,0.264,-0.6536835,0.2716394,75,0,0.7813229,81,0,0,0,0,0,0.7813229,781.3229
0.0670929,68,155,0.09495266,-0.115433,-0.2688926,0.264,-0.6536835,0.2716394,75,0,0.7813229,81,0,0,0,0,0,0.7813229,781.3229
0.07193947,68,155,0.09495266,-0.115433,-0.2688926,0.264,-0.6536835,0.2716394,75,0,0.7813229,81,0,0,0,0,0,0.7813229,781.3229
0.07667923,68,155,0.09495266,-0.115433,-0.2688926,0.264,-0.6536835,0.2716394,75,0,0.7813229,81,0,0,0,0,0,0.7813229,781.3229
0.08124733,68,155,0.09495266,-0.115433,-0.2688926,0.264,-0.6536835,0.2716394,75,0,0.7813229,81,0,0,0,0,0,0.7813229,781.3229
0.08517647,68,155,0.09495266,-0.115433,-0.2688926,0.264,-0.6536835,0.2716394,75,0,0.7813229,81,0,0,0,0,0,0.7813229,781.3229
0.09115028,68,155,0.09495266,-0.115433,-0.2688926,0.264,-0.6536835,0.2716394,75,0,0.7813229,81,0,0,0,0,0,0.7813229,781.3229
0.09723473,68,155,0.09495266,-0.115433,-0.2688926,0.264,-0.6536835,0.2716394,75,0,0.7813229,81,0,0,0,0,0,0.7813229,781.3229
0.100172,68,155,0.09495266,-0.115433,-0.2688926,0.264,-0.6536835,0.2716394,75,0,0.7813229,81,0,0,0,0,0,0.7813229,781.3229
0.106081,68,155,0.09495266,-0.115433,-0.2688926,0.264,-0.6536835,0.2716394,75,0,0.7813229,81,0,0,0,0,0,0.7813229,781.3229
0.1098614,68,155,0.09495266,-0.115433,-0.2688926,0.264,-0.6536835,0.2716394,75,0,0.7813229,81,0,0,0,0,0,0.7813229,781.3229
0.1147747,68,155,0.09495266,-0.115433,-0.2688926,0.264,-0.6536835,0.2716394,75,0,0.7813229,81,0,0,0,0,0,0.7813229,781.3229
0.1189442,68,155,0.09495266,-0.115433,-0.2688926,0.264,-0.6536835,0.2716394,75,0,0.7813229,81,0,0,0,0,0,0.7813229,781.3229
0.1221695,68,155,0.09495266,-0.115433,-0.2688926,0.264,-0.6536835,0.2716394,75,0,0.7813229,81,0,0,0,0,0,0.7813229,781.3229
0.1270294,68,155,0.09495266,-0.115433,-0.2688926,0.264,-0.6536835,0.2716394,75,0,0.7813229,81,0,0,0,0,0,0.7813229,781.3229
0.130991,68,155,0.09495266,-0.115433,-0.2688926,0.264,-0.6536835,0.2716394,75,0,0.7813229,81,0,0,0,0,0,0.7813229,781.3229
0.1360931,68,155,0.09495266,-0.115433,-0.2688926,0.264,-0.6536835,0.2716394,75,0,0.7813229,81,0,0,0,0,0,0.7813229,781.3229
0.1399841,68,155,0.09495266,-0.115433,-0.2688926,0.264,-0.6536835,0.2716394,75,0,0.7813229,81,0,0,0,0,0,0.7813229,781.3229
0.1431351,68,155,0.09495266,-0.115433,-0.2688926,0.264,-0.6536835,0.2716394,75,0,0.7813229,81,0,0,0,0,0,0.7813229,781.3229
0.1483955,68,155,0.09495266,-0.115433,-0.2688926,0.264,-0.6536835,0.2716394,75,0,0.7813229,81,0,0,0,0,0,0.7813229,781.3229
0.1563396,68,155,0.09495266,-0.115433,-0.2688926,0.264,-0.6536835,0.2716394,75,0,0.7813229,81,0,0,0,0,0,0.7813229,781.3229
0.1640892,68,155,0.09495266,-0.115433,-0.2688926,0.264,-0.6536835,0.2716394,75,0,0.7813229,81,0,0,0,0,0,0.7813229,781.3229
0.1696835,68,155,0.09495266,-0.115433,-0.2688926,0.264,-0.6536835,0.2716394,75,0,0.7813229,81,0,0,0,0,0,0.7813229,781.3229
0.1773243,68,155,0.09495266,-0.115433,-0.2688926,0.264,-0.6536835,0.2716394,75,0,0.7813229,81,0,0,0,0,0,0.7813229,781.3229
0.1826153,68,155,0.09495266,-0.115433,-0.2688926,0.264,-0.6536835,0.2716394,75,0,0.7813229,81,0,0,0,0,0,0.7813229,781.3229
0.1893368,68,155,0.09495266,-0.115433,-0.2688926,0.264,-0.6536835,0.2716394,75,0,0.7813229,81,0,0,0,0,0,0.7813229,781.3229
0.1956387,68,155,0.09495266,-0.115433,-0.2688926,0.264,-0.6536835,0.2716394,75,0,0.7813229,81,0,0,0,0,0,0.7813229,781.3229
0.1995811,68,155,0.09495266,-0.115433,-0.2688926,0.264,-0.6536835,0.2716394,75,0,0.7813229,81,0,0,0,0,0,0.7813229,781.3229
0.2032185,68,155,0.09495266,-0.115433,-0.2688926,0.264,-0.6536835,0.2716394,75,0,0.7813229,81,0,0,0,0,0,0.7813229,781.3229
0.2069302,68,155,0.09495266,-0.115433,-0.2688926,0.264,-0.6536835,0.2716394,75,0,0.7813229,81,0,0,0,0,0,0.7813229,781.3229
0.211174,68,155,0.09495266,-0.115433,-0.2688926,0.264,-0.6536835,0.2716394,75,0,0.7813229,81,0,0,0,0,0,0.7813229,781.3229
0.2145367,68,155,0.09495266,-0.115433,-0.2688926,0.264,-0.6536835,0.2716394,75,0,0.7813229,81,0,0,0,0,0,0.7813229,781.3229
0.2169666,68,155,0.09495266,-0.115433,-0.2688926,0.264,-0.6536835,0.2716394,75,0,0.7813229,81,0,0,0,0,0,0.7813229,781.3229
0.2211227,68,155,0.09495266,-0.115433,-0.2688926,0.264,-0.6536835,0.2716394,75,0,0.7813229,81,0,0,0,0,0,0.7813229,781.3229
0.2253418,68,155,0.09495266,-0.115433,-0.2688926,0.264,-0.6536835,0.2716394,75,0,0.7813229,81,0,0,0,0,0,0.7813229,781.3229
0.2348309,68,155,0.09495266,-0.115433,-0.2688926,0.264,-0.6536835,0.2716394,75,0,0.7813229,81,0,0,0,0,0,0.7813229,781.3229
0.2452278,68,155,0.09495266,-0.115433,-0.2688926,0.264,-0.6536835,0.2716394,75,0,0.7813229,81,0,0,0,0,0,0.7813229,781.3229
0.2499275,68,155,0.09495266,-0.115433,-0.2688926,0.264,-0.6536835,0.2716394,75,0,0.7813229,81,0,0,0,0,0,0.7813229,781.3229
0.2526913,68,155,0.09495266,-0.115433,-0.2688926,0.264,-0.6536835,0.2716394,75,0,0.7813229,81,0,0,0,0,0,0.7813229,781.3229
0.255518,68,155,0.09495266,-0.115433,-0.2688926,0.264,-0.6536835,0.2716394,75,0,0.7813229,81,0,0,0,0,0,0.7813229,781.3229
0.2578583,68,155,0.09495266,-0.115433,-0.2688926,0.264,-0.6536835,0.2716394,75,0,0.7813229,81,0,0,0,0,0,0.7813229,781.3229
0.2616997,68,155,0.09495266,-0.115433,-0.2688926,0.264,-0.6536835,0.2716394,75,0,0.7813229,81,0,0,0,0,0,0.7813229,781.3229
0.270092,68,155,0.09495266,-0.115433,-0.2688926,0.264,-0.6536835,0.2716394,75,0,0.7813229,81,0,0,0,0,0,0.7813229,781.3229
0.2746258,68,155,0.09495266,-0.115433,-0.2688926,0.264,-0.6536835,0.2716394,75,0,0.7813229,81,0,0,0,0,0,0.7813229,781.3229
0.2790565,68,155,0.09495266,-0.115433,-0.2688926,0.264,-0.6536835,0.2716394,75,0,0.7813229,81,0,0,0,0,0,0.7813229,781.3229
0.2821426,68,155,0.09495266,-0.115433,-0.2688926,0.264,-0.6536835,0.2716394,75,0,0.7813229,81,0,0,0,0,0,0.7813229,781.3229
0.2876854,68,155,0.09495266,-0.115433,-0.2688926,0.264,-0.6536835,0.2716394,75,0,0.7813229,81,0,0,0,0,0,0.7813229,781.3229
0.2915459,68,155,0.09495266,-0.115433,-0.2688926,0.264,-0.6536835,0.2716394,75,0,0.7813229,81,0,0,0,0,0,0.7813229,781.3229
0.2955551,68,155,0.09495266,-0.115433,-0.2688926,0.264,-0.6536835,0.2716394,75,0,0.7813229,81,0,0,0,0,0,0.7813229,781.3229
0.2989063,68,155,0.09495266,-0.115433,-0.2688926,0.264,-0.6536835,0.2716394,75,0,0.7813229,81,0,0,0,0,0,0.7813229,781.3229
0.3034172,68,155,0.09495266,-0.115433,-0.2688926,0.264,-0.6536835,0.2716394,75,0,0.7813229,81,0,0,0,0,0,0.7813229,781.3229
0.3119011,68,155,0.09495266,-0.115433,-0.2688926,0.264,-0.6536835,0.2716394,75,0,0.7813229,81,0,0,0,0,0,0.7813229,781.3229
0.3151569,68,155,0.09495266,-0.115433,-0.2688926,0.264,-0.6536835,0.2716394,75,0,0.7813229,81,0,0,0,0,0,0.7813229,781.3229
0.318779,68,155,0.09495266,-0.115433,-0.2688926,0.264,-0.6536835,0.2716394,75,0,0.7813229,81,0,0,0,0,0,0.7813229,781.3229
0.3226051,68,155,0.09495266,-0.115433,-0.2688926,0.264,-0.6536835,0.2716394,75,0,0.7813229,81,0,0,0,0,0,0.7813229,781.3229
0.3321896,68,155,0.09495266,-0.115433,-0.2688926,0.264,-0.6536835,0.2716394,75,0,0.7813229,81,0,0,0,0,0,0.7813229,781.3229
0.3365459,68,155,0.09495266,-0.115433,-0.2688926,0.264,-0.6536835,0.2716394,75,0,0.7813229,81,0,0,0,0,0,0.7813229,781.3229
0.3406582,68,155,0.09495266,-0.115433,-0.2688926,0.264,-0.6536835,0.2716394,75,0,0.7813229,81,0,0,0,0,0,0.7813229,781.3229
0.3459339,68,155,0.09495266,-0.115433,-0.2688926,0.264,-0.6536835,0.2716394,75,0,0.7813229,81,0,0,0,0,0,0.7813229,781.3229
0.3492241,68,155,0.09495266,-0.115433,-0.2688926,0.264,-0.6536835,0.2716394,75,0,0.7813229,81,0,0,0,0,0,0.7813229,781.3229
0.3526955,68,155,0.09495266,-0.115433,-0.2688926,0.264,-0.6536835,0.2716394,75,0,0.7813229,81,0,0,0,0,0,0.7813229,781.3229
0.3567581,68,155,0.09495266,-0.115433,-0.2688926,0.264,-0.6536835,0.2716394,75,0,0.7813229,81,0,0,0,0,0,0.7813229,781.3229
0.3603935,68,155,0.09495266,-0.115433,-0.2688926,0.264,-0.6536835,0.2716394,75,0,0.7813229,81,0,0,0,0,0,0.7813229,781.3229
0.3640537,68,155,0.09495266,-0.115433,-0.2688926,0.264,-0.6536835,0.2716394,75,0,0.7813229,81,0,0,0,0,0,0.7813229,781.3229
0.3673553,68,155,0.09495266,-0.115433,-0.2688926,0.264,-0.6536835,0.2716394,75,0,0.7813229,81,0,0,0,0,0,0.7813229,781.3229
0.3725834,68,155,0.09495266,-0.115433,-0.2688926,0.264,-0.6536835,0.2716394,75,0,0.7813229,81,0,0,0,0,0,0.7813229,781.3229
0.3760777,68,155,0.09495266,-0.115433,-0.2688926,0.264,-0.6536835,0.2716394,75,0,0.7813229,81,0,0,0,0,0,0.7813229,781.3229
0.38027,68,155,0.09495266,-0.115433,-0.2688926,0.264,-0.6536835,0.2716394,75,0,0.7813229,81,0,0,0,0,0,0.7813229,781.3229
0.3834763,68,155,0.09495266,-0.115433,-0.2688926,0.264,-0.6536835,0.2716394,75,0,0.7813229,81,0,0,0,0,0,0.7813229,781.3229
0.3882294,68,155,0.09495266,-0.115433,-0.2688926,0.264,-0.6536835,0.2716394,75,0,0.7813229,81,0,0,0,0,0,0.7813229,781.3229
0.3944225,68,155,0.09495266,-0.115433,-0.2688926,0.264,-0.6536835,0.2716394,75,0,0.7813229,81,0,0,0,0,0,0.7813229,781.3229
0.3993034,68,155,0.09495266,-0.115433,-0.2688926,0.264,-0.6536835,0.2716394,75,0,0.7813229,81,0,0,0,0,0,0.7813229,781.3229
0.404274,68,155,0.09495266,-0.115433,-0.2688926,0.264,-0.6536835,0.2716394,75,0,0.7813229,81,0,0,0,0,0,0.7813229,781.3229
0.408308,68,155,0.09495266,-0.115433,-0.2688926,0.264,-0.6536835,0.2716394,75,0,0.7813229,81,0,0,0,0,0,0.7813229,781.3229
0.4113979,68,155,0.09495266,-0.115433,-0.2688926,0.264,-0.6536835,0.2716394,75,0,0.7813229,81,0,0,0,0,0,0.7813229,781.3229
0.4151573,68,155,0.09495266,-0.115433,-0.2688926,0.264,-0.6536835,0.2716394,75,0,0.7813229,81,0,0,0,0,0,0.7813229,781.3229
0.4233456,68,155,0.09495266,-0.115433,-0.2688926,0.264,-0.6536835,0.2716394,75,0,0.7813229,81,0,0,0,0,0,0.7813229,781.3229
0.4287281,68,155,0.09495266,-0.115433,-0.2688926,0.264,-0.6536835,0.2716394,75,0,0.7813229,81,0,0,0,0,0,0.7813229,781.3229
0.4329433,68,155,0.09495266,-0.115433,-0.2688926,0.264,-0.6536835,0.2716394,75,0,0.7813229,81,0,0,0,0,0,0.7813229,781.3229
0.4363976,68,155,0.09495266,-0.115433,-0.2688926,0.264,-0.6536835,0.2716394,75,0,0.7813229,81,0,0,0,0,0,0.7813229,781.3229
0.440258,68,155,0.09495266,-0.115433,-0.2688926,0.264,-0.6536835,0.2716394,75,0,0.7813229,81,0,0,0,0,0,0.7813229,781.3229
0.4435368,68,155,0.09495266,-0.115433,-0.2688926,0.264,-0.6536835,0.2716394,75,0,0.7813229,81,0,0,0,0,0,0.7813229,781.3229
0.4488544,68,155,0.09495266,-0.115433,-0.2688926,0.264,-0.6536835,0.2716394,75,0,0.7813229,81,0,0,0,0,0,0.7813229,781.3229
0.4532681,68,155,0.09495266,-0.115433,-0.2688926,0.264,-0.6536835,0.2716394,75,0,0.7813229,81,0,0,0,0,0,0.7813229,781.3229
0.4562321,68,155,0.09495266,-0.115433,-0.2688926,0.264,-0.6536835,0.2716394,75,0,0.7813229,81,0,0,0,0,0,0.7813229,781.3229
0.4593353,68,155,0.09495266,-0.115433,-0.2688926,0.264,-0.6536835,0.2716394,75,0,0.7813229,81,0,0,0,0,0,0.7813229,781.3229
0.4649563,68,155,0.09495266,-0.115433,-0.2688926,0.264,-0.6536835,0.2716394,75,0,0.7813229,81,0,0,0,0,0,0.7813229,781.3229
0.4682198,68,155,0.09495266,-0.115433,-0.2688926,0.264,-0.6536835,0.2716394,75,0,0.7813229,81,0,0,0,0,0,0.7813229,781.3229
0.4719715,68,155,0.09495266,-0.115433,-0.2688926,0.264,-0.6536835,0.2716394,75,0,0.7813229,81,0,0,0,0,0,0.7813229,781.3229
0.4767933,68,155,0.09495266,-0.115433,-0.2688926,0.264,-0.6536835,0.2716394,75,0,0.7813229,81,0,0,0,0,0,0.7813229,781.3229
0.4799995,68,155,0.09495266,-0.115433,-0.2688926,0.264,-0.6536835,0.2716394,75,0,0.7813229,81,0,0,0,0,0,0.7813229,781.3229
0.4831562,68,155,0.09495266,-0.115433,-0.2688926,0.264,-0.6536835,0.2716394,75,0,0.7813229,81,0,0,0,0,0,0.7813229,781.3229
0.48666,68,155,0.09495266,-0.115433,-0.2688926,0.264,-0.6536835,0.2716394,75,0,0.7813229,81,0,0,0,0,0,0.7813229,781.3229
0.4907932,68,155,0.09495266,-0.115433,-0.2688926,0.264,-0.6536835,0.2716394,75,0,0.7813229,81,0,0,0,0,0,0.7813229,781.3229
0.4953156,68,155,0.09495266,-0.115433,-0.2688926,0.264,-0.6536835,0.2716394,75,0,0.7813229,81,0,0,0,0,0,0.7813229,781.3229
0.4985428,68,155,0.09495266,-0.115433,-0.2688926,0.264,-0.6536835,0.2716394,75,0,0.7813229,81,0,0,0,0,0,0.7813229,781.3229
0.502306,68,155,0.09495266,-0.115433,-0.2688926,0.264,-0.6536835,0.2716394,75,0,0.7813229,81,0,0,0,0,0,0.7813229,781.3229
0.5122623,68,155,0.09495266,-0.115433,-0.2688926,0.264,-0.6536835,0.2716394,75,0,0.7813229,81,0,0,0,0,0,0.7813229,781.3229
0.5192757,68,155,0.09495266,-0.115433,-0.2688926,0.264,-0.6536835,0.2716394,75,0,0.7813229,81,0,0,0,0,0,0.7813229,781.3229
0.5278263,68,155,0.09495266,-0.115433,-0.2688926,0.264,-0.6536835,0.2716394,75,0,0.7813229,81,0,0,0,0,0,0.7813229,781.3229
0.5318317,68,155,0.09495266,-0.115433,-0.2688926,0.264,-0.6536835,0.2716394,75,0,0.7813229,81,0,0,0,0,0,0.7813229,781.3229
0.5353909,68,155,0.09495266,-0.115433,-0.2688926,0.264,-0.6536835,0.2716394,75,0,0.7813229,81,0,0,0,0,0,0.7813229,781.3229
0.5378895,68,155,0.09495266,-0.115433,-0.2688926,0.264,-0.6536835,0.2716394,75,0,0.7813229,81,0,0,0,0,0,0.7813229,781.3229
0.5403862,68,155,0.09495266,-0.115433,-0.2688926,0.264,-0.6536835,0.2716394,75,0,0.7813229,81,0,0,0,0,0,0.7813229,781.3229
0.5427418,68,155,0.09495266,-0.115433,-0.2688926,0.264,-0.6536835,0.2716394,75,0,0.7813229,81,0,0,0,0,0,0.7813229,781.3229
0.5465679,68,155,0.09495266,-0.115433,-0.2688926,0.264,-0.6536835,0.2716394,75,0,0.7813229,81,0,0,0,0,0,0.7813229,781.3229
0.5487747,68,155,0.09495266,-0.115433,-0.2688926,0.264,-0.6536835,0.2716394,75,0,0.7813229,81,0,0,0,0,0,0.7813229,781.3229
0.5521069,68,155,0.09495266,-0.115433,-0.2688926,0.264,-0.6536835,0.2716394,75,0,0.7813229,81,0,0,0,0,0,0.7813229,781.3229
0.556385,68,155,0.09495266,-0.115433,-0.2688926,0.264,-0.6536835,0.2716394,75,0,0.7813229,81,0,0,0,0,0,0.7813229,781.3229
0.5590725,68,155,0.09495266,-0.115433,-0.2688926,0.264,-0.6536835,0.2716394,75,0,0.7813229,81,0,0,0,0,0,0.7813229,781.3229
0.5634327,68,155,0.09495266,-0.115433,-0.2688926,0.264,-0.6536835,0.2716394,75,0,0.7813229,81,0,0,0,0,0,0.7813229,781.3229
0.5667839,68,155,0.09495266,-0.115433,-0.2688926,0.264,-0.6536835,0.2716394,75,0,0.7813229,81,0,0,0,0,0,0.7813229,781.3229
0.5700493,68,155,0.09495266,-0.115433,-0.2688926,0.264,-0.6536835,0.2716394,75,0,0.7813229,81,0,0,0,0,0,0.7813229,781.3229
0.5742302,68,155,0.09495266,-0.115433,-0.2688926,0.264,-0.6536835,0.2716394,75,0,0.7813229,81,0,0,0,0,0,0.7813229,781.3229
0.5778065,68,155,0.09495266,-0.115433,-0.2688926,0.264,-0.6536835,0.2716394,75,0,0.7813229,81,0,0,0,0,0,0.7813229,781.3229
0.5814781,68,155,0.09495266,-0.115433,-0.2688926,0.264,-0.6536835,0.2716394,75,0,0.7813229,81,0,0,0,0,0,0.7813229,781.3229
0.5868778,68,155,0.09495266,-0.115433,-0.2688926,0.264,-0.6536835,0.2716394,75,0,0.7813229,81,0,0,0,0,0,0.7813229,781.3229
0.5919151,68,155,0.09495266,-0.115433,-0.2688926,0.264,-0.6536835,0.2716394,75,0,0.7813229,81,0,0,0,0,0,0.7813229,781.3229
0.595026,68,155,0.09495266,-0.115433,-0.2688926,0.264,-0.6536835,0.2716394,75,0,0.7813229,81,0,0,0,0,0,0.7813229,781.3229
0.5993443,68,155,0.09495266,-0.115433,-0.2688926,0.264,-0.6536835,0.2716394,75,0,0.7813229,81,0,0,0,0,0,0.7813229,781.3229
0.6024647,68,155,0.09495266,-0.115433,-0.2688926,0.264,-0.6536835,0.2716394,75,0,0.7813229,81,0,0,0,0,0,0.7813229,781.3229
0.6063614,68,155,0.09495266,-0.115433,-0.2688926,0.264,-0.6536835,0.2716394,75,0,0.7813229,81,0,0,0,0,0,0.7813229,781.3229
0.6107979,68,155,0.09495266,-0.115433,-0.2688926,0.264,-0.6536835,0.2716394,75,0,0.7813229,81,0,0,0,0,0,0.7813229,781.3229
0.615202,68,155,0.09495266,-0.115433,-0.2688926,0.264,-0.6536835,0.2716394,75,0,0.7813229,81,0,0,0,0,0,0.7813229,781.3229
0.6186028,68,155,0.09495266,-0.115433,-0.2688926,0.264,-0.6536835,0.2716394,75,0,0.7813229,81,0,0,0,0,0,0.7813229,781.3229
0.6221886,68,155,0.09495266,-0.115433,-0.2688926,0.264,-0.6536835,0.2716394,75,0,0.7813229,81,0,0,0,0,0,0.7813229,781.3229
0.6246758,68,155,0.09495266,-0.115433,-0.2688926,0.264,-0.6536835,0.2716394,75,0,0.7813229,81,0,0,0,0,0,0.7813229,781.3229
0.6286793,68,155,0.09495266,-0.115433,-0.2688926,0.264,-0.6536835,0.2716394,75,0,0.7813229,81,0,0,0,0,0,0.7813229,781.3229
0.6320915,68,155,0.09495266,-0.115433,-0.2688926,0.264,-0.6536835,0.2716394,75,0,0.7813229,81,0,0,0,0,0,0.7813229,781.3229
0.6357555,68,155,0.09495266,-0.115433,-0.2688926,0.264,-0.6536835,0.2716394,75,0,0.7813229,81,0,0,0,0,0,0.7813229,781.3229
0.6382561,68,155,0.09495266,-0.115433,-0.2688926,0.264,-0.6536835,0.2716394,75,0,0.7813229,81,0,0,0,0,0,0.7813229,781.3229
0.6405811,68,155,0.09495266,-0.115433,-0.2688926,0.264,-0.6536835,0.2716394,75,0,0.7813229,81,0,0,0,0,0,0.7813229,781.3229
0.6428432,68,155,0.09495266,-0.115433,-0.2688926,0.264,-0.6536835,0.2716394,75,0,0.7813229,81,0,0,0,0,0,0.7813229,781.3229
0.6454849,68,155,0.09495266,-0.115433,-0.2688926,0.264,-0.6536835,0.2716394,75,0,0.7813229,81,0,0,0,0,0,0.7813229,781.3229
0.6479836,68,155,0.09495266,-0.115433,-0.2688926,0.264,-0.6536835,0.2716394,75,0,0.7813229,81,0,0,0,0,0,0.7813229,781.3229
0.6505661,68,155,0.09495266,-0.115433,-0.2688926,0.264,-0.6536835,0.2716394,75,0,0.7813229,81,0,0,0,0,0,0.7813229,781.3229
0.6532383,68,155,0.09495266,-0.115433,-0.2688926,0.264,-0.6536835,0.2716394,75,0,0.7813229,81,0,0,0,0,0,0.7813229,781.3229
0.6556568,68,155,0.09495266,-0.115433,-0.2688926,0.264,-0.6536835,0.2716394,75,0,0.7813229,81,0,0,0,0,0,0.7813229,781.3229
0.6579075,68,155,0.09495266,-0.115433,-0.2688926,0.264,-0.6536835,0.2716394,75,0,0.7813229,81,0,0,0,0,0,0.7813229,781.3229
0.6601334,68,155,0.09495266,-0.115433,-0.2688926,0.264,-0.6536835,0.2716394,75,0,0.7813229,81,0,0,0,0,0,0.7813229,781.3229
0.6623783,68,155,0.09495266,-0.115433,-0.2688926,0.264,-0.6536835,0.2716394,75,0,0.7813229,81,0,0,0,0,0,0.7813229,781.3229
0.6655903,68,155,0.09495266,-0.115433,-0.2688926,0.264,-0.6536835,0.2716394,75,0,0.7813229,81,0,0,0,0,0,0.7813229,781.3229
0.6678181,68,155,0.09495266,-0.115433,-0.2688926,0.264,-0.6536835,0.2716394,75,0,0.7813229,81,0,0,0,0,0,0.7813229,781.3229
0.6712532,68,155,0.09495266,-0.115433,-0.2688926,0.264,-0.6536835,0.2716394,75,0,0.7813229,81,0,0,0,0,0,0.7813229,781.3229
0.6736164,68,155,0.09495266,-0.115433,-0.2688926,0.264,-0.6536835,0.2716394,75,0,0.7813229,81,0,0,0,0,0,0.7813229,781.3229
0.6759319,68,155,0.09495266,-0.115433,-0.2688926,0.264,-0.6536835,0.2716394,75,0,0.7813229,81,0,0,0,0,0,0.7813229,781.3229
0.6780872,68,155,0.09495266,-0.115433,-0.2688926,0.264,-0.6536835,0.2716394,75,0,0.7813229,81,0,0,0,0,0,0.7813229,781.3229
0.6802979,68,155,0.09495266,-0.115433,-0.2688926,0.264,-0.6536835,0.2716394,75,0,0.7813229,81,0,0,0,0,0,0.7813229,781.3229
0.682888,68,155,0.09495266,-0.115433,-0.2688926,0.264,-0.6536835,0.2716394,75,0,0.7813229,81,0,0,0,0,0,0.7813229,781.3229
0.686121,68,155,0.09495266,-0.115433,-0.2688926,0.264,-0.6536835,0.2716394,75,0,0.7813229,81,0,0,0,0,0,0.7813229,781.3229
0.6884384,68,155,0.09495266,-0.115433,-0.2688926,0.264,-0.6536835,0.2716394,75,0,0.7813229,81,0,0,0,0,0,0.7813229,781.3229
0.6906376,68,155,0.09495266,-0.115433,-0.2688926,0.264,-0.6536835,0.2716394,75,0,0.7813229,81,0,0,0,0,0,0.7813229,781.3229
0.6928291,68,155,0.09495266,-0.115433,-0.2688926,0.264,-0.6536835,0.2716394,75,0,0.7813229,81,0,0,0,0,0,0.7813229,781.3229
0.6950016,68,155,0.09495266,-0.115433,-0.2688926,0.264,-0.6536835,0.2716394,75,0,0.7813229,81,0,0,0,0,0,0.7813229,781.3229
0.6975517,68,155,0.09495266,-0.115433,-0.2688926,0.264,-0.6536835,0.2716394,75,0,0.7813229,81,0,0,0,0,0,0.7813229,781.3229
0.7004204,68,155,0.09495266,-0.115433,-0.2688926,0.264,-0.6536835,0.2716394,75,0,0.7813229,81,0,0,0,0,0,0.7813229,781.3229
0.703743,68,155,0.09495266,-0.115433,-0.2688926,0.264,-0.6536835,0.2716394,75,0,0.7813229,81,0,0,0,0,0,0.7813229,781.3229
0.7067795,68,155,0.09495266,-0.115433,-0.2688926,0.264,-0.6536835,0.2716394,75,0,0.7813229,81,0,0,0,0,0,0.7813229,781.3229
0.7092438,68,155,0.09495266,-0.115433,-0.2688926,0.264,-0.6536835,0.2716394,75,0,0.7813229,81,0,0,0,0,0,0.7813229,781.3229
0.7115707,68,155,0.09495266,-0.115433,-0.2688926,0.264,-0.6536835,0.2716394,75,0,0.7813229,81,0,0,0,0,0,0.7813229,781.3229
0.7148647,68,155,0.09495266,-0.115433,-0.2688926,0.264,-0.6536835,0.2716394,75,0,0.7813229,81,0,0,0,0,0,0.7813229,781.3229
0.7172794,68,155,0.09495266,-0.115433,-0.2688926,0.264,-0.6536835,0.2716394,75,0,0.7813229,81,0,0,0,0,0,0.7813229,781.3229
0.7199726,68,155,0.09495266,-0.115433,-0.2688926,0.264,-0.6536835,0.2716394,75,0,0.7813229,81,0,0,0,0,0,0.7813229,781.3229
0.7222652,68,155,0.09495266,-0.115433,-0.2688926,0.264,-0.6536835,0.2716394,75,0,0.7813229,81,0,0,0,0,0,0.7813229,781.3229
0.7249126,68,155,0.09495266,-0.115433,-0.2688926,0.264,-0.6536835,0.2716394,75,0,0.7813229,81,0,0,0,0,0,0.7813229,781.3229
0.7273178,68,155,0.09495266,-0.115433,-0.2688926,0.264,-0.6536835,0.2716394,75,0,0.7813229,81,0,0,0,0,0,0.7813229,781.3229
0.7297897,68,155,0.09495266,-0.115433,-0.2688926,0.264,-0.6536835,0.2716394,75,0,0.7813229,81,0,0,0,0,0,0.7813229,781.3229
0.732275,68,155,0.09495266,-0.115433,-0.2688926,0.264,-0.6536835,0.2716394,75,0,0.7813229,81,0,0,0,0,0,0.7813229,781.3229
0.7345181,68,155,0.09495266,-0.115433,-0.2688926,0.264,-0.6536835,0.2716394,75,0,0.7813229,81,0,0,0,0,0,0.7813229,781.3229
0.7375507,68,155,0.09495266,-0.115433,-0.2688926,0.264,-0.6536835,0.2716394,75,0,0.7813229,81,0,0,0,0,0,0.7813229,781.3229
0.7399578,68,155,0.09495266,-0.115433,-0.2688926,0.264,-0.6536835,0.2716394,75,0,0.7813229,81,0,0,0,0,0,0.7813229,781.3229
0.7425652,68,155,0.09495266,-0.115433,-0.2688926,0.264,-0.6536835,0.2716394,75,0,0.7813229,81,0,0,0,0,0,0.7813229,781.3229
0.7460957,68,155,0.09495266,-0.115433,-0.2688926,0.264,-0.6536835,0.2716394,75,0,0.7813229,81,0,0,0,0,0,0.7813229,781.3229
0.7487068,68,155,0.09495266,-0.115433,-0.2688926,0.264,-0.6536835,0.2716394,75,0,0.7813229,81,0,0,0,0,0,0.7813229,781.3229
0.750946,68,155,0.09495266,-0.115433,-0.2688926,0.264,-0.6536835,0.2716394,75,0,0.7813229,81,0,0,0,0,0,0.7813229,781.3229
0.7538605,68,155,0.09495266,-0.115433,-0.2688926,0.264,-0.6536835,0.2716394,75,0,0.7813229,81,0,0,0,0,0,0.7813229,781.3229
0.7561512,68,155,0.09495266,-0.115433,-0.2688926,0.264,-0.6536835,0.2716394,75,0,0.7813229,81,0,0,0,0,0,0.7813229,781.3229
0.7583466,68,155,0.09495266,-0.115433,-0.2688926,0.264,-0.6536835,0.2716394,75,0,0.7813229,81,0,0,0,0,0,0.7813229,781.3229
0.7607403,68,155,0.09495266,-0.115433,-0.2688926,0.264,-0.6536835,0.2716394,75,0,0.7813229,81,0,0,0,0,0,0.7813229,781.3229
0.7635841,68,155,0.09495266,-0.115433,-0.2688926,0.264,-0.6536835,0.2716394,75,0,0.7813229,81,0,0,0,0,0,0.7813229,781.3229
0.7661209,68,155,0.09495266,-0.115433,-0.2688926,0.264,-0.6536835,0.2716394,75,0,0.7813229,81,0,0,0,0,0,0.7813229,781.3229
0.7688522,68,155,0.09495266,-0.115433,-0.2688926,0.264,-0.6536835,0.2716394,75,0,0.7813229,81,0,0,0,0,0,0.7813229,781.3229
0.77145,68,155,0.09495266,-0.115433,-0.2688926,0.264,-0.6536835,0.2716394,75,0,0.7813229,81,0,0,0,0,0,0.7813229,781.3229
0.7738667,68,155,0.09495266,-0.115433,-0.2688926,0.264,-0.6536835,0.2716394,75,0,0.7813229,81,0,0,0,0,0,0.7813229,781.3229
0.7769833,68,155,0.09495266,-0.115433,-0.2688926,0.264,-0.6536835,0.2716394,75,0,0.7813229,81,0,0,0,0,0,0.7813229,781.3229
0.7800579,68,155,0.09495266,-0.115433,-0.2688926,0.264,-0.6536835,0.2716394,75,0,0.7813229,81,0,0,0,0,0,0.7813229,781.3229
0.7832108,68,155,0.09495266,-0.115433,-0.2688926,0.264,-0.6536835,0.2716394,75,0,0.7813229,81,0,0,0,0,0,0.7813229,781.3229
0.7872868,68,155,0.09495266,-0.115433,-0.2688926,0.264,-0.6536835,0.2716394,75,0,0.7813229,81,0,0,0,0,0,0.7813229,781.3229
0.7908096,68,155,0.09495266,-0.115433,-0.2688926,0.264,-0.6536835,0.2716394,75,0,0.7813229,81,0,0,0,0,0,0.7813229,781.3229
0.794384,68,155,0.09495266,-0.115433,-0.2688926,0.264,-0.6536835,0.2716394,75,0,0.7813229,81,0,0,0,0,0,0.7813229,781.3229
0.7973518,68,155,0.09495266,-0.115433,-0.2688926,0.264,-0.6536835,0.2716394,75,0,0.7813229,81,0,0,0,0,0,0.7813229,781.3229
0.8062344,68,155,0.09495266,-0.115433,-0.2688926,0.264,-0.6536835,0.2716394,75,0,0.7813229,81,0,0,0,0,0,0.7813229,781.3229
0.818655,68,155,0.09495266,-0.115433,-0.2688926,0.264,-0.6536835,0.2716394,75,0,0.7813229,81,0,0,0,0,0,0.7813229,781.3229
1.151989,68,155,0.09495266,-0.115433,-0.2688926,0.264,-0.6536835,0.2716394,75,0,0.7813229,81,0,0,0,0,0,0.7813229,781.3229
1.170601,68,155,0.09495266,-0.115433,-0.2688926,0.264,-0.395335,0.4418969,52.7,0,0.7823962,85.15,-1198.074,0,0,0,0.3094052,0.7813229,2.525242
1.17676,68,155,0.09495266,-0.115433,-0.2688926,0.264,-0.395335,0.4418969,52.7,0,0.7823962,85.15,0,0,0,0,0.3094052,0.7813229,2.525242
1.179502,68,155,0.09495266,-0.115433,-0.2688926,0.264,-0.395335,0.4418969,52.7,0,0.7823962,85.15,0,0,0,0,0.3094052,0.7813229,2.525242
1.183222,68,155,0.09495266,-0.115433,-0.2688926,0.264,-0.395335,0.4418969,52.7,0,0.7823962,85.15,0,0,0,0,0.3094052,0.7813229,2.525242
1.186478,68,155,0.09495266,-0.115433,-0.2688926,0.264,-0.395335,0.4418969,52.7,0,0.7823962,85.15,0,0,0,0,0.3094052,0.7813229,2.525242
1.189552,68,155,0.09495266,-0.115433,-0.2688926,0.264,-0.395335,0.4418969,52.7,0,0.7823962,85.15,0,0,0,0,0.3094052,0.7813229,2.525242
1.192844,68,155,0.09495266,-0.115433,-0.2688926,0.264,-0.395335,0.4418969,52.7,0,0.7823962,85.15,0,0,0,0,0.3094052,0.7813229,2.525242
1.195951,68,155,0.09495266,-0.115433,-0.2688926,0.264,-0.395335,0.4418969,52.7,0,0.7823962,85.15,0,0,0,0,0.3094052,0.7813229,2.525242
1.198576,68,155,0.09495266,-0.115433,-0.2688926,0.264,-0.395335,0.4418969,52.7,0,0.7823962,85.15,0,0,0,0,0.3094052,0.7813229,2.525242
1.201117,68,155,0.09495266,-0.115433,-0.2688926,0.264,-0.395335,0.4418969,52.7,0,0.7823962,85.15,0,0,0,0,0.3094052,0.7813229,2.525242
1.205166,68,155,0.09495266,-0.115433,-0.2688926,0.264,-0.395335,0.4418969,52.7,0,0.7823962,85.15,0,0,0,0,0.3094052,0.7813229,2.525242
1.207712,68,155,0.09495266,-0.115433,-0.2688926,0.264,-0.395335,0.4418969,52.7,0,0.7823962,85.15,0,0,0,0,0.3094052,0.7813229,2.525242
1.210464,68,155,0.09495266,-0.115433,-0.2688926,0.264,-0.395335,0.4418969,52.7,0,0.7823962,85.15,0,0,0,0,0.3094052,0.7813229,2.525242
1.212933,68,155,0.09495266,-0.115433,-0.2688926,0.264,-0.395335,0.4418969,52.7,0,0.7823962,85.15,0,0,0,0,0.3094052,0.7813229,2.525242
1.215246,68,155,0.09495266,-0.115433,-0.2688926,0.264,-0.395335,0.4418969,52.7,0,0.7823962,85.15,0,0,0,0,0.3094052,0.7813229,2.525242
1.217464,68,155,0.09495266,-0.115433,-0.2688926,0.264,-0.395335,0.4418969,52.7,0,0.7823962,85.15,0,0,0,0,0.3094052,0.7813229,2.525242
1.219658,68,155,0.09495266,-0.115433,-0.2688926,0.264,-0.395335,0.4418969,52.7,0,0.7823962,85.15,0,0,0,0,0.3094052,0.7813229,2.525242
1.222206,68,155,0.09495266,-0.115433,-0.2688926,0.264,-0.395335,0.4418969,52.7,0,0.7823962,85.15,0,0,0,0,0.3094052,0.7813229,2.525242
1.225161,68,155,0.09495266,-0.115433,-0.2688926,0.264,-0.395335,0.4418969,52.7,0,0.7823962,85.15,0,0,0,0,0.3094052,0.7813229,2.525242
1.227478,68,155,0.09495266,-0.115433,-0.2688926,0.264,-0.395335,0.4418969,52.7,0,0.7823962,85.15,0,0,0,0,0.3094052,0.7813229,2.525242
1.229792,68,155,0.09495266,-0.115433,-0.2688926,0.264,-0.395335,0.4418969,52.7,0,0.7823962,85.15,0,0,0,0,0.3094052,0.7813229,2.525242
1.232033,68,155,0.09495266,-0.115433,-0.2688926,0.264,-0.395335,0.4418969,52.7,0,0.7823962,85.15,0,0,0,0,0.3094052,0.7813229,2.525242
1.234396,68,155,0.09495266,-0.115433,-0.2688926,0.264,-0.395335,0.4418969,52.7,0,0.7823962,85.15,0,0,0,0,0.3094052,0.7813229,2.525242
1.236887,68,155,0.09495266,-0.115433,-0.2688926,0.264,-0.395335,0.4418969,52.7,0,0.7823962,85.15,0,0,0,0,0.3094052,0.7813229,2.525242
1.2407,68,155,0.09495266,-0.115433,-0.2688926,0.264,-0.395335,0.4418969,52.7,0,0.7823962,85.15,0,0,0,0,0.3094052,0.7813229,2.525242
1.243528,68,155,0.09495266,-0.115433,-0.2688926,0.264,-0.395335,0.4418969,52.7,0,0.7823962,85.15,0,0,0,0,0.3094052,0.7813229,2.525242
1.246025,68,155,0.09495266,-0.115433,-0.2688926,0.264,-0.395335,0.4418969,52.7,0,0.7823962,85.15,0,0,0,0,0.3094052,0.7813229,2.525242
1.248274,68,155,0.09495266,-0.115433,-0.2688926,0.264,-0.395335,0.4418969,52.7,0,0.7823962,85.15,0,0,0,0,0.3094052,0.7813229,2.525242
1.25053,68,155,0.09495266,-0.115433,-0.2688926,0.264,-0.395335,0.4418969,52.7,0,0.7823962,85.15,0,0,0,0,0.3094052,0.7813229,2.525242
1.253262,68,155,0.09495266,-0.115433,-0.2688926,0.264,-0.395335,0.4418969,52.7,0,0.7823962,85.15,0,0,0,0,0.3094052,0.7813229,2.525242
1.256327,68,155,0.09495266,-0.115433,-0.2688926,0.264,-0.395335,0.4418969,52.7,0,0.7823962,85.15,0,0,0,0,0.3094052,0.7813229,2.525242
1.258871,68,155,0.09495266,-0.115433,-0.2688926,0.264,-0.395335,0.4418969,52.7,0,0.7823962,85.15,0,0,0,0,0.3094052,0.7813229,2.525242
1.261221,68,155,0.09495266,-0.115433,-0.2688926,0.264,-0.395335,0.4418969,52.7,0,0.7823962,85.15,0,0,0,0,0.3094052,0.7813229,2.525242
1.26388,68,155,0.09495266,-0.115433,-0.2688926,0.264,-0.395335,0.4418969,52.7,0,0.7823962,85.15,0,0,0,0,0.3094052,0.7813229,2.525242
1.266117,68,155,0.09495266,-0.115433,-0.2688926,0.264,-0.395335,0.4418969,52.7,0,0.7823962,85.15,0,0,0,0,0.3094052,0.7813229,2.525242
1.27146,68,155,0.09495266,-0.115433,-0.2688926,0.264,-0.395335,0.4418969,52.7,0,0.7823962,85.15,0,0,0,0,0.3094052,0.7813229,2.525242
1.277504,68,155,0.09495266,-0.115433,-0.2688926,0.264,-0.395335,0.4418969,52.7,0,0.7823962,85.15,0,0,0,0,0.3094052,0.7813229,2.525242
1.282965,68,155,0.09495266,-0.115433,-0.2688926,0.264,-0.395335,0.4418969,52.7,0,0.7823962,85.15,0,0,0,0,0.3094052,0.7813229,2.525242
1.285664,68,155,0.09495266,-0.115433,-0.2688926,0.264,-0.395335,0.4418969,52.7,0,0.7823962,85.15,0,0,0,0,0.3094052,0.7813229,2.525242
1.290022,68,155,0.09495266,-0.115433,-0.2688926,0.264,-0.395335,0.4418969,52.7,0,0.7823962,85.15,0,0,0,0,0.3094052,0.7813229,2.525242
1.292711,68,155,0.09495266,-0.115433,-0.2688926,0.264,-0.395335,0.4418969,52.7,0,0.7823962,85.15,0,0,0,0,0.3094052,0.7813229,2.525242
1.295273,68,155,0.09495266,-0.115433,-0.2688926,0.264,-0.395335,0.4418969,52.7,0,0.7823962,85.15,0,0,0,0,0.3094052,0.7813229,2.525242
1.297527,68,155,0.09495266,-0.115433,-0.2688926,0.264,-0.395335,0.4418969,52.7,0,0.7823962,85.15,0,0,0,0,0.3094052,0.7813229,2.525242
1.299797,68,155,0.09495266,-0.115433,-0.2688926,0.264,-0.395335,0.4418969,52.7,0,0.7823962,85.15,0,0,0,0,0.3094052,0.7813229,2.525242
1.302343,68,155,0.09495266,-0.115433,-0.2688926,0.264,-0.395335,0.4418969,52.7,0,0.7823962,85.15,0,0,0,0,0.3094052,0.7813229,2.525242
1.305557,68,155,0.09495266,-0.115433,-0.2688926,0.264,-0.395335,0.4418969,52.7,0,0.7823962,85.15,0,0,0,0,0.3094052,0.7813229,2.525242
1.307854,68,155,0.09495266,-0.115433,-0.2688926,0.264,-0.395335,0.4418969,52.7,0,0.7823962,85.15,0,0,0,0,0.3094052,0.7813229,2.525242
1.310007,68,155,0.09495266,-0.115433,-0.2688926,0.264,-0.395335,0.4418969,52.7,0,0.7823962,85.15,0,0,0,0,0.3094052,0.7813229,2.525242
1.312344,68,155,0.09495266,-0.115433,-0.2688926,0.264,-0.395335,0.4418969,52.7,0,0.7823962,85.15,0,0,0,0,0.3094052,0.7813229,2.525242
1.314476,68,155,0.09495266,-0.115433,-0.2688926,0.264,-0.395335,0.4418969,52.7,0,0.7823962,85.15,0,0,0,0,0.3094052,0.7813229,2.525242
1.316706,68,155,0.09495266,-0.115433,-0.2688926,0.264,-0.395335,0.4418969,52.7,0,0.7823962,85.15,0,0,0,0,0.3094052,0.7813229,2.525242
1.319666,68,155,0.09495266,-0.115433,-0.2688926,0.264,-0.395335,0.4418969,52.7,0,0.7823962,85.15,0,0,0,0,0.3094052,0.7813229,2.525242
1.322889,68,155,0.09495266,-0.115433,-0.2688926,0.264,-0.395335,0.4418969,52.7,0,0.7823962,85.15,0,0,0,0,0.3094052,0.7813229,2.525242
1.325655,68,155,0.09495266,-0.115433,-0.2688926,0.264,-0.395335,0.4418969,52.7,0,0.7823962,85.15,0,0,0,0,0.3094052,0.7813229,2.525242
1.327888,68,155,0.09495266,-0.115433,-0.2688926,0.264,-0.395335,0.4418969,52.7,0,0.7823962,85.15,0,0,0,0,0.3094052,0.7813229,2.525242
1.330139,68,155,0.09495266,-0.115433,-0.2688926,0.264,-0.395335,0.4418969,52.7,0,0.7823962,85.15,0,0,0,0,0.3094052,0.7813229,2.525242
1.33234,68,155,0.09495266,-0.115433,-0.2688926,0.264,-0.395335,0.4418969,52.7,0,0.7823962,85.15,0,0,0,0,0.3094052,0.7813229,2.525242
1.335001,68,155,0.09495266,-0.115433,-0.2688926,0.264,-0.395335,0.4418969,52.7,0,0.7823962,85.15,0,0,0,0,0.3094052,0.7813229,2.525242
1.338257,68,155,0.09495266,-0.115433,-0.2688926,0.264,-0.395335,0.4418969,52.7,0,0.7823962,85.15,0,0,0,0,0.3094052,0.7813229,2.525242
1.341497,68,155,0.09495266,-0.115433,-0.2688926,0.264,-0.395335,0.4418969,52.7,0,0.7823962,85.15,0,0,0,0,0.3094052,0.7813229,2.525242
1.345325,68,155,0.09495266,-0.115433,-0.2688926,0.264,-0.395335,0.4418969,52.7,0,0.7823962,85.15,0,0,0,0,0.3094052,0.7813229,2.525242
1.34771,68,155,0.09495266,-0.115433,-0.2688926,0.264,-0.395335,0.4418969,52.7,0,0.7823962,85.15,0,0,0,0,0.3094052,0.7813229,2.525242
1.351715,68,155,0.09495266,-0.115433,-0.2688926,0.264,-0.395335,0.4418969,52.7,0,0.7823962,85.15,0,0,0,0,0.3094052,0.7813229,2.525242
1.369055,68,155,0.09495266,-0.115433,-0.2688926,0.264,-0.395335,0.4418969,52.7,0,0.7823962,85.15,0,0,0,0,0.3094052,0.7813229,2.525242
1.373447,68,155,0.09495266,-0.115433,-0.2688926,0.264,-0.395335,0.4418969,52.7,0,0.7823962,85.15,0,0,0,0,0.3094052,0.7813229,2.525242
1.376902,68,155,0.09495266,-0.115433,-0.2688926,0.264,-0.395335,0.4418969,52.7,0,0.7823962,85.15,0,0,0,0,0.3094052,0.7813229,2.525242
1.380814,68,155,0.09495266,-0.115433,-0.2688926,0.264,-0.395335,0.4418969,52.7,0,0.7823962,85.15,0,0,0,0,0.3094052,0.7813229,2.525242
1.383923,68,155,0.09495266,-0.115433,-0.2688926,0.264,-0.395335,0.4418969,52.7,0,0.7823962,85.15,0,0,0,0,0.3094052,0.7813229,2.525242
1.388836,68,155,0.09495266,-0.115433,-0.2688926,0.264,-0.395335,0.4418969,52.7,0,0.7823962,85.15,0,0,0,0,0.3094052,0.7813229,2.525242
1.391184,68,155,0.09495266,-0.115433,-0.2688926,0.264,-0.395335,0.4418969,52.7,0,0.7823962,85.15,0,0,0,0,0.3094052,0.7813229,2.525242
1.393421,68,155,0.09495266,-0.115433,-0.2688926,0.264,-0.395335,0.4418969,52.7,0,0.7823962,85.15,0,0,0,0,0.3094052,0.7813229,2.525242
1.397274,68,155,0.09495266,-0.115433,-0.2688926,0.264,-0.395335,0.4418969,52.7,0,0.7823962,85.15,0,0,0,0,0.3094052,0.7813229,2.525242
1.40312,68,155,0.09495266,-0.115433,-0.2688926,0.264,-0.395335,0.4418969,52.7,0,0.7823962,85.15,0,0,0,0,0.3094052,0.7813229,2.525242
1.409727,68,155,0.09495266,-0.115433,-0.2688926,0.264,-0.395335,0.4418969,52.7,0,0.7823962,85.15,0,0,0,0,0.3094052,0.7813229,2.525242
1.412117,68,155,0.09495266,-0.115433,-0.2688926,0.264,-0.395335,0.4418969,52.7,0,0.7823962,85.15,0,0,0,0,0.3094052,0.7813229,2.525242
1.414349,68,155,0.09495266,-0.115433,-0.2688926,0.264,-0.395335,0.4418969,52.7,0,0.7823962,85.15,0,0,0,0,0.3094052,0.7813229,2.525242
1.416555,68,155,0.09495266,-0.115433,-0.2688926,0.264,-0.395335,0.4418969,52.7,0,0.7823962,85.15,0,0,0,0,0.3094052,0.7813229,2.525242
1.419977,68,155,0.09495266,-0.115433,-0.2688926,0.264,-0.395335,0.4418969,52.7,0,0.7823962,85.15,0,0,0,0,0.3094052,0.7813229,2.525242
1.422823,68,155,0.09495266,-0.115433,-0.2688926,0.264,-0.395335,0.4418969,52.7,0,0.7823962,85.15,0,0,0,0,0.3094052,0.7813229,2.525242
1.425381,68,155,0.09495266,-0.115433,-0.2688926,0.264,-0.395335,0.4418969,52.7,0,0.7823962,85.15,0,0,0,0,0.3094052,0.7813229,2.525242
1.427715,68,155,0.09495266,-0.115433,-0.2688926,0.264,-0.395335,0.4418969,52.7,0,0.7823962,85.15,0,0,0,0,0.3094052,0.7813229,2.525242
1.430098,68,155,0.09495266,-0.115433,-0.2688926,0.264,-0.395335,0.4418969,52.7,0,0.7823962,85.15,0,0,0,0,0.3094052,0.7813229,2.525242
1.432405,68,155,0.09495266,-0.115433,-0.2688926,0.264,-0.395335,0.4418969,52.7,0,0.7823962,85.15,0,0,0,0,0.3094052,0.7813229,2.525242
1.434668,68,155,0.09495266,-0.115433,-0.2688926,0.264,-0.395335,0.4418969,52.7,0,0.7823962,85.15,0,0,0,0,0.3094052,0.7813229,2.525242
1.437632,68,155,0.09495266,-0.115433,-0.2688926,0.264,-0.395335,0.4418969,52.7,0,0.7823962,85.15,0,0,0,0,0.3094052,0.7813229,2.525242
1.43997,68,155,0.09495266,-0.115433,-0.2688926,0.264,-0.395335,0.4418969,52.7,0,0.7823962,85.15,0,0,0,0,0.3094052,0.7813229,2.525242
1.442486,68,155,0.09495266,-0.115433,-0.2688926,0.264,-0.395335,0.4418969,52.7,0,0.7823962,85.15,0,0,0,0,0.3094052,0.7813229,2.525242
1.445395,68,155,0.09495266,-0.115433,-0.2688926,0.264,-0.395335,0.4418969,52.7,0,0.7823962,85.15,0,0,0,0,0.3094052,0.7813229,2.525242
1.447952,68,155,0.09495266,-0.115433,-0.2688926,0.264,-0.395335,0.4418969,52.7,0,0.7823962,85.15,0,0,0,0,0.3094052,0.7813229,2.525242
1.450294,68,155,0.09495266,-0.115433,-0.2688926,0.264,-0.395335,0.4418969,52.7,0,0.7823962,85.15,0,0,0,0,0.3094052,0.7813229,2.525242
1.452562,68,155,0.09495266,-0.115433,-0.2688926,0.264,-0.395335,0.4418969,52.7,0,0.7823962,85.15,0,0,0,0,0.3094052,0.7813229,2.525242
1.455303,68,155,0.09495266,-0.115433,-0.2688926,0.264,-0.395335,0.4418969,52.7,0,0.7823962,85.15,0,0,0,0,0.3094052,0.7813229,2.525242
1.457582,68,155,0.09495266,-0.115433,-0.2688926,0.264,-0.395335,0.4418969,52.7,0,0.7823962,85.15,0,0,0,0,0.3094052,0.7813229,2.525242
1.460173,68,155,0.09495266,-0.115433,-0.2688926,0.264,-0.395335,0.4418969,52.7,0,0.7823962,85.15,0,0,0,0,0.3094052,0.7813229,2.525242
1.462605,68,155,0.09495266,-0.115433,-0.2688926,0.264,-0.395335,0.4418969,52.7,0,0.7823962,85.15,0,0,0,0,0.3094052,0.7813229,2.525242
1.465252,68,155,0.09495266,-0.115433,-0.2688926,0.264,-0.395335,0.4418969,52.7,0,0.7823962,85.15,0,0,0,0,0.3094052,0.7813229,2.525242
1.467442,68,155,0.09495266,-0.115433,-0.2688926,0.264,-0.395335,0.4418969,52.7,0,0.7823962,85.15,0,0,0,0,0.3094052,0.7813229,2.525242
1.469576,68,155,0.09495266,-0.115433,-0.2688926,0.264,-0.395335,0.4418969,52.7,0,0.7823962,85.15,0,0,0,0,0.3094052,0.7813229,2.525242
1.472464,68,155,0.09495266,-0.115433,-0.2688926,0.264,-0.395335,0.4418969,52.7,0,0.7823962,85.15,0,0,0,0,0.3094052,0.7813229,2.525242
1.475622,68,155,0.09495266,-0.115433,-0.2688926,0.264,-0.395335,0.4418969,52.7,0,0.7823962,85.15,0,0,0,0,0.3094052,0.7813229,2.525242
1.47813,68,155,0.09495266,-0.115433,-0.2688926,0.264,-0.395335,0.4418969,52.7,0,0.7823962,85.15,0,0,0,0,0.3094052,0.7813229,2.525242
1.480371,68,155,0.09495266,-0.115433,-0.2688926,0.264,-0.395335,0.4418969,52.7,0,0.7823962,85.15,0,0,0,0,0.3094052,0.7813229,2.525242
1.482649,68,155,0.09495266,-0.115433,-0.2688926,0.264,-0.395335,0.4418969,52.7,0,0.7823962,85.15,0,0,0,0,0.3094052,0.7813229,2.525242
1.48543,68,155,0.09495266,-0.115433,-0.2688926,0.264,-0.395335,0.4418969,52.7,0,0.7823962,85.15,0,0,0,0,0.3094052,0.7813229,2.525242
1.487862,68,155,0.09495266,-0.115433,-0.2688926,0.264,-0.395335,0.4418969,52.7,0,0.7823962,85.15,0,0,0,0,0.3094052,0.7813229,2.525242
1.490158,68,155,0.09495266,-0.115433,-0.2688926,0.264,-0.395335,0.4418969,52.7,0,0.7823962,85.15,0,0,0,0,0.3094052,0.7813229,2.525242
1.492613,68,155,0.09495266,-0.115433,-0.2688926,0.264,-0.395335,0.4418969,52.7,0,0.7823962,85.15,0,0,0,0,0.3094052,0.7813229,2.525242
1.494722,68,155,0.09495266,-0.115433,-0.2688926,0.264,-0.395335,0.4418969,52.7,0,0.7823962,85.15,0,0,0,0,0.3094052,0.7813229,2.525242
1.497021,68,155,0.09495266,-0.115433,-0.2688926,0.264,-0.395335,0.4418969,52.7,0,0.7823962,85.15,0,0,0,0,0.3094052,0.7813229,2.525242
1.499233,68,155,0.09495266,-0.115433,-0.2688926,0.264,-0.395335,0.4418969,52.7,0,0.7823962,85.15,0,0,0,0,0.3094052,0.7813229,2.525242
1.501484,68,155,0.09495266,-0.115433,-0.2688926,0.264,-0.395335,0.4418969,52.7,0,0.7823962,85.15,0,0,0,0,0.3094052,0.7813229,2.525242
1.504503,68,155,0.09495266,-0.115433,-0.2688926,0.264,-0.395335,0.4418969,52.7,0,0.7823962,85.15,0,0,0,0,0.3094052,0.7813229,2.525242
1.507622,68,155,0.09495266,-0.115433,-0.2688926,0.264,-0.395335,0.4418969,52.7,0,0.7823962,85.15,0,0,0,0,0.3094052,0.7813229,2.525242
1.510082,68,155,0.09495266,-0.115433,-0.2688926,0.264,-0.395335,0.4418969,52.7,0,0.7823962,85.15,0,0,0,0,0.3094052,0.7813229,2.525242
1.51272,68,155,0.09495266,-0.115433,-0.2688926,0.264,-0.395335,0.4418969,52.7,0,0.7823962,85.15,0,0,0,0,0.3094052,0.7813229,2.525242
1.515034,68,155,0.09495266,-0.115433,-0.2688926,0.264,-0.395335,0.4418969,52.7,0,0.7823962,85.15,0,0,0,0,0.3094052,0.7813229,2.525242
1.517286,68,155,0.09495266,-0.115433,-0.2688926,0.264,-0.395335,0.4418969,52.7,0,0.7823962,85.15,0,0,0,0,0.3094052,0.7813229,2.525242
1.519482,68,155,0.09495266,-0.115433,-0.2688926,0.264,-0.395335,0.4418969,52.7,0,0.7823962,85.15,0,0,0,0,0.3094052,0.7813229,2.525242
1.522446,68,155,0.09495266,-0.115433,-0.2688926,0.264,-0.395335,0.4418969,52.7,0,0.7823962,85.15,0,0,0,0,0.3094052,0.7813229,2.525242
1.525221,68,155,0.09495266,-0.115433,-0.2688926,0.264,-0.395335,0.4418969,52.7,0,0.7823962,85.15,0,0,0,0,0.3094052,0.7813229,2.525242
1.527706,68,155,0.09495266,-0.115433,-0.2688926,0.264,-0.395335,0.4418969,52.7,0,0.7823962,85.15,0,0,0,0,0.3094052,0.7813229,2.525242
1.541389,68,155,0.09495266,-0.115433,-0.2688926,0.264,-0.395335,0.4418969,52.7,0,0.7823962,85.15,0,0,0,0,0.3094052,0.7813229,2.525242
1.544537,68,155,0.09495266,-0.115433,-0.2688926,0.264,-0.395335,0.4418969,52.7,0,0.7823962,85.15,0,0,0,0,0.3094052,0.7813229,2.525242
1.547359,68,155,0.09495266,-0.115433,-0.2688926,0.264,-0.395335,0.4418969,52.7,0,0.7823962,85.15,0,0,0,0,0.3094052,0.7813229,2.525242
1.549757,68,155,0.09495266,-0.115433,-0.2688926,0.264,-0.395335,0.4418969,52.7,0,0.7823962,85.15,0,0,0,0,0.3094052,0.7813229,2.525242
1.552055,68,155,0.09495266,-0.115433,-0.2688926,0.264,-0.395335,0.4418969,52.7,0,0.7823962,85.15,0,0,0,0,0.3094052,0.7813229,2.525242
1.554443,68,155,0.09495266,-0.115433,-0.2688926,0.264,-0.395335,0.4418969,52.7,0,0.7823962,85.15,0,0,0,0,0.3094052,0.7813229,2.525242
1.556877,68,155,0.09495266,-0.115433,-0.2688926,0.264,-0.395335,0.4418969,52.7,0,0.7823962,85.15,0,0,0,0,0.3094052,0.7813229,2.525242
1.559408,68,155,0.09495266,-0.115433,-0.2688926,0.264,-0.395335,0.4418969,52.7,0,0.7823962,85.15,0,0,0,0,0.3094052,0.7813229,2.525242
1.561956,68,155,0.09495266,-0.115433,-0.2688926,0.264,-0.395335,0.4418969,52.7,0,0.7823962,85.15,0,0,0,0,0.3094052,0.7813229,2.525242
1.564785,68,155,0.09495266,-0.115433,-0.2688926,0.264,-0.395335,0.4418969,52.7,0,0.7823962,85.15,0,0,0,0,0.3094052,0.7813229,2.525242
1.567474,68,155,0.09495266,-0.115433,-0.2688926,0.264,-0.395335,0.4418969,52.7,0,0.7823962,85.15,0,0,0,0,0.3094052,0.7813229,2.525242
1.570683,68,155,0.09495266,-0.115433,-0.2688926,0.264,-0.395335,0.4418969,52.7,0,0.7823962,85.15,0,0,0,0,0.3094052,0.7813229,2.525242
1.573544,68,155,0.09495266,-0.115433,-0.2688926,0.264,-0.395335,0.4418969,52.7,0,0.7823962,85.15,0,0,0,0,0.3094052,0.7813229,2.525242
1.575926,68,155,0.09495266,-0.115433,-0.2688926,0.264,-0.395335,0.4418969,52.7,0,0.7823962,85.15,0,0,0,0,0.3094052,0.7813229,2.525242
1.578333,68,155,0.09495266,-0.115433,-0.2688926,0.264,-0.395335,0.4418969,52.7,0,0.7823962,85.15,0,0,0,0,0.3094052,0.7813229,2.525242
1.580637,68,155,0.09495266,-0.115433,-0.2688926,0.264,-0.395335,0.4418969,52.7,0,0.7823962,85.15,0,0,0,0,0.3094052,0.7813229,2.525242
1.583324,68,155,0.09495266,-0.115433,-0.2688926,0.264,-0.395335,0.4418969,52.7,0,0.7823962,85.15,0,0,0,0,0.3094052,0.7813229,2.525242
1.586296,68,155,0.09495266,-0.115433,-0.2688926,0.264,-0.395335,0.4418969,52.7,0,0.7823962,85.15,0,0,0,0,0.3094052,0.7813229,2.525242
1.589439,68,155,0.09495266,-0.115433,-0.2688926,0.264,-0.395335,0.4418969,52.7,0,0.7823962,85.15,0,0,0,0,0.3094052,0.7813229,2.525242
1.591751,68,155,0.09495266,-0.115433,-0.2688926,0.264,-0.395335,0.4418969,52.7,0,0.7823962,85.15,0,0,0,0,0.3094052,0.7813229,2.525242
1.593872,68,155,0.09495266,-0.115433,-0.2688926,0.264,-0.395335,0.4418969,52.7,0,0.7823962,85.15,0,0,0,0,0.3094052,0.7813229,2.525242
1.59627,68,155,0.09495266,-0.115433,-0.2688926,0.264,-0.395335,0.4418969,52.7,0,0.7823962,85.15,0,0,0,0,0.3094052,0.7813229,2.525242
1.59865,68,155,0.09495266,-0.115433,-0.2688926,0.264,-0.395335,0.4418969,52.7,0,0.7823962,85.15,0,0,0,0,0.3094052,0.7813229,2.525242
1.60116,68,155,0.09495266,-0.115433,-0.2688926,0.264,-0.395335,0.4418969,52.7,0,0.7823962,85.15,0,0,0,0,0.3094052,0.7813229,2.525242
1.6045,68,155,0.09495266,-0.115433,-0.2688926,0.264,-0.395335,0.4418969,52.7,0,0.7823962,85.15,0,0,0,0,0.3094052,0.7813229,2.525242
1.606909,68,155,0.09495266,-0.115433,-0.2688926,0.264,-0.395335,0.4418969,52.7,0,0.7823962,85.15,0,0,0,0,0.3094052,0.7813229,2.525242
1.609049,68,155,0.09495266,-0.115433,-0.2688926,0.264,-0.395335,0.4418969,52.7,0,0.7823962,85.15,0,0,0,0,0.3094052,0.7813229,2.525242
1.61165,68,155,0.09495266,-0.115433,-0.2688926,0.264,-0.395335,0.4418969,52.7,0,0.7823962,85.15,0,0,0,0,0.3094052,0.7813229,2.525242
1.614136,68,155,0.09495266,-0.115433,-0.2688926,0.264,-0.395335,0.4418969,52.7,0,0.7823962,85.15,0,0,0,0,0.3094052,0.7813229,2.525242
1.616421,68,155,0.09495266,-0.115433,-0.2688926,0.264,-0.395335,0.4418969,52.7,0,0.7823962,85.15,0,0,0,0,0.3094052,0.7813229,2.525242
1.618753,68,155,0.09495266,-0.115433,-0.2688926,0.264,-0.395335,0.4418969,52.7,0,0.7823962,85.15,0,0,0,0,0.3094052,0.7813229,2.525242
1.621698,68,155,0.09495266,-0.115433,-0.2688926,0.264,-0.395335,0.4418969,52.7,0,0.7823962,85.15,0,0,0,0,0.3094052,0.7813229,2.525242
1.624601,68,155,0.09495266,-0.115433,-0.2688926,0.264,-0.395335,0.4418969,52.7,0,0.7823962,85.15,0,0,0,0,0.3094052,0.7813229,2.525242
1.626873,68,155,0.09495266,-0.115433,-0.2688926,0.264,-0.395335,0.4418969,52.7,0,0.7823962,85.15,0,0,0,0,0.3094052,0.7813229,2.525242
1.629168,68,155,0.09495266,-0.115433,-0.2688926,0.264,-0.395335,0.4418969,52.7,0,0.7823962,85.15,0,0,0,0,0.3094052,0.7813229,2.525242
1.632002,68,155,0.09495266,-0.115433,-0.2688926,0.264,-0.395335,0.4418969,52.7,0,0.7823962,85.15,0,0,0,0,0.3094052,0.7813229,2.525242
1.634424,68,155,0.09495266,-0.115433,-0.2688926,0.264,-0.395335,0.4418969,52.7,0,0.7823962,85.15,0,0,0,0,0.3094052,0.7813229,2.525242
1.63677,68,155,0.09495266,-0.115433,-0.2688926,0.264,-0.395335,0.4418969,52.7,0,0.7823962,85.15,0,0,0,0,0.3094052,0.7813229,2.525242
1.639307,68,155,0.09495266,-0.115433,-0.2688926,0.264,-0.395335,0.4418969,52.7,0,0.7823962,85.15,0,0,0,0,0.3094052,0.7813229,2.525242
1.641579,68,155,0.09495266,-0.115433,-0.2688926,0.264,-0.395335,0.4418969,52.7,0,0.7823962,85.15,0,0,0,0,0.3094052,0.7813229,2.525242
1.644451,68,155,0.09495266,-0.115433,-0.2688926,0.264,-0.395335,0.4418969,52.7,0,0.7823962,85.15,0,0,0,0,0.3094052,0.7813229,2.525242
1.64732,68,155,0.09495266,-0.115433,-0.2688926,0.264,-0.395335,0.4418969,52.7,0,0.7823962,85.15,0,0,0,0,0.3094052,0.7813229,2.525242
1.649837,68,155,0.09495266,-0.115433,-0.2688926,0.264,-0.395335,0.4418969,52.7,0,0.7823962,85.15,0,0,0,0,0.3094052,0.7813229,2.525242
1.652067,68,155,0.09495266,-0.115433,-0.2688926,0.264,-0.395335,0.4418969,52.7,0,0.7823962,85.15,0,0,0,0,0.3094052,0.7813229,2.525242
1.654934,68,155,0.09495266,-0.115433,-0.2688926,0.264,-0.395335,0.4418969,52.7,0,0.7823962,85.15,0,0,0,0,0.3094052,0.7813229,2.525242
1.658056,68,155,0.09495266,-0.115433,-0.2688926,0.264,-0.395335,0.4418969,52.7,0,0.7823962,85.15,0,0,0,0,0.3094052,0.7813229,2.525242
1.660288,68,155,0.09495266,-0.115433,-0.2688926,0.264,-0.395335,0.4418969,52.7,0,0.7823962,85.15,0,0,0,0,0.3094052,0.7813229,2.525242
1.662947,68,155,0.09495266,-0.115433,-0.2688926,0.264,-0.395335,0.4418969,52.7,0,0.7823962,85.15,0,0,0,0,0.3094052,0.7813229,2.525242
1.665615,68,155,0.09495266,-0.115433,-0.2688926,0.264,-0.395335,0.4418969,52.7,0,0.7823962,85.15,0,0,0,0,0.3094052,0.7813229,2.525242
1.667866,68,155,0.09495266,-0.115433,-0.2688926,0.264,-0.395335,0.4418969,52.7,0,0.7823962,85.15,0,0,0,0,0.3094052,0.7813229,2.525242
1.670403,68,155,0.09495266,-0.115433,-0.2688926,0.264,-0.395335,0.4418969,52.7,0,0.7823962,85.15,0,0,0,0,0.3094052,0.7813229,2.525242
1.672813,68,155,0.09495266,-0.115433,-0.2688926,0.264,-0.395335,0.4418969,52.7,0,0.7823962,85.15,0,0,0,0,0.3094052,0.7813229,2.525242
1.675343,68,155,0.09495266,-0.115433,-0.2688926,0.264,-0.395335,0.4418969,52.7,0,0.7823962,85.15,0,0,0,0,0.3094052,0.7813229,2.525242
1.678097,68,155,0.09495266,-0.115433,-0.2688926,0.264,-0.395335,0.4418969,52.7,0,0.7823962,85.15,0,0,0,0,0.3094052,0.7813229,2.525242
1.680468,68,155,0.09495266,-0.115433,-0.2688926,0.264,-0.395335,0.4418969,52.7,0,0.7823962,85.15,0,0,0,0,0.3094052,0.7813229,2.525242
1.682592,68,155,0.09495266,-0.115433,-0.2688926,0.264,-0.395335,0.4418969,52.7,0,0.7823962,85.15,0,0,0,0,0.3094052,0.7813229,2.525242
1.685299,68,155,0.09495266,-0.115433,-0.2688926,0.264,-0.395335,0.4418969,52.7,0,0.7823962,85.15,0,0,0,0,0.3094052,0.7813229,2.525242
1.688337,68,155,0.09495266,-0.115433,-0.2688926,0.264,-0.395335,0.4418969,52.7,0,0.7823962,85.15,0,0,0,0,0.3094052,0.7813229,2.525242
1.690649,68,155,0.09495266,-0.115433,-0.2688926,0.264,-0.395335,0.4418969,52.7,0,0.7823962,85.15,0,0,0,0,0.3094052,0.7813229,2.525242
1.693396,68,155,0.09495266,-0.115433,-0.2688926,0.264,-0.395335,0.4418969,52.7,0,0.7823962,85.15,0,0,0,0,0.3094052,0.7813229,2.525242
1.695969,68,155,0.09495266,-0.115433,-0.2688926,0.264,-0.395335,0.4418969,52.7,0,0.7823962,85.15,0,0,0,0,0.3094052,0.7813229,2.525242
1.698275,68,155,0.09495266,-0.115433,-0.2688926,0.264,-0.395335,0.4418969,52.7,0,0.7823962,85.15,0,0,0,0,0.3094052,0.7813229,2.525242
1.700687,68,155,0.09495266,-0.115433,-0.2688926,0.264,-0.395335,0.4418969,52.7,0,0.7823962,85.15,0,0,0,0,0.3094052,0.7813229,2.525242
1.703421,68,155,0.09495266,-0.115433,-0.2688926,0.264,-0.395335,0.4418969,52.7,0,0.7823962,85.15,0,0,0,0,0.3094052,0.7813229,2.525242
1.705929,68,155,0.09495266,-0.115433,-0.2688926,0.264,-0.395335,0.4418969,52.7,0,0.7823962,85.15,0,0,0,0,0.3094052,0.7813229,2.525242
1.708723,68,155,0.09495266,-0.115433,-0.2688926,0.264,-0.395335,0.4418969,52.7,0,0.7823962,85.15,0,0,0,0,0.3094052,0.7813229,2.525242
1.711573,68,155,0.09495266,-0.115433,-0.2688926,0.264,-0.395335,0.4418969,52.7,0,0.7823962,85.15,0,0,0,0,0.3094052,0.7813229,2.525242
1.714422,68,155,0.09495266,-0.115433,-0.2688926,0.264,-0.395335,0.4418969,52.7,0,0.7823962,85.15,0,0,0,0,0.3094052,0.7813229,2.525242
1.717257,68,155,0.09495266,-0.115433,-0.2688926,0.264,-0.395335,0.4418969,52.7,0,0.7823962,85.15,0,0,0,0,0.3094052,0.7813229,2.525242
1.71953,68,155,0.09495266,-0.115433,-0.2688926,0.264,-0.395335,0.4418969,52.7,0,0.7823962,85.15,0,0,0,0,0.3094052,0.7813229,2.525242
1.722179,68,155,0.09495266,-0.115433,-0.2688926,0.264,-0.395335,0.4418969,52.7,0,0.7823962,85.15,0,0,0,0,0.3094052,0.7813229,2.525242
1.728661,68,155,0.09495266,-0.115433,-0.2688926,0.264,-0.395335,0.4418969,52.7,0,0.7823962,85.15,0,0,0,0,0.3094052,0.7813229,2.525242
1.738577,68,155,0.09495266,-0.115433,-0.2688926,0.264,-0.4197202,0.4314526,54.6,0,0.7820813,84.2,191.5861,0,0,0,0.3359329,0.7813229,2.32583
1.740967,68,155,0.09495266,-0.115433,-0.2688926,0.264,-0.4197202,0.4314526,54.6,0,0.7820813,84.2,0,0,0,0,0.3359329,0.7813229,2.32583
1.743835,68,155,0.09495266,-0.115433,-0.2688926,0.264,-0.4197202,0.4314526,54.6,0,0.7820813,84.2,0,0,0,0,0.3359329,0.7813229,2.32583
1.746134,68,155,0.09495266,-0.115433,-0.2688926,0.264,-0.4197202,0.4314526,54.6,0,0.7820813,84.2,0,0,0,0,0.3359329,0.7813229,2.32583
1.748413,68,155,0.09495266,-0.115433,-0.2688926,0.264,-0.4197202,0.4314526,54.6,0,0.7820813,84.2,0,0,0,0,0.3359329,0.7813229,2.32583
1.750704,68,155,0.09495266,-0.115433,-0.2688926,0.264,-0.4197202,0.4314526,54.6,0,0.7820813,84.2,0,0,0,0,0.3359329,0.7813229,2.32583
1.752985,68,155,0.09495266,-0.115433,-0.2688926,0.264,-0.4197202,0.4314526,54.6,0,0.7820813,84.2,0,0,0,0,0.3359329,0.7813229,2.32583
1.756674,68,155,0.09495266,-0.115433,-0.2688926,0.264,-0.4197202,0.4314526,54.6,0,0.7820813,84.2,0,0,0,0,0.3359329,0.7813229,2.32583
1.76276,68,155,0.09495266,-0.115433,-0.2688926,0.264,-0.4197202,0.4314526,54.6,0,0.7820813,84.2,0,0,0,0,0.3359329,0.7813229,2.32583
1.765526,68,155,0.09495266,-0.115433,-0.2688926,0.264,-0.4197202,0.4314526,54.6,0,0.7820813,84.2,0,0,0,0,0.3359329,0.7813229,2.32583
1.767651,68,155,0.09495266,-0.115433,-0.2688926,0.264,-0.4197202,0.4314526,54.6,0,0.7820813,84.2,0,0,0,0,0.3359329,0.7813229,2.32583
1.769917,68,155,0.09495266,-0.115433,-0.2688926,0.264,-0.4197202,0.4314526,54.6,0,0.7820813,84.2,0,0,0,0,0.3359329,0.7813229,2.32583
1.772507,68,155,0.09495266,-0.115433,-0.2688926,0.264,-0.4197202,0.4314526,54.6,0,0.7820813,84.2,0,0,0,0,0.3359329,0.7813229,2.32583
1.774805,68,155,0.09495266,-0.115433,-0.2688926,0.264,-0.4197202,0.4314526,54.6,0,0.7820813,84.2,0,0,0,0,0.3359329,0.7813229,2.32583
1.777164,68,155,0.09495266,-0.115433,-0.2688926,0.264,-0.4197202,0.4314526,54.6,0,0.7820813,84.2,0,0,0,0,0.3359329,0.7813229,2.32583
1.77935,68,155,0.09495266,-0.115433,-0.2688926,0.264,-0.4197202,0.4314526,54.6,0,0.7820813,84.2,0,0,0,0,0.3359329,0.7813229,2.32583
1.78153,68,155,0.09495266,-0.115433,-0.2688926,0.264,-0.4197202,0.4314526,54.6,0,0.7820813,84.2,0,0,0,0,0.3359329,0.7813229,2.32583
1.78438,68,155,0.09495266,-0.115433,-0.2688926,0.264,-0.4197202,0.4314526,54.6,0,0.7820813,84.2,0,0,0,0,0.3359329,0.7813229,2.32583
1.787342,68,155,0.09495266,-0.115433,-0.2688926,0.264,-0.4197202,0.4314526,54.6,0,0.7820813,84.2,0,0,0,0,0.3359329,0.7813229,2.32583
1.790087,68,155,0.09495266,-0.115433,-0.2688926,0.264,-0.4197202,0.4314526,54.6,0,0.7820813,84.2,0,0,0,0,0.3359329,0.7813229,2.32583
1.792553,68,155,0.09495266,-0.115433,-0.2688926,0.264,-0.4197202,0.4314526,54.6,0,0.7820813,84.2,0,0,0,0,0.3359329,0.7813229,2.32583
1.795124,68,155,0.09495266,-0.115433,-0.2688926,0.264,-0.4197202,0.4314526,54.6,0,0.7820813,84.2,0,0,0,0,0.3359329,0.7813229,2.32583
1.797951,68,155,0.09495266,-0.115433,-0.2688926,0.264,-0.4197202,0.4314526,54.6,0,0.7820813,84.2,0,0,0,0,0.3359329,0.7813229,2.32583
1.800749,68,155,0.09495266,-0.115433,-0.2688926,0.264,-0.4197202,0.4314526,54.6,0,0.7820813,84.2,0,0,0,0,0.3359329,0.7813229,2.32583
1.804197,68,155,0.09495266,-0.115433,-0.2688926,0.264,-0.4197202,0.4314526,54.6,0,0.7820813,84.2,0,0,0,0,0.3359329,0.7813229,2.32583
1.806686,68,155,0.09495266,-0.115433,-0.2688926,0.264,-0.4197202,0.4314526,54.6,0,0.7820813,84.2,0,0,0,0,0.3359329,0.7813229,2.32583
1.808996,68,155,0.09495266,-0.115433,-0.2688926,0.264,-0.4197202,0.4314526,54.6,0,0.7820813,84.2,0,0,0,0,0.3359329,0.7813229,2.32583
1.811258,68,155,0.09495266,-0.115433,-0.2688926,0.264,-0.4197202,0.4314526,54.6,0,0.7820813,84.2,0,0,0,0,0.3359329,0.7813229,2.32583
1.813478,68,155,0.09495266,-0.115433,-0.2688926,0.264,-0.4197202,0.4314526,54.6,0,0.7820813,84.2,0,0,0,0,0.3359329,0.7813229,2.32583
1.81584,68,155,0.09495266,-0.115433,-0.2688926,0.264,-0.4197202,0.4314526,54.6,0,0.7820813,84.2,0,0,0,0,0.3359329,0.7813229,2.32583
1.818327,68,155,0.09495266,-0.115433,-0.2688926,0.264,-0.4197202,0.4314526,54.6,0,0.7820813,84.2,0,0,0,0,0.3359329,0.7813229,2.32583
1.821001,68,155,0.09495266,-0.115433,-0.2688926,0.264,-0.4197202,0.4314526,54.6,0,0.7820813,84.2,0,0,0,0,0.3359329,0.7813229,2.32583
1.824102,68,155,0.09495266,-0.115433,-0.2688926,0.264,-0.4197202,0.4314526,54.6,0,0.7820813,84.2,0,0,0,0,0.3359329,0.7813229,2.32583
1.826416,68,155,0.09495266,-0.115433,-0.2688926,0.264,-0.4197202,0.4314526,54.6,0,0.7820813,84.2,0,0,0,0,0.3359329,0.7813229,2.32583
1.828699,68,155,0.09495266,-0.115433,-0.2688926,0.264,-0.4197202,0.4314526,54.6,0,0.7820813,84.2,0,0,0,0,0.3359329,0.7813229,2.32583
1.832113,68,155,0.09495266,-0.115433,-0.2688926,0.264,-0.4197202,0.4314526,54.6,0,0.7820813,84.2,0,0,0,0,0.3359329,0.7813229,2.32583
1.835094,68,155,0.09495266,-0.115433,-0.2688926,0.264,-0.4197202,0.4314526,54.6,0,0.7820813,84.2,0,0,0,0,0.3359329,0.7813229,2.32583
1.838474,68,155,0.09495266,-0.115433,-0.2688926,0.264,-0.4197202,0.4314526,54.6,0,0.7820813,84.2,0,0,0,0,0.3359329,0.7813229,2.32583
1.841217,68,155,0.09495266,-0.115433,-0.2688926,0.264,-0.4197202,0.4314526,54.6,0,0.7820813,84.2,0,0,0,0,0.3359329,0.7813229,2.32583
1.844061,68,155,0.09495266,-0.115433,-0.2688926,0.264,-0.4197202,0.4314526,54.6,0,0.7820813,84.2,0,0,0,0,0.3359329,0.7813229,2.32583
1.846354,68,155,0.09495266,-0.115433,-0.2688926,0.264,-0.4197202,0.4314526,54.6,0,0.7820813,84.2,0,0,0,0,0.3359329,0.7813229,2.32583
1.848814,68,155,0.09495266,-0.115433,-0.2688926,0.264,-0.4197202,0.4314526,54.6,0,0.7820813,84.2,0,0,0,0,0.3359329,0.7813229,2.32583
1.851284,68,155,0.09495266,-0.115433,-0.2688926,0.264,-0.4197202,0.4314526,54.6,0,0.7820813,84.2,0,0,0,0,0.3359329,0.7813229,2.32583
1.853821,68,155,0.09495266,-0.115433,-0.2688926,0.264,-0.4197202,0.4314526,54.6,0,0.7820813,84.2,0,0,0,0,0.3359329,0.7813229,2.32583
1.856476,68,155,0.09495266,-0.115433,-0.2688926,0.264,-0.4197202,0.4314526,54.6,0,0.7820813,84.2,0,0,0,0,0.3359329,0.7813229,2.32583
1.858929,68,155,0.09495266,-0.115433,-0.2688926,0.264,-0.4197202,0.4314526,54.6,0,0.7820813,84.2,0,0,0,0,0.3359329,0.7813229,2.32583
1.861271,68,155,0.09495266,-0.115433,-0.2688926,0.264,-0.4197202,0.4314526,54.6,0,0.7820813,84.2,0,0,0,0,0.3359329,0.7813229,2.32583
1.864029,68,155,0.09495266,-0.115433,-0.2688926,0.264,-0.4197202,0.4314526,54.6,0,0.7820813,84.2,0,0,0,0,0.3359329,0.7813229,2.32583
1.866329,68,155,0.09495266,-0.115433,-0.2688926,0.264,-0.4197202,0.4314526,54.6,0,0.7820813,84.2,0,0,0,0,0.3359329,0.7813229,2.32583
1.868681,68,155,0.09495266,-0.115433,-0.2688926,0.264,-0.4197202,0.4314526,54.6,0,0.7820813,84.2,0,0,0,0,0.3359329,0.7813229,2.32583
1.871525,68,155,0.09495266,-0.115433,-0.2688926,0.264,-0.4197202,0.4314526,54.6,0,0.7820813,84.2,0,0,0,0,0.3359329,0.7813229,2.32583
1.874224,68,155,0.09495266,-0.115433,-0.2688926,0.264,-0.4197202,0.4314526,54.6,0,0.7820813,84.2,0,0,0,0,0.3359329,0.7813229,2.32583
1.877167,68,155,0.09495266,-0.115433,-0.2688926,0.264,-0.4197202,0.4314526,54.6,0,0.7820813,84.2,0,0,0,0,0.3359329,0.7813229,2.32583
1.8808,68,155,0.09495266,-0.115433,-0.2688926,0.264,-0.4197202,0.4314526,54.6,0,0.7820813,84.2,0,0,0,0,0.3359329,0.7813229,2.32583
1.884523,68,155,0.09495266,-0.115433,-0.2688926,0.264,-0.4197202,0.4314526,54.6,0,0.7820813,84.2,0,0,0,0,0.3359329,0.7813229,2.32583
1.888254,68,155,0.09495266,-0.115433,-0.2688926,0.264,-0.4197202,0.4314526,54.6,0,0.7820813,84.2,0,0,0,0,0.3359329,0.7813229,2.32583
1.891964,68,155,0.09495266,-0.115433,-0.2688926,0.264,-0.4197202,0.4314526,54.6,0,0.7820813,84.2,0,0,0,0,0.3359329,0.7813229,2.32583
1.89455,68,155,0.09495266,-0.115433,-0.2688926,0.264,-0.4197202,0.4314526,54.6,0,0.7820813,84.2,0,0,0,0,0.3359329,0.7813229,2.32583
1.900131,68,155,0.09495266,-0.115433,-0.2688926,0.264,-0.4197202,0.4314526,54.6,0,0.7820813,84.2,0,0,0,0,0.3359329,0.7813229,2.32583
1.909184,68,155,0.09495266,-0.115433,-0.2688926,0.264,-0.4171699,0.4325899,54.4,0,0.7821124,84.3,-22.09228,0,0,0,0.3387254,0.7813229,2.306656
1.918825,68,155,0.09495266,-0.115433,-0.2688926,0.264,-0.4082127,0.4365006,53.7,0,0.7822254,84.65,-72.60439,0,0,0,0.3484991,0.7813229,2.241965
1.928185,68,155,0.09495266,-0.115433,-0.2688926,0.264,-0.4043593,0.4381431,53.4,0,0.7822755,84.8,-32.05326,0,0,0,0.3526879,0.7813229,2.215338
1.937531,68,155,0.09495266,-0.115433,-0.2688926,0.264,-0.4017856,0.4392269,53.2,0,0.7823094,84.9,-21.40144,0,0,0,0.3554805,0.7813229,2.197934
1.945131,68,155,0.09495266,-0.115433,-0.2688926,0.264,-0.3992081,0.4403015,53,0,0.7823437,85,-26.3107,0,0,0,0.3582731,0.7813229,2.180803
1.948261,68,155,0.09495266,-0.115433,-0.2688926,0.264,-0.3992081,0.4403015,53,0,0.7823437,85,0,0,0,0,0.3582731,0.7813229,2.180803
1.950899,68,155,0.09495266,-0.115433,-0.2688926,0.264,-0.3992081,0.4403015,53,0,0.7823437,85,0,0,0,0,0.3582731,0.7813229,2.180803
1.953714,68,155,0.09495266,-0.115433,-0.2688926,0.264,-0.3992081,0.4403015,53,0,0.7823437,85,0,0,0,0,0.3582731,0.7813229,2.180803
1.959274,68,155,0.09495266,-0.115433,-0.2688926,0.264,-0.3992081,0.4403015,53,0,0.7823437,85,0,0,0,0,0.3582731,0.7813229,2.180803
1.967173,68,155,0.09495266,-0.115433,-0.2688926,0.264,-0.395335,0.4418969,52.7,0,0.7823962,85.15,-37.98083,0,0,0,0.3624618,0.7813229,2.155601
1.97006,68,155,0.09495266,-0.115433,-0.2688926,0.264,-0.395335,0.4418969,52.7,0,0.7823962,85.15,0,0,0,0,0.3624618,0.7813229,2.155601
1.972631,68,155,0.09495266,-0.115433,-0.2688926,0.264,-0.395335,0.4418969,52.7,0,0.7823962,85.15,0,0,0,0,0.3624618,0.7813229,2.155601
1.975998,68,155,0.09495266,-0.115433,-0.2688926,0.264,-0.395335,0.4418969,52.7,0,0.7823962,85.15,0,0,0,0,0.3624618,0.7813229,2.155601
1.980677,68,155,0.09495266,-0.115433,-0.2688926,0.264,-0.395335,0.4418969,52.7,0,0.7823962,85.15,0,0,0,0,0.3624618,0.7813229,2.155601
1.987345,68,155,0.09495266,-0.115433,-0.2688926,0.264,-0.3927484,0.4429491,52.5,0,0.7824318,85.25,-30.00086,0,0,0,0.3652543,0.7813229,2.13912
1.99052,68,155,0.09495266,-0.115433,-0.2688926,0.264,-0.3927484,0.4429491,52.5,0,0.7824318,85.25,0,0,0,0,0.3652543,0.7813229,2.13912
1.993822,68,155,0.09495266,-0.115433,-0.2688926,0.264,-0.3927484,0.4429491,52.5,0,0.7824318,85.25,0,0,0,0,0.3652543,0.7813229,2.13912
1.997902,68,155,0.09495266,-0.115433,-0.2688926,0.264,-0.3927484,0.4429491,52.5,0,0.7824318,85.25,0,0,0,0,0.3652543,0.7813229,2.13912
2.004694,68,155,0.09495266,-0.115433,-0.2688926,0.264,-0.3888614,0.4445105,52.2,0,0.7824858,85.4,-44.1708,0,0,0,0.3694432,0.7813229,2.114866
2.008318,68,155,0.09495266,-0.115433,-0.2688926,0.264,-0.3888614,0.4445105,52.2,0,0.7824858,85.4,0,0,0,0,0.3694432,0.7813229,2.114866
2.011032,68,155,0.09495266,-0.115433,-0.2688926,0.264,-0.3888614,0.4445105,52.2,0,0.7824858,85.4,0,0,0,0,0.3694432,0.7813229,2.114866
2.015623,68,155,0.09495266,-0.115433,-0.2688926,0.264,-0.3888614,0.4445105,52.2,0,0.7824858,85.4,0,0,0,0,0.3694432,0.7813229,2.114866
2.023825,68,155,0.09495266,-0.115433,-0.2688926,0.264,-0.3862656,0.4455401,52,0,0.7825225,85.5,-24.38171,0,0,0,0.3722357,0.7813229,2.099
2.027067,68,155,0.09495266,-0.115433,-0.2688926,0.264,-0.3862656,0.4455401,52,0,0.7825225,85.5,0,0,0,0,0.3722357,0.7813229,2.099
2.029522,68,155,0.09495266,-0.115433,-0.2688926,0.264,-0.3862656,0.4455401,52,0,0.7825225,85.5,0,0,0,0,0.3722357,0.7813229,2.099
2.031673,68,155,0.09495266,-0.115433,-0.2688926,0.264,-0.3862656,0.4455401,52,0,0.7825225,85.5,0,0,0,0,0.3722357,0.7813229,2.099
2.034073,68,155,0.09495266,-0.115433,-0.2688926,0.264,-0.3862656,0.4455401,52,0,0.7825225,85.5,0,0,0,0,0.3722357,0.7813229,2.099
2.036526,68,155,0.09495266,-0.115433,-0.2688926,0.264,-0.3862656,0.4455401,52,0,0.7825225,85.5,0,0,0,0,0.3722357,0.7813229,2.099
2.039167,68,155,0.09495266,-0.115433,-0.2688926,0.264,-0.3862656,0.4455401,52,0,0.7825225,85.5,0,0,0,0,0.3722357,0.7813229,2.099
2.041538,68,155,0.09495266,-0.115433,-0.2688926,0.264,-0.3862656,0.4455401,52,0,0.7825225,85.5,0,0,0,0,0.3722357,0.7813229,2.099
2.044235,68,155,0.09495266,-0.115433,-0.2688926,0.264,-0.3862656,0.4455401,52,0,0.7825225,85.5,0,0,0,0,0.3722357,0.7813229,2.099
2.046509,68,155,0.09495266,-0.115433,-0.2688926,0.264,-0.3862656,0.4455401,52,0,0.7825225,85.5,0,0,0,0,0.3722357,0.7813229,2.099
2.048698,68,155,0.09495266,-0.115433,-0.2688926,0.264,-0.3862656,0.4455401,52,0,0.7825225,85.5,0,0,0,0,0.3722357,0.7813229,2.099
2.051088,68,155,0.09495266,-0.115433,-0.2688926,0.264,-0.3862656,0.4455401,52,0,0.7825225,85.5,0,0,0,0,0.3722357,0.7813229,2.099
2.053444,68,155,0.09495266,-0.115433,-0.2688926,0.264,-0.3862656,0.4455401,52,0,0.7825225,85.5,0,0,0,0,0.3722357,0.7813229,2.099
2.056314,68,155,0.09495266,-0.115433,-0.2688926,0.264,-0.3862656,0.4455401,52,0,0.7825225,85.5,0,0,0,0,0.3722357,0.7813229,2.099
2.058733,68,155,0.09495266,-0.115433,-0.2688926,0.264,-0.3862656,0.4455401,52,0,0.7825225,85.5,0,0,0,0,0.3722357,0.7813229,2.099
2.061281,68,155,0.09495266,-0.115433,-0.2688926,0.264,-0.3862656,0.4455401,52,0,0.7825225,85.5,0,0,0,0,0.3722357,0.7813229,2.099
2.067263,68,155,0.09495266,-0.115433,-0.2688926,0.264,-0.3862656,0.4455401,52,0,0.7825225,85.5,0,0,0,0,0.3722357,0.7813229,2.099
2.069643,68,155,0.09495266,-0.115433,-0.2688926,0.264,-0.3862656,0.4455401,52,0,0.7825225,85.5,0,0,0,0,0.3722357,0.7813229,2.099
2.073206,68,155,0.09495266,-0.115433,-0.2688926,0.264,-0.3862656,0.4455401,52,0,0.7825225,85.5,0,0,0,0,0.3722357,0.7813229,2.099
2.075699,68,155,0.09495266,-0.115433,-0.2688926,0.264,-0.3862656,0.4455401,52,0,0.7825225,85.5,0,0,0,0,0.3722357,0.7813229,2.099
2.077946,68,155,0.09495266,-0.115433,-0.2688926,0.264,-0.3862656,0.4455401,52,0,0.7825225,85.5,0,0,0,0,0.3722357,0.7813229,2.099
2.080217,68,155,0.09495266,-0.115433,-0.2688926,0.264,-0.3862656,0.4455401,52,0,0.7825225,85.5,0,0,0,0,0.3722357,0.7813229,2.099
2.082802,68,155,0.09495266,-0.115433,-0.2688926,0.264,-0.3862656,0.4455401,52,0,0.7825225,85.5,0,0,0,0,0.3722357,0.7813229,2.099
2.085604,68,155,0.09495266,-0.115433,-0.2688926,0.264,-0.3862656,0.4455401,52,0,0.7825225,85.5,0,0,0,0,0.3722357,0.7813229,2.099
2.088573,68,155,0.09495266,-0.115433,-0.2688926,0.264,-0.3862656,0.4455401,52,0,0.7825225,85.5,0,0,0,0,0.3722357,0.7813229,2.099
2.090826,68,155,0.09495266,-0.115433,-0.2688926,0.264,-0.3862656,0.4455401,52,0,0.7825225,85.5,0,0,0,0,0.3722357,0.7813229,2.099
2.095003,68,155,0.09495266,-0.115433,-0.2688926,0.264,-0.3862656,0.4455401,52,0,0.7825225,85.5,0,0,0,0,0.3722357,0.7813229,2.099
2.101528,68,155,0.09495266,-0.115433,-0.2688926,0.264,-0.3823653,0.4470674,51.7,0,0.7825782,85.65,-45.98535,0,0,0,0.3764244,0.7813229,2.075644
2.106552,68,155,0.09495266,-0.115433,-0.2688926,0.264,-0.3823653,0.4470674,51.7,0,0.7825782,85.65,0,0,0,0,0.3764244,0.7813229,2.075644
2.112946,68,155,0.09495266,-0.115433,-0.2688926,0.264,-0.3797606,0.4480745,51.5,0,0.782616,85.75,-31.277,0,0,0,0.379217,0.7813229,2.060358
2.117271,68,155,0.09495266,-0.115433,-0.2688926,0.264,-0.3797606,0.4480745,51.5,0,0.782616,85.75,0,0,0,0,0.379217,0.7813229,2.060358
2.125546,68,155,0.09495266,-0.115433,-0.2688926,0.264,-0.3771524,0.4490722,51.3,0,0.7826542,85.85,-24.17161,0,0,0,0.3820095,0.7813229,2.045297
2.134253,68,155,0.09495266,-0.115433,-0.2688926,0.264,-0.3732337,0.4505519,51,0,0.7827123,86,-34.4593,0,0,0,0.3861983,0.7813229,2.023113
2.143108,68,155,0.09495266,-0.115433,-0.2688926,0.264,-0.3666854,0.4529723,50.5,0,0.7828114,86.25,-56.46336,0,0,0,0.3931796,0.7813229,1.987191
2.152349,68,155,0.09495266,-0.115433,-0.2688926,0.264,-0.3640603,0.4539245,50.3,0,0.7828519,86.35,-21.64253,0,0,0,0.395972,0.7813229,1.973177
2.161926,68,155,0.09495266,-0.115433,-0.2688926,0.264,-0.3614317,0.4548675,50.1,0,0.7828928,86.45,-20.88148,0,0,0,0.3987647,0.7813229,1.959358
2.168728,68,155,0.09495266,-0.115433,-0.2688926,0.264,-0.3574829,0.4562647,49.8,0,0.7829549,86.6,-44.11234,0,0,0,0.4029534,0.7813229,1.938991
2.171484,68,155,0.09495266,-0.115433,-0.2688926,0.264,-0.3574829,0.4562647,49.8,0,0.7829549,86.6,0,0,0,0,0.4029534,0.7813229,1.938991
2.173744,68,155,0.09495266,-0.115433,-0.2688926,0.264,-0.3574829,0.4562647,49.8,0,0.7829549,86.6,0,0,0,0,0.4029534,0.7813229,1.938991
2.176096,68,155,0.09495266,-0.115433,-0.2688926,0.264,-0.3574829,0.4562647,49.8,0,0.7829549,86.6,0,0,0,0,0.4029534,0.7813229,1.938991
2.178329,68,155,0.09495266,-0.115433,-0.2688926,0.264,-0.3574829,0.4562647,49.8,0,0.7829549,86.6,0,0,0,0,0.4029534,0.7813229,1.938991
2.180475,68,155,0.09495266,-0.115433,-0.2688926,0.264,-0.3574829,0.4562647,49.8,0,0.7829549,86.6,0,0,0,0,0.4029534,0.7813229,1.938991
2.182695,68,155,0.09495266,-0.115433,-0.2688926,0.264,-0.3574829,0.4562647,49.8,0,0.7829549,86.6,0,0,0,0,0.4029534,0.7813229,1.938991
2.185659,68,155,0.09495266,-0.115433,-0.2688926,0.264,-0.3574829,0.4562647,49.8,0,0.7829549,86.6,0,0,0,0,0.4029534,0.7813229,1.938991
2.188457,68,155,0.09495266,-0.115433,-0.2688926,0.264,-0.3574829,0.4562647,49.8,0,0.7829549,86.6,0,0,0,0,0.4029534,0.7813229,1.938991
2.191244,68,155,0.09495266,-0.115433,-0.2688926,0.264,-0.3574829,0.4562647,49.8,0,0.7829549,86.6,0,0,0,0,0.4029534,0.7813229,1.938991
2.193624,68,155,0.09495266,-0.115433,-0.2688926,0.264,-0.3574829,0.4562647,49.8,0,0.7829549,86.6,0,0,0,0,0.4029534,0.7813229,1.938991
2.19603,68,155,0.09495266,-0.115433,-0.2688926,0.264,-0.3574829,0.4562647,49.8,0,0.7829549,86.6,0,0,0,0,0.4029534,0.7813229,1.938991
2.198313,68,155,0.09495266,-0.115433,-0.2688926,0.264,-0.3574829,0.4562647,49.8,0,0.7829549,86.6,0,0,0,0,0.4029534,0.7813229,1.938991
2.200624,68,155,0.09495266,-0.115433,-0.2688926,0.264,-0.3574829,0.4562647,49.8,0,0.7829549,86.6,0,0,0,0,0.4029534,0.7813229,1.938991
2.202988,68,155,0.09495266,-0.115433,-0.2688926,0.264,-0.3574829,0.4562647,49.8,0,0.7829549,86.6,0,0,0,0,0.4029534,0.7813229,1.938991
2.206005,68,155,0.09495266,-0.115433,-0.2688926,0.264,-0.3574829,0.4562647,49.8,0,0.7829549,86.6,0,0,0,0,0.4029534,0.7813229,1.938991
2.208725,68,155,0.09495266,-0.115433,-0.2688926,0.264,-0.3574829,0.4562647,49.8,0,0.7829549,86.6,0,0,0,0,0.4029534,0.7813229,1.938991
2.211149,68,155,0.09495266,-0.115433,-0.2688926,0.264,-0.3574829,0.4562647,49.8,0,0.7829549,86.6,0,0,0,0,0.4029534,0.7813229,1.938991
2.213764,68,155,0.09495266,-0.115433,-0.2688926,0.264,-0.3574829,0.4562647,49.8,0,0.7829549,86.6,0,0,0,0,0.4029534,0.7813229,1.938991
2.219212,68,155,0.09495266,-0.115433,-0.2688926,0.264,-0.3574829,0.4562647,49.8,0,0.7829549,86.6,0,0,0,0,0.4029534,0.7813229,1.938991
2.222616,68,155,0.09495266,-0.115433,-0.2688926,0.264,-0.3574829,0.4562647,49.8,0,0.7829549,86.6,0,0,0,0,0.4029534,0.7813229,1.938991
2.225399,68,155,0.09495266,-0.115433,-0.2688926,0.264,-0.3574829,0.4562647,49.8,0,0.7829549,86.6,0,0,0,0,0.4029534,0.7813229,1.938991
2.227623,68,155,0.09495266,-0.115433,-0.2688926,0.264,-0.3574829,0.4562647,49.8,0,0.7829549,86.6,0,0,0,0,0.4029534,0.7813229,1.938991
2.230209,68,155,0.09495266,-0.115433,-0.2688926,0.264,-0.3574829,0.4562647,49.8,0,0.7829549,86.6,0,0,0,0,0.4029534,0.7813229,1.938991
2.232651,68,155,0.09495266,-0.115433,-0.2688926,0.264,-0.3574829,0.4562647,49.8,0,0.7829549,86.6,0,0,0,0,0.4029534,0.7813229,1.938991
2.235136,68,155,0.09495266,-0.115433,-0.2688926,0.264,-0.3574829,0.4562647,49.8,0,0.7829549,86.6,0,0,0,0,0.4029534,0.7813229,1.938991
2.238605,68,155,0.09495266,-0.115433,-0.2688926,0.264,-0.3574829,0.4562647,49.8,0,0.7829549,86.6,0,0,0,0,0.4029534,0.7813229,1.938991
2.243378,68,155,0.09495266,-0.115433,-0.2688926,0.264,-0.3574829,0.4562647,49.8,0,0.7829549,86.6,0,0,0,0,0.4029534,0.7813229,1.938991
2.25012,68,155,0.09495266,-0.115433,-0.2688926,0.264,-0.3548463,0.4571848,49.6,0,0.7829969,86.7,-29.6649,0,0,0,0.4057459,0.7813229,1.925646
2.255032,68,155,0.09495266,-0.115433,-0.2688926,0.264,-0.3548463,0.4571848,49.6,0,0.7829969,86.7,0,0,0,0,0.4057459,0.7813229,1.925646
2.262915,68,155,0.09495266,-0.115433,-0.2688926,0.264,-0.3508854,0.4585476,49.3,0,0.7830607,86.85,-38.0589,0,0,0,0.4099347,0.7813229,1.905969
2.26787,68,155,0.09495266,-0.115433,-0.2688926,0.264,-0.3508854,0.4585476,49.3,0,0.7830607,86.85,0,0,0,0,0.4099347,0.7813229,1.905969
2.277657,68,155,0.09495266,-0.115433,-0.2688926,0.264,-0.3482409,0.4594446,49.1,0,0.7831038,86.95,-20.43827,0,0,0,0.4127272,0.7813229,1.893073
2.285809,68,155,0.09495266,-0.115433,-0.2688926,0.264,-0.3349721,0.4637907,48.1,0,0.7833258,87.45,-122.6678,0,0,0,0.4266896,0.7813229,1.831127
2.294851,68,155,0.09495266,-0.115433,-0.2688926,0.264,-0.3229668,0.4675035,47.2,0,0.7835347,87.9,-99.53194,0,0,0,0.4392559,0.7813229,1.778742
2.303011,68,155,0.09495266,-0.115433,-0.2688926,0.264,-0.3095611,0.4714074,46.2,0,0.7837774,88.4,-122.552,0,0,0,0.4532185,0.7813229,1.723943
2.312807,68,155,0.09495266,-0.115433,-0.2688926,0.264,-0.2906832,0.4764784,44.8,0,0.7841349,89.1,-142.8923,0,0,0,0.4727657,0.7813229,1.652664
2.322075,68,155,0.09495266,-0.115433,-0.2688926,0.264,-0.2771257,0.4798172,43.8,0,0.784403,89.6,-107.9133,0,0,0,0.4867282,0.7813229,1.605255
2.333311,68,155,0.09495266,-0.115433,-0.2688926,0.264,-0.2607831,0.483511,42.6,0,0.7847387,90.2,-106.7901,0,0,0,0.5034831,0.7813229,1.551836
2.342916,68,155,0.09495266,-0.115433,-0.2688926,0.264,-0.2471077,0.4863271,41.6,0,0.78503,90.7,-104.1179,0,0,0,0.5174454,0.7813229,1.509962
2.351715,68,155,0.09495266,-0.115433,-0.2688926,0.264,-0.2347594,0.4886572,40.7,0,0.7853009,91.15,-102.2794,0,0,0,0.5300116,0.7813229,1.474162
2.360401,68,155,0.09495266,-0.115433,-0.2688926,0.264,-0.2237536,0.4905652,39.9,0,0.7855486,91.55,-92.11593,0,0,0,0.5411815,0.7813229,1.443735
2.369034,68,155,0.09495266,-0.115433,-0.2688926,0.264,-0.2141024,0.4921086,39.2,0,0.7857707,91.9,-81.08242,0,0,0,0.5509554,0.7813229,1.418124
2.377901,68,155,0.09495266,-0.115433,-0.2688926,0.264,-0.2071974,0.4931388,38.7,0,0.7859323,92.15,-56.3825,0,0,0,0.5579368,0.7813229,1.400379
2.385981,68,155,0.09495266,-0.115433,-0.2688926,0.264,-0.2016672,0.4939195,38.3,0,0.7860634,92.35,-49.51556,0,0,0,0.5635219,0.7813229,1.3865
2.395308,68,155,0.09495266,-0.115433,-0.2688926,0.264,-0.197516,0.4944797,38,0,0.7861629,92.5,-32.16047,0,0,0,0.5677106,0.7813229,1.37627
2.401932,68,155,0.09495266,-0.115433,-0.2688926,0.264,-0.1947469,0.4948412,37.8,0,0.7862296,92.6,-30.19198,0,0,0,0.5705032,0.7813229,1.369533
2.407049,68,155,0.09495266,-0.115433,-0.2688926,0.264,-0.1947469,0.4948412,37.8,0,0.7862296,92.6,0,0,0,0,0.5705032,0.7813229,1.369533
2.414743,68,155,0.09495266,-0.115433,-0.2688926,0.264,-0.190591,0.4953651,37.5,0,0.7863305,92.75,-38.98322,0,0,0,0.5746921,0.7813229,1.35955
2.423758,68,155,0.09495266,-0.115433,-0.2688926,0.264,-0.1878191,0.4957024,37.3,0,0.7863983,92.85,-22.19025,0,0,0,0.5774845,0.7813229,1.352976
2.432207,68,155,0.09495266,-0.115433,-0.2688926,0.264,-0.1836589,0.4961901,37,0,0.7865007,93,-35.50035,0,0,0,0.5816731,0.7813229,1.343234
2.44076,68,155,0.09495266,-0.115433,-0.2688926,0.264,-0.1808838,0.496503,36.8,0,0.7865693,93.1,-23.38752,0,0,0,0.5844659,0.7813229,1.336815
2.449385,68,155,0.09495266,-0.115433,-0.2688926,0.264,-0.173942,0.4972432,36.3,0,0.7867429,93.35,-57.96698,0,0,0,0.591447,0.7813229,1.321036
2.458511,68,155,0.09495266,-0.115433,-0.2688926,0.264,-0.1711634,0.4975222,36.1,0,0.7868129,93.45,-21.91477,0,0,0,0.5942396,0.7813229,1.314828
2.467005,68,155,0.09495266,-0.115433,-0.2688926,0.264,-0.1614312,0.4984227,35.4,0,0.7870614,93.8,-82.40979,0,0,0,0.6040133,0.7813229,1.293552
2.476044,68,155,0.09495266,-0.115433,-0.2688926,0.264,-0.1544733,0.498993,34.9,0,0.7872418,94.05,-55.31953,0,0,0,0.6109946,0.7813229,1.278772
2.484943,68,155,0.09495266,-0.115433,-0.2688926,0.264,-0.1405437,0.4999514,33.9,0,0.7876095,94.55,-112.3621,0,0,0,0.6249571,0.7813229,1.250203
2.494404,68,155,0.09495266,-0.115433,-0.2688926,0.264,-0.1335731,0.5003393,33.4,0,0.7877969,94.8,-52.85077,0,0,0,0.6319385,0.7813229,1.236391
2.502941,68,155,0.09495266,-0.115433,-0.2688926,0.264,-0.1210188,0.5008844,32.5,0,0.7881401,95.25,-105.4162,0,0,0,0.6445047,0.7813229,1.212284
2.511959,68,155,0.09495266,-0.115433,-0.2688926,0.264,-0.1140409,0.5011019,32,0,0.788334,95.5,-55.45205,0,0,0,0.6514859,0.7813229,1.199294
2.520777,68,155,0.09495266,-0.115433,-0.2688926,0.264,-0.1070613,0.5012584,31.5,0,0.7885301,95.75,-56.70027,0,0,0,0.6584674,0.7813229,1.186578
2.529053,68,155,0.09495266,-0.115433,-0.2688926,0.264,-0.1000806,0.5013542,31,0,0.7887287,96,-60.41274,0,0,0,0.6654486,0.7813229,1.17413
2.535877,68,155,0.09495266,-0.115433,-0.2688926,0.264,-0.0972882,0.5013756,30.8,0,0.7888088,96.1,-29.30543,0,0,0,0.6682411,0.7813229,1.169223
2.538828,68,155,0.09495266,-0.115433,-0.2688926,0.264,-0.0972882,0.5013756,30.8,0,0.7888088,96.1,0,0,0,0,0.6682411,0.7813229,1.169223
2.542818,68,155,0.09495266,-0.115433,-0.2688926,0.264,-0.0972882,0.5013756,30.8,0,0.7888088,96.1,0,0,0,0,0.6682411,0.7813229,1.169223
2.549427,68,155,0.09495266,-0.115433,-0.2688926,0.264,-0.09309938,0.5013891,30.5,0,0.7889295,96.25,-45.39116,0,0,0,0.67243,0.7813229,1.161939
2.552769,68,155,0.09495266,-0.115433,-0.2688926,0.264,-0.09309938,0.5013891,30.5,0,0.7889295,96.25,0,0,0,0,0.67243,0.7813229,1.161939
2.555956,68,155,0.09495266,-0.115433,-0.2688926,0.264,-0.09309938,0.5013891,30.5,0,0.7889295,96.25,0,0,0,0,0.67243,0.7813229,1.161939
2.558386,68,155,0.09495266,-0.115433,-0.2688926,0.264,-0.09309938,0.5013891,30.5,0,0.7889295,96.25,0,0,0,0,0.67243,0.7813229,1.161939
2.560904,68,155,0.09495266,-0.115433,-0.2688926,0.264,-0.09309938,0.5013891,30.5,0,0.7889295,96.25,0,0,0,0,0.67243,0.7813229,1.161939
2.563667,68,155,0.09495266,-0.115433,-0.2688926,0.264,-0.09309938,0.5013891,30.5,0,0.7889295,96.25,0,0,0,0,0.67243,0.7813229,1.161939
2.56884,68,155,0.09495266,-0.115433,-0.2688926,0.264,-0.09309938,0.5013891,30.5,0,0.7889295,96.25,0,0,0,0,0.67243,0.7813229,1.161939
2.579082,68,155,0.09495266,-0.115433,-0.2688926,0.264,-0.09030687,0.501386,30.3,0,0.7890105,96.35,-19.52427,0,0,0,0.6752225,0.7813229,1.157134
2.588989,68,155,0.09495266,-0.115433,-0.2688926,0.264,-0.08751438,0.5013731,30.1,0,0.7890918,96.45,-20.18926,0,0,0,0.6780151,0.7813229,1.152368
2.59996,68,155,0.09495266,-0.115433,-0.2688926,0.264,-0.08332578,0.5013354,29.8,0,0.7892143,96.6,-27.34467,0,0,0,0.6822038,0.7813229,1.145292
2.609364,68,155,0.09495266,-0.115433,-0.2688926,0.264,-0.07634532,0.5012241,29.3,0,0.7894204,96.85,-53.17339,0,0,0,0.6891852,0.7813229,1.133691
2.618668,68,155,0.09495266,-0.115433,-0.2688926,0.264,-0.06657507,0.5009658,28.6,0,0.7897127,97.2,-75.23795,0,0,0,0.6989589,0.7813229,1.117838
2.629539,68,155,0.09495266,-0.115433,-0.2688926,0.264,-0.05959847,0.5007082,28.1,0,0.789924,97.45,-45.98589,0,0,0,0.7059402,0.7813229,1.106783
2.640579,68,155,0.09495266,-0.115433,-0.2688926,0.264,-0.04704744,0.5000914,27.2,0,0.7903101,97.9,-81.52318,0,0,0,0.7185064,0.7813229,1.087427
2.65103,68,155,0.09495266,-0.115433,-0.2688926,0.264,-0.03590023,0.4993775,26.4,0,0.7906589,98.3,-76.55586,0,0,0,0.7296764,0.7813229,1.07078
2.660591,68,155,0.09495266,-0.115433,-0.2688926,0.264,-0.03033058,0.4989621,26,0,0.7908352,98.5,-41.83221,0,0,0,0.7352616,0.7813229,1.062646
2.668612,68,155,0.09495266,-0.115433,-0.2688926,0.264,-0.0261554,0.4986251,25.7,0,0.7909684,98.65,-37.40872,0,0,0,0.7394503,0.7813229,1.056627
2.688091,68,155,0.09495266,-0.115433,-0.2688926,0.264,-0.02337296,0.4983884,25.5,0,0.7910577,98.75,-10.26682,0,0,0,0.7422428,0.7813229,1.052651
2.69508,68,155,0.09495266,-0.115433,-0.2688926,0.264,-0.02337296,0.4983884,25.5,0,0.7910577,98.75,0,0,0,0,0.7422428,0.7813229,1.052651
2.697889,68,155,0.09495266,-0.115433,-0.2688926,0.264,-0.02337296,0.4983884,25.5,0,0.7910577,98.75,0,0,0,0,0.7422428,0.7813229,1.052651
2.700193,68,155,0.09495266,-0.115433,-0.2688926,0.264,-0.02337296,0.4983884,25.5,0,0.7910577,98.75,0,0,0,0,0.7422428,0.7813229,1.052651
2.702469,68,155,0.09495266,-0.115433,-0.2688926,0.264,-0.02337296,0.4983884,25.5,0,0.7910577,98.75,0,0,0,0,0.7422428,0.7813229,1.052651
2.707636,68,155,0.09495266,-0.115433,-0.2688926,0.264,-0.02337296,0.4983884,25.5,0,0.7910577,98.75,0,0,0,0,0.7422428,0.7813229,1.052651
2.714094,68,155,0.09495266,-0.115433,-0.2688926,0.264,-0.01920082,0.498015,25.2,0,0.7911921,98.9,-46.44958,0,0,0,0.7464316,0.7813229,1.046744
2.716597,68,155,0.09495266,-0.115433,-0.2688926,0.264,-0.01920082,0.498015,25.2,0,0.7911921,98.9,0,0,0,0,0.7464316,0.7813229,1.046744
2.722813,68,155,0.09495266,-0.115433,-0.2688926,0.264,-0.01920082,0.498015,25.2,0,0.7911921,98.9,0,0,0,0,0.7464316,0.7813229,1.046744
2.732128,68,155,0.09495266,-0.115433,-0.2688926,0.264,-0.01364123,0.4974832,24.8,0,0.7913725,99.1,-42.93889,0,0,0,0.7520166,0.7813229,1.03897
2.741234,68,155,0.09495266,-0.115433,-0.2688926,0.264,-0.006697051,0.4967638,24.3,0,0.7915999,99.35,-54.91549,0,0,0,0.7589979,0.7813229,1.029414
2.749674,68,155,0.09495266,-0.115433,-0.2688926,0.264,0.0002404973,0.4959839,23.8,0,0.7918292,99.6,-59.23539,0,0,0,0.7659792,0.7813229,1.020032
2.760427,68,155,0.09495266,-0.115433,-0.2688926,0.264,0.007171087,0.4951435,23.3,0,0.7920606,99.85,-46.49649,0,0,0,0.7729605,0.7813229,1.010819
2.767639,68,155,0.09495266,-0.115433,-0.2688926,0.264,0.009941176,0.4947904,23.1,0,0.7921537,99.95,-27.73332,0,0,0,0.775753,0.7813229,1.00718
2.771368,68,155,0.09495266,-0.115433,-0.2688926,0.264,0.009941176,0.4947904,23.1,0,0.7921537,99.95,0,0,0,0,0.775753,0.7813229,1.00718
2.773743,68,155,0.09495266,-0.115433,-0.2688926,0.264,0.009941176,0.4947904,23.1,0,0.7921537,99.95,0,0,0,0,0.775753,0.7813229,1.00718
2.776134,68,155,0.09495266,-0.115433,-0.2688926,0.264,0.009941176,0.4947904,23.1,0,0.7921537,99.95,0,0,0,0,0.775753,0.7813229,1.00718
2.778282,68,155,0.09495266,-0.115433,-0.2688926,0.264,0.009941176,0.4947904,23.1,0,0.7921537,99.95,0,0,0,0,0.775753,0.7813229,1.00718
2.780533,68,155,0.09495266,-0.115433,-0.2688926,0.264,0.009941176,0.4947904,23.1,0,0.7921537,99.95,0,0,0,0,0.775753,0.7813229,1.00718
2.783279,68,155,0.09495266,-0.115433,-0.2688926,0.264,0.009941176,0.4947904,23.1,0,0.7921537,99.95,0,0,0,0,0.775753,0.7813229,1.00718
2.786154,68,155,0.09495266,-0.115433,-0.2688926,0.264,0.009941176,0.4947904,23.1,0,0.7921537,99.95,0,0,0,0,0.775753,0.7813229,1.00718
2.789,68,155,0.09495266,-0.115433,-0.2688926,0.264,0.009941176,0.4947904,23.1,0,0.7921537,99.95,0,0,0,0,0.775753,0.7813229,1.00718
2.791382,68,155,0.09495266,-0.115433,-0.2688926,0.264,0.009941176,0.4947904,23.1,0,0.7921537,99.95,0,0,0,0,0.775753,0.7813229,1.00718
2.794415,68,155,0.09495266,-0.115433,-0.2688926,0.264,0.009941176,0.4947904,23.1,0,0.7921537,99.95,0,0,0,0,0.775753,0.7813229,1.00718
2.796837,68,155,0.09495266,-0.115433,-0.2688926,0.264,0.009941176,0.4947904,23.1,0,0.7921537,99.95,0,0,0,0,0.775753,0.7813229,1.00718
2.799545,68,155,0.09495266,-0.115433,-0.2688926,0.264,0.009941176,0.4947904,23.1,0,0.7921537,99.95,0,0,0,0,0.775753,0.7813229,1.00718
2.802307,68,155,0.09495266,-0.115433,-0.2688926,0.264,0.009941176,0.4947904,23.1,0,0.7921537,99.95,0,0,0,0,0.775753,0.7813229,1.00718
2.805689,68,155,0.09495266,-0.115433,-0.2688926,0.264,0.009941176,0.4947904,23.1,0,0.7921537,99.95,0,0,0,0,0.775753,0.7813229,1.00718
2.807993,68,155,0.09495266,-0.115433,-0.2688926,0.264,0.009941176,0.4947904,23.1,0,0.7921537,99.95,0,0,0,0,0.775753,0.7813229,1.00718
2.810253,68,155,0.09495266,-0.115433,-0.2688926,0.264,0.009941176,0.4947904,23.1,0,0.7921537,99.95,0,0,0,0,0.775753,0.7813229,1.00718
2.812643,68,155,0.09495266,-0.115433,-0.2688926,0.264,0.009941176,0.4947904,23.1,0,0.7921537,99.95,0,0,0,0,0.775753,0.7813229,1.00718
2.815132,68,155,0.09495266,-0.115433,-0.2688926,0.264,0.009941176,0.4947904,23.1,0,0.7921537,99.95,0,0,0,0,0.775753,0.7813229,1.00718
2.817476,68,155,0.09495266,-0.115433,-0.2688926,0.264,0.009941176,0.4947904,23.1,0,0.7921537,99.95,0,0,0,0,0.775753,0.7813229,1.00718
2.820219,68,155,0.09495266,-0.115433,-0.2688926,0.264,0.009941176,0.4947904,23.1,0,0.7921537,99.95,0,0,0,0,0.775753,0.7813229,1.00718
2.823378,68,155,0.09495266,-0.115433,-0.2688926,0.264,0.009941176,0.4947904,23.1,0,0.7921537,99.95,0,0,0,0,0.775753,0.7813229,1.00718
2.826294,68,155,0.09495266,-0.115433,-0.2688926,0.264,0.009941176,0.4947904,23.1,0,0.7921537,99.95,0,0,0,0,0.775753,0.7813229,1.00718
2.828512,68,155,0.09495266,-0.115433,-0.2688926,0.264,0.009941176,0.4947904,23.1,0,0.7921537,99.95,0,0,0,0,0.775753,0.7813229,1.00718
2.831043,68,155,0.09495266,-0.115433,-0.2688926,0.264,0.009941176,0.4947904,23.1,0,0.7921537,99.95,0,0,0,0,0.775753,0.7813229,1.00718
2.836702,68,155,0.09495266,-0.115433,-0.2688926,0.264,0.009941176,0.4947904,23.1,0,0.7921537,99.95,0,0,0,0,0.775753,0.7813229,1.00718
2.839327,68,155,0.09495266,-0.115433,-0.2688926,0.264,0.009941176,0.4947904,23.1,0,0.7921537,99.95,0,0,0,0,0.775753,0.7813229,1.00718
2.841724,68,155,0.09495266,-0.115433,-0.2688926,0.264,0.009941176,0.4947904,23.1,0,0.7921537,99.95,0,0,0,0,0.775753,0.7813229,1.00718
2.844381,68,155,0.09495266,-0.115433,-0.2688926,0.264,0.009941176,0.4947904,23.1,0,0.7921537,99.95,0,0,0,0,0.775753,0.7813229,1.00718
2.846949,68,155,0.09495266,-0.115433,-0.2688926,0.264,0.009941176,0.4947904,23.1,0,0.7921537,99.95,0,0,0,0,0.775753,0.7813229,1.00718
2.84976,68,155,0.09495266,-0.115433,-0.2688926,0.264,0.009941176,0.4947904,23.1,0,0.7921537,99.95,0,0,0,0,0.775753,0.7813229,1.00718
2.852951,68,155,0.09495266,-0.115433,-0.2688926,0.264,0.009941176,0.4947904,23.1,0,0.7921537,99.95,0,0,0,0,0.775753,0.7813229,1.00718
2.855915,68,155,0.09495266,-0.115433,-0.2688926,0.264,0.009941176,0.4947904,23.1,0,0.7921537,99.95,0,0,0,0,0.775753,0.7813229,1.00718
2.858473,68,155,0.09495266,-0.115433,-0.2688926,0.264,0.009941176,0.4947904,23.1,0,0.7921537,99.95,0,0,0,0,0.775753,0.7813229,1.00718
2.860847,68,155,0.09495266,-0.115433,-0.2688926,0.264,0.009941176,0.4947904,23.1,0,0.7921537,99.95,0,0,0,0,0.775753,0.7813229,1.00718
2.864157,68,155,0.09495266,-0.115433,-0.2688926,0.264,0.009941176,0.4947904,23.1,0,0.7921537,99.95,0,0,0,0,0.775753,0.7813229,1.00718
2.866577,68,155,0.09495266,-0.115433,-0.2688926,0.264,0.009941176,0.4947904,23.1,0,0.7921537,99.95,0,0,0,0,0.775753,0.7813229,1.00718
2.86928,68,155,0.09495266,-0.115433,-0.2688926,0.264,0.009941176,0.4947904,23.1,0,0.7921537,99.95,0,0,0,0,0.775753,0.7813229,1.00718
2.872265,68,155,0.09495266,-0.115433,-0.2688926,0.264,0.009941176,0.4947904,23.1,0,0.7921537,99.95,0,0,0,0,0.775753,0.7813229,1.00718
2.874506,68,155,0.09495266,-0.115433,-0.2688926,0.264,0.009941176,0.4947904,23.1,0,0.7921537,99.95,0,0,0,0,0.775753,0.7813229,1.00718
2.876663,68,155,0.09495266,-0.115433,-0.2688926,0.264,0.009941176,0.4947904,23.1,0,0.7921537,99.95,0,0,0,0,0.775753,0.7813229,1.00718
2.880262,68,155,0.09495266,-0.115433,-0.2688926,0.264,0.009941176,0.4947904,23.1,0,0.7921537,99.95,0,0,0,0,0.775753,0.7813229,1.00718
2.883974,68,155,0.09495266,-0.115433,-0.2688926,0.264,0.009941176,0.4947904,23.1,0,0.7921537,99.95,0,0,0,0,0.775753,0.7813229,1.00718
2.887825,68,155,0.09495266,-0.115433,-0.2688926,0.264,0.009941176,0.4947904,23.1,0,0.7921537,99.95,0,0,0,0,0.775753,0.7813229,1.00718
2.891703,68,155,0.09495266,-0.115433,-0.2688926,0.264,0.009941176,0.4947904,23.1,0,0.7921537,99.95,0,0,0,0,0.775753,0.7813229,1.00718
2.895546,68,155,0.09495266,-0.115433,-0.2688926,0.264,0.009941176,0.4947904,23.1,0,0.7921537,99.95,0,0,0,0,0.775753,0.7813229,1.00718
2.897921,68,155,0.09495266,-0.115433,-0.2688926,0.264,0.009941176,0.4947904,23.1,0,0.7921537,99.95,0,0,0,0,0.775753,0.7813229,1.00718
2.900225,68,155,0.09495266,-0.115433,-0.2688926,0.264,0.009941176,0.4947904,23.1,0,0.7921537,99.95,0,0,0,0,0.775753,0.7813229,1.00718
2.902456,68,155,0.09495266,-0.115433,-0.2688926,0.264,0.009941176,0.4947904,23.1,0,0.7921537,99.95,0,0,0,0,0.775753,0.7813229,1.00718
2.9056,68,155,0.09495266,-0.115433,-0.2688926,0.264,0.009941176,0.4947904,23.1,0,0.7921537,99.95,0,0,0,0,0.775753,0.7813229,1.00718
2.908262,68,155,0.09495266,-0.115433,-0.2688926,0.264,0.009941176,0.4947904,23.1,0,0.7921537,99.95,0,0,0,0,0.775753,0.7813229,1.00718
2.911121,68,155,0.09495266,-0.115433,-0.2688926,0.264,0.009941176,0.4947904,23.1,0,0.7921537,99.95,0,0,0,0,0.775753,0.7813229,1.00718
2.913393,68,155,0.09495266,-0.115433,-0.2688926,0.264,0.009941176,0.4947904,23.1,0,0.7921537,99.95,0,0,0,0,0.775753,0.7813229,1.00718
2.915691,68,155,0.09495266,-0.115433,-0.2688926,0.264,0.009941176,0.4947904,23.1,0,0.7921537,99.95,0,0,0,0,0.775753,0.7813229,1.00718
2.917902,68,155,0.09495266,-0.115433,-0.2688926,0.264,0.009941176,0.4947904,23.1,0,0.7921537,99.95,0,0,0,0,0.775753,0.7813229,1.00718
2.92067,68,155,0.09495266,-0.115433,-0.2688926,0.264,0.009941176,0.4947904,23.1,0,0.7921537,99.95,0,0,0,0,0.775753,0.7813229,1.00718
2.923803,68,155,0.09495266,-0.115433,-0.2688926,0.264,0.009941176,0.4947904,23.1,0,0.7921537,99.95,0,0,0,0,0.775753,0.7813229,1.00718
2.926371,68,155,0.09495266,-0.115433,-0.2688926,0.264,0.009941176,0.4947904,23.1,0,0.7921537,99.95,0,0,0,0,0.775753,0.7813229,1.00718
2.928753,68,155,0.09495266,-0.115433,-0.2688926,0.264,0.009941176,0.4947904,23.1,0,0.7921537,99.95,0,0,0,0,0.775753,0.7813229,1.00718
2.931023,68,155,0.09495266,-0.115433,-0.2688926,0.264,0.009941176,0.4947904,23.1,0,0.7921537,99.95,0,0,0,0,0.775753,0.7813229,1.00718
2.933266,68,155,0.09495266,-0.115433,-0.2688926,0.264,0.009941176,0.4947904,23.1,0,0.7921537,99.95,0,0,0,0,0.775753,0.7813229,1.00718
2.935572,68,155,0.09495266,-0.115433,-0.2688926,0.264,0.009941176,0.4947904,23.1,0,0.7921537,99.95,0,0,0,0,0.775753,0.7813229,1.00718
2.938339,68,155,0.09495266,-0.115433,-0.2688926,0.264,0.009941176,0.4947904,23.1,0,0.7921537,99.95,0,0,0,0,0.775753,0.7813229,1.00718
2.941124,68,155,0.09495266,-0.115433,-0.2688926,0.264,0.009941176,0.4947904,23.1,0,0.7921537,99.95,0,0,0,0,0.775753,0.7813229,1.00718
2.946026,68,155,0.09495266,-0.115433,-0.2688926,0.264,0.009941176,0.4947904,23.1,0,0.7921537,99.95,0,0,0,0,0.775753,0.7813229,1.00718
2.954004,68,155,0.09495266,-0.115433,-0.2688926,0.264,0.01409405,0.4942425,22.8,0,0.7922939,100.1,-37.60402,0,0,0,0.7799419,0.7813229,1.001771
2.95706,68,155,0.09495266,-0.115433,-0.2688926,0.264,0.01409405,0.4942425,22.8,0,0.7922939,100.1,0,0,0,0,0.7799419,0.7813229,1.001771
2.960648,68,155,0.09495266,-0.115433,-0.2688926,0.264,0.01409405,0.4942425,22.8,0,0.7922939,100.1,0,0,0,0,0.7799419,0.7813229,1.001771
2.963634,68,155,0.09495266,-0.115433,-0.2688926,0.264,0.01409405,0.4942425,22.8,0,0.7922939,100.1,0,0,0,0,0.7799419,0.7813229,1.001771
2.966581,68,155,0.09495266,-0.115433,-0.2688926,0.264,0.01409405,0.4942425,22.8,0,0.7922939,100.1,0,0,0,0,0.7799419,0.7813229,1.001771
2.969069,68,155,0.09495266,-0.115433,-0.2688926,0.264,0.01409405,0.4942425,22.8,0,0.7922939,100.1,0,0,0,0,0.7799419,0.7813229,1.001771
2.972155,68,155,0.09495266,-0.115433,-0.2688926,0.264,0.01409405,0.4942425,22.8,0,0.7922939,100.1,0,0,0,0,0.7799419,0.7813229,1.001771
2.974491,68,155,0.09495266,-0.115433,-0.2688926,0.264,0.01409405,0.4942425,22.8,0,0.7922939,100.1,0,0,0,0,0.7799419,0.7813229,1.001771
2.976954,68,155,0.09495266,-0.115433,-0.2688926,0.264,0.01409405,0.4942425,22.8,0,0.7922939,100.1,0,0,0,0,0.7799419,0.7813229,1.001771
2.979118,68,155,0.09495266,-0.115433,-0.2688926,0.264,0.01409405,0.4942425,22.8,0,0.7922939,100.1,0,0,0,0,0.7799419,0.7813229,1.001771
2.98138,68,155,0.09495266,-0.115433,-0.2688926,0.264,0.01409405,0.4942425,22.8,0,0.7922939,100.1,0,0,0,0,0.7799419,0.7813229,1.001771
2.990126,68,155,0.09495266,-0.115433,-0.2688926,0.264,0.01409405,0.4942425,22.8,0,0.7922939,100.1,0,0,0,0,0.7799419,0.7813229,1.001771
2.996277,68,155,0.09495266,-0.115433,-0.2688926,0.264,0.01686089,0.4938653,22.6,0,0.7923878,100.2,-32.51644,0,0,0,0.7827343,0.7813229,0.9981968
2.998512,68,155,0.09495266,-0.115433,-0.2688926,0.264,0.01686089,0.4938653,22.6,0,0.7923878,100.2,0,0,0,0,0.7827343,0.7813229,0.9981968
3.003454,68,155,0.09495266,-0.115433,-0.2688926,0.264,0.01686089,0.4938653,22.6,0,0.7923878,100.2,0,0,0,0,0.7827343,0.7813229,0.9981968
3.010933,68,155,0.09495266,-0.115433,-0.2688926,0.264,0.02100886,0.4932813,22.3,0,0.7925292,100.35,-40.11461,0,0,0,0.7869232,0.7813229,0.9928833
3.013235,68,155,0.09495266,-0.115433,-0.2688926,0.264,0.02100886,0.4932813,22.3,0,0.7925292,100.35,0,0,0,0,0.7869232,0.7813229,0.9928833
3.016108,68,155,0.09495266,-0.115433,-0.2688926,0.264,0.02100886,0.4932813,22.3,0,0.7925292,100.35,0,0,0,0,0.7869232,0.7813229,0.9928833
3.018396,68,155,0.09495266,-0.115433,-0.2688926,0.264,0.02100886,0.4932813,22.3,0,0.7925292,100.35,0,0,0,0,0.7869232,0.7813229,0.9928833
3.020872,68,155,0.09495266,-0.115433,-0.2688926,0.264,0.02100886,0.4932813,22.3,0,0.7925292,100.35,0,0,0,0,0.7869232,0.7813229,0.9928833
3.023783,68,155,0.09495266,-0.115433,-0.2688926,0.264,0.02100886,0.4932813,22.3,0,0.7925292,100.35,0,0,0,0,0.7869232,0.7813229,0.9928833
3.02589,68,155,0.09495266,-0.115433,-0.2688926,0.264,0.02100886,0.4932813,22.3,0,0.7925292,100.35,0,0,0,0,0.7869232,0.7813229,0.9928833
3.02998,68,155,0.09495266,-0.115433,-0.2688926,0.264,0.02100886,0.4932813,22.3,0,0.7925292,100.35,0,0,0,0,0.7869232,0.7813229,0.9928833
3.036337,68,155,0.09495266,-0.115433,-0.2688926,0.264,0.02377231,0.4928799,22.1,0,0.7926239,100.45,-31.46367,0,0,0,0.7897156,0.7813229,0.9893724
3.038919,68,155,0.09495266,-0.115433,-0.2688926,0.264,0.02377231,0.4928799,22.1,0,0.7926239,100.45,0,0,0,0,0.7897156,0.7813229,0.9893724
3.043215,68,155,0.09495266,-0.115433,-0.2688926,0.264,0.02377231,0.4928799,22.1,0,0.7926239,100.45,0,0,0,0,0.7897156,0.7813229,0.9893724
3.04999,68,155,0.09495266,-0.115433,-0.2688926,0.264,0.02653445,0.4924689,21.9,0,0.7927188,100.55,-29.5191,0,0,0,0.7925082,0.7813229,0.9858862
3.052334,68,155,0.09495266,-0.115433,-0.2688926,0.264,0.02653445,0.4924689,21.9,0,0.7927188,100.55,0,0,0,0,0.7925082,0.7813229,0.9858862
3.055107,68,155,0.09495266,-0.115433,-0.2688926,0.264,0.02653445,0.4924689,21.9,0,0.7927188,100.55,0,0,0,0,0.7925082,0.7813229,0.9858862
3.057301,68,155,0.09495266,-0.115433,-0.2688926,0.264,0.02653445,0.4924689,21.9,0,0.7927188,100.55,0,0,0,0,0.7925082,0.7813229,0.9858862
3.05954,68,155,0.09495266,-0.115433,-0.2688926,0.264,0.02653445,0.4924689,21.9,0,0.7927188,100.55,0,0,0,0,0.7925082,0.7813229,0.9858862
3.061922,68,155,0.09495266,-0.115433,-0.2688926,0.264,0.02653445,0.4924689,21.9,0,0.7927188,100.55,0,0,0,0,0.7925082,0.7813229,0.9858862
3.066593,68,155,0.09495266,-0.115433,-0.2688926,0.264,0.02653445,0.4924689,21.9,0,0.7927188,100.55,0,0,0,0,0.7925082,0.7813229,0.9858862
3.07412,68,155,0.09495266,-0.115433,-0.2688926,0.264,0.03067492,0.4918342,21.6,0,0.7928618,100.7,-39.8633,0,0,0,0.796697,0.7813229,0.9807027
3.07633,68,155,0.09495266,-0.115433,-0.2688926,0.264,0.03067492,0.4918342,21.6,0,0.7928618,100.7,0,0,0,0,0.796697,0.7813229,0.9807027
3.07865,68,155,0.09495266,-0.115433,-0.2688926,0.264,0.03067492,0.4918342,21.6,0,0.7928618,100.7,0,0,0,0,0.796697,0.7813229,0.9807027
3.081141,68,155,0.09495266,-0.115433,-0.2688926,0.264,0.03067492,0.4918342,21.6,0,0.7928618,100.7,0,0,0,0,0.796697,0.7813229,0.9807027
3.085768,68,155,0.09495266,-0.115433,-0.2688926,0.264,0.03067492,0.4918342,21.6,0,0.7928618,100.7,0,0,0,0,0.796697,0.7813229,0.9807027
3.092808,68,155,0.09495266,-0.115433,-0.2688926,0.264,0.03343333,0.4913991,21.4,0,0.7929576,100.8,-28.41202,0,0,0,0.7994896,0.7813229,0.9772772
3.095333,68,155,0.09495266,-0.115433,-0.2688926,0.264,0.03343333,0.4913991,21.4,0,0.7929576,100.8,0,0,0,0,0.7994896,0.7813229,0.9772772
3.097809,68,155,0.09495266,-0.115433,-0.2688926,0.264,0.03343333,0.4913991,21.4,0,0.7929576,100.8,0,0,0,0,0.7994896,0.7813229,0.9772772
3.100224,68,155,0.09495266,-0.115433,-0.2688926,0.264,0.03343333,0.4913991,21.4,0,0.7929576,100.8,0,0,0,0,0.7994896,0.7813229,0.9772772
3.102373,68,155,0.09495266,-0.115433,-0.2688926,0.264,0.03343333,0.4913991,21.4,0,0.7929576,100.8,0,0,0,0,0.7994896,0.7813229,0.9772772
3.105747,68,155,0.09495266,-0.115433,-0.2688926,0.264,0.03343333,0.4913991,21.4,0,0.7929576,100.8,0,0,0,0,0.7994896,0.7813229,0.9772772
3.108145,68,155,0.09495266,-0.115433,-0.2688926,0.264,0.03343333,0.4913991,21.4,0,0.7929576,100.8,0,0,0,0,0.7994896,0.7813229,0.9772772
3.111065,68,155,0.09495266,-0.115433,-0.2688926,0.264,0.03343333,0.4913991,21.4,0,0.7929576,100.8,0,0,0,0,0.7994896,0.7813229,0.9772772
3.11347,68,155,0.09495266,-0.115433,-0.2688926,0.264,0.03343333,0.4913991,21.4,0,0.7929576,100.8,0,0,0,0,0.7994896,0.7813229,0.9772772
3.115862,68,155,0.09495266,-0.115433,-0.2688926,0.264,0.03343333,0.4913991,21.4,0,0.7929576,100.8,0,0,0,0,0.7994896,0.7813229,0.9772772
3.120356,68,155,0.09495266,-0.115433,-0.2688926,0.264,0.03343333,0.4913991,21.4,0,0.7929576,100.8,0,0,0,0,0.7994896,0.7813229,0.9772772
3.127459,68,155,0.09495266,-0.115433,-0.2688926,0.264,0.03756803,0.4907284,21.1,0,0.7931018,100.95,-42.23616,0,0,0,0.8036783,0.7813229,0.9721836
3.130215,68,155,0.09495266,-0.115433,-0.2688926,0.264,0.03756803,0.4907284,21.1,0,0.7931018,100.95,0,0,0,0,0.8036783,0.7813229,0.9721836
3.13286,68,155,0.09495266,-0.115433,-0.2688926,0.264,0.03756803,0.4907284,21.1,0,0.7931018,100.95,0,0,0,0,0.8036783,0.7813229,0.9721836
3.139509,68,155,0.09495266,-0.115433,-0.2688926,0.264,0.03756803,0.4907284,21.1,0,0.7931018,100.95,0,0,0,0,0.8036783,0.7813229,0.9721836
3.142124,68,155,0.09495266,-0.115433,-0.2688926,0.264,0.03756803,0.4907284,21.1,0,0.7931018,100.95,0,0,0,0,0.8036783,0.7813229,0.9721836
3.14493,68,155,0.09495266,-0.115433,-0.2688926,0.264,0.03756803,0.4907284,21.1,0,0.7931018,100.95,0,0,0,0,0.8036783,0.7813229,0.9721836
3.14727,68,155,0.09495266,-0.115433,-0.2688926,0.264,0.03756803,0.4907284,21.1,0,0.7931018,100.95,0,0,0,0,0.8036783,0.7813229,0.9721836
3.150038,68,155,0.09495266,-0.115433,-0.2688926,0.264,0.03756803,0.4907284,21.1,0,0.7931018,100.95,0,0,0,0,0.8036783,0.7813229,0.9721836
3.152409,68,155,0.09495266,-0.115433,-0.2688926,0.264,0.03756803,0.4907284,21.1,0,0.7931018,100.95,0,0,0,0,0.8036783,0.7813229,0.9721836
3.155128,68,155,0.09495266,-0.115433,-0.2688926,0.264,0.03756803,0.4907284,21.1,0,0.7931018,100.95,0,0,0,0,0.8036783,0.7813229,0.9721836
3.15764,68,155,0.09495266,-0.115433,-0.2688926,0.264,0.03756803,0.4907284,21.1,0,0.7931018,100.95,0,0,0,0,0.8036783,0.7813229,0.9721836
3.160038,68,155,0.09495266,-0.115433,-0.2688926,0.264,0.03756803,0.4907284,21.1,0,0.7931018,100.95,0,0,0,0,0.8036783,0.7813229,0.9721836
3.162416,68,155,0.09495266,-0.115433,-0.2688926,0.264,0.03756803,0.4907284,21.1,0,0.7931018,100.95,0,0,0,0,0.8036783,0.7813229,0.9721836
3.165054,68,155,0.09495266,-0.115433,-0.2688926,0.264,0.03756803,0.4907284,21.1,0,0.7931018,100.95,0,0,0,0,0.8036783,0.7813229,0.9721836
3.167534,68,155,0.09495266,-0.115433,-0.2688926,0.264,0.03756803,0.4907284,21.1,0,0.7931018,100.95,0,0,0,0,0.8036783,0.7813229,0.9721836
3.16972,68,155,0.09495266,-0.115433,-0.2688926,0.264,0.03756803,0.4907284,21.1,0,0.7931018,100.95,0,0,0,0,0.8036783,0.7813229,0.9721836
3.172745,68,155,0.09495266,-0.115433,-0.2688926,0.264,0.03756803,0.4907284,21.1,0,0.7931018,100.95,0,0,0,0,0.8036783,0.7813229,0.9721836
3.175007,68,155,0.09495266,-0.115433,-0.2688926,0.264,0.03756803,0.4907284,21.1,0,0.7931018,100.95,0,0,0,0,0.8036783,0.7813229,0.9721836
3.177458,68,155,0.09495266,-0.115433,-0.2688926,0.264,0.03756803,0.4907284,21.1,0,0.7931018,100.95,0,0,0,0,0.8036783,0.7813229,0.9721836
3.179924,68,155,0.09495266,-0.115433,-0.2688926,0.264,0.03756803,0.4907284,21.1,0,0.7931018,100.95,0,0,0,0,0.8036783,0.7813229,0.9721836
3.182192,68,155,0.09495266,-0.115433,-0.2688926,0.264,0.03756803,0.4907284,21.1,0,0.7931018,100.95,0,0,0,0,0.8036783,0.7813229,0.9721836
3.184784,68,155,0.09495266,-0.115433,-0.2688926,0.264,0.03756803,0.4907284,21.1,0,0.7931018,100.95,0,0,0,0,0.8036783,0.7813229,0.9721836
3.187346,68,155,0.09495266,-0.115433,-0.2688926,0.264,0.03756803,0.4907284,21.1,0,0.7931018,100.95,0,0,0,0,0.8036783,0.7813229,0.9721836
3.190392,68,155,0.09495266,-0.115433,-0.2688926,0.264,0.03756803,0.4907284,21.1,0,0.7931018,100.95,0,0,0,0,0.8036783,0.7813229,0.9721836
3.192698,68,155,0.09495266,-0.115433,-0.2688926,0.264,0.03756803,0.4907284,21.1,0,0.7931018,100.95,0,0,0,0,0.8036783,0.7813229,0.9721836
3.195293,68,155,0.09495266,-0.115433,-0.2688926,0.264,0.03756803,0.4907284,21.1,0,0.7931018,100.95,0,0,0,0,0.8036783,0.7813229,0.9721836
3.19772,68,155,0.09495266,-0.115433,-0.2688926,0.264,0.03756803,0.4907284,21.1,0,0.7931018,100.95,0,0,0,0,0.8036783,0.7813229,0.9721836
3.199934,68,155,0.09495266,-0.115433,-0.2688926,0.264,0.03756803,0.4907284,21.1,0,0.7931018,100.95,0,0,0,0,0.8036783,0.7813229,0.9721836
3.202293,68,155,0.09495266,-0.115433,-0.2688926,0.264,0.03756803,0.4907284,21.1,0,0.7931018,100.95,0,0,0,0,0.8036783,0.7813229,0.9721836
3.205667,68,155,0.09495266,-0.115433,-0.2688926,0.264,0.03756803,0.4907284,21.1,0,0.7931018,100.95,0,0,0,0,0.8036783,0.7813229,0.9721836
3.208054,68,155,0.09495266,-0.115433,-0.2688926,0.264,0.03756803,0.4907284,21.1,0,0.7931018,100.95,0,0,0,0,0.8036783,0.7813229,0.9721836
3.212236,68,155,0.09495266,-0.115433,-0.2688926,0.264,0.03756803,0.4907284,21.1,0,0.7931018,100.95,0,0,0,0,0.8036783,0.7813229,0.9721836
3.21855,68,155,0.09495266,-0.115433,-0.2688926,0.264,0.04032252,0.4902692,20.9,0,0.7931983,101.05,-31.67877,0,0,0,0.8064708,0.7813229,0.9688174
3.221491,68,155,0.09495266,-0.115433,-0.2688926,0.264,0.04032252,0.4902692,20.9,0,0.7931983,101.05,0,0,0,0,0.8064708,0.7813229,0.9688174
3.224779,68,155,0.09495266,-0.115433,-0.2688926,0.264,0.04032252,0.4902692,20.9,0,0.7931983,101.05,0,0,0,0,0.8064708,0.7813229,0.9688174
3.227877,68,155,0.09495266,-0.115433,-0.2688926,0.264,0.04032252,0.4902692,20.9,0,0.7931983,101.05,0,0,0,0,0.8064708,0.7813229,0.9688174
3.23052,68,155,0.09495266,-0.115433,-0.2688926,0.264,0.04032252,0.4902692,20.9,0,0.7931983,101.05,0,0,0,0,0.8064708,0.7813229,0.9688174
3.233637,68,155,0.09495266,-0.115433,-0.2688926,0.264,0.04032252,0.4902692,20.9,0,0.7931983,101.05,0,0,0,0,0.8064708,0.7813229,0.9688174
3.238579,68,155,0.09495266,-0.115433,-0.2688926,0.264,0.04032252,0.4902692,20.9,0,0.7931983,101.05,0,0,0,0,0.8064708,0.7813229,0.9688174
3.241398,68,155,0.09495266,-0.115433,-0.2688926,0.264,0.04032252,0.4902692,20.9,0,0.7931983,101.05,0,0,0,0,0.8064708,0.7813229,0.9688174
3.244516,68,155,0.09495266,-0.115433,-0.2688926,0.264,0.04032252,0.4902692,20.9,0,0.7931983,101.05,0,0,0,0,0.8064708,0.7813229,0.9688174
3.247305,68,155,0.09495266,-0.115433,-0.2688926,0.264,0.04032252,0.4902692,20.9,0,0.7931983,101.05,0,0,0,0,0.8064708,0.7813229,0.9688174
3.249828,68,155,0.09495266,-0.115433,-0.2688926,0.264,0.04032252,0.4902692,20.9,0,0.7931983,101.05,0,0,0,0,0.8064708,0.7813229,0.9688174
3.252243,68,155,0.09495266,-0.115433,-0.2688926,0.264,0.04032252,0.4902692,20.9,0,0.7931983,101.05,0,0,0,0,0.8064708,0.7813229,0.9688174
3.256826,68,155,0.09495266,-0.115433,-0.2688926,0.264,0.04032252,0.4902692,20.9,0,0.7931983,101.05,0,0,0,0,0.8064708,0.7813229,0.9688174
3.264029,68,155,0.09495266,-0.115433,-0.2688926,0.264,0.04307545,0.4898005,20.7,0,0.7932951,101.15,-27.77106,0,0,0,0.8092633,0.7813229,0.9654742
3.267096,68,155,0.09495266,-0.115433,-0.2688926,0.264,0.04307545,0.4898005,20.7,0,0.7932951,101.15,0,0,0,0,0.8092633,0.7813229,0.9654742
3.26981,68,155,0.09495266,-0.115433,-0.2688926,0.264,0.04307545,0.4898005,20.7,0,0.7932951,101.15,0,0,0,0,0.8092633,0.7813229,0.9654742
3.272806,68,155,0.09495266,-0.115433,-0.2688926,0.264,0.04307545,0.4898005,20.7,0,0.7932951,101.15,0,0,0,0,0.8092633,0.7813229,0.9654742
3.275009,68,155,0.09495266,-0.115433,-0.2688926,0.264,0.04307545,0.4898005,20.7,0,0.7932951,101.15,0,0,0,0,0.8092633,0.7813229,0.9654742
3.279198,68,155,0.09495266,-0.115433,-0.2688926,0.264,0.04307545,0.4898005,20.7,0,0.7932951,101.15,0,0,0,0,0.8092633,0.7813229,0.9654742
3.288511,68,155,0.09495266,-0.115433,-0.2688926,0.264,0.04720172,0.4890792,20.4,0,0.7934408,101.3,-32.21004,0,0,0,0.8134522,0.7813229,0.9605026
3.295124,68,155,0.09495266,-0.115433,-0.2688926,0.264,0.04995044,0.4885864,20.2,0,0.7935384,101.4,-30.24557,0,0,0,0.8162447,0.7813229,0.9572165
3.29945,68,155,0.09495266,-0.115433,-0.2688926,0.264,0.04995044,0.4885864,20.2,0,0.7935384,101.4,0,0,0,0,0.8162447,0.7813229,0.9572165
3.30785,68,155,0.09495266,-0.115433,-0.2688926,0.264,0.05407012,0.4878293,19.9,0,0.7936853,101.55,-35.71825,0,0,0,0.8204334,0.7813229,0.9523295
3.314943,68,155,0.09495266,-0.115433,-0.2688926,0.264,0.05681447,0.4873125,19.7,0,0.7937836,101.65,-28.19188,0,0,0,0.823226,0.7813229,0.9490989
3.317287,68,155,0.09495266,-0.115433,-0.2688926,0.264,0.05681447,0.4873125,19.7,0,0.7937836,101.65,0,0,0,0,0.823226,0.7813229,0.9490989
3.321585,68,155,0.09495266,-0.115433,-0.2688926,0.264,0.05681447,0.4873125,19.7,0,0.7937836,101.65,0,0,0,0,0.823226,0.7813229,0.9490989
3.330626,68,155,0.09495266,-0.115433,-0.2688926,0.264,0.05955685,0.4867862,19.5,0,0.7938822,101.75,-22.12178,0,0,0,0.8260184,0.7813229,0.9458904
3.338678,68,155,0.09495266,-0.115433,-0.2688926,0.264,0.06366714,0.4859787,19.2,0,0.7940306,101.9,-37.25634,0,0,0,0.8302072,0.7813229,0.9411179
3.346802,68,155,0.09495266,-0.115433,-0.2688926,0.264,0.06640495,0.4854284,19,0,0.7941299,102,-24.61578,0,0,0,0.8329998,0.7813229,0.9379629
3.355406,68,155,0.09495266,-0.115433,-0.2688926,0.264,0.07324079,0.484011,18.5,0,0.7943795,102.25,-58.11386,0,0,0,0.839981,0.7813229,0.9301673
3.364191,68,155,0.09495266,-0.115433,-0.2688926,0.264,0.07597173,0.4834273,18.3,0,0.7944798,102.35,-22.76824,0,0,0,0.8427736,0.7813229,0.9270852
3.372946,68,155,0.09495266,-0.115433,-0.2688926,0.264,0.0827897,0.4819265,17.8,0,0.7947318,102.6,-57.11022,0,0,0,0.8497548,0.7813229,0.9194686
3.381491,68,155,0.09495266,-0.115433,-0.2688926,0.264,0.09367058,0.4794016,17,0,0.7951388,103,-93.61643,0,0,0,0.8609248,0.7813229,0.9075391
3.392111,68,155,0.09495266,-0.115433,-0.2688926,0.264,0.09638528,0.4787467,16.8,0,0.7952412,103.1,-18.8314,0,0,0,0.8637174,0.7813229,0.9046048
3.400526,68,155,0.09495266,-0.115433,-0.2688926,0.264,0.1031617,0.4770679,16.3,0,0.7954985,103.35,-59.42123,0,0,0,0.8706986,0.7813229,0.8973517
3.40827,68,155,0.09495266,-0.115433,-0.2688926,0.264,0.1058681,0.4763798,16.1,0,0.7956018,103.45,-25.82363,0,0,0,0.8734912,0.7813229,0.8944829
3.412758,68,155,0.09495266,-0.115433,-0.2688926,0.264,0.1058681,0.4763798,16.1,0,0.7956018,103.45,0,0,0,0,0.8734912,0.7813229,0.8944829
3.420744,68,155,0.09495266,-0.115433,-0.2688926,0.264,0.1099233,0.47533,15.8,0,0.7957574,103.6,-37.56905,0,0,0,0.87768,0.7813229,0.8902138
3.427425,68,155,0.09495266,-0.115433,-0.2688926,0.264,0.1126236,0.4746184,15.6,0,0.7958615,103.7,-29.93337,0,0,0,0.8804725,0.7813229,0.8873904
3.4296,68,155,0.09495266,-0.115433,-0.2688926,0.264,0.1126236,0.4746184,15.6,0,0.7958615,103.7,0,0,0,0,0.8804725,0.7813229,0.8873904
3.431763,68,155,0.09495266,-0.115433,-0.2688926,0.264,0.1126236,0.4746184,15.6,0,0.7958615,103.7,0,0,0,0,0.8804725,0.7813229,0.8873904
3.435688,68,155,0.09495266,-0.115433,-0.2688926,0.264,0.1126236,0.4746184,15.6,0,0.7958615,103.7,0,0,0,0,0.8804725,0.7813229,0.8873904
3.44294,68,155,0.09495266,-0.115433,-0.2688926,0.264,0.1153214,0.4738973,15.4,0,0.7959658,103.8,-27.58175,0,0,0,0.8832651,0.7813229,0.8845848
3.448797,68,155,0.09495266,-0.115433,-0.2688926,0.264,0.1153214,0.4738973,15.4,0,0.7959658,103.8,0,0,0,0,0.8832651,0.7813229,0.8845848
3.451094,68,155,0.09495266,-0.115433,-0.2688926,0.264,0.1153214,0.4738973,15.4,0,0.7959658,103.8,0,0,0,0,0.8832651,0.7813229,0.8845848
3.453831,68,155,0.09495266,-0.115433,-0.2688926,0.264,0.1153214,0.4738973,15.4,0,0.7959658,103.8,0,0,0,0,0.8832651,0.7813229,0.8845848
3.456793,68,155,0.09495266,-0.115433,-0.2688926,0.264,0.1153214,0.4738973,15.4,0,0.7959658,103.8,0,0,0,0,0.8832651,0.7813229,0.8845848
3.459026,68,155,0.09495266,-0.115433,-0.2688926,0.264,0.1153214,0.4738973,15.4,0,0.7959658,103.8,0,0,0,0,0.8832651,0.7813229,0.8845848
3.461308,68,155,0.09495266,-0.115433,-0.2688926,0.264,0.1153214,0.4738973,15.4,0,0.7959658,103.8,0,0,0,0,0.8832651,0.7813229,0.8845848
3.463999,68,155,0.09495266,-0.115433,-0.2688926,0.264,0.1153214,0.4738973,15.4,0,0.7959658,103.8,0,0,0,0,0.8832651,0.7813229,0.8845848
3.466265,68,155,0.09495266,-0.115433,-0.2688926,0.264,0.1153214,0.4738973,15.4,0,0.7959658,103.8,0,0,0,0,0.8832651,0.7813229,0.8845848
3.470436,68,155,0.09495266,-0.115433,-0.2688926,0.264,0.1153214,0.4738973,15.4,0,0.7959658,103.8,0,0,0,0,0.8832651,0.7813229,0.8845848
3.47703,68,155,0.09495266,-0.115433,-0.2688926,0.264,0.1193634,0.472798,15.1,0,0.7961227,103.95,-45.49648,0,0,0,0.8874539,0.7813229,0.8804096
3.481199,68,155,0.09495266,-0.115433,-0.2688926,0.264,0.1193634,0.472798,15.1,0,0.7961227,103.95,0,0,0,0,0.8874539,0.7813229,0.8804096
3.489693,68,155,0.09495266,-0.115433,-0.2688926,0.264,0.1220549,0.4720535,14.9,0,0.7962278,104.05,-23.54834,0,0,0,0.8902464,0.7813229,0.8776479
3.493118,68,155,0.09495266,-0.115433,-0.2688926,0.264,0.1220549,0.4720535,14.9,0,0.7962278,104.05,0,0,0,0,0.8902464,0.7813229,0.8776479
3.500481,68,155,0.09495266,-0.115433,-0.2688926,0.264,0.1220549,0.4720535,14.9,0,0.7962278,104.05,0,0,0,0,0.8902464,0.7813229,0.8776479
3.507174,68,155,0.09495266,-0.115433,-0.2688926,0.264,0.126087,0.470919,14.6,0,0.7963857,104.2,-44.82819,0,0,0,0.8944352,0.7813229,0.8735378
3.510672,68,155,0.09495266,-0.115433,-0.2688926,0.264,0.126087,0.470919,14.6,0,0.7963857,104.2,0,0,0,0,0.8944352,0.7813229,0.8735378
3.513123,68,155,0.09495266,-0.115433,-0.2688926,0.264,0.126087,0.470919,14.6,0,0.7963857,104.2,0,0,0,0,0.8944352,0.7813229,0.8735378
3.515905,68,155,0.09495266,-0.115433,-0.2688926,0.264,0.126087,0.470919,14.6,0,0.7963857,104.2,0,0,0,0,0.8944352,0.7813229,0.8735378
3.518257,68,155,0.09495266,-0.115433,-0.2688926,0.264,0.126087,0.470919,14.6,0,0.7963857,104.2,0,0,0,0,0.8944352,0.7813229,0.8735378
3.520821,68,155,0.09495266,-0.115433,-0.2688926,0.264,0.126087,0.470919,14.6,0,0.7963857,104.2,0,0,0,0,0.8944352,0.7813229,0.8735378
3.523758,68,155,0.09495266,-0.115433,-0.2688926,0.264,0.126087,0.470919,14.6,0,0.7963857,104.2,0,0,0,0,0.8944352,0.7813229,0.8735378
3.526119,68,155,0.09495266,-0.115433,-0.2688926,0.264,0.126087,0.470919,14.6,0,0.7963857,104.2,0,0,0,0,0.8944352,0.7813229,0.8735378
3.528496,68,155,0.09495266,-0.115433,-0.2688926,0.264,0.126087,0.470919,14.6,0,0.7963857,104.2,0,0,0,0,0.8944352,0.7813229,0.8735378
3.530891,68,155,0.09495266,-0.115433,-0.2688926,0.264,0.126087,0.470919,14.6,0,0.7963857,104.2,0,0,0,0,0.8944352,0.7813229,0.8735378
3.533257,68,155,0.09495266,-0.115433,-0.2688926,0.264,0.126087,0.470919,14.6,0,0.7963857,104.2,0,0,0,0,0.8944352,0.7813229,0.8735378
3.535553,68,155,0.09495266,-0.115433,-0.2688926,0.264,0.126087,0.470919,14.6,0,0.7963857,104.2,0,0,0,0,0.8944352,0.7813229,0.8735378
3.538189,68,155,0.09495266,-0.115433,-0.2688926,0.264,0.126087,0.470919,14.6,0,0.7963857,104.2,0,0,0,0,0.8944352,0.7813229,0.8735378
3.540773,68,155,0.09495266,-0.115433,-0.2688926,0.264,0.126087,0.470919,14.6,0,0.7963857,104.2,0,0,0,0,0.8944352,0.7813229,0.8735378
3.543589,68,155,0.09495266,-0.115433,-0.2688926,0.264,0.126087,0.470919,14.6,0,0.7963857,104.2,0,0,0,0,0.8944352,0.7813229,0.8735378
3.546185,68,155,0.09495266,-0.115433,-0.2688926,0.264,0.126087,0.470919,14.6,0,0.7963857,104.2,0,0,0,0,0.8944352,0.7813229,0.8735378
3.548752,68,155,0.09495266,-0.115433,-0.2688926,0.264,0.126087,0.470919,14.6,0,0.7963857,104.2,0,0,0,0,0.8944352,0.7813229,0.8735378
3.551031,68,155,0.09495266,-0.115433,-0.2688926,0.264,0.126087,0.470919,14.6,0,0.7963857,104.2,0,0,0,0,0.8944352,0.7813229,0.8735378
3.553371,68,155,0.09495266,-0.115433,-0.2688926,0.264,0.126087,0.470919,14.6,0,0.7963857,104.2,0,0,0,0,0.8944352,0.7813229,0.8735378
3.55616,68,155,0.09495266,-0.115433,-0.2688926,0.264,0.126087,0.470919,14.6,0,0.7963857,104.2,0,0,0,0,0.8944352,0.7813229,0.8735378
3.558567,68,155,0.09495266,-0.115433,-0.2688926,0.264,0.126087,0.470919,14.6,0,0.7963857,104.2,0,0,0,0,0.8944352,0.7813229,0.8735378
3.560963,68,155,0.09495266,-0.115433,-0.2688926,0.264,0.126087,0.470919,14.6,0,0.7963857,104.2,0,0,0,0,0.8944352,0.7813229,0.8735378
3.563852,68,155,0.09495266,-0.115433,-0.2688926,0.264,0.126087,0.470919,14.6,0,0.7963857,104.2,0,0,0,0,0.8944352,0.7813229,0.8735378
3.566099,68,155,0.09495266,-0.115433,-0.2688926,0.264,0.126087,0.470919,14.6,0,0.7963857,104.2,0,0,0,0,0.8944352,0.7813229,0.8735378
3.568253,68,155,0.09495266,-0.115433,-0.2688926,0.264,0.126087,0.470919,14.6,0,0.7963857,104.2,0,0,0,0,0.8944352,0.7813229,0.8735378
3.571096,68,155,0.09495266,-0.115433,-0.2688926,0.264,0.126087,0.470919,14.6,0,0.7963857,104.2,0,0,0,0,0.8944352,0.7813229,0.8735378
3.574089,68,155,0.09495266,-0.115433,-0.2688926,0.264,0.126087,0.470919,14.6,0,0.7963857,104.2,0,0,0,0,0.8944352,0.7813229,0.8735378
3.576651,68,155,0.09495266,-0.115433,-0.2688926,0.264,0.126087,0.470919,14.6,0,0.7963857,104.2,0,0,0,0,0.8944352,0.7813229,0.8735378
3.57939,68,155,0.09495266,-0.115433,-0.2688926,0.264,0.126087,0.470919,14.6,0,0.7963857,104.2,0,0,0,0,0.8944352,0.7813229,0.8735378
3.581772,68,155,0.09495266,-0.115433,-0.2688926,0.264,0.126087,0.470919,14.6,0,0.7963857,104.2,0,0,0,0,0.8944352,0.7813229,0.8735378
3.584478,68,155,0.09495266,-0.115433,-0.2688926,0.264,0.126087,0.470919,14.6,0,0.7963857,104.2,0,0,0,0,0.8944352,0.7813229,0.8735378
3.587179,68,155,0.09495266,-0.115433,-0.2688926,0.264,0.126087,0.470919,14.6,0,0.7963857,104.2,0,0,0,0,0.8944352,0.7813229,0.8735378
3.589876,68,155,0.09495266,-0.115433,-0.2688926,0.264,0.126087,0.470919,14.6,0,0.7963857,104.2,0,0,0,0,0.8944352,0.7813229,0.8735378
3.592222,68,155,0.09495266,-0.115433,-0.2688926,0.264,0.126087,0.470919,14.6,0,0.7963857,104.2,0,0,0,0,0.8944352,0.7813229,0.8735378
3.595201,68,155,0.09495266,-0.115433,-0.2688926,0.264,0.126087,0.470919,14.6,0,0.7963857,104.2,0,0,0,0,0.8944352,0.7813229,0.8735378
3.6005,68,155,0.09495266,-0.115433,-0.2688926,0.264,0.126087,0.470919,14.6,0,0.7963857,104.2,0,0,0,0,0.8944352,0.7813229,0.8735378
3.602921,68,155,0.09495266,-0.115433,-0.2688926,0.264,0.126087,0.470919,14.6,0,0.7963857,104.2,0,0,0,0,0.8944352,0.7813229,0.8735378
3.605982,68,155,0.09495266,-0.115433,-0.2688926,0.264,0.126087,0.470919,14.6,0,0.7963857,104.2,0,0,0,0,0.8944352,0.7813229,0.8735378
3.608435,68,155,0.09495266,-0.115433,-0.2688926,0.264,0.126087,0.470919,14.6,0,0.7963857,104.2,0,0,0,0,0.8944352,0.7813229,0.8735378
3.61142,68,155,0.09495266,-0.115433,-0.2688926,0.264,0.126087,0.470919,14.6,0,0.7963857,104.2,0,0,0,0,0.8944352,0.7813229,0.8735378
3.613708,68,155,0.09495266,-0.115433,-0.2688926,0.264,0.126087,0.470919,14.6,0,0.7963857,104.2,0,0,0,0,0.8944352,0.7813229,0.8735378
3.615995,68,155,0.09495266,-0.115433,-0.2688926,0.264,0.126087,0.470919,14.6,0,0.7963857,104.2,0,0,0,0,0.8944352,0.7813229,0.8735378
3.618534,68,155,0.09495266,-0.115433,-0.2688926,0.264,0.126087,0.470919,14.6,0,0.7963857,104.2,0,0,0,0,0.8944352,0.7813229,0.8735378
3.621447,68,155,0.09495266,-0.115433,-0.2688926,0.264,0.126087,0.470919,14.6,0,0.7963857,104.2,0,0,0,0,0.8944352,0.7813229,0.8735378
3.624668,68,155,0.09495266,-0.115433,-0.2688926,0.264,0.126087,0.470919,14.6,0,0.7963857,104.2,0,0,0,0,0.8944352,0.7813229,0.8735378
3.627428,68,155,0.09495266,-0.115433,-0.2688926,0.264,0.126087,0.470919,14.6,0,0.7963857,104.2,0,0,0,0,0.8944352,0.7813229,0.8735378
3.629883,68,155,0.09495266,-0.115433,-0.2688926,0.264,0.126087,0.470919,14.6,0,0.7963857,104.2,0,0,0,0,0.8944352,0.7813229,0.8735378
3.632479,68,155,0.09495266,-0.115433,-0.2688926,0.264,0.126087,0.470919,14.6,0,0.7963857,104.2,0,0,0,0,0.8944352,0.7813229,0.8735378
3.634819,68,155,0.09495266,-0.115433,-0.2688926,0.264,0.126087,0.470919,14.6,0,0.7963857,104.2,0,0,0,0,0.8944352,0.7813229,0.8735378
3.637457,68,155,0.09495266,-0.115433,-0.2688926,0.264,0.126087,0.470919,14.6,0,0.7963857,104.2,0,0,0,0,0.8944352,0.7813229,0.8735378
3.640493,68,155,0.09495266,-0.115433,-0.2688926,0.264,0.126087,0.470919,14.6,0,0.7963857,104.2,0,0,0,0,0.8944352,0.7813229,0.8735378
3.642803,68,155,0.09495266,-0.115433,-0.2688926,0.264,0.126087,0.470919,14.6,0,0.7963857,104.2,0,0,0,0,0.8944352,0.7813229,0.8735378
3.64572,68,155,0.09495266,-0.115433,-0.2688926,0.264,0.126087,0.470919,14.6,0,0.7963857,104.2,0,0,0,0,0.8944352,0.7813229,0.8735378
3.648083,68,155,0.09495266,-0.115433,-0.2688926,0.264,0.126087,0.470919,14.6,0,0.7963857,104.2,0,0,0,0,0.8944352,0.7813229,0.8735378
3.650379,68,155,0.09495266,-0.115433,-0.2688926,0.264,0.126087,0.470919,14.6,0,0.7963857,104.2,0,0,0,0,0.8944352,0.7813229,0.8735378
3.652769,68,155,0.09495266,-0.115433,-0.2688926,0.264,0.126087,0.470919,14.6,0,0.7963857,104.2,0,0,0,0,0.8944352,0.7813229,0.8735378
3.656429,68,155,0.09495266,-0.115433,-0.2688926,0.264,0.126087,0.470919,14.6,0,0.7963857,104.2,0,0,0,0,0.8944352,0.7813229,0.8735378
3.658813,68,155,0.09495266,-0.115433,-0.2688926,0.264,0.126087,0.470919,14.6,0,0.7963857,104.2,0,0,0,0,0.8944352,0.7813229,0.8735378
3.661346,68,155,0.09495266,-0.115433,-0.2688926,0.264,0.126087,0.470919,14.6,0,0.7963857,104.2,0,0,0,0,0.8944352,0.7813229,0.8735378
3.664185,68,155,0.09495266,-0.115433,-0.2688926,0.264,0.126087,0.470919,14.6,0,0.7963857,104.2,0,0,0,0,0.8944352,0.7813229,0.8735378
3.666403,68,155,0.09495266,-0.115433,-0.2688926,0.264,0.126087,0.470919,14.6,0,0.7963857,104.2,0,0,0,0,0.8944352,0.7813229,0.8735378
3.668524,68,155,0.09495266,-0.115433,-0.2688926,0.264,0.126087,0.470919,14.6,0,0.7963857,104.2,0,0,0,0,0.8944352,0.7813229,0.8735378
3.671452,68,155,0.09495266,-0.115433,-0.2688926,0.264,0.126087,0.470919,14.6,0,0.7963857,104.2,0,0,0,0,0.8944352,0.7813229,0.8735378
3.673735,68,155,0.09495266,-0.115433,-0.2688926,0.264,0.126087,0.470919,14.6,0,0.7963857,104.2,0,0,0,0,0.8944352,0.7813229,0.8735378
3.676031,68,155,0.09495266,-0.115433,-0.2688926,0.264,0.126087,0.470919,14.6,0,0.7963857,104.2,0,0,0,0,0.8944352,0.7813229,0.8735378
3.678118,68,155,0.09495266,-0.115433,-0.2688926,0.264,0.126087,0.470919,14.6,0,0.7963857,104.2,0,0,0,0,0.8944352,0.7813229,0.8735378
3.680347,68,155,0.09495266,-0.115433,-0.2688926,0.264,0.126087,0.470919,14.6,0,0.7963857,104.2,0,0,0,0,0.8944352,0.7813229,0.8735378
3.682531,68,155,0.09495266,-0.115433,-0.2688926,0.264,0.126087,0.470919,14.6,0,0.7963857,104.2,0,0,0,0,0.8944352,0.7813229,0.8735378
3.685213,68,155,0.09495266,-0.115433,-0.2688926,0.264,0.126087,0.470919,14.6,0,0.7963857,104.2,0,0,0,0,0.8944352,0.7813229,0.8735378
3.68804,68,155,0.09495266,-0.115433,-0.2688926,0.264,0.126087,0.470919,14.6,0,0.7963857,104.2,0,0,0,0,0.8944352,0.7813229,0.8735378
3.690472,68,155,0.09495266,-0.115433,-0.2688926,0.264,0.126087,0.470919,14.6,0,0.7963857,104.2,0,0,0,0,0.8944352,0.7813229,0.8735378
3.692657,68,155,0.09495266,-0.115433,-0.2688926,0.264,0.126087,0.470919,14.6,0,0.7963857,104.2,0,0,0,0,0.8944352,0.7813229,0.8735378
3.694798,68,155,0.09495266,-0.115433,-0.2688926,0.264,0.126087,0.470919,14.6,0,0.7963857,104.2,0,0,0,0,0.8944352,0.7813229,0.8735378
3.697172,68,155,0.09495266,-0.115433,-0.2688926,0.264,0.126087,0.470919,14.6,0,0.7963857,104.2,0,0,0,0,0.8944352,0.7813229,0.8735378
3.699545,68,155,0.09495266,-0.115433,-0.2688926,0.264,0.126087,0.470919,14.6,0,0.7963857,104.2,0,0,0,0,0.8944352,0.7813229,0.8735378
3.703728,68,155,0.09495266,-0.115433,-0.2688926,0.264,0.126087,0.470919,14.6,0,0.7963857,104.2,0,0,0,0,0.8944352,0.7813229,0.8735378
3.707253,68,155,0.09495266,-0.115433,-0.2688926,0.264,0.126087,0.470919,14.6,0,0.7963857,104.2,0,0,0,0,0.8944352,0.7813229,0.8735378
3.709707,68,155,0.09495266,-0.115433,-0.2688926,0.264,0.126087,0.470919,14.6,0,0.7963857,104.2,0,0,0,0,0.8944352,0.7813229,0.8735378
3.711918,68,155,0.09495266,-0.115433,-0.2688926,0.264,0.126087,0.470919,14.6,0,0.7963857,104.2,0,0,0,0,0.8944352,0.7813229,0.8735378
3.714552,68,155,0.09495266,-0.115433,-0.2688926,0.264,0.126087,0.470919,14.6,0,0.7963857,104.2,0,0,0,0,0.8944352,0.7813229,0.8735378
3.716806,68,155,0.09495266,-0.115433,-0.2688926,0.264,0.126087,0.470919,14.6,0,0.7963857,104.2,0,0,0,0,0.8944352,0.7813229,0.8735378
3.719204,68,155,0.09495266,-0.115433,-0.2688926,0.264,0.126087,0.470919,14.6,0,0.7963857,104.2,0,0,0,0,0.8944352,0.7813229,0.8735378
3.722015,68,155,0.09495266,-0.115433,-0.2688926,0.264,0.126087,0.470919,14.6,0,0.7963857,104.2,0,0,0,0,0.8944352,0.7813229,0.8735378
3.724703,68,155,0.09495266,-0.115433,-0.2688926,0.264,0.126087,0.470919,14.6,0,0.7963857,104.2,0,0,0,0,0.8944352,0.7813229,0.8735378
3.726931,68,155,0.09495266,-0.115433,-0.2688926,0.264,0.126087,0.470919,14.6,0,0.7963857,104.2,0,0,0,0,0.8944352,0.7813229,0.8735378
3.729151,68,155,0.09495266,-0.115433,-0.2688926,0.264,0.126087,0.470919,14.6,0,0.7963857,104.2,0,0,0,0,0.8944352,0.7813229,0.8735378
3.731527,68,155,0.09495266,-0.115433,-0.2688926,0.264,0.126087,0.470919,14.6,0,0.7963857,104.2,0,0,0,0,0.8944352,0.7813229,0.8735378
3.733931,68,155,0.09495266,-0.115433,-0.2688926,0.264,0.126087,0.470919,14.6,0,0.7963857,104.2,0,0,0,0,0.8944352,0.7813229,0.8735378
3.743319,68,155,0.09495266,-0.115433,-0.2688926,0.264,0.126087,0.470919,14.6,0,0.7963857,104.2,0,0,0,0,0.8944352,0.7813229,0.8735378
3.752958,68,155,0.09495266,-0.115433,-0.2688926,0.264,0.126087,0.470919,14.6,0,0.7963857,104.2,0,0,0,0,0.8944352,0.7813229,0.8735378
3.756584,68,155,0.09495266,-0.115433,-0.2688926,0.264,0.126087,0.470919,14.6,0,0.7963857,104.2,0,0,0,0,0.8944352,0.7813229,0.8735378
3.759483,68,155,0.09495266,-0.115433,-0.2688926,0.264,0.126087,0.470919,14.6,0,0.7963857,104.2,0,0,0,0,0.8944352,0.7813229,0.8735378
3.762131,68,155,0.09495266,-0.115433,-0.2688926,0.264,0.126087,0.470919,14.6,0,0.7963857,104.2,0,0,0,0,0.8944352,0.7813229,0.8735378
3.765133,68,155,0.09495266,-0.115433,-0.2688926,0.264,0.126087,0.470919,14.6,0,0.7963857,104.2,0,0,0,0,0.8944352,0.7813229,0.8735378
3.76782,68,155,0.09495266,-0.115433,-0.2688926,0.264,0.126087,0.470919,14.6,0,0.7963857,104.2,0,0,0,0,0.8944352,0.7813229,0.8735378
3.77033,68,155,0.09495266,-0.115433,-0.2688926,0.264,0.126087,0.470919,14.6,0,0.7963857,104.2,0,0,0,0,0.8944352,0.7813229,0.8735378
3.772953,68,155,0.09495266,-0.115433,-0.2688926,0.264,0.126087,0.470919,14.6,0,0.7963857,104.2,0,0,0,0,0.8944352,0.7813229,0.8735378
3.775326,68,155,0.09495266,-0.115433,-0.2688926,0.264,0.126087,0.470919,14.6,0,0.7963857,104.2,0,0,0,0,0.8944352,0.7813229,0.8735378
3.777689,68,155,0.09495266,-0.115433,-0.2688926,0.264,0.126087,0.470919,14.6,0,0.7963857,104.2,0,0,0,0,0.8944352,0.7813229,0.8735378
3.779942,68,155,0.09495266,-0.115433,-0.2688926,0.264,0.126087,0.470919,14.6,0,0.7963857,104.2,0,0,0,0,0.8944352,0.7813229,0.8735378
3.78237,68,155,0.09495266,-0.115433,-0.2688926,0.264,0.126087,0.470919,14.6,0,0.7963857,104.2,0,0,0,0,0.8944352,0.7813229,0.8735378
3.785234,68,155,0.09495266,-0.115433,-0.2688926,0.264,0.126087,0.470919,14.6,0,0.7963857,104.2,0,0,0,0,0.8944352,0.7813229,0.8735378
3.787676,68,155,0.09495266,-0.115433,-0.2688926,0.264,0.126087,0.470919,14.6,0,0.7963857,104.2,0,0,0,0,0.8944352,0.7813229,0.8735378
3.790184,68,155,0.09495266,-0.115433,-0.2688926,0.264,0.126087,0.470919,14.6,0,0.7963857,104.2,0,0,0,0,0.8944352,0.7813229,0.8735378
3.792402,68,155,0.09495266,-0.115433,-0.2688926,0.264,0.126087,0.470919,14.6,0,0.7963857,104.2,0,0,0,0,0.8944352,0.7813229,0.8735378
3.794773,68,155,0.09495266,-0.115433,-0.2688926,0.264,0.126087,0.470919,14.6,0,0.7963857,104.2,0,0,0,0,0.8944352,0.7813229,0.8735378
3.797083,68,155,0.09495266,-0.115433,-0.2688926,0.264,0.126087,0.470919,14.6,0,0.7963857,104.2,0,0,0,0,0.8944352,0.7813229,0.8735378
3.79936,68,155,0.09495266,-0.115433,-0.2688926,0.264,0.126087,0.470919,14.6,0,0.7963857,104.2,0,0,0,0,0.8944352,0.7813229,0.8735378
3.801649,68,155,0.09495266,-0.115433,-0.2688926,0.264,0.126087,0.470919,14.6,0,0.7963857,104.2,0,0,0,0,0.8944352,0.7813229,0.8735378
3.805164,68,155,0.09495266,-0.115433,-0.2688926,0.264,0.126087,0.470919,14.6,0,0.7963857,104.2,0,0,0,0,0.8944352,0.7813229,0.8735378
3.807734,68,155,0.09495266,-0.115433,-0.2688926,0.264,0.126087,0.470919,14.6,0,0.7963857,104.2,0,0,0,0,0.8944352,0.7813229,0.8735378
3.810093,68,155,0.09495266,-0.115433,-0.2688926,0.264,0.126087,0.470919,14.6,0,0.7963857,104.2,0,0,0,0,0.8944352,0.7813229,0.8735378
3.812449,68,155,0.09495266,-0.115433,-0.2688926,0.264,0.126087,0.470919,14.6,0,0.7963857,104.2,0,0,0,0,0.8944352,0.7813229,0.8735378
3.815203,68,155,0.09495266,-0.115433,-0.2688926,0.264,0.126087,0.470919,14.6,0,0.7963857,104.2,0,0,0,0,0.8944352,0.7813229,0.8735378
3.81744,68,155,0.09495266,-0.115433,-0.2688926,0.264,0.126087,0.470919,14.6,0,0.7963857,104.2,0,0,0,0,0.8944352,0.7813229,0.8735378
3.819805,68,155,0.09495266,-0.115433,-0.2688926,0.264,0.126087,0.470919,14.6,0,0.7963857,104.2,0,0,0,0,0.8944352,0.7813229,0.8735378
3.823618,68,155,0.09495266,-0.115433,-0.2688926,0.264,0.126087,0.470919,14.6,0,0.7963857,104.2,0,0,0,0,0.8944352,0.7813229,0.8735378
3.826374,68,155,0.09495266,-0.115433,-0.2688926,0.264,0.126087,0.470919,14.6,0,0.7963857,104.2,0,0,0,0,0.8944352,0.7813229,0.8735378
3.828722,68,155,0.09495266,-0.115433,-0.2688926,0.264,0.126087,0.470919,14.6,0,0.7963857,104.2,0,0,0,0,0.8944352,0.7813229,0.8735378
3.831516,68,155,0.09495266,-0.115433,-0.2688926,0.264,0.126087,0.470919,14.6,0,0.7963857,104.2,0,0,0,0,0.8944352,0.7813229,0.8735378
3.833963,68,155,0.09495266,-0.115433,-0.2688926,0.264,0.126087,0.470919,14.6,0,0.7963857,104.2,0,0,0,0,0.8944352,0.7813229,0.8735378
3.836128,68,155,0.09495266,-0.115433,-0.2688926,0.264,0.126087,0.470919,14.6,0,0.7963857,104.2,0,0,0,0,0.8944352,0.7813229,0.8735378
3.838806,68,155,0.09495266,-0.115433,-0.2688926,0.264,0.126087,0.470919,14.6,0,0.7963857,104.2,0,0,0,0,0.8944352,0.7813229,0.8735378
3.841183,68,155,0.09495266,-0.115433,-0.2688926,0.264,0.126087,0.470919,14.6,0,0.7963857,104.2,0,0,0,0,0.8944352,0.7813229,0.8735378
3.843945,68,155,0.09495266,-0.115433,-0.2688926,0.264,0.126087,0.470919,14.6,0,0.7963857,104.2,0,0,0,0,0.8944352,0.7813229,0.8735378
3.846279,68,155,0.09495266,-0.115433,-0.2688926,0.264,0.126087,0.470919,14.6,0,0.7963857,104.2,0,0,0,0,0.8944352,0.7813229,0.8735378
3.849499,68,155,0.09495266,-0.115433,-0.2688926,0.264,0.126087,0.470919,14.6,0,0.7963857,104.2,0,0,0,0,0.8944352,0.7813229,0.8735378
3.852692,68,155,0.09495266,-0.115433,-0.2688926,0.264,0.126087,0.470919,14.6,0,0.7963857,104.2,0,0,0,0,0.8944352,0.7813229,0.8735378
3.856171,68,155,0.09495266,-0.115433,-0.2688926,0.264,0.126087,0.470919,14.6,0,0.7963857,104.2,0,0,0,0,0.8944352,0.7813229,0.8735378
3.859398,68,155,0.09495266,-0.115433,-0.2688926,0.264,0.126087,0.470919,14.6,0,0.7963857,104.2,0,0,0,0,0.8944352,0.7813229,0.8735378
3.862604,68,155,0.09495266,-0.115433,-0.2688926,0.264,0.126087,0.470919,14.6,0,0.7963857,104.2,0,0,0,0,0.8944352,0.7813229,0.8735378
3.866364,68,155,0.09495266,-0.115433,-0.2688926,0.264,0.126087,0.470919,14.6,0,0.7963857,104.2,0,0,0,0,0.8944352,0.7813229,0.8735378
3.86977,68,155,0.09495266,-0.115433,-0.2688926,0.264,0.126087,0.470919,14.6,0,0.7963857,104.2,0,0,0,0,0.8944352,0.7813229,0.8735378
3.87336,68,155,0.09495266,-0.115433,-0.2688926,0.264,0.126087,0.470919,14.6,0,0.7963857,104.2,0,0,0,0,0.8944352,0.7813229,0.8735378
3.877003,68,155,0.09495266,-0.115433,-0.2688926,0.264,0.126087,0.470919,14.6,0,0.7963857,104.2,0,0,0,0,0.8944352,0.7813229,0.8735378
3.880318,68,155,0.09495266,-0.115433,-0.2688926,0.264,0.126087,0.470919,14.6,0,0.7963857,104.2,0,0,0,0,0.8944352,0.7813229,0.8735378
3.884279,68,155,0.09495266,-0.115433,-0.2688926,0.264,0.126087,0.470919,14.6,0,0.7963857,104.2,0,0,0,0,0.8944352,0.7813229,0.8735378
3.888533,68,155,0.09495266,-0.115433,-0.2688926,0.264,0.126087,0.470919,14.6,0,0.7963857,104.2,0,0,0,0,0.8944352,0.7813229,0.8735378
3.893061,68,155,0.09495266,-0.115433,-0.2688926,0.264,0.126087,0.470919,14.6,0,0.7963857,104.2,0,0,0,0,0.8944352,0.7813229,0.8735378
3.896938,68,155,0.09495266,-0.115433,-0.2688926,0.264,0.126087,0.470919,14.6,0,0.7963857,104.2,0,0,0,0,0.8944352,0.7813229,0.8735378
3.902496,68,155,0.09495266,-0.115433,-0.2688926,0.264,0.126087,0.470919,14.6,0,0.7963857,104.2,0,0,0,0,0.8944352,0.7813229,0.8735378
3.914837,68,155,0.09495266,-0.115433,-0.2688926,0.264,0.1220549,0.4720535,14.9,0,0.7962278,104.05,24.30836,0,0,0,0.8986239,0.7813229,0.8694659
3.926264,68,155,0.09495266,-0.115433,-0.2688926,0.264,0.1193634,0.472798,15.1,0,0.7961227,103.95,17.50401,0,0,0,0.9014165,0.7813229,0.8667724
3.932043,68,155,0.09495266,-0.115433,-0.2688926,0.264,0.1193634,0.472798,15.1,0,0.7961227,103.95,0,0,0,0,0.9014165,0.7813229,0.8667724
3.941507,68,155,0.09495266,-0.115433,-0.2688926,0.264,0.1153214,0.4738973,15.4,0,0.7959658,103.8,31.70066,0,0,0,0.9056053,0.7813229,0.8627632
3.944904,68,155,0.09495266,-0.115433,-0.2688926,0.264,0.1153214,0.4738973,15.4,0,0.7959658,103.8,0,0,0,0,0.9056053,0.7813229,0.8627632
3.947662,68,155,0.09495266,-0.115433,-0.2688926,0.264,0.1153214,0.4738973,15.4,0,0.7959658,103.8,0,0,0,0,0.9056053,0.7813229,0.8627632
3.950705,68,155,0.09495266,-0.115433,-0.2688926,0.264,0.1153214,0.4738973,15.4,0,0.7959658,103.8,0,0,0,0,0.9056053,0.7813229,0.8627632
3.953863,68,155,0.09495266,-0.115433,-0.2688926,0.264,0.1153214,0.4738973,15.4,0,0.7959658,103.8,0,0,0,0,0.9056053,0.7813229,0.8627632
3.957121,68,155,0.09495266,-0.115433,-0.2688926,0.264,0.1153214,0.4738973,15.4,0,0.7959658,103.8,0,0,0,0,0.9056053,0.7813229,0.8627632
3.960562,68,155,0.09495266,-0.115433,-0.2688926,0.264,0.1153214,0.4738973,15.4,0,0.7959658,103.8,0,0,0,0,0.9056053,0.7813229,0.8627632
3.963646,68,155,0.09495266,-0.115433,-0.2688926,0.264,0.1153214,0.4738973,15.4,0,0.7959658,103.8,0,0,0,0,0.9056053,0.7813229,0.8627632
3.96735,68,155,0.09495266,-0.115433,-0.2688926,0.264,0.1153214,0.4738973,15.4,0,0.7959658,103.8,0,0,0,0,0.9056053,0.7813229,0.8627632
3.970505,68,155,0.09495266,-0.115433,-0.2688926,0.264,0.1153214,0.4738973,15.4,0,0.7959658,103.8,0,0,0,0,0.9056053,0.7813229,0.8627632
3.973881,68,155,0.09495266,-0.115433,-0.2688926,0.264,0.1153214,0.4738973,15.4,0,0.7959658,103.8,0,0,0,0,0.9056053,0.7813229,0.8627632
3.976503,68,155,0.09495266,-0.115433,-0.2688926,0.264,0.1153214,0.4738973,15.4,0,0.7959658,103.8,0,0,0,0,0.9056053,0.7813229,0.8627632
3.978828,68,155,0.09495266,-0.115433,-0.2688926,0.264,0.1153214,0.4738973,15.4,0,0.7959658,103.8,0,0,0,0,0.9056053,0.7813229,0.8627632
3.981087,68,155,0.09495266,-0.115433,-0.2688926,0.264,0.1153214,0.4738973,15.4,0,0.7959658,103.8,0,0,0,0,0.9056053,0.7813229,0.8627632
3.984255,68,155,0.09495266,-0.115433,-0.2688926,0.264,0.1153214,0.4738973,15.4,0,0.7959658,103.8,0,0,0,0,0.9056053,0.7813229,0.8627632
3.987865,68,155,0.09495266,-0.115433,-0.2688926,0.264,0.1153214,0.4738973,15.4,0,0.7959658,103.8,0,0,0,0,0.9056053,0.7813229,0.8627632
3.99058,68,155,0.09495266,-0.115433,-0.2688926,0.264,0.1153214,0.4738973,15.4,0,0.7959658,103.8,0,0,0,0,0.9056053,0.7813229,0.8627632
3.992765,68,155,0.09495266,-0.115433,-0.2688926,0.264,0.1153214,0.4738973,15.4,0,0.7959658,103.8,0,0,0,0,0.9056053,0.7813229,0.8627632
3.994898,68,155,0.09495266,-0.115433,-0.2688926,0.264,0.1153214,0.4738973,15.4,0,0.7959658,103.8,0,0,0,0,0.9056053,0.7813229,0.8627632
3.997068,68,155,0.09495266,-0.115433,-0.2688926,0.264,0.1153214,0.4738973,15.4,0,0.7959658,103.8,0,0,0,0,0.9056053,0.7813229,0.8627632
3.999399,68,155,0.09495266,-0.115433,-0.2688926,0.264,0.1153214,0.4738973,15.4,0,0.7959658,103.8,0,0,0,0,0.9056053,0.7813229,0.8627632
4.001818,68,155,0.09495266,-0.115433,-0.2688926,0.264,0.1153214,0.4738973,15.4,0,0.7959658,103.8,0,0,0,0,0.9056053,0.7813229,0.8627632
4.005077,68,155,0.09495266,-0.115433,-0.2688926,0.264,0.1153214,0.4738973,15.4,0,0.7959658,103.8,0,0,0,0,0.9056053,0.7813229,0.8627632
4.007603,68,155,0.09495266,-0.115433,-0.2688926,0.264,0.1153214,0.4738973,15.4,0,0.7959658,103.8,0,0,0,0,0.9056053,0.7813229,0.8627632
4.009836,68,155,0.09495266,-0.115433,-0.2688926,0.264,0.1153214,0.4738973,15.4,0,0.7959658,103.8,0,0,0,0,0.9056053,0.7813229,0.8627632
4.012249,68,155,0.09495266,-0.115433,-0.2688926,0.264,0.1153214,0.4738973,15.4,0,0.7959658,103.8,0,0,0,0,0.9056053,0.7813229,0.8627632
4.014469,68,155,0.09495266,-0.115433,-0.2688926,0.264,0.1153214,0.4738973,15.4,0,0.7959658,103.8,0,0,0,0,0.9056053,0.7813229,0.8627632
4.016766,68,155,0.09495266,-0.115433,-0.2688926,0.264,0.1153214,0.4738973,15.4,0,0.7959658,103.8,0,0,0,0,0.9056053,0.7813229,0.8627632
4.018793,68,155,0.09495266,-0.115433,-0.2688926,0.264,0.1153214,0.4738973,15.4,0,0.7959658,103.8,0,0,0,0,0.9056053,0.7813229,0.8627632
4.021221,68,155,0.09495266,-0.115433,-0.2688926,0.264,0.1153214,0.4738973,15.4,0,0.7959658,103.8,0,0,0,0,0.9056053,0.7813229,0.8627632
4.023714,68,155,0.09495266,-0.115433,-0.2688926,0.264,0.1153214,0.4738973,15.4,0,0.7959658,103.8,0,0,0,0,0.9056053,0.7813229,0.8627632
4.025856,68,155,0.09495266,-0.115433,-0.2688926,0.264,0.1153214,0.4738973,15.4,0,0.7959658,103.8,0,0,0,0,0.9056053,0.7813229,0.8627632
4.028008,68,155,0.09495266,-0.115433,-0.2688926,0.264,0.1153214,0.4738973,15.4,0,0.7959658,103.8,0,0,0,0,0.9056053,0.7813229,0.8627632
4.030106,68,155,0.09495266,-0.115433,-0.2688926,0.264,0.1153214,0.4738973,15.4,0,0.7959658,103.8,0,0,0,0,0.9056053,0.7813229,0.8627632
4.032427,68,155,0.09495266,-0.115433,-0.2688926,0.264,0.1153214,0.4738973,15.4,0,0.7959658,103.8,0,0,0,0,0.9056053,0.7813229,0.8627632
4.034929,68,155,0.09495266,-0.115433,-0.2688926,0.264,0.1153214,0.4738973,15.4,0,0.7959658,103.8,0,0,0,0,0.9056053,0.7813229,0.8627632
4.037178,68,155,0.09495266,-0.115433,-0.2688926,0.264,0.1153214,0.4738973,15.4,0,0.7959658,103.8,0,0,0,0,0.9056053,0.7813229,0.8627632
4.039398,68,155,0.09495266,-0.115433,-0.2688926,0.264,0.1153214,0.4738973,15.4,0,0.7959658,103.8,0,0,0,0,0.9056053,0.7813229,0.8627632
4.041618,68,155,0.09495266,-0.115433,-0.2688926,0.264,0.1153214,0.4738973,15.4,0,0.7959658,103.8,0,0,0,0,0.9056053,0.7813229,0.8627632
4.044237,68,155,0.09495266,-0.115433,-0.2688926,0.264,0.1153214,0.4738973,15.4,0,0.7959658,103.8,0,0,0,0,0.9056053,0.7813229,0.8627632
4.046736,68,155,0.09495266,-0.115433,-0.2688926,0.264,0.1153214,0.4738973,15.4,0,0.7959658,103.8,0,0,0,0,0.9056053,0.7813229,0.8627632
4.049677,68,155,0.09495266,-0.115433,-0.2688926,0.264,0.1153214,0.4738973,15.4,0,0.7959658,103.8,0,0,0,0,0.9056053,0.7813229,0.8627632
4.055773,68,155,0.09495266,-0.115433,-0.2688926,0.264,0.1153214,0.4738973,15.4,0,0.7959658,103.8,0,0,0,0,0.9056053,0.7813229,0.8627632
4.058054,68,155,0.09495266,-0.115433,-0.2688926,0.264,0.1153214,0.4738973,15.4,0,0.7959658,103.8,0,0,0,0,0.9056053,0.7813229,0.8627632
4.060152,68,155,0.09495266,-0.115433,-0.2688926,0.264,0.1153214,0.4738973,15.4,0,0.7959658,103.8,0,0,0,0,0.9056053,0.7813229,0.8627632
4.062351,68,155,0.09495266,-0.115433,-0.2688926,0.264,0.1153214,0.4738973,15.4,0,0.7959658,103.8,0,0,0,0,0.9056053,0.7813229,0.8627632
4.065165,68,155,0.09495266,-0.115433,-0.2688926,0.264,0.1153214,0.4738973,15.4,0,0.7959658,103.8,0,0,0,0,0.9056053,0.7813229,0.8627632
4.067455,68,155,0.09495266,-0.115433,-0.2688926,0.264,0.1153214,0.4738973,15.4,0,0.7959658,103.8,0,0,0,0,0.9056053,0.7813229,0.8627632
4.069706,68,155,0.09495266,-0.115433,-0.2688926,0.264,0.1153214,0.4738973,15.4,0,0.7959658,103.8,0,0,0,0,0.9056053,0.7813229,0.8627632
4.072872,68,155,0.09495266,-0.115433,-0.2688926,0.264,0.1153214,0.4738973,15.4,0,0.7959658,103.8,0,0,0,0,0.9056053,0.7813229,0.8627632
4.075272,68,155,0.09495266,-0.115433,-0.2688926,0.264,0.1153214,0.4738973,15.4,0,0.7959658,103.8,0,0,0,0,0.9056053,0.7813229,0.8627632
4.077471,68,155,0.09495266,-0.115433,-0.2688926,0.264,0.1153214,0.4738973,15.4,0,0.7959658,103.8,0,0,0,0,0.9056053,0.7813229,0.8627632
4.080118,68,155,0.09495266,-0.115433,-0.2688926,0.264,0.1153214,0.4738973,15.4,0,0.7959658,103.8,0,0,0,0,0.9056053,0.7813229,0.8627632
4.082468,68,155,0.09495266,-0.115433,-0.2688926,0.264,0.1153214,0.4738973,15.4,0,0.7959658,103.8,0,0,0,0,0.9056053,0.7813229,0.8627632
4.085167,68,155,0.09495266,-0.115433,-0.2688926,0.264,0.1153214,0.4738973,15.4,0,0.7959658,103.8,0,0,0,0,0.9056053,0.7813229,0.8627632
4.087799,68,155,0.09495266,-0.115433,-0.2688926,0.264,0.1153214,0.4738973,15.4,0,0.7959658,103.8,0,0,0,0,0.9056053,0.7813229,0.8627632
4.090034,68,155,0.09495266,-0.115433,-0.2688926,0.264,0.1153214,0.4738973,15.4,0,0.7959658,103.8,0,0,0,0,0.9056053,0.7813229,0.8627632
4.092257,68,155,0.09495266,-0.115433,-0.2688926,0.264,0.1153214,0.4738973,15.4,0,0.7959658,103.8,0,0,0,0,0.9056053,0.7813229,0.8627632
4.094904,68,155,0.09495266,-0.115433,-0.2688926,0.264,0.1153214,0.4738973,15.4,0,0.7959658,103.8,0,0,0,0,0.9056053,0.7813229,0.8627632
4.097717,68,155,0.09495266,-0.115433,-0.2688926,0.264,0.1153214,0.4738973,15.4,0,0.7959658,103.8,0,0,0,0,0.9056053,0.7813229,0.8627632
4.100006,68,155,0.09495266,-0.115433,-0.2688926,0.264,0.1153214,0.4738973,15.4,0,0.7959658,103.8,0,0,0,0,0.9056053,0.7813229,0.8627632
4.102251,68,155,0.09495266,-0.115433,-0.2688926,0.264,0.1153214,0.4738973,15.4,0,0.7959658,103.8,0,0,0,0,0.9056053,0.7813229,0.8627632
4.105509,68,155,0.09495266,-0.115433,-0.2688926,0.264,0.1153214,0.4738973,15.4,0,0.7959658,103.8,0,0,0,0,0.9056053,0.7813229,0.8627632
4.107849,68,155,0.09495266,-0.115433,-0.2688926,0.264,0.1153214,0.4738973,15.4,0,0.7959658,103.8,0,0,0,0,0.9056053,0.7813229,0.8627632
4.110413,68,155,0.09495266,-0.115433,-0.2688926,0.264,0.1153214,0.4738973,15.4,0,0.7959658,103.8,0,0,0,0,0.9056053,0.7813229,0.8627632
4.112791,68,155,0.09495266,-0.115433,-0.2688926,0.264,0.1153214,0.4738973,15.4,0,0.7959658,103.8,0,0,0,0,0.9056053,0.7813229,0.8627632
4.115108,68,155,0.09495266,-0.115433,-0.2688926,0.264,0.1153214,0.4738973,15.4,0,0.7959658,103.8,0,0,0,0,0.9056053,0.7813229,0.8627632
4.117275,68,155,0.09495266,-0.115433,-0.2688926,0.264,0.1153214,0.4738973,15.4,0,0.7959658,103.8,0,0,0,0,0.9056053,0.7813229,0.8627632
4.119375,68,155,0.09495266,-0.115433,-0.2688926,0.264,0.1153214,0.4738973,15.4,0,0.7959658,103.8,0,0,0,0,0.9056053,0.7813229,0.8627632
4.12245,68,155,0.09495266,-0.115433,-0.2688926,0.264,0.1153214,0.4738973,15.4,0,0.7959658,103.8,0,0,0,0,0.9056053,0.7813229,0.8627632
4.125164,68,155,0.09495266,-0.115433,-0.2688926,0.264,0.1153214,0.4738973,15.4,0,0.7959658,103.8,0,0,0,0,0.9056053,0.7813229,0.8627632
4.128084,68,155,0.09495266,-0.115433,-0.2688926,0.264,0.1153214,0.4738973,15.4,0,0.7959658,103.8,0,0,0,0,0.9056053,0.7813229,0.8627632
4.130613,68,155,0.09495266,-0.115433,-0.2688926,0.264,0.1153214,0.4738973,15.4,0,0.7959658,103.8,0,0,0,0,0.9056053,0.7813229,0.8627632
4.134344,68,155,0.09495266,-0.115433,-0.2688926,0.264,0.1153214,0.4738973,15.4,0,0.7959658,103.8,0,0,0,0,0.9056053,0.7813229,0.8627632
4.13707,68,155,0.09495266,-0.115433,-0.2688926,0.264,0.1153214,0.4738973,15.4,0,0.7959658,103.8,0,0,0,0,0.9056053,0.7813229,0.8627632
4.139772,68,155,0.09495266,-0.115433,-0.2688926,0.264,0.1153214,0.4738973,15.4,0,0.7959658,103.8,0,0,0,0,0.9056053,0.7813229,0.8627632
4.142328,68,155,0.09495266,-0.115433,-0.2688926,0.264,0.1153214,0.4738973,15.4,0,0.7959658,103.8,0,0,0,0,0.9056053,0.7813229,0.8627632
4.145113,68,155,0.09495266,-0.115433,-0.2688926,0.264,0.1153214,0.4738973,15.4,0,0.7959658,103.8,0,0,0,0,0.9056053,0.7813229,0.8627632
4.147362,68,155,0.09495266,-0.115433,-0.2688926,0.264,0.1153214,0.4738973,15.4,0,0.7959658,103.8,0,0,0,0,0.9056053,0.7813229,0.8627632
4.149673,68,155,0.09495266,-0.115433,-0.2688926,0.264,0.1153214,0.4738973,15.4,0,0.7959658,103.8,0,0,0,0,0.9056053,0.7813229,0.8627632
4.152178,68,155,0.09495266,-0.115433,-0.2688926,0.264,0.1153214,0.4738973,15.4,0,0.7959658,103.8,0,0,0,0,0.9056053,0.7813229,0.8627632
4.155165,68,155,0.09495266,-0.115433,-0.2688926,0.264,0.1153214,0.4738973,15.4,0,0.7959658,103.8,0,0,0,0,0.9056053,0.7813229,0.8627632
4.157831,68,155,0.09495266,-0.115433,-0.2688926,0.264,0.1153214,0.4738973,15.4,0,0.7959658,103.8,0,0,0,0,0.9056053,0.7813229,0.8627632
4.160406,68,155,0.09495266,-0.115433,-0.2688926,0.264,0.1153214,0.4738973,15.4,0,0.7959658,103.8,0,0,0,0,0.9056053,0.7813229,0.8627632
4.162645,68,155,0.09495266,-0.115433,-0.2688926,0.264,0.1153214,0.4738973,15.4,0,0.7959658,103.8,0,0,0,0,0.9056053,0.7813229,0.8627632
4.165491,68,155,0.09495266,-0.115433,-0.2688926,0.264,0.1153214,0.4738973,15.4,0,0.7959658,103.8,0,0,0,0,0.9056053,0.7813229,0.8627632
4.167854,68,155,0.09495266,-0.115433,-0.2688926,0.264,0.1153214,0.4738973,15.4,0,0.7959658,103.8,0,0,0,0,0.9056053,0.7813229,0.8627632
4.17053,68,155,0.09495266,-0.115433,-0.2688926,0.264,0.1153214,0.4738973,15.4,0,0.7959658,103.8,0,0,0,0,0.9056053,0.7813229,0.8627632
4.172852,68,155,0.09495266,-0.115433,-0.2688926,0.264,0.1153214,0.4738973,15.4,0,0.7959658,103.8,0,0,0,0,0.9056053,0.7813229,0.8627632
4.175568,68,155,0.09495266,-0.115433,-0.2688926,0.264,0.1153214,0.4738973,15.4,0,0.7959658,103.8,0,0,0,0,0.9056053,0.7813229,0.8627632
4.177902,68,155,0.09495266,-0.115433,-0.2688926,0.264,0.1153214,0.4738973,15.4,0,0.7959658,103.8,0,0,0,0,0.9056053,0.7813229,0.8627632
4.180101,68,155,0.09495266,-0.115433,-0.2688926,0.264,0.1153214,0.4738973,15.4,0,0.7959658,103.8,0,0,0,0,0.9056053,0.7813229,0.8627632
4.182285,68,155,0.09495266,-0.115433,-0.2688926,0.264,0.1153214,0.4738973,15.4,0,0.7959658,103.8,0,0,0,0,0.9056053,0.7813229,0.8627632
4.184998,68,155,0.09495266,-0.115433,-0.2688926,0.264,0.1153214,0.4738973,15.4,0,0.7959658,103.8,0,0,0,0,0.9056053,0.7813229,0.8627632
4.187584,68,155,0.09495266,-0.115433,-0.2688926,0.264,0.1153214,0.4738973,15.4,0,0.7959658,103.8,0,0,0,0,0.9056053,0.7813229,0.8627632
4.190231,68,155,0.09495266,-0.115433,-0.2688926,0.264,0.1153214,0.4738973,15.4,0,0.7959658,103.8,0,0,0,0,0.9056053,0.7813229,0.8627632
4.192417,68,155,0.09495266,-0.115433,-0.2688926,0.264,0.1153214,0.4738973,15.4,0,0.7959658,103.8,0,0,0,0,0.9056053,0.7813229,0.8627632
4.194584,68,155,0.09495266,-0.115433,-0.2688926,0.264,0.1153214,0.4738973,15.4,0,0.7959658,103.8,0,0,0,0,0.9056053,0.7813229,0.8627632
4.196903,68,155,0.09495266,-0.115433,-0.2688926,0.264,0.1153214,0.4738973,15.4,0,0.7959658,103.8,0,0,0,0,0.9056053,0.7813229,0.8627632
4.199036,68,155,0.09495266,-0.115433,-0.2688926,0.264,0.1153214,0.4738973,15.4,0,0.7959658,103.8,0,0,0,0,0.9056053,0.7813229,0.8627632
4.201468,68,155,0.09495266,-0.115433,-0.2688926,0.264,0.1153214,0.4738973,15.4,0,0.7959658,103.8,0,0,0,0,0.9056053,0.7813229,0.8627632
4.204565,68,155,0.09495266,-0.115433,-0.2688926,0.264,0.1153214,0.4738973,15.4,0,0.7959658,103.8,0,0,0,0,0.9056053,0.7813229,0.8627632
4.207445,68,155,0.09495266,-0.115433,-0.2688926,0.264,0.1153214,0.4738973,15.4,0,0.7959658,103.8,0,0,0,0,0.9056053,0.7813229,0.8627632
4.209702,68,155,0.09495266,-0.115433,-0.2688926,0.264,0.1153214,0.4738973,15.4,0,0.7959658,103.8,0,0,0,0,0.9056053,0.7813229,0.8627632
4.211994,68,155,0.09495266,-0.115433,-0.2688926,0.264,0.1153214,0.4738973,15.4,0,0.7959658,103.8,0,0,0,0,0.9056053,0.7813229,0.8627632
4.214167,68,155,0.09495266,-0.115433,-0.2688926,0.264,0.1153214,0.4738973,15.4,0,0.7959658,103.8,0,0,0,0,0.9056053,0.7813229,0.8627632
4.216591,68,155,0.09495266,-0.115433,-0.2688926,0.264,0.1153214,0.4738973,15.4,0,0.7959658,103.8,0,0,0,0,0.9056053,0.7813229,0.8627632
4.218781,68,155,0.09495266,-0.115433,-0.2688926,0.264,0.1153214,0.4738973,15.4,0,0.7959658,103.8,0,0,0,0,0.9056053,0.7813229,0.8627632
4.221931,68,155,0.09495266,-0.115433,-0.2688926,0.264,0.1153214,0.4738973,15.4,0,0.7959658,103.8,0,0,0,0,0.9056053,0.7813229,0.8627632
4.224886,68,155,0.09495266,-0.115433,-0.2688926,0.264,0.1153214,0.4738973,15.4,0,0.7959658,103.8,0,0,0,0,0.9056053,0.7813229,0.8627632
4.227215,68,155,0.09495266,-0.115433,-0.2688926,0.264,0.1153214,0.4738973,15.4,0,0.7959658,103.8,0,0,0,0,0.9056053,0.7813229,0.8627632
4.231201,68,155,0.09495266,-0.115433,-0.2688926,0.264,0.1153214,0.4738973,15.4,0,0.7959658,103.8,0,0,0,0,0.9056053,0.7813229,0.8627632
4.238937,68,155,0.09495266,-0.115433,-0.2688926,0.264,0.1126236,0.4746184,15.6,0,0.7958615,103.7,25.85058,0,0,0,0.9083978,0.7813229,0.8601109
4.242973,68,155,0.09495266,-0.115433,-0.2688926,0.264,0.1126236,0.4746184,15.6,0,0.7958615,103.7,0,0,0,0,0.9083978,0.7813229,0.8601109
4.251852,68,155,0.09495266,-0.115433,-0.2688926,0.264,0.1099233,0.47533,15.8,0,0.7957574,103.6,22.52555,0,0,0,0.9111903,0.7813229,0.857475
4.260017,68,155,0.09495266,-0.115433,-0.2688926,0.264,0.1058681,0.4763798,16.1,0,0.7956018,103.45,36.74221,0,0,0,0.9153792,0.7813229,0.8535511
4.268908,68,155,0.09495266,-0.115433,-0.2688926,0.264,0.1031617,0.4770679,16.3,0,0.7954985,103.35,22.4963,0,0,0,0.9181717,0.7813229,0.8509551
4.277094,68,155,0.09495266,-0.115433,-0.2688926,0.264,0.09909766,0.4780822,16.6,0,0.7953439,103.2,36.64763,0,0,0,0.9223604,0.7813229,0.8470907
4.279438,68,155,0.09495266,-0.115433,-0.2688926,0.264,0.09909766,0.4780822,16.6,0,0.7953439,103.2,0,0,0,0,0.9223604,0.7813229,0.8470907
4.28163,68,155,0.09495266,-0.115433,-0.2688926,0.264,0.09909766,0.4780822,16.6,0,0.7953439,103.2,0,0,0,0,0.9223604,0.7813229,0.8470907
4.284479,68,155,0.09495266,-0.115433,-0.2688926,0.264,0.09909766,0.4780822,16.6,0,0.7953439,103.2,0,0,0,0,0.9223604,0.7813229,0.8470907
4.289013,68,155,0.09495266,-0.115433,-0.2688926,0.264,0.09909766,0.4780822,16.6,0,0.7953439,103.2,0,0,0,0,0.9223604,0.7813229,0.8470907
4.296991,68,155,0.09495266,-0.115433,-0.2688926,0.264,0.09638528,0.4787467,16.8,0,0.7952412,103.1,25.06534,0,0,0,0.925153,0.7813229,0.8445337
4.305412,68,155,0.09495266,-0.115433,-0.2688926,0.264,0.09367058,0.4794016,17,0,0.7951388,103,23.74798,0,0,0,0.9279456,0.7813229,0.8419921
4.315048,68,155,0.09495266,-0.115433,-0.2688926,0.264,0.08959449,0.4803662,17.3,0,0.7949857,102.85,31.13543,0,0,0,0.9321343,0.7813229,0.8382086
4.324293,68,155,0.09495266,-0.115433,-0.2688926,0.264,0.08687418,0.4809976,17.5,0,0.794884,102.75,21.63457,0,0,0,0.9349269,0.7813229,0.8357048
4.331543,68,155,0.09495266,-0.115433,-0.2688926,0.264,0.08006399,0.4825341,18,0,0.7946308,102.5,68.95885,0,0,0,0.9419082,0.7813229,0.8295106
4.333794,68,155,0.09495266,-0.115433,-0.2688926,0.264,0.08006399,0.4825341,18,0,0.7946308,102.5,0,0,0,0,0.9419082,0.7813229,0.8295106
4.338049,68,155,0.09495266,-0.115433,-0.2688926,0.264,0.08006399,0.4825341,18,0,0.7946308,102.5,0,0,0,0,0.9419082,0.7813229,0.8295106
4.346403,68,155,0.09495266,-0.115433,-0.2688926,0.264,0.07597173,0.4834273,18.3,0,0.7944798,102.35,35.90397,0,0,0,0.9460968,0.7813229,0.8258382
4.354816,68,155,0.09495266,-0.115433,-0.2688926,0.264,0.07324079,0.484011,18.5,0,0.7943795,102.25,23.77198,0,0,0,0.9488894,0.7813229,0.8234077
4.362705,68,155,0.09495266,-0.115433,-0.2688926,0.264,0.07050798,0.4845851,18.7,0,0.7942794,102.15,25.35571,0,0,0,0.9516819,0.7813229,0.8209916
4.371202,68,155,0.09495266,-0.115433,-0.2688926,0.264,0.06640495,0.4854284,19,0,0.7941299,102,35.30358,0,0,0,0.9558707,0.7813229,0.8173939
4.379856,68,155,0.09495266,-0.115433,-0.2688926,0.264,0.06366714,0.4859787,19.2,0,0.7940306,101.9,23.11346,0,0,0,0.9586632,0.7813229,0.8150129
4.386833,68,155,0.09495266,-0.115433,-0.2688926,0.264,0.05955685,0.4867862,19.5,0,0.7938822,101.75,42.99277,0,0,0,0.9628521,0.7813229,0.8114672
4.389975,68,155,0.09495266,-0.115433,-0.2688926,0.264,0.05955685,0.4867862,19.5,0,0.7938822,101.75,0,0,0,0,0.9628521,0.7813229,0.8114672
4.392525,68,155,0.09495266,-0.115433,-0.2688926,0.264,0.05955685,0.4867862,19.5,0,0.7938822,101.75,0,0,0,0,0.9628521,0.7813229,0.8114672
4.394783,68,155,0.09495266,-0.115433,-0.2688926,0.264,0.05955685,0.4867862,19.5,0,0.7938822,101.75,0,0,0,0,0.9628521,0.7813229,0.8114672
4.397043,68,155,0.09495266,-0.115433,-0.2688926,0.264,0.05955685,0.4867862,19.5,0,0.7938822,101.75,0,0,0,0,0.9628521,0.7813229,0.8114672
4.399164,68,155,0.09495266,-0.115433,-0.2688926,0.264,0.05955685,0.4867862,19.5,0,0.7938822,101.75,0,0,0,0,0.9628521,0.7813229,0.8114672
4.401575,68,155,0.09495266,-0.115433,-0.2688926,0.264,0.05955685,0.4867862,19.5,0,0.7938822,101.75,0,0,0,0,0.9628521,0.7813229,0.8114672
4.404453,68,155,0.09495266,-0.115433,-0.2688926,0.264,0.05955685,0.4867862,19.5,0,0.7938822,101.75,0,0,0,0,0.9628521,0.7813229,0.8114672
4.407385,68,155,0.09495266,-0.115433,-0.2688926,0.264,0.05955685,0.4867862,19.5,0,0.7938822,101.75,0,0,0,0,0.9628521,0.7813229,0.8114672
4.409641,68,155,0.09495266,-0.115433,-0.2688926,0.264,0.05955685,0.4867862,19.5,0,0.7938822,101.75,0,0,0,0,0.9628521,0.7813229,0.8114672
4.41185,68,155,0.09495266,-0.115433,-0.2688926,0.264,0.05955685,0.4867862,19.5,0,0.7938822,101.75,0,0,0,0,0.9628521,0.7813229,0.8114672
4.414064,68,155,0.09495266,-0.115433,-0.2688926,0.264,0.05955685,0.4867862,19.5,0,0.7938822,101.75,0,0,0,0,0.9628521,0.7813229,0.8114672
4.41621,68,155,0.09495266,-0.115433,-0.2688926,0.264,0.05955685,0.4867862,19.5,0,0.7938822,101.75,0,0,0,0,0.9628521,0.7813229,0.8114672
4.418369,68,155,0.09495266,-0.115433,-0.2688926,0.264,0.05955685,0.4867862,19.5,0,0.7938822,101.75,0,0,0,0,0.9628521,0.7813229,0.8114672
4.420656,68,155,0.09495266,-0.115433,-0.2688926,0.264,0.05955685,0.4867862,19.5,0,0.7938822,101.75,0,0,0,0,0.9628521,0.7813229,0.8114672
4.42424,68,155,0.09495266,-0.115433,-0.2688926,0.264,0.05955685,0.4867862,19.5,0,0.7938822,101.75,0,0,0,0,0.9628521,0.7813229,0.8114672
4.426649,68,155,0.09495266,-0.115433,-0.2688926,0.264,0.05955685,0.4867862,19.5,0,0.7938822,101.75,0,0,0,0,0.9628521,0.7813229,0.8114672
4.429001,68,155,0.09495266,-0.115433,-0.2688926,0.264,0.05955685,0.4867862,19.5,0,0.7938822,101.75,0,0,0,0,0.9628521,0.7813229,0.8114672
4.431408,68,155,0.09495266,-0.115433,-0.2688926,0.264,0.05955685,0.4867862,19.5,0,0.7938822,101.75,0,0,0,0,0.9628521,0.7813229,0.8114672
4.433977,68,155,0.09495266,-0.115433,-0.2688926,0.264,0.05955685,0.4867862,19.5,0,0.7938822,101.75,0,0,0,0,0.9628521,0.7813229,0.8114672
4.436247,68,155,0.09495266,-0.115433,-0.2688926,0.264,0.05955685,0.4867862,19.5,0,0.7938822,101.75,0,0,0,0,0.9628521,0.7813229,0.8114672
4.438955,68,155,0.09495266,-0.115433,-0.2688926,0.264,0.05955685,0.4867862,19.5,0,0.7938822,101.75,0,0,0,0,0.9628521,0.7813229,0.8114672
4.441462,68,155,0.09495266,-0.115433,-0.2688926,0.264,0.05955685,0.4867862,19.5,0,0.7938822,101.75,0,0,0,0,0.9628521,0.7813229,0.8114672
4.444214,68,155,0.09495266,-0.115433,-0.2688926,0.264,0.05955685,0.4867862,19.5,0,0.7938822,101.75,0,0,0,0,0.9628521,0.7813229,0.8114672
4.446438,68,155,0.09495266,-0.115433,-0.2688926,0.264,0.05955685,0.4867862,19.5,0,0.7938822,101.75,0,0,0,0,0.9628521,0.7813229,0.8114672
4.448689,68,155,0.09495266,-0.115433,-0.2688926,0.264,0.05955685,0.4867862,19.5,0,0.7938822,101.75,0,0,0,0,0.9628521,0.7813229,0.8114672
4.450838,68,155,0.09495266,-0.115433,-0.2688926,0.264,0.05955685,0.4867862,19.5,0,0.7938822,101.75,0,0,0,0,0.9628521,0.7813229,0.8114672
4.453415,68,155,0.09495266,-0.115433,-0.2688926,0.264,0.05955685,0.4867862,19.5,0,0.7938822,101.75,0,0,0,0,0.9628521,0.7813229,0.8114672
4.456739,68,155,0.09495266,-0.115433,-0.2688926,0.264,0.05955685,0.4867862,19.5,0,0.7938822,101.75,0,0,0,0,0.9628521,0.7813229,0.8114672
4.459103,68,155,0.09495266,-0.115433,-0.2688926,0.264,0.05955685,0.4867862,19.5,0,0.7938822,101.75,0,0,0,0,0.9628521,0.7813229,0.8114672
4.461908,68,155,0.09495266,-0.115433,-0.2688926,0.264,0.05955685,0.4867862,19.5,0,0.7938822,101.75,0,0,0,0,0.9628521,0.7813229,0.8114672
4.464668,68,155,0.09495266,-0.115433,-0.2688926,0.264,0.05955685,0.4867862,19.5,0,0.7938822,101.75,0,0,0,0,0.9628521,0.7813229,0.8114672
4.467175,68,155,0.09495266,-0.115433,-0.2688926,0.264,0.05955685,0.4867862,19.5,0,0.7938822,101.75,0,0,0,0,0.9628521,0.7813229,0.8114672
4.469767,68,155,0.09495266,-0.115433,-0.2688926,0.264,0.05955685,0.4867862,19.5,0,0.7938822,101.75,0,0,0,0,0.9628521,0.7813229,0.8114672
4.474331,68,155,0.09495266,-0.115433,-0.2688926,0.264,0.05955685,0.4867862,19.5,0,0.7938822,101.75,0,0,0,0,0.9628521,0.7813229,0.8114672
4.480652,68,155,0.09495266,-0.115433,-0.2688926,0.264,0.05681447,0.4873125,19.7,0,0.7937836,101.65,31.64669,0,0,0,0.9656445,0.7813229,0.8091206
4.483385,68,155,0.09495266,-0.115433,-0.2688926,0.264,0.05681447,0.4873125,19.7,0,0.7937836,101.65,0,0,0,0,0.9656445,0.7813229,0.8091206
4.485775,68,155,0.09495266,-0.115433,-0.2688926,0.264,0.05681447,0.4873125,19.7,0,0.7937836,101.65,0,0,0,0,0.9656445,0.7813229,0.8091206
4.488647,68,155,0.09495266,-0.115433,-0.2688926,0.264,0.05681447,0.4873125,19.7,0,0.7937836,101.65,0,0,0,0,0.9656445,0.7813229,0.8091206
4.491503,68,155,0.09495266,-0.115433,-0.2688926,0.264,0.05681447,0.4873125,19.7,0,0.7937836,101.65,0,0,0,0,0.9656445,0.7813229,0.8091206
4.494074,68,155,0.09495266,-0.115433,-0.2688926,0.264,0.05681447,0.4873125,19.7,0,0.7937836,101.65,0,0,0,0,0.9656445,0.7813229,0.8091206
4.496481,68,155,0.09495266,-0.115433,-0.2688926,0.264,0.05681447,0.4873125,19.7,0,0.7937836,101.65,0,0,0,0,0.9656445,0.7813229,0.8091206
4.498892,68,155,0.09495266,-0.115433,-0.2688926,0.264,0.05681447,0.4873125,19.7,0,0.7937836,101.65,0,0,0,0,0.9656445,0.7813229,0.8091206
4.501371,68,155,0.09495266,-0.115433,-0.2688926,0.264,0.05681447,0.4873125,19.7,0,0.7937836,101.65,0,0,0,0,0.9656445,0.7813229,0.8091206
4.504536,68,155,0.09495266,-0.115433,-0.2688926,0.264,0.05681447,0.4873125,19.7,0,0.7937836,101.65,0,0,0,0,0.9656445,0.7813229,0.8091206
4.512112,68,155,0.09495266,-0.115433,-0.2688926,0.264,0.05681447,0.4873125,19.7,0,0.7937836,101.65,0,0,0,0,0.9656445,0.7813229,0.8091206
4.51899,68,155,0.09495266,-0.115433,-0.2688926,0.264,0.05407012,0.4878293,19.9,0,0.7936853,101.55,29.0789,0,0,0,0.9684371,0.7813229,0.8067874
4.5219,68,155,0.09495266,-0.115433,-0.2688926,0.264,0.05407012,0.4878293,19.9,0,0.7936853,101.55,0,0,0,0,0.9684371,0.7813229,0.8067874
4.524689,68,155,0.09495266,-0.115433,-0.2688926,0.264,0.05407012,0.4878293,19.9,0,0.7936853,101.55,0,0,0,0,0.9684371,0.7813229,0.8067874
4.526909,68,155,0.09495266,-0.115433,-0.2688926,0.264,0.05407012,0.4878293,19.9,0,0.7936853,101.55,0,0,0,0,0.9684371,0.7813229,0.8067874
4.529226,68,155,0.09495266,-0.115433,-0.2688926,0.264,0.05407012,0.4878293,19.9,0,0.7936853,101.55,0,0,0,0,0.9684371,0.7813229,0.8067874
4.531485,68,155,0.09495266,-0.115433,-0.2688926,0.264,0.05407012,0.4878293,19.9,0,0.7936853,101.55,0,0,0,0,0.9684371,0.7813229,0.8067874
4.534342,68,155,0.09495266,-0.115433,-0.2688926,0.264,0.05407012,0.4878293,19.9,0,0.7936853,101.55,0,0,0,0,0.9684371,0.7813229,0.8067874
4.536777,68,155,0.09495266,-0.115433,-0.2688926,0.264,0.05407012,0.4878293,19.9,0,0.7936853,101.55,0,0,0,0,0.9684371,0.7813229,0.8067874
4.539431,68,155,0.09495266,-0.115433,-0.2688926,0.264,0.05407012,0.4878293,19.9,0,0.7936853,101.55,0,0,0,0,0.9684371,0.7813229,0.8067874
4.541689,68,155,0.09495266,-0.115433,-0.2688926,0.264,0.05407012,0.4878293,19.9,0,0.7936853,101.55,0,0,0,0,0.9684371,0.7813229,0.8067874
4.544456,68,155,0.09495266,-0.115433,-0.2688926,0.264,0.05407012,0.4878293,19.9,0,0.7936853,101.55,0,0,0,0,0.9684371,0.7813229,0.8067874
4.546669,68,155,0.09495266,-0.115433,-0.2688926,0.264,0.05407012,0.4878293,19.9,0,0.7936853,101.55,0,0,0,0,0.9684371,0.7813229,0.8067874
4.549507,68,155,0.09495266,-0.115433,-0.2688926,0.264,0.05407012,0.4878293,19.9,0,0.7936853,101.55,0,0,0,0,0.9684371,0.7813229,0.8067874
4.551781,68,155,0.09495266,-0.115433,-0.2688926,0.264,0.05407012,0.4878293,19.9,0,0.7936853,101.55,0,0,0,0,0.9684371,0.7813229,0.8067874
4.554512,68,155,0.09495266,-0.115433,-0.2688926,0.264,0.05407012,0.4878293,19.9,0,0.7936853,101.55,0,0,0,0,0.9684371,0.7813229,0.8067874
4.556986,68,155,0.09495266,-0.115433,-0.2688926,0.264,0.05407012,0.4878293,19.9,0,0.7936853,101.55,0,0,0,0,0.9684371,0.7813229,0.8067874
4.559807,68,155,0.09495266,-0.115433,-0.2688926,0.264,0.05407012,0.4878293,19.9,0,0.7936853,101.55,0,0,0,0,0.9684371,0.7813229,0.8067874
4.562206,68,155,0.09495266,-0.115433,-0.2688926,0.264,0.05407012,0.4878293,19.9,0,0.7936853,101.55,0,0,0,0,0.9684371,0.7813229,0.8067874
4.566856,68,155,0.09495266,-0.115433,-0.2688926,0.264,0.05407012,0.4878293,19.9,0,0.7936853,101.55,0,0,0,0,0.9684371,0.7813229,0.8067874
4.575439,68,155,0.09495266,-0.115433,-0.2688926,0.264,0.04995044,0.4885864,20.2,0,0.7935384,101.4,34.95295,0,0,0,0.9726258,0.7813229,0.803313
4.582636,68,155,0.09495266,-0.115433,-0.2688926,0.264,0.04995044,0.4885864,20.2,0,0.7935384,101.4,0,0,0,0,0.9726258,0.7813229,0.803313
4.589525,68,155,0.09495266,-0.115433,-0.2688926,0.264,0.04720172,0.4890792,20.4,0,0.7934408,101.3,29.02994,0,0,0,0.9754183,0.7813229,0.8010131
4.591715,68,155,0.09495266,-0.115433,-0.2688926,0.264,0.04720172,0.4890792,20.4,0,0.7934408,101.3,0,0,0,0,0.9754183,0.7813229,0.8010131
4.593838,68,155,0.09495266,-0.115433,-0.2688926,0.264,0.04720172,0.4890792,20.4,0,0.7934408,101.3,0,0,0,0,0.9754183,0.7813229,0.8010131
4.59639,68,155,0.09495266,-0.115433,-0.2688926,0.264,0.04720172,0.4890792,20.4,0,0.7934408,101.3,0,0,0,0,0.9754183,0.7813229,0.8010131
4.598658,68,155,0.09495266,-0.115433,-0.2688926,0.264,0.04720172,0.4890792,20.4,0,0.7934408,101.3,0,0,0,0,0.9754183,0.7813229,0.8010131
4.602768,68,155,0.09495266,-0.115433,-0.2688926,0.264,0.04720172,0.4890792,20.4,0,0.7934408,101.3,0,0,0,0,0.9754183,0.7813229,0.8010131
4.610443,68,155,0.09495266,-0.115433,-0.2688926,0.264,0.04307545,0.4898005,20.7,0,0.7932951,101.15,39.0881,0,0,0,0.9796072,0.7813229,0.797588
4.612795,68,155,0.09495266,-0.115433,-0.2688926,0.264,0.04307545,0.4898005,20.7,0,0.7932951,101.15,0,0,0,0,0.9796072,0.7813229,0.797588
4.614977,68,155,0.09495266,-0.115433,-0.2688926,0.264,0.04307545,0.4898005,20.7,0,0.7932951,101.15,0,0,0,0,0.9796072,0.7813229,0.797588
4.617441,68,155,0.09495266,-0.115433,-0.2688926,0.264,0.04307545,0.4898005,20.7,0,0.7932951,101.15,0,0,0,0,0.9796072,0.7813229,0.797588
4.619791,68,155,0.09495266,-0.115433,-0.2688926,0.264,0.04307545,0.4898005,20.7,0,0.7932951,101.15,0,0,0,0,0.9796072,0.7813229,0.797588
4.622316,68,155,0.09495266,-0.115433,-0.2688926,0.264,0.04307545,0.4898005,20.7,0,0.7932951,101.15,0,0,0,0,0.9796072,0.7813229,0.797588
4.625284,68,155,0.09495266,-0.115433,-0.2688926,0.264,0.04307545,0.4898005,20.7,0,0.7932951,101.15,0,0,0,0,0.9796072,0.7813229,0.797588
4.627905,68,155,0.09495266,-0.115433,-0.2688926,0.264,0.04307545,0.4898005,20.7,0,0.7932951,101.15,0,0,0,0,0.9796072,0.7813229,0.797588
4.630281,68,155,0.09495266,-0.115433,-0.2688926,0.264,0.04307545,0.4898005,20.7,0,0.7932951,101.15,0,0,0,0,0.9796072,0.7813229,0.797588
4.632814,68,155,0.09495266,-0.115433,-0.2688926,0.264,0.04307545,0.4898005,20.7,0,0.7932951,101.15,0,0,0,0,0.9796072,0.7813229,0.797588
4.635183,68,155,0.09495266,-0.115433,-0.2688926,0.264,0.04307545,0.4898005,20.7,0,0.7932951,101.15,0,0,0,0,0.9796072,0.7813229,0.797588
4.639931,68,155,0.09495266,-0.115433,-0.2688926,0.264,0.04307545,0.4898005,20.7,0,0.7932951,101.15,0,0,0,0,0.9796072,0.7813229,0.797588
4.646997,68,155,0.09495266,-0.115433,-0.2688926,0.264,0.04032252,0.4902692,20.9,0,0.7931983,101.05,28.3044,0,0,0,0.9823997,0.7813229,0.7953208
4.649706,68,155,0.09495266,-0.115433,-0.2688926,0.264,0.04032252,0.4902692,20.9,0,0.7931983,101.05,0,0,0,0,0.9823997,0.7813229,0.7953208
4.652,68,155,0.09495266,-0.115433,-0.2688926,0.264,0.04032252,0.4902692,20.9,0,0.7931983,101.05,0,0,0,0,0.9823997,0.7813229,0.7953208
4.656635,68,155,0.09495266,-0.115433,-0.2688926,0.264,0.04032252,0.4902692,20.9,0,0.7931983,101.05,0,0,0,0,0.9823997,0.7813229,0.7953208
4.663477,68,155,0.09495266,-0.115433,-0.2688926,0.264,0.03756803,0.4907284,21.1,0,0.7931018,100.95,29.23047,0,0,0,0.9851922,0.7813229,0.7930664
4.666203,68,155,0.09495266,-0.115433,-0.2688926,0.264,0.03756803,0.4907284,21.1,0,0.7931018,100.95,0,0,0,0,0.9851922,0.7813229,0.7930664
4.668621,68,155,0.09495266,-0.115433,-0.2688926,0.264,0.03756803,0.4907284,21.1,0,0.7931018,100.95,0,0,0,0,0.9851922,0.7813229,0.7930664
4.671329,68,155,0.09495266,-0.115433,-0.2688926,0.264,0.03756803,0.4907284,21.1,0,0.7931018,100.95,0,0,0,0,0.9851922,0.7813229,0.7930664
4.673826,68,155,0.09495266,-0.115433,-0.2688926,0.264,0.03756803,0.4907284,21.1,0,0.7931018,100.95,0,0,0,0,0.9851922,0.7813229,0.7930664
4.67613,68,155,0.09495266,-0.115433,-0.2688926,0.264,0.03756803,0.4907284,21.1,0,0.7931018,100.95,0,0,0,0,0.9851922,0.7813229,0.7930664
4.680538,68,155,0.09495266,-0.115433,-0.2688926,0.264,0.03756803,0.4907284,21.1,0,0.7931018,100.95,0,0,0,0,0.9851922,0.7813229,0.7930664
4.686819,68,155,0.09495266,-0.115433,-0.2688926,0.264,0.03343333,0.4913991,21.4,0,0.7929576,100.8,47.76982,0,0,0,0.989381,0.7813229,0.7897089
4.69175,68,155,0.09495266,-0.115433,-0.2688926,0.264,0.03343333,0.4913991,21.4,0,0.7929576,100.8,0,0,0,0,0.989381,0.7813229,0.7897089
4.697985,68,155,0.09495266,-0.115433,-0.2688926,0.264,0.03067492,0.4918342,21.6,0,0.7928618,100.7,32.0838,0,0,0,0.9921735,0.7813229,0.7874861
4.700151,68,155,0.09495266,-0.115433,-0.2688926,0.264,0.03067492,0.4918342,21.6,0,0.7928618,100.7,0,0,0,0,0.9921735,0.7813229,0.7874861
4.70233,68,155,0.09495266,-0.115433,-0.2688926,0.264,0.03067492,0.4918342,21.6,0,0.7928618,100.7,0,0,0,0,0.9921735,0.7813229,0.7874861
4.707129,68,155,0.09495266,-0.115433,-0.2688926,0.264,0.03067492,0.4918342,21.6,0,0.7928618,100.7,0,0,0,0,0.9921735,0.7813229,0.7874861
4.713667,68,155,0.09495266,-0.115433,-0.2688926,0.264,0.02653445,0.4924689,21.9,0,0.7927188,100.55,45.88267,0,0,0,0.9963623,0.7813229,0.7841755
4.715998,68,155,0.09495266,-0.115433,-0.2688926,0.264,0.02653445,0.4924689,21.9,0,0.7927188,100.55,0,0,0,0,0.9963623,0.7813229,0.7841755
4.718203,68,155,0.09495266,-0.115433,-0.2688926,0.264,0.02653445,0.4924689,21.9,0,0.7927188,100.55,0,0,0,0,0.9963623,0.7813229,0.7841755
4.720812,68,155,0.09495266,-0.115433,-0.2688926,0.264,0.02653445,0.4924689,21.9,0,0.7927188,100.55,0,0,0,0,0.9963623,0.7813229,0.7841755
4.724226,68,155,0.09495266,-0.115433,-0.2688926,0.264,0.02653445,0.4924689,21.9,0,0.7927188,100.55,0,0,0,0,0.9963623,0.7813229,0.7841755
4.728245,68,155,0.09495266,-0.115433,-0.2688926,0.264,0.02653445,0.4924689,21.9,0,0.7927188,100.55,0,0,0,0,0.9963623,0.7813229,0.7841755
4.734598,68,155,0.09495266,-0.115433,-0.2688926,0.264,0.02377231,0.4928799,22.1,0,0.7926239,100.45,31.47784,0,0,0,0.9991549,0.7813229,0.7819838
4.738379,68,155,0.09495266,-0.115433,-0.2688926,0.264,0.02377231,0.4928799,22.1,0,0.7926239,100.45,0,0,0,0,0.9991549,0.7813229,0.7819838
4.74095,68,155,0.09495266,-0.115433,-0.2688926,0.264,0.02377231,0.4928799,22.1,0,0.7926239,100.45,0,0,0,0,0.9991549,0.7813229,0.7819838
4.743898,68,155,0.09495266,-0.115433,-0.2688926,0.264,0.02377231,0.4928799,22.1,0,0.7926239,100.45,0,0,0,0,0.9991549,0.7813229,0.7819838
4.746258,68,155,0.09495266,-0.115433,-0.2688926,0.264,0.02377231,0.4928799,22.1,0,0.7926239,100.45,0,0,0,0,0.9991549,0.7813229,0.7819838
4.748625,68,155,0.09495266,-0.115433,-0.2688926,0.264,0.02377231,0.4928799,22.1,0,0.7926239,100.45,0,0,0,0,0.9991549,0.7813229,0.7819838
4.751192,68,155,0.09495266,-0.115433,-0.2688926,0.264,0.02377231,0.4928799,22.1,0,0.7926239,100.45,0,0,0,0,0.9991549,0.7813229,0.7819838
4.754612,68,155,0.09495266,-0.115433,-0.2688926,0.264,0.02377231,0.4928799,22.1,0,0.7926239,100.45,0,0,0,0,0.9991549,0.7813229,0.7819838
4.757463,68,155,0.09495266,-0.115433,-0.2688926,0.264,0.02377231,0.4928799,22.1,0,0.7926239,100.45,0,0,0,0,0.9991549,0.7813229,0.7819838
4.760319,68,155,0.09495266,-0.115433,-0.2688926,0.264,0.02377231,0.4928799,22.1,0,0.7926239,100.45,0,0,0,0,0.9991549,0.7813229,0.7819838
4.762978,68,155,0.09495266,-0.115433,-0.2688926,0.264,0.02377231,0.4928799,22.1,0,0.7926239,100.45,0,0,0,0,0.9991549,0.7813229,0.7819838
4.765621,68,155,0.09495266,-0.115433,-0.2688926,0.264,0.02377231,0.4928799,22.1,0,0.7926239,100.45,0,0,0,0,0.9991549,0.7813229,0.7819838
4.768892,68,155,0.09495266,-0.115433,-0.2688926,0.264,0.02377231,0.4928799,22.1,0,0.7926239,100.45,0,0,0,0,0.9991549,0.7813229,0.7819838
4.772341,68,155,0.09495266,-0.115433,-0.2688926,0.264,0.02377231,0.4928799,22.1,0,0.7926239,100.45,0,0,0,0,0.9991549,0.7813229,0.7819838
4.77511,68,155,0.09495266,-0.115433,-0.2688926,0.264,0.02377231,0.4928799,22.1,0,0.7926239,100.45,0,0,0,0,0.9991549,0.7813229,0.7819838
4.777496,68,155,0.09495266,-0.115433,-0.2688926,0.264,0.02377231,0.4928799,22.1,0,0.7926239,100.45,0,0,0,0,0.9991549,0.7813229,0.7819838
4.779753,68,155,0.09495266,-0.115433,-0.2688926,0.264,0.02377231,0.4928799,22.1,0,0.7926239,100.45,0,0,0,0,0.9991549,0.7813229,0.7819838
4.783072,68,155,0.09495266,-0.115433,-0.2688926,0.264,0.02377231,0.4928799,22.1,0,0.7926239,100.45,0,0,0,0,0.9991549,0.7813229,0.7819838
4.786104,68,155,0.09495266,-0.115433,-0.2688926,0.264,0.02377231,0.4928799,22.1,0,0.7926239,100.45,0,0,0,0,0.9991549,0.7813229,0.7819838
4.790493,68,155,0.09495266,-0.115433,-0.2688926,0.264,0.02377231,0.4928799,22.1,0,0.7926239,100.45,0,0,0,0,0.9991549,0.7813229,0.7819838
4.793255,68,155,0.09495266,-0.115433,-0.2688926,0.264,0.02377231,0.4928799,22.1,0,0.7926239,100.45,0,0,0,0,0.9991549,0.7813229,0.7819838
4.79635,68,155,0.09495266,-0.115433,-0.2688926,0.264,0.02377231,0.4928799,22.1,0,0.7926239,100.45,0,0,0,0,0.9991549,0.7813229,0.7819838
4.799173,68,155,0.09495266,-0.115433,-0.2688926,0.264,0.02377231,0.4928799,22.1,0,0.7926239,100.45,0,0,0,0,0.9991549,0.7813229,0.7819838
4.801851,68,155,0.09495266,-0.115433,-0.2688926,0.264,0.02377231,0.4928799,22.1,0,0.7926239,100.45,0,0,0,0,0.9991549,0.7813229,0.7819838
4.805527,68,155,0.09495266,-0.115433,-0.2688926,0.264,0.02377231,0.4928799,22.1,0,0.7926239,100.45,0,0,0,0,0.9991549,0.7813229,0.7819838
4.809023,68,155,0.09495266,-0.115433,-0.2688926,0.264,0.02377231,0.4928799,22.1,0,0.7926239,100.45,0,0,0,0,0.9991549,0.7813229,0.7819838
4.815895,68,155,0.09495266,-0.115433,-0.2688926,0.264,0.02377231,0.4928799,22.1,0,0.7926239,100.45,0,0,0,0,0.9991549,0.7813229,0.7819838
4.825951,68,155,0.09495266,-0.115433,-0.2688926,0.264,0.02377231,0.4928799,22.1,0,0.7926239,100.45,0,0,0,0,0.9991549,0.7813229,0.7819838
4.837988,68,155,0.09495266,-0.115433,-0.2688926,0.264,0.02377231,0.4928799,22.1,0,0.7926239,100.45,0,0,0,0,0.9991549,0.7813229,0.7819838
4.841566,68,155,0.09495266,-0.115433,-0.2688926,0.264,0.02377231,0.4928799,22.1,0,0.7926239,100.45,0,0,0,0,0.9991549,0.7813229,0.7819838
4.845295,68,155,0.09495266,-0.115433,-0.2688926,0.264,0.02377231,0.4928799,22.1,0,0.7926239,100.45,0,0,0,0,0.9991549,0.7813229,0.7819838
4.848886,68,155,0.09495266,-0.115433,-0.2688926,0.264,0.02377231,0.4928799,22.1,0,0.7926239,100.45,0,0,0,0,0.9991549,0.7813229,0.7819838
4.85166,68,155,0.09495266,-0.115433,-0.2688926,0.264,0.02377231,0.4928799,22.1,0,0.7926239,100.45,0,0,0,0,0.9991549,0.7813229,0.7819838
4.854811,68,155,0.09495266,-0.115433,-0.2688926,0.264,0.02377231,0.4928799,22.1,0,0.7926239,100.45,0,0,0,0,0.9991549,0.7813229,0.7819838
4.857321,68,155,0.09495266,-0.115433,-0.2688926,0.264,0.02377231,0.4928799,22.1,0,0.7926239,100.45,0,0,0,0,0.9991549,0.7813229,0.7819838
4.85957,68,155,0.09495266,-0.115433,-0.2688926,0.264,0.02377231,0.4928799,22.1,0,0.7926239,100.45,0,0,0,0,0.9991549,0.7813229,0.7819838
4.862349,68,155,0.09495266,-0.115433,-0.2688926,0.264,0.02377231,0.4928799,22.1,0,0.7926239,100.45,0,0,0,0,0.9991549,0.7813229,0.7819838
4.865131,68,155,0.09495266,-0.115433,-0.2688926,0.264,0.02377231,0.4928799,22.1,0,0.7926239,100.45,0,0,0,0,0.9991549,0.7813229,0.7819838
4.867363,68,155,0.09495266,-0.115433,-0.2688926,0.264,0.02377231,0.4928799,22.1,0,0.7926239,100.45,0,0,0,0,0.9991549,0.7813229,0.7819838
4.869448,68,155,0.09495266,-0.115433,-0.2688926,0.264,0.02377231,0.4928799,22.1,0,0.7926239,100.45,0,0,0,0,0.9991549,0.7813229,0.7819838
4.872732,68,155,0.09495266,-0.115433,-0.2688926,0.264,0.02377231,0.4928799,22.1,0,0.7926239,100.45,0,0,0,0,0.9991549,0.7813229,0.7819838
4.875063,68,155,0.09495266,-0.115433,-0.2688926,0.264,0.02377231,0.4928799,22.1,0,0.7926239,100.45,0,0,0,0,0.9991549,0.7813229,0.7819838
4.877892,68,155,0.09495266,-0.115433,-0.2688926,0.264,0.02377231,0.4928799,22.1,0,0.7926239,100.45,0,0,0,0,0.9991549,0.7813229,0.7819838
4.880527,68,155,0.09495266,-0.115433,-0.2688926,0.264,0.02377231,0.4928799,22.1,0,0.7926239,100.45,0,0,0,0,0.9991549,0.7813229,0.7819838
4.883074,68,155,0.09495266,-0.115433,-0.2688926,0.264,0.02377231,0.4928799,22.1,0,0.7926239,100.45,0,0,0,0,0.9991549,0.7813229,0.7819838
4.885958,68,155,0.09495266,-0.115433,-0.2688926,0.264,0.02377231,0.4928799,22.1,0,0.7926239,100.45,0,0,0,0,0.9991549,0.7813229,0.7819838
4.88872,68,155,0.09495266,-0.115433,-0.2688926,0.264,0.02377231,0.4928799,22.1,0,0.7926239,100.45,0,0,0,0,0.9991549,0.7813229,0.7819838
4.891027,68,155,0.09495266,-0.115433,-0.2688926,0.264,0.02377231,0.4928799,22.1,0,0.7926239,100.45,0,0,0,0,0.9991549,0.7813229,0.7819838
4.893656,68,155,0.09495266,-0.115433,-0.2688926,0.264,0.02377231,0.4928799,22.1,0,0.7926239,100.45,0,0,0,0,0.9991549,0.7813229,0.7819838
4.896755,68,155,0.09495266,-0.115433,-0.2688926,0.264,0.02377231,0.4928799,22.1,0,0.7926239,100.45,0,0,0,0,0.9991549,0.7813229,0.7819838
4.899355,68,155,0.09495266,-0.115433,-0.2688926,0.264,0.02377231,0.4928799,22.1,0,0.7926239,100.45,0,0,0,0,0.9991549,0.7813229,0.7819838
4.902613,68,155,0.09495266,-0.115433,-0.2688926,0.264,0.02377231,0.4928799,22.1,0,0.7926239,100.45,0,0,0,0,0.9991549,0.7813229,0.7819838
4.906404,68,155,0.09495266,-0.115433,-0.2688926,0.264,0.02377231,0.4928799,22.1,0,0.7926239,100.45,0,0,0,0,0.9991549,0.7813229,0.7819838
4.909805,68,155,0.09495266,-0.115433,-0.2688926,0.264,0.02377231,0.4928799,22.1,0,0.7926239,100.45,0,0,0,0,0.9991549,0.7813229,0.7819838
4.912767,68,155,0.09495266,-0.115433,-0.2688926,0.264,0.02377231,0.4928799,22.1,0,0.7926239,100.45,0,0,0,0,0.9991549,0.7813229,0.7819838
4.915298,68,155,0.09495266,-0.115433,-0.2688926,0.264,0.02377231,0.4928799,22.1,0,0.7926239,100.45,0,0,0,0,0.9991549,0.7813229,0.7819838
4.917704,68,155,0.09495266,-0.115433,-0.2688926,0.264,0.02377231,0.4928799,22.1,0,0.7926239,100.45,0,0,0,0,0.9991549,0.7813229,0.7819838
4.920111,68,155,0.09495266,-0.115433,-0.2688926,0.264,0.02377231,0.4928799,22.1,0,0.7926239,100.45,0,0,0,0,0.9991549,0.7813229,0.7819838
4.922924,68,155,0.09495266,-0.115433,-0.2688926,0.264,0.02377231,0.4928799,22.1,0,0.7926239,100.45,0,0,0,0,0.9991549,0.7813229,0.7819838
4.925974,68,155,0.09495266,-0.115433,-0.2688926,0.264,0.02377231,0.4928799,22.1,0,0.7926239,100.45,0,0,0,0,0.9991549,0.7813229,0.7819838
4.929817,68,155,0.09495266,-0.115433,-0.2688926,0.264,0.02377231,0.4928799,22.1,0,0.7926239,100.45,0,0,0,0,0.9991549,0.7813229,0.7819838
4.932219,68,155,0.09495266,-0.115433,-0.2688926,0.264,0.02377231,0.4928799,22.1,0,0.7926239,100.45,0,0,0,0,0.9991549,0.7813229,0.7819838
4.934656,68,155,0.09495266,-0.115433,-0.2688926,0.264,0.02377231,0.4928799,22.1,0,0.7926239,100.45,0,0,0,0,0.9991549,0.7813229,0.7819838
4.937788,68,155,0.09495266,-0.115433,-0.2688926,0.264,0.02377231,0.4928799,22.1,0,0.7926239,100.45,0,0,0,0,0.9991549,0.7813229,0.7819838
4.940491,68,155,0.09495266,-0.115433,-0.2688926,0.264,0.02377231,0.4928799,22.1,0,0.7926239,100.45,0,0,0,0,0.9991549,0.7813229,0.7819838
4.943008,68,155,0.09495266,-0.115433,-0.2688926,0.264,0.02377231,0.4928799,22.1,0,0.7926239,100.45,0,0,0,0,0.9991549,0.7813229,0.7819838
4.945713,68,155,0.09495266,-0.115433,-0.2688926,0.264,0.02377231,0.4928799,22.1,0,0.7926239,100.45,0,0,0,0,0.9991549,0.7813229,0.7819838
4.948059,68,155,0.09495266,-0.115433,-0.2688926,0.264,0.02377231,0.4928799,22.1,0,0.7926239,100.45,0,0,0,0,0.9991549,0.7813229,0.7819838
4.950235,68,155,0.09495266,-0.115433,-0.2688926,0.264,0.02377231,0.4928799,22.1,0,0.7926239,100.45,0,0,0,0,0.9991549,0.7813229,0.7819838
4.952698,68,155,0.09495266,-0.115433,-0.2688926,0.264,0.02377231,0.4928799,22.1,0,0.7926239,100.45,0,0,0,0,0.9991549,0.7813229,0.7819838
4.956268,68,155,0.09495266,-0.115433,-0.2688926,0.264,0.02377231,0.4928799,22.1,0,0.7926239,100.45,0,0,0,0,0.9991549,0.7813229,0.7819838
4.95956,68,155,0.09495266,-0.115433,-0.2688926,0.264,0.02377231,0.4928799,22.1,0,0.7926239,100.45,0,0,0,0,0.9991549,0.7813229,0.7819838
4.962173,68,155,0.09495266,-0.115433,-0.2688926,0.264,0.02377231,0.4928799,22.1,0,0.7926239,100.45,0,0,0,0,0.9991549,0.7813229,0.7819838
4.965036,68,155,0.09495266,-0.115433,-0.2688926,0.264,0.02377231,0.4928799,22.1,0,0.7926239,100.45,0,0,0,0,0.9991549,0.7813229,0.7819838
4.967897,68,155,0.09495266,-0.115433,-0.2688926,0.264,0.02377231,0.4928799,22.1,0,0.7926239,100.45,0,0,0,0,0.9991549,0.7813229,0.7819838
4.971706,68,155,0.09495266,-0.115433,-0.2688926,0.264,0.02377231,0.4928799,22.1,0,0.7926239,100.45,0,0,0,0,0.9991549,0.7813229,0.7819838
4.975758,68,155,0.09495266,-0.115433,-0.2688926,0.264,0.02377231,0.4928799,22.1,0,0.7926239,100.45,0,0,0,0,0.9991549,0.7813229,0.7819838
4.978594,68,155,0.09495266,-0.115433,-0.2688926,0.264,0.02377231,0.4928799,22.1,0,0.7926239,100.45,0,0,0,0,0.9991549,0.7813229,0.7819838
4.98168,68,155,0.09495266,-0.115433,-0.2688926,0.264,0.02377231,0.4928799,22.1,0,0.7926239,100.45,0,0,0,0,0.9991549,0.7813229,0.7819838
4.985312,68,155,0.09495266,-0.115433,-0.2688926,0.264,0.02377231,0.4928799,22.1,0,0.7926239,100.45,0,0,0,0,0.9991549,0.7813229,0.7819838
4.988415,68,155,0.09495266,-0.115433,-0.2688926,0.264,0.02377231,0.4928799,22.1,0,0.7926239,100.45,0,0,0,0,0.9991549,0.7813229,0.7819838
4.991951,68,155,0.09495266,-0.115433,-0.2688926,0.264,0.02377231,0.4928799,22.1,0,0.7926239,100.45,0,0,0,0,0.9991549,0.7813229,0.7819838
4.994946,68,155,0.09495266,-0.115433,-0.2688926,0.264,0.02377231,0.4928799,22.1,0,0.7926239,100.45,0,0,0,0,0.9991549,0.7813229,0.7819838
4.997414,68,155,0.09495266,-0.115433,-0.2688926,0.264,0.02377231,0.4928799,22.1,0,0.7926239,100.45,0,0,0,0,0.9991549,0.7813229,0.7819838
4.99968,68,155,0.09495266,-0.115433,-0.2688926,0.264,0.02377231,0.4928799,22.1,0,0.7926239,100.45,0,0,0,0,0.9991549,0.7813229,0.7819838
