Timestamp,TargetShoulderPitch,TargetElbowAngle,TargetPosX,TargetPosY,TargetPosZ,ActualPosX,ActualPosY,ActualPosZ,ActualShoulderPitch,ActualElbowAngle,PositionError,JointSpaceError,ShoulderPitchVel,ElbowVel,ShoulderPitchJerk,ElbowJerk,PathLength,OptimalPathLength,PathEfficiency
0.004821777,-12,24,0.1013053,0.4241567,0.2660375,0.264,-0.6536835,0.2716394,75,0,1.090064,55.5,10972.83,0,0,0,0,1.090064,1090.064
0.007831573,-12,24,0.1013053,0.4241567,0.2660375,0.264,-0.6536835,0.2716394,75,0,1.090064,55.5,0,0,0,0,0,1.090064,1090.064
0.01074409,-12,24,0.1013053,0.4241567,0.2660375,0.264,-0.6536835,0.2716394,75,0,1.090064,55.5,0,0,0,0,0,1.090064,1090.064
0.01473427,-12,24,0.1013053,0.4241567,0.2660375,0.264,-0.6536835,0.2716394,75,0,1.090064,55.5,0,0,0,0,0,1.090064,1090.064
0.01925087,-12,24,0.1013053,0.4241567,0.2660375,0.264,-0.6536835,0.2716394,75,0,1.090064,55.5,0,0,0,0,0,1.090064,1090.064
0.02370644,-12,24,0.1013053,0.4241567,0.2660375,0.264,-0.6536835,0.2716394,75,0,1.090064,55.5,0,0,0,0,0,1.090064,1090.064
0.02587891,-12,24,0.1013053,0.4241567,0.2660375,0.264,-0.6536835,0.2716394,75,0,1.090064,55.5,0,0,0,0,0,1.090064,1090.064
0.02959824,-12,24,0.1013053,0.4241567,0.2660375,0.264,-0.6536835,0.2716394,75,0,1.090064,55.5,0,0,0,0,0,1.090064,1090.064
0.0317955,-12,24,0.1013053,0.4241567,0.2660375,0.264,-0.6536835,0.2716394,75,0,1.090064,55.5,0,0,0,0,0,1.090064,1090.064
0.03414536,-12,24,0.1013053,0.4241567,0.2660375,0.264,-0.6536835,0.2716394,75,0,1.090064,55.5,0,0,0,0,0,1.090064,1090.064
0.03755569,-12,24,0.1013053,0.4241567,0.2660375,0.264,-0.6536835,0.2716394,75,0,1.090064,55.5,0,0,0,0,0,1.090064,1090.064
0.04057121,-12,24,0.1013053,0.4241567,0.2660375,0.264,-0.6536835,0.2716394,75,0,1.090064,55.5,0,0,0,0,0,1.090064,1090.064
0.04276466,-12,24,0.1013053,0.4241567,0.2660375,0.264,-0.6536835,0.2716394,75,0,1.090064,55.5,0,0,0,0,0,1.090064,1090.064
0.04520226,-12,24,0.1013053,0.4241567,0.2660375,0.264,-0.6536835,0.2716394,75,0,1.090064,55.5,0,0,0,0,0,1.090064,1090.064
0.04846001,-12,24,0.1013053,0.4241567,0.2660375,0.264,-0.6536835,0.2716394,75,0,1.090064,55.5,0,0,0,0,0,1.090064,1090.064
0.05114174,-12,24,0.1013053,0.4241567,0.2660375,0.264,-0.6536835,0.2716394,75,0,1.090064,55.5,0,0,0,0,0,1.090064,1090.064
0.05354309,-12,24,0.1013053,0.4241567,0.2660375,0.264,-0.6536835,0.2716394,75,0,1.090064,55.5,0,0,0,0,0,1.090064,1090.064
0.05614853,-12,24,0.1013053,0.4241567,0.2660375,0.264,-0.6536835,0.2716394,75,0,1.090064,55.5,0,0,0,0,0,1.090064,1090.064
0.05834961,-12,24,0.1013053,0.4241567,0.2660375,0.264,-0.6536835,0.2716394,75,0,1.090064,55.5,0,0,0,0,0,1.090064,1090.064
0.06040001,-12,24,0.1013053,0.4241567,0.2660375,0.264,-0.6536835,0.2716394,75,0,1.090064,55.5,0,0,0,0,0,1.090064,1090.064
0.06321335,-12,24,0.1013053,0.4241567,0.2660375,0.264,-0.6536835,0.2716394,75,0,1.090064,55.5,0,0,0,0,0,1.090064,1090.064
0.06555748,-12,24,0.1013053,0.4241567,0.2660375,0.264,-0.6536835,0.2716394,75,0,1.090064,55.5,0,0,0,0,0,1.090064,1090.064
0.06780243,-12,24,0.1013053,0.4241567,0.2660375,0.264,-0.6536835,0.2716394,75,0,1.090064,55.5,0,0,0,0,0,1.090064,1090.064
0.07008743,-12,24,0.1013053,0.4241567,0.2660375,0.264,-0.6536835,0.2716394,75,0,1.090064,55.5,0,0,0,0,0,1.090064,1090.064
0.07246971,-12,24,0.1013053,0.4241567,0.2660375,0.264,-0.6536835,0.2716394,75,0,1.090064,55.5,0,0,0,0,0,1.090064,1090.064
0.07517815,-12,24,0.1013053,0.4241567,0.2660375,0.264,-0.6536835,0.2716394,75,0,1.090064,55.5,0,0,0,0,0,1.090064,1090.064
0.07759285,-12,24,0.1013053,0.4241567,0.2660375,0.264,-0.6536835,0.2716394,75,0,1.090064,55.5,0,0,0,0,0,1.090064,1090.064
0.08061981,-12,24,0.1013053,0.4241567,0.2660375,0.264,-0.6536835,0.2716394,75,0,1.090064,55.5,0,0,0,0,0,1.090064,1090.064
0.08328629,-12,24,0.1013053,0.4241567,0.2660375,0.264,-0.6536835,0.2716394,75,0,1.090064,55.5,0,0,0,0,0,1.090064,1090.064
0.08558464,-12,24,0.1013053,0.4241567,0.2660375,0.264,-0.6536835,0.2716394,75,0,1.090064,55.5,0,0,0,0,0,1.090064,1090.064
0.08811378,-12,24,0.1013053,0.4241567,0.2660375,0.264,-0.6536835,0.2716394,75,0,1.090064,55.5,0,0,0,0,0,1.090064,1090.064
0.09034157,-12,24,0.1013053,0.4241567,0.2660375,0.264,-0.6536835,0.2716394,75,0,1.090064,55.5,0,0,0,0,0,1.090064,1090.064
0.09270859,-12,24,0.1013053,0.4241567,0.2660375,0.264,-0.6536835,0.2716394,75,0,1.090064,55.5,0,0,0,0,0,1.090064,1090.064
0.09556198,-12,24,0.1013053,0.4241567,0.2660375,0.264,-0.6536835,0.2716394,75,0,1.090064,55.5,0,0,0,0,0,1.090064,1090.064
0.09815788,-12,24,0.1013053,0.4241567,0.2660375,0.264,-0.6536835,0.2716394,75,0,1.090064,55.5,0,0,0,0,0,1.090064,1090.064
0.1004562,-12,24,0.1013053,0.4241567,0.2660375,0.264,-0.6536835,0.2716394,75,0,1.090064,55.5,0,0,0,0,0,1.090064,1090.064
0.1026745,-12,24,0.1013053,0.4241567,0.2660375,0.264,-0.6536835,0.2716394,75,0,1.090064,55.5,0,0,0,0,0,1.090064,1090.064
0.1049957,-12,24,0.1013053,0.4241567,0.2660375,0.264,-0.6536835,0.2716394,75,0,1.090064,55.5,0,0,0,0,0,1.090064,1090.064
0.107338,-12,24,0.1013053,0.4241567,0.2660375,0.264,-0.6536835,0.2716394,75,0,1.090064,55.5,0,0,0,0,0,1.090064,1090.064
0.1097088,-12,24,0.1013053,0.4241567,0.2660375,0.264,-0.6536835,0.2716394,75,0,1.090064,55.5,0,0,0,0,0,1.090064,1090.064
0.1122303,-12,24,0.1013053,0.4241567,0.2660375,0.264,-0.6536835,0.2716394,75,0,1.090064,55.5,0,0,0,0,0,1.090064,1090.064
0.1150036,-12,24,0.1013053,0.4241567,0.2660375,0.264,-0.6536835,0.2716394,75,0,1.090064,55.5,0,0,0,0,0,1.090064,1090.064
0.1172466,-12,24,0.1013053,0.4241567,0.2660375,0.264,-0.6536835,0.2716394,75,0,1.090064,55.5,0,0,0,0,0,1.090064,1090.064
0.1196289,-12,24,0.1013053,0.4241567,0.2660375,0.264,-0.6536835,0.2716394,75,0,1.090064,55.5,0,0,0,0,0,1.090064,1090.064
0.1230545,-12,24,0.1013053,0.4241567,0.2660375,0.264,-0.6536835,0.2716394,75,0,1.090064,55.5,0,0,0,0,0,1.090064,1090.064
0.1257305,-12,24,0.1013053,0.4241567,0.2660375,0.264,-0.6536835,0.2716394,75,0,1.090064,55.5,0,0,0,0,0,1.090064,1090.064
0.1330242,-12,24,0.1013053,0.4241567,0.2660375,0.264,-0.6536835,0.2716394,75,0,1.090064,55.5,0,0,0,0,0,1.090064,1090.064
0.1368561,-12,24,0.1013053,0.4241567,0.2660375,0.264,-0.6536835,0.2716394,75,0,1.090064,55.5,0,0,0,0,0,1.090064,1090.064
0.1408863,-12,24,0.1013053,0.4241567,0.2660375,0.264,-0.6536835,0.2716394,75,0,1.090064,55.5,0,0,0,0,0,1.090064,1090.064
0.1442127,-12,24,0.1013053,0.4241567,0.2660375,0.264,-0.6536835,0.2716394,75,0,1.090064,55.5,0,0,0,0,0,1.090064,1090.064
0.1476994,-12,24,0.1013053,0.4241567,0.2660375,0.264,-0.6536835,0.2716394,75,0,1.090064,55.5,0,0,0,0,0,1.090064,1090.064
0.1513824,-12,24,0.1013053,0.4241567,0.2660375,0.264,-0.6536835,0.2716394,75,0,1.090064,55.5,0,0,0,0,0,1.090064,1090.064
0.1546593,-12,24,0.1013053,0.4241567,0.2660375,0.264,-0.6536835,0.2716394,75,0,1.090064,55.5,0,0,0,0,0,1.090064,1090.064
0.1578026,-12,24,0.1013053,0.4241567,0.2660375,0.264,-0.6536835,0.2716394,75,0,1.090064,55.5,0,0,0,0,0,1.090064,1090.064
0.160759,-12,24,0.1013053,0.4241567,0.2660375,0.264,-0.6536835,0.2716394,75,0,1.090064,55.5,0,0,0,0,0,1.090064,1090.064
0.1640968,-12,24,0.1013053,0.4241567,0.2660375,0.264,-0.6536835,0.2716394,75,0,1.090064,55.5,0,0,0,0,0,1.090064,1090.064
0.1669044,-12,24,0.1013053,0.4241567,0.2660375,0.264,-0.6536835,0.2716394,75,0,1.090064,55.5,0,0,0,0,0,1.090064,1090.064
0.1690445,-12,24,0.1013053,0.4241567,0.2660375,0.264,-0.6536835,0.2716394,75,0,1.090064,55.5,0,0,0,0,0,1.090064,1090.064
0.17243,-12,24,0.1013053,0.4241567,0.2660375,0.264,-0.6536835,0.2716394,75,0,1.090064,55.5,0,0,0,0,0,1.090064,1090.064
0.1755524,-12,24,0.1013053,0.4241567,0.2660375,0.264,-0.6536835,0.2716394,75,0,1.090064,55.5,0,0,0,0,0,1.090064,1090.064
0.1822643,-12,24,0.1013053,0.4241567,0.2660375,0.264,-0.6536835,0.2716394,75,0,1.090064,55.5,0,0,0,0,0,1.090064,1090.064
0.1845303,-12,24,0.1013053,0.4241567,0.2660375,0.264,-0.6536835,0.2716394,75,0,1.090064,55.5,0,0,0,0,0,1.090064,1090.064
0.1878452,-12,24,0.1013053,0.4241567,0.2660375,0.264,-0.6536835,0.2716394,75,0,1.090064,55.5,0,0,0,0,0,1.090064,1090.064
0.1900883,-12,24,0.1013053,0.4241567,0.2660375,0.264,-0.6536835,0.2716394,75,0,1.090064,55.5,0,0,0,0,0,1.090064,1090.064
0.192461,-12,24,0.1013053,0.4241567,0.2660375,0.264,-0.6536835,0.2716394,75,0,1.090064,55.5,0,0,0,0,0,1.090064,1090.064
0.1965504,-12,24,0.1013053,0.4241567,0.2660375,0.264,-0.6536835,0.2716394,75,0,1.090064,55.5,0,0,0,0,0,1.090064,1090.064
0.1988125,-12,24,0.1013053,0.4241567,0.2660375,0.264,-0.6536835,0.2716394,75,0,1.090064,55.5,0,0,0,0,0,1.090064,1090.064
0.2011032,-12,24,0.1013053,0.4241567,0.2660375,0.264,-0.6536835,0.2716394,75,0,1.090064,55.5,0,0,0,0,0,1.090064,1090.064
0.2033749,-12,24,0.1013053,0.4241567,0.2660375,0.264,-0.6536835,0.2716394,75,0,1.090064,55.5,0,0,0,0,0,1.090064,1090.064
0.2056923,-12,24,0.1013053,0.4241567,0.2660375,0.264,-0.6536835,0.2716394,75,0,1.090064,55.5,0,0,0,0,0,1.090064,1090.064
0.2080879,-12,24,0.1013053,0.4241567,0.2660375,0.264,-0.6536835,0.2716394,75,0,1.090064,55.5,0,0,0,0,0,1.090064,1090.064
0.2115173,-12,24,0.1013053,0.4241567,0.2660375,0.264,-0.6536835,0.2716394,75,0,1.090064,55.5,0,0,0,0,0,1.090064,1090.064
0.2146454,-12,24,0.1013053,0.4241567,0.2660375,0.264,-0.6536835,0.2716394,75,0,1.090064,55.5,0,0,0,0,0,1.090064,1090.064
0.2184753,-12,24,0.1013053,0.4241567,0.2660375,0.264,-0.6536835,0.2716394,75,0,1.090064,55.5,0,0,0,0,0,1.090064,1090.064
0.2207336,-12,24,0.1013053,0.4241567,0.2660375,0.264,-0.6536835,0.2716394,75,0,1.090064,55.5,0,0,0,0,0,1.090064,1090.064
0.2249699,-12,24,0.1013053,0.4241567,0.2660375,0.264,-0.6536835,0.2716394,75,0,1.090064,55.5,0,0,0,0,0,1.090064,1090.064
0.2272663,-12,24,0.1013053,0.4241567,0.2660375,0.264,-0.6536835,0.2716394,75,0,1.090064,55.5,0,0,0,0,0,1.090064,1090.064
0.2300167,-12,24,0.1013053,0.4241567,0.2660375,0.264,-0.6536835,0.2716394,75,0,1.090064,55.5,0,0,0,0,0,1.090064,1090.064
0.2333889,-12,24,0.1013053,0.4241567,0.2660375,0.264,-0.6536835,0.2716394,75,0,1.090064,55.5,0,0,0,0,0,1.090064,1090.064
0.236042,-12,24,0.1013053,0.4241567,0.2660375,0.264,-0.6536835,0.2716394,75,0,1.090064,55.5,0,0,0,0,0,1.090064,1090.064
0.239687,-12,24,0.1013053,0.4241567,0.2660375,0.264,-0.6536835,0.2716394,75,0,1.090064,55.5,0,0,0,0,0,1.090064,1090.064
0.2420464,-12,24,0.1013053,0.4241567,0.2660375,0.264,-0.6536835,0.2716394,75,0,1.090064,55.5,0,0,0,0,0,1.090064,1090.064
0.2458019,-12,24,0.1013053,0.4241567,0.2660375,0.264,-0.6536835,0.2716394,75,0,1.090064,55.5,0,0,0,0,0,1.090064,1090.064
0.2488804,-12,24,0.1013053,0.4241567,0.2660375,0.264,-0.6536835,0.2716394,75,0,1.090064,55.5,0,0,0,0,0,1.090064,1090.064
0.2512417,-12,24,0.1013053,0.4241567,0.2660375,0.264,-0.6536835,0.2716394,75,0,1.090064,55.5,0,0,0,0,0,1.090064,1090.064
0.2539234,-12,24,0.1013053,0.4241567,0.2660375,0.264,-0.6536835,0.2716394,75,0,1.090064,55.5,0,0,0,0,0,1.090064,1090.064
0.2566242,-12,24,0.1013053,0.4241567,0.2660375,0.264,-0.6536835,0.2716394,75,0,1.090064,55.5,0,0,0,0,0,1.090064,1090.064
0.2589588,-12,24,0.1013053,0.4241567,0.2660375,0.264,-0.6536835,0.2716394,75,0,1.090064,55.5,0,0,0,0,0,1.090064,1090.064
0.2619762,-12,24,0.1013053,0.4241567,0.2660375,0.264,-0.6536835,0.2716394,75,0,1.090064,55.5,0,0,0,0,0,1.090064,1090.064
0.2645741,-12,24,0.1013053,0.4241567,0.2660375,0.264,-0.6536835,0.2716394,75,0,1.090064,55.5,0,0,0,0,0,1.090064,1090.064
0.269701,-12,24,0.1013053,0.4241567,0.2660375,0.264,-0.6536835,0.2716394,75,0,1.090064,55.5,0,0,0,0,0,1.090064,1090.064
0.2763138,-12,24,0.1013053,0.4241567,0.2660375,0.264,0.05955685,0.4867862,19.5,0,0.4562155,27.75,-8390.53,0,0,0,0.7449832,1.090064,1.463207
0.2795486,-12,24,0.1013053,0.4241567,0.2660375,0.264,0.05955685,0.4867862,19.5,0,0.4562155,27.75,0,0,0,0,0.7449832,1.090064,1.463207
0.2819557,-12,24,0.1013053,0.4241567,0.2660375,0.264,0.05955685,0.4867862,19.5,0,0.4562155,27.75,0,0,0,0,0.7449832,1.090064,1.463207
0.2844925,-12,24,0.1013053,0.4241567,0.2660375,0.264,0.05955685,0.4867862,19.5,0,0.4562155,27.75,0,0,0,0,0.7449832,1.090064,1.463207
0.2869453,-12,24,0.1013053,0.4241567,0.2660375,0.264,0.05955685,0.4867862,19.5,0,0.4562155,27.75,0,0,0,0,0.7449832,1.090064,1.463207
0.2892151,-12,24,0.1013053,0.4241567,0.2660375,0.264,0.05955685,0.4867862,19.5,0,0.4562155,27.75,0,0,0,0,0.7449832,1.090064,1.463207
0.2914467,-12,24,0.1013053,0.4241567,0.2660375,0.264,0.05955685,0.4867862,19.5,0,0.4562155,27.75,0,0,0,0,0.7449832,1.090064,1.463207
0.293972,-12,24,0.1013053,0.4241567,0.2660375,0.264,0.05955685,0.4867862,19.5,0,0.4562155,27.75,0,0,0,0,0.7449832,1.090064,1.463207
0.2976151,-12,24,0.1013053,0.4241567,0.2660375,0.264,0.05955685,0.4867862,19.5,0,0.4562155,27.75,0,0,0,0,0.7449832,1.090064,1.463207
0.3012447,-12,24,0.1013053,0.4241567,0.2660375,0.264,0.05955685,0.4867862,19.5,0,0.4562155,27.75,0,0,0,0,0.7449832,1.090064,1.463207
0.3064976,-12,24,0.1013053,0.4241567,0.2660375,0.264,0.05955685,0.4867862,19.5,0,0.4562155,27.75,0,0,0,0,0.7449832,1.090064,1.463207
0.308754,-12,24,0.1013053,0.4241567,0.2660375,0.264,0.05955685,0.4867862,19.5,0,0.4562155,27.75,0,0,0,0,0.7449832,1.090064,1.463207
0.3109417,-12,24,0.1013053,0.4241567,0.2660375,0.264,0.05955685,0.4867862,19.5,0,0.4562155,27.75,0,0,0,0,0.7449832,1.090064,1.463207
0.3142376,-12,24,0.1013053,0.4241567,0.2660375,0.264,0.05955685,0.4867862,19.5,0,0.4562155,27.75,0,0,0,0,0.7449832,1.090064,1.463207
0.3172207,-12,24,0.1013053,0.4241567,0.2660375,0.264,0.05955685,0.4867862,19.5,0,0.4562155,27.75,0,0,0,0,0.7449832,1.090064,1.463207
0.3195629,-12,24,0.1013053,0.4241567,0.2660375,0.264,0.05955685,0.4867862,19.5,0,0.4562155,27.75,0,0,0,0,0.7449832,1.090064,1.463207
0.3219166,-12,24,0.1013053,0.4241567,0.2660375,0.264,0.05955685,0.4867862,19.5,0,0.4562155,27.75,0,0,0,0,0.7449832,1.090064,1.463207
0.3242512,-12,24,0.1013053,0.4241567,0.2660375,0.264,0.05955685,0.4867862,19.5,0,0.4562155,27.75,0,0,0,0,0.7449832,1.090064,1.463207
0.326704,-12,24,0.1013053,0.4241567,0.2660375,0.264,0.05955685,0.4867862,19.5,0,0.4562155,27.75,0,0,0,0,0.7449832,1.090064,1.463207
0.3292484,-12,24,0.1013053,0.4241567,0.2660375,0.264,0.05955685,0.4867862,19.5,0,0.4562155,27.75,0,0,0,0,0.7449832,1.090064,1.463207
0.3320866,-12,24,0.1013053,0.4241567,0.2660375,0.264,0.05955685,0.4867862,19.5,0,0.4562155,27.75,0,0,0,0,0.7449832,1.090064,1.463207
0.3349895,-12,24,0.1013053,0.4241567,0.2660375,0.264,0.05955685,0.4867862,19.5,0,0.4562155,27.75,0,0,0,0,0.7449832,1.090064,1.463207
0.3374977,-12,24,0.1013053,0.4241567,0.2660375,0.264,0.05955685,0.4867862,19.5,0,0.4562155,27.75,0,0,0,0,0.7449832,1.090064,1.463207
0.3397694,-12,24,0.1013053,0.4241567,0.2660375,0.264,0.05955685,0.4867862,19.5,0,0.4562155,27.75,0,0,0,0,0.7449832,1.090064,1.463207
0.3420258,-12,24,0.1013053,0.4241567,0.2660375,0.264,0.05955685,0.4867862,19.5,0,0.4562155,27.75,0,0,0,0,0.7449832,1.090064,1.463207
0.3443356,-12,24,0.1013053,0.4241567,0.2660375,0.264,0.05955685,0.4867862,19.5,0,0.4562155,27.75,0,0,0,0,0.7449832,1.090064,1.463207
0.3475456,-12,24,0.1013053,0.4241567,0.2660375,0.264,0.05955685,0.4867862,19.5,0,0.4562155,27.75,0,0,0,0,0.7449832,1.090064,1.463207
0.350172,-12,24,0.1013053,0.4241567,0.2660375,0.264,0.05955685,0.4867862,19.5,0,0.4562155,27.75,0,0,0,0,0.7449832,1.090064,1.463207
0.3526039,-12,24,0.1013053,0.4241567,0.2660375,0.264,0.05955685,0.4867862,19.5,0,0.4562155,27.75,0,0,0,0,0.7449832,1.090064,1.463207
0.3552437,-12,24,0.1013053,0.4241567,0.2660375,0.264,0.05955685,0.4867862,19.5,0,0.4562155,27.75,0,0,0,0,0.7449832,1.090064,1.463207
0.3574123,-12,24,0.1013053,0.4241567,0.2660375,0.264,0.05955685,0.4867862,19.5,0,0.4562155,27.75,0,0,0,0,0.7449832,1.090064,1.463207
0.3595543,-12,24,0.1013053,0.4241567,0.2660375,0.264,0.05955685,0.4867862,19.5,0,0.4562155,27.75,0,0,0,0,0.7449832,1.090064,1.463207
0.362011,-12,24,0.1013053,0.4241567,0.2660375,0.264,0.05955685,0.4867862,19.5,0,0.4562155,27.75,0,0,0,0,0.7449832,1.090064,1.463207
0.3645096,-12,24,0.1013053,0.4241567,0.2660375,0.264,0.05955685,0.4867862,19.5,0,0.4562155,27.75,0,0,0,0,0.7449832,1.090064,1.463207
0.3667412,-12,24,0.1013053,0.4241567,0.2660375,0.264,0.05955685,0.4867862,19.5,0,0.4562155,27.75,0,0,0,0,0.7449832,1.090064,1.463207
0.3690224,-12,24,0.1013053,0.4241567,0.2660375,0.264,0.05955685,0.4867862,19.5,0,0.4562155,27.75,0,0,0,0,0.7449832,1.090064,1.463207
0.3712387,-12,24,0.1013053,0.4241567,0.2660375,0.264,0.05955685,0.4867862,19.5,0,0.4562155,27.75,0,0,0,0,0.7449832,1.090064,1.463207
0.3738804,-12,24,0.1013053,0.4241567,0.2660375,0.264,0.05955685,0.4867862,19.5,0,0.4562155,27.75,0,0,0,0,0.7449832,1.090064,1.463207
0.3769913,-12,24,0.1013053,0.4241567,0.2660375,0.264,0.05955685,0.4867862,19.5,0,0.4562155,27.75,0,0,0,0,0.7449832,1.090064,1.463207
0.3800735,-12,24,0.1013053,0.4241567,0.2660375,0.264,0.05955685,0.4867862,19.5,0,0.4562155,27.75,0,0,0,0,0.7449832,1.090064,1.463207
0.3827343,-12,24,0.1013053,0.4241567,0.2660375,0.264,0.05955685,0.4867862,19.5,0,0.4562155,27.75,0,0,0,0,0.7449832,1.090064,1.463207
0.3849773,-12,24,0.1013053,0.4241567,0.2660375,0.264,0.05955685,0.4867862,19.5,0,0.4562155,27.75,0,0,0,0,0.7449832,1.090064,1.463207
0.3872261,-12,24,0.1013053,0.4241567,0.2660375,0.264,0.05955685,0.4867862,19.5,0,0.4562155,27.75,0,0,0,0,0.7449832,1.090064,1.463207
0.395752,-12,24,0.1013053,0.4241567,0.2660375,0.264,0.05955685,0.4867862,19.5,0,0.4562155,27.75,0,0,0,0,0.7449832,1.090064,1.463207
0.4052677,-12,24,0.1013053,0.4241567,0.2660375,0.264,0.05955685,0.4867862,19.5,0,0.4562155,27.75,0,0,0,0,0.7449832,1.090064,1.463207
0.4142361,-12,24,0.1013053,0.4241567,0.2660375,0.264,0.06640495,0.4854284,19,0,0.450098,27.5,-55.74882,0,0,0,0.7519646,1.090064,1.449622
0.4227543,-12,24,0.1013053,0.4241567,0.2660375,0.264,0.07597173,0.4834273,18.3,0,0.4415435,27.14999,-82.179,0,0,0,0.7617384,1.090064,1.431022
0.4313545,-12,24,0.1013053,0.4241567,0.2660375,0.264,0.0827897,0.4819265,17.8,0,0.4354412,26.89999,-58.14089,0,0,0,0.7687196,1.090064,1.418026
0.4402885,-12,24,0.1013053,0.4241567,0.2660375,0.264,0.08959449,0.4803662,17.3,0,0.4293463,26.64999,-55.9666,0,0,0,0.775701,1.090064,1.405264
0.4498825,-12,24,0.1013053,0.4241567,0.2660375,0.264,0.09909766,0.4780822,16.6,0,0.4208276,26.3,-72.95226,0,0,0,0.7854748,1.090064,1.387778
0.4581604,-12,24,0.1013053,0.4241567,0.2660375,0.264,0.1099233,0.47533,15.8,0,0.411115,25.89999,-96.64756,0,0,0,0.7966448,1.090064,1.368319
0.4667568,-12,24,0.1013053,0.4241567,0.2660375,0.264,0.1153214,0.4738973,15.4,0,0.406269,25.7,-46.52901,0,0,0,0.8022298,1.090064,1.358793
0.4747829,-12,24,0.1013053,0.4241567,0.2660375,0.264,0.1193634,0.472798,15.1,0,0.4026393,25.55,-37.37749,0,0,0,0.8064186,1.090064,1.351735
0.4836311,-12,24,0.1013053,0.4241567,0.2660375,0.264,0.1220549,0.4720535,14.9,0,0.400222,25.45,-22.60713,0,0,0,0.8092111,1.090064,1.34707
0.4900284,-12,24,0.1013053,0.4241567,0.2660375,0.264,0.126087,0.470919,14.6,0,0.3965999,25.3,-46.8932,0,0,0,0.8133999,1.090064,1.340133
0.4922943,-12,24,0.1013053,0.4241567,0.2660375,0.264,0.126087,0.470919,14.6,0,0.3965999,25.3,0,0,0,0,0.8133999,1.090064,1.340133
0.4953194,-12,24,0.1013053,0.4241567,0.2660375,0.264,0.126087,0.470919,14.6,0,0.3965999,25.3,0,0,0,0,0.8133999,1.090064,1.340133
0.4978333,-12,24,0.1013053,0.4241567,0.2660375,0.264,0.126087,0.470919,14.6,0,0.3965999,25.3,0,0,0,0,0.8133999,1.090064,1.340133
0.5003414,-12,24,0.1013053,0.4241567,0.2660375,0.264,0.126087,0.470919,14.6,0,0.3965999,25.3,0,0,0,0,0.8133999,1.090064,1.340133
0.5026951,-12,24,0.1013053,0.4241567,0.2660375,0.264,0.126087,0.470919,14.6,0,0.3965999,25.3,0,0,0,0,0.8133999,1.090064,1.340133
0.5049572,-12,24,0.1013053,0.4241567,0.2660375,0.264,0.126087,0.470919,14.6,0,0.3965999,25.3,0,0,0,0,0.8133999,1.090064,1.340133
0.5071201,-12,24,0.1013053,0.4241567,0.2660375,0.264,0.126087,0.470919,14.6,0,0.3965999,25.3,0,0,0,0,0.8133999,1.090064,1.340133
0.5093174,-12,24,0.1013053,0.4241567,0.2660375,0.264,0.126087,0.470919,14.6,0,0.3965999,25.3,0,0,0,0,0.8133999,1.090064,1.340133
0.5119076,-12,24,0.1013053,0.4241567,0.2660375,0.264,0.126087,0.470919,14.6,0,0.3965999,25.3,0,0,0,0,0.8133999,1.090064,1.340133
0.5147552,-12,24,0.1013053,0.4241567,0.2660375,0.264,0.126087,0.470919,14.6,0,0.3965999,25.3,0,0,0,0,0.8133999,1.090064,1.340133
0.5176792,-12,24,0.1013053,0.4241567,0.2660375,0.264,0.126087,0.470919,14.6,0,0.3965999,25.3,0,0,0,0,0.8133999,1.090064,1.340133
0.5203972,-12,24,0.1013053,0.4241567,0.2660375,0.264,0.126087,0.470919,14.6,0,0.3965999,25.3,0,0,0,0,0.8133999,1.090064,1.340133
0.5227909,-12,24,0.1013053,0.4241567,0.2660375,0.264,0.126087,0.470919,14.6,0,0.3965999,25.3,0,0,0,0,0.8133999,1.090064,1.340133
0.5254116,-12,24,0.1013053,0.4241567,0.2660375,0.264,0.126087,0.470919,14.6,0,0.3965999,25.3,0,0,0,0,0.8133999,1.090064,1.340133
0.5278645,-12,24,0.1013053,0.4241567,0.2660375,0.264,0.126087,0.470919,14.6,0,0.3965999,25.3,0,0,0,0,0.8133999,1.090064,1.340133
0.531004,-12,24,0.1013053,0.4241567,0.2660375,0.264,0.126087,0.470919,14.6,0,0.3965999,25.3,0,0,0,0,0.8133999,1.090064,1.340133
0.5337734,-12,24,0.1013053,0.4241567,0.2660375,0.264,0.126087,0.470919,14.6,0,0.3965999,25.3,0,0,0,0,0.8133999,1.090064,1.340133
0.5366116,-12,24,0.1013053,0.4241567,0.2660375,0.264,0.126087,0.470919,14.6,0,0.3965999,25.3,0,0,0,0,0.8133999,1.090064,1.340133
0.5388031,-12,24,0.1013053,0.4241567,0.2660375,0.264,0.126087,0.470919,14.6,0,0.3965999,25.3,0,0,0,0,0.8133999,1.090064,1.340133
0.5410442,-12,24,0.1013053,0.4241567,0.2660375,0.264,0.126087,0.470919,14.6,0,0.3965999,25.3,0,0,0,0,0.8133999,1.090064,1.340133
0.5432854,-12,24,0.1013053,0.4241567,0.2660375,0.264,0.126087,0.470919,14.6,0,0.3965999,25.3,0,0,0,0,0.8133999,1.090064,1.340133
0.5456944,-12,24,0.1013053,0.4241567,0.2660375,0.264,0.126087,0.470919,14.6,0,0.3965999,25.3,0,0,0,0,0.8133999,1.090064,1.340133
0.5480366,-12,24,0.1013053,0.4241567,0.2660375,0.264,0.126087,0.470919,14.6,0,0.3965999,25.3,0,0,0,0,0.8133999,1.090064,1.340133
0.5502834,-12,24,0.1013053,0.4241567,0.2660375,0.264,0.126087,0.470919,14.6,0,0.3965999,25.3,0,0,0,0,0.8133999,1.090064,1.340133
0.5527439,-12,24,0.1013053,0.4241567,0.2660375,0.264,0.126087,0.470919,14.6,0,0.3965999,25.3,0,0,0,0,0.8133999,1.090064,1.340133
0.5554142,-12,24,0.1013053,0.4241567,0.2660375,0.264,0.126087,0.470919,14.6,0,0.3965999,25.3,0,0,0,0,0.8133999,1.090064,1.340133
0.5578327,-12,24,0.1013053,0.4241567,0.2660375,0.264,0.126087,0.470919,14.6,0,0.3965999,25.3,0,0,0,0,0.8133999,1.090064,1.340133
0.5602341,-12,24,0.1013053,0.4241567,0.2660375,0.264,0.126087,0.470919,14.6,0,0.3965999,25.3,0,0,0,0,0.8133999,1.090064,1.340133
0.5633335,-12,24,0.1013053,0.4241567,0.2660375,0.264,0.126087,0.470919,14.6,0,0.3965999,25.3,0,0,0,0,0.8133999,1.090064,1.340133
0.5656929,-12,24,0.1013053,0.4241567,0.2660375,0.264,0.126087,0.470919,14.6,0,0.3965999,25.3,0,0,0,0,0.8133999,1.090064,1.340133
0.5683022,-12,24,0.1013053,0.4241567,0.2660375,0.264,0.126087,0.470919,14.6,0,0.3965999,25.3,0,0,0,0,0.8133999,1.090064,1.340133
0.5705566,-12,24,0.1013053,0.4241567,0.2660375,0.264,0.126087,0.470919,14.6,0,0.3965999,25.3,0,0,0,0,0.8133999,1.090064,1.340133
0.572773,-12,24,0.1013053,0.4241567,0.2660375,0.264,0.126087,0.470919,14.6,0,0.3965999,25.3,0,0,0,0,0.8133999,1.090064,1.340133
0.5753365,-12,24,0.1013053,0.4241567,0.2660375,0.264,0.126087,0.470919,14.6,0,0.3965999,25.3,0,0,0,0,0.8133999,1.090064,1.340133
0.5774765,-12,24,0.1013053,0.4241567,0.2660375,0.264,0.126087,0.470919,14.6,0,0.3965999,25.3,0,0,0,0,0.8133999,1.090064,1.340133
0.5803909,-12,24,0.1013053,0.4241567,0.2660375,0.264,0.126087,0.470919,14.6,0,0.3965999,25.3,0,0,0,0,0.8133999,1.090064,1.340133
0.5826302,-12,24,0.1013053,0.4241567,0.2660375,0.264,0.126087,0.470919,14.6,0,0.3965999,25.3,0,0,0,0,0.8133999,1.090064,1.340133
0.5847969,-12,24,0.1013053,0.4241567,0.2660375,0.264,0.126087,0.470919,14.6,0,0.3965999,25.3,0,0,0,0,0.8133999,1.090064,1.340133
0.5870991,-12,24,0.1013053,0.4241567,0.2660375,0.264,0.126087,0.470919,14.6,0,0.3965999,25.3,0,0,0,0,0.8133999,1.090064,1.340133
0.5893955,-12,24,0.1013053,0.4241567,0.2660375,0.264,0.126087,0.470919,14.6,0,0.3965999,25.3,0,0,0,0,0.8133999,1.090064,1.340133
0.5919971,-12,24,0.1013053,0.4241567,0.2660375,0.264,0.126087,0.470919,14.6,0,0.3965999,25.3,0,0,0,0,0.8133999,1.090064,1.340133
0.5944061,-12,24,0.1013053,0.4241567,0.2660375,0.264,0.126087,0.470919,14.6,0,0.3965999,25.3,0,0,0,0,0.8133999,1.090064,1.340133
0.5973415,-12,24,0.1013053,0.4241567,0.2660375,0.264,0.126087,0.470919,14.6,0,0.3965999,25.3,0,0,0,0,0.8133999,1.090064,1.340133
0.5996017,-12,24,0.1013053,0.4241567,0.2660375,0.264,0.126087,0.470919,14.6,0,0.3965999,25.3,0,0,0,0,0.8133999,1.090064,1.340133
0.6018658,-12,24,0.1013053,0.4241567,0.2660375,0.264,0.126087,0.470919,14.6,0,0.3965999,25.3,0,0,0,0,0.8133999,1.090064,1.340133
0.6041164,-12,24,0.1013053,0.4241567,0.2660375,0.264,0.126087,0.470919,14.6,0,0.3965999,25.3,0,0,0,0,0.8133999,1.090064,1.340133
0.6063004,-12,24,0.1013053,0.4241567,0.2660375,0.264,0.126087,0.470919,14.6,0,0.3965999,25.3,0,0,0,0,0.8133999,1.090064,1.340133
0.6090488,-12,24,0.1013053,0.4241567,0.2660375,0.264,0.126087,0.470919,14.6,0,0.3965999,25.3,0,0,0,0,0.8133999,1.090064,1.340133
0.615551,-12,24,0.1013053,0.4241567,0.2660375,0.264,0.126087,0.470919,14.6,0,0.3965999,25.3,0,0,0,0,0.8133999,1.090064,1.340133
0.6182938,-12,24,0.1013053,0.4241567,0.2660375,0.264,0.126087,0.470919,14.6,0,0.3965999,25.3,0,0,0,0,0.8133999,1.090064,1.340133
0.620718,-12,24,0.1013053,0.4241567,0.2660375,0.264,0.126087,0.470919,14.6,0,0.3965999,25.3,0,0,0,0,0.8133999,1.090064,1.340133
0.6236191,-12,24,0.1013053,0.4241567,0.2660375,0.264,0.126087,0.470919,14.6,0,0.3965999,25.3,0,0,0,0,0.8133999,1.090064,1.340133
0.6261005,-12,24,0.1013053,0.4241567,0.2660375,0.264,0.126087,0.470919,14.6,0,0.3965999,25.3,0,0,0,0,0.8133999,1.090064,1.340133
0.6287327,-12,24,0.1013053,0.4241567,0.2660375,0.264,0.126087,0.470919,14.6,0,0.3965999,25.3,0,0,0,0,0.8133999,1.090064,1.340133
0.6324062,-12,24,0.1013053,0.4241567,0.2660375,0.264,0.126087,0.470919,14.6,0,0.3965999,25.3,0,0,0,0,0.8133999,1.090064,1.340133
0.6350822,-12,24,0.1013053,0.4241567,0.2660375,0.264,0.126087,0.470919,14.6,0,0.3965999,25.3,0,0,0,0,0.8133999,1.090064,1.340133
0.6374931,-12,24,0.1013053,0.4241567,0.2660375,0.264,0.126087,0.470919,14.6,0,0.3965999,25.3,0,0,0,0,0.8133999,1.090064,1.340133
0.6400204,-12,24,0.1013053,0.4241567,0.2660375,0.264,0.126087,0.470919,14.6,0,0.3965999,25.3,0,0,0,0,0.8133999,1.090064,1.340133
0.6426811,-12,24,0.1013053,0.4241567,0.2660375,0.264,0.126087,0.470919,14.6,0,0.3965999,25.3,0,0,0,0,0.8133999,1.090064,1.340133
0.6454182,-12,24,0.1013053,0.4241567,0.2660375,0.264,0.126087,0.470919,14.6,0,0.3965999,25.3,0,0,0,0,0.8133999,1.090064,1.340133
0.6481228,-12,24,0.1013053,0.4241567,0.2660375,0.264,0.126087,0.470919,14.6,0,0.3965999,25.3,0,0,0,0,0.8133999,1.090064,1.340133
0.6504898,-12,24,0.1013053,0.4241567,0.2660375,0.264,0.126087,0.470919,14.6,0,0.3965999,25.3,0,0,0,0,0.8133999,1.090064,1.340133
0.652895,-12,24,0.1013053,0.4241567,0.2660375,0.264,0.126087,0.470919,14.6,0,0.3965999,25.3,0,0,0,0,0.8133999,1.090064,1.340133
0.6556625,-12,24,0.1013053,0.4241567,0.2660375,0.264,0.126087,0.470919,14.6,0,0.3965999,25.3,0,0,0,0,0.8133999,1.090064,1.340133
0.6579628,-12,24,0.1013053,0.4241567,0.2660375,0.264,0.126087,0.470919,14.6,0,0.3965999,25.3,0,0,0,0,0.8133999,1.090064,1.340133
0.6601734,-12,24,0.1013053,0.4241567,0.2660375,0.264,0.126087,0.470919,14.6,0,0.3965999,25.3,0,0,0,0,0.8133999,1.090064,1.340133
0.6631203,-12,24,0.1013053,0.4241567,0.2660375,0.264,0.126087,0.470919,14.6,0,0.3965999,25.3,0,0,0,0,0.8133999,1.090064,1.340133
0.6655712,-12,24,0.1013053,0.4241567,0.2660375,0.264,0.126087,0.470919,14.6,0,0.3965999,25.3,0,0,0,0,0.8133999,1.090064,1.340133
0.6677856,-12,24,0.1013053,0.4241567,0.2660375,0.264,0.126087,0.470919,14.6,0,0.3965999,25.3,0,0,0,0,0.8133999,1.090064,1.340133
0.670084,-12,24,0.1013053,0.4241567,0.2660375,0.264,0.126087,0.470919,14.6,0,0.3965999,25.3,0,0,0,0,0.8133999,1.090064,1.340133
0.6730385,-12,24,0.1013053,0.4241567,0.2660375,0.264,0.126087,0.470919,14.6,0,0.3965999,25.3,0,0,0,0,0.8133999,1.090064,1.340133
0.6757984,-12,24,0.1013053,0.4241567,0.2660375,0.264,0.126087,0.470919,14.6,0,0.3965999,25.3,0,0,0,0,0.8133999,1.090064,1.340133
0.6781616,-12,24,0.1013053,0.4241567,0.2660375,0.264,0.126087,0.470919,14.6,0,0.3965999,25.3,0,0,0,0,0.8133999,1.090064,1.340133
0.6810741,-12,24,0.1013053,0.4241567,0.2660375,0.264,0.126087,0.470919,14.6,0,0.3965999,25.3,0,0,0,0,0.8133999,1.090064,1.340133
0.6845856,-12,24,0.1013053,0.4241567,0.2660375,0.264,0.126087,0.470919,14.6,0,0.3965999,25.3,0,0,0,0,0.8133999,1.090064,1.340133
0.6872482,-12,24,0.1013053,0.4241567,0.2660375,0.264,0.126087,0.470919,14.6,0,0.3965999,25.3,0,0,0,0,0.8133999,1.090064,1.340133
0.6895504,-12,24,0.1013053,0.4241567,0.2660375,0.264,0.126087,0.470919,14.6,0,0.3965999,25.3,0,0,0,0,0.8133999,1.090064,1.340133
0.6919174,-12,24,0.1013053,0.4241567,0.2660375,0.264,0.126087,0.470919,14.6,0,0.3965999,25.3,0,0,0,0,0.8133999,1.090064,1.340133
0.6940842,-12,24,0.1013053,0.4241567,0.2660375,0.264,0.126087,0.470919,14.6,0,0.3965999,25.3,0,0,0,0,0.8133999,1.090064,1.340133
0.6971378,-12,24,0.1013053,0.4241567,0.2660375,0.264,0.126087,0.470919,14.6,0,0.3965999,25.3,0,0,0,0,0.8133999,1.090064,1.340133
0.6996002,-12,24,0.1013053,0.4241567,0.2660375,0.264,0.126087,0.470919,14.6,0,0.3965999,25.3,0,0,0,0,0.8133999,1.090064,1.340133
0.7024193,-12,24,0.1013053,0.4241567,0.2660375,0.264,0.126087,0.470919,14.6,0,0.3965999,25.3,0,0,0,0,0.8133999,1.090064,1.340133
0.7067566,-12,24,0.1013053,0.4241567,0.2660375,0.264,0.126087,0.470919,14.6,0,0.3965999,25.3,0,0,0,0,0.8133999,1.090064,1.340133
0.7155933,-12,24,0.1013053,0.4241567,0.2660375,0.264,0.1287719,0.4701509,14.4,0,0.3941878,25.2,-22.6322,0,0,0,0.8161924,1.090064,1.335548
0.7270889,-12,24,0.1013053,0.4241567,0.2660375,0.264,0.131454,0.4693735,14.2,0,0.3917779,25.10001,-17.39976,0,0,0,0.818985,1.090064,1.330994
0.7370625,-12,24,0.1013053,0.4241567,0.2660375,0.264,0.135472,0.4681898,13.9,0,0.3881674,24.95,-30.07671,0,0,0,0.8231737,1.090064,1.324222
0.7454243,-12,24,0.1013053,0.4241567,0.2660375,0.264,0.1448231,0.4653462,13.2,0,0.3797641,24.60001,-83.71401,0,0,0,0.8329476,1.090064,1.308683
0.7537575,-12,24,0.1013053,0.4241567,0.2660375,0.264,0.1514806,0.4632453,12.7,0,0.3737817,24.35001,-60.00024,0,0,0,0.8399287,1.090064,1.297806
0.7620659,-12,24,0.1013053,0.4241567,0.2660375,0.264,0.1607701,0.4602065,12,0,0.3654363,24,-84.26322,0,0,0,0.8497026,1.090064,1.282878
0.771225,-12,24,0.1013053,0.4241567,0.2660375,0.264,0.1700217,0.4570544,11.3,0,0.3571297,23.64999,-76.41419,0,0,0,0.8594764,1.090064,1.268289
0.780508,-12,24,0.1013053,0.4241567,0.2660375,0.264,0.1831698,0.4523559,10.3,0,0.3453386,23.14999,-107.7296,0,0,0,0.8734389,1.090064,1.248014
0.7915421,-12,24,0.1013053,0.4241567,0.2660375,0.264,0.196234,0.4474287,9.3,0,0.3336481,22.64999,-90.63965,0,0,0,0.8874013,1.090064,1.228378
0.8013935,-12,24,0.1013053,0.4241567,0.2660375,0.264,0.2143752,0.4401491,7.9,0,0.3174787,21.95,-142.1003,0,0,0,0.9069486,1.090064,1.201903
0.8105755,-12,24,0.1013053,0.4241567,0.2660375,0.264,0.2336084,0.4318604,6.4,0,0.3004587,21.2,-163.3755,0,0,0,0.9278919,1.090064,1.174775
0.8196678,-12,24,0.1013053,0.4241567,0.2660375,0.264,0.245042,0.4266464,5.5,0,0.2904253,20.75,-98.97289,0,0,0,0.9404582,1.090064,1.159078
0.8290062,-12,24,0.1013053,0.4241567,0.2660375,0.264,0.257648,0.4206433,4.5,0,0.2794596,20.25,-107.0801,0,0,0,0.9544206,1.090064,1.142122
0.8370438,-12,24,0.1013053,0.4241567,0.2660375,0.264,0.266409,0.4163106,3.8,0,0.2719116,19.89999,-87.08852,0,0,0,0.9641944,1.090064,1.130544
0.8467236,-12,24,0.1013053,0.4241567,0.2660375,0.264,0.2813025,0.4086354,2.6,0,0.2592509,19.3,-123.9746,0,0,0,0.9809492,1.090064,1.111234
0.8546982,-12,24,0.1013053,0.4241567,0.2660375,0.264,0.2899149,0.4040146,1.9,0,0.2520478,18.95,-87.77538,0,0,0,0.990723,1.090064,1.100272
0.8634205,-12,24,0.1013053,0.4241567,0.2660375,0.264,0.2996879,0.3986053,1.1,0,0.2440005,18.55,-91.72943,0,0,0,1.001893,1.090064,1.088005
0.8710766,-12,24,0.1013053,0.4241567,0.2660375,0.264,0.3045457,0.3958498,0.7,0,0.2400574,18.35001,-52.24865,0,0,0,1.007478,1.090064,1.081973
0.8824024,-12,24,0.1013053,0.4241567,0.2660375,0.264,0.3142032,0.390237,-0.1,0,0.2323464,17.95,-70.63644,0,0,0,1.018648,1.090064,1.070109
0.8938751,-12,24,0.1013053,0.4241567,0.2660375,0.264,0.3225885,0.3852156,-0.8,0,0.2258077,17.60001,-61.0075,0,0,0,1.028422,1.090064,1.059939
0.9029827,-12,24,0.1013053,0.4241567,0.2660375,0.264,0.3285402,0.3815664,-1.3,0,0.2212668,17.35001,-54.90041,0,0,0,1.035403,1.090064,1.052792
0.9111099,-12,24,0.1013053,0.4241567,0.2660375,0.264,0.3309118,0.3800923,-1.5,0,0.2194827,17.25,-24.60661,0,0,0,1.038196,1.090064,1.04996
0.9183483,-12,24,0.1013053,0.4241567,0.2660375,0.264,0.3332784,0.3786098,-1.7,0,0.2177176,17.14999,-27.63462,0,0,0,1.040988,1.090064,1.047144
0.92486,-12,24,0.1013053,0.4241567,0.2660375,0.264,0.3332784,0.3786098,-1.7,0,0.2177176,17.14999,0,0,0,0,1.040988,1.090064,1.047144
0.927187,-12,24,0.1013053,0.4241567,0.2660375,0.264,0.3332784,0.3786098,-1.7,0,0.2177176,17.14999,0,0,0,0,1.040988,1.090064,1.047144
0.9300308,-12,24,0.1013053,0.4241567,0.2660375,0.264,0.3332784,0.3786098,-1.7,0,0.2177176,17.14999,0,0,0,0,1.040988,1.090064,1.047144
0.9324188,-12,24,0.1013053,0.4241567,0.2660375,0.264,0.3332784,0.3786098,-1.7,0,0.2177176,17.14999,0,0,0,0,1.040988,1.090064,1.047144
0.9351387,-12,24,0.1013053,0.4241567,0.2660375,0.264,0.3332784,0.3786098,-1.7,0,0.2177176,17.14999,0,0,0,0,1.040988,1.090064,1.047144
0.9378471,-12,24,0.1013053,0.4241567,0.2660375,0.264,0.3332784,0.3786098,-1.7,0,0.2177176,17.14999,0,0,0,0,1.040988,1.090064,1.047144
0.9403229,-12,24,0.1013053,0.4241567,0.2660375,0.264,0.3332784,0.3786098,-1.7,0,0.2177176,17.14999,0,0,0,0,1.040988,1.090064,1.047144
0.9460812,-12,24,0.1013053,0.4241567,0.2660375,0.264,0.3332784,0.3786098,-1.7,0,0.2177176,17.14999,0,0,0,0,1.040988,1.090064,1.047144
0.9545631,-12,24,0.1013053,0.4241567,0.2660375,0.264,0.3368184,0.3763707,-2,0,0.2151068,17,-35.3711,0,0,0,1.045177,1.090064,1.042947
0.9597702,-12,24,0.1013053,0.4241567,0.2660375,0.264,0.3368184,0.3763707,-2,0,0.2151068,17,0,0,0,0,1.045177,1.090064,1.042947
0.9689255,-12,24,0.1013053,0.4241567,0.2660375,0.264,0.339172,0.3748676,-2.2,0,0.2133915,16.89999,-21.84647,0,0,0,1.047969,1.090064,1.040168
0.9766197,-12,24,0.1013053,0.4241567,0.2660375,0.264,0.3426924,0.3725975,-2.5,0,0.2108579,16.75,-38.98635,0,0,0,1.052158,1.090064,1.036027
0.9842262,-12,24,0.1013053,0.4241567,0.2660375,0.264,0.3450326,0.371074,-2.7,0,0.2091957,16.64999,-26.29538,0,0,0,1.054951,1.090064,1.033285
0.9865093,-12,24,0.1013053,0.4241567,0.2660375,0.264,0.3450326,0.371074,-2.7,0,0.2091957,16.64999,0,0,0,0,1.054951,1.090064,1.033285
0.9905186,-12,24,0.1013053,0.4241567,0.2660375,0.264,0.3450326,0.371074,-2.7,0,0.2091957,16.64999,0,0,0,0,1.054951,1.090064,1.033285
0.9974594,-12,24,0.1013053,0.4241567,0.2660375,0.264,0.3485331,0.3687735,-3,0,0.2067442,16.5,-43.22268,0,0,0,1.059139,1.090064,1.029198
1.001389,-12,24,0.1013053,0.4241567,0.2660375,0.264,0.3485331,0.3687735,-3,0,0.2067442,16.5,0,0,0,0,1.059139,1.090064,1.029198
1.003872,-12,24,0.1013053,0.4241567,0.2660375,0.264,0.3485331,0.3687735,-3,0,0.2067442,16.5,0,0,0,0,1.059139,1.090064,1.029198
1.006351,-12,24,0.1013053,0.4241567,0.2660375,0.264,0.3485331,0.3687735,-3,0,0.2067442,16.5,0,0,0,0,1.059139,1.090064,1.029198
1.008436,-12,24,0.1013053,0.4241567,0.2660375,0.264,0.3485331,0.3687735,-3,0,0.2067442,16.5,0,0,0,0,1.059139,1.090064,1.029198
1.010628,-12,24,0.1013053,0.4241567,0.2660375,0.264,0.3485331,0.3687735,-3,0,0.2067442,16.5,0,0,0,0,1.059139,1.090064,1.029198
1.013475,-12,24,0.1013053,0.4241567,0.2660375,0.264,0.3485331,0.3687735,-3,0,0.2067442,16.5,0,0,0,0,1.059139,1.090064,1.029198
1.016724,-12,24,0.1013053,0.4241567,0.2660375,0.264,0.3485331,0.3687735,-3,0,0.2067442,16.5,0,0,0,0,1.059139,1.090064,1.029198
1.01956,-12,24,0.1013053,0.4241567,0.2660375,0.264,0.3485331,0.3687735,-3,0,0.2067442,16.5,0,0,0,0,1.059139,1.090064,1.029198
1.022051,-12,24,0.1013053,0.4241567,0.2660375,0.264,0.3485331,0.3687735,-3,0,0.2067442,16.5,0,0,0,0,1.059139,1.090064,1.029198
1.024334,-12,24,0.1013053,0.4241567,0.2660375,0.264,0.3485331,0.3687735,-3,0,0.2067442,16.5,0,0,0,0,1.059139,1.090064,1.029198
1.026712,-12,24,0.1013053,0.4241567,0.2660375,0.264,0.3485331,0.3687735,-3,0,0.2067442,16.5,0,0,0,0,1.059139,1.090064,1.029198
1.029211,-12,24,0.1013053,0.4241567,0.2660375,0.264,0.3485331,0.3687735,-3,0,0.2067442,16.5,0,0,0,0,1.059139,1.090064,1.029198
1.032784,-12,24,0.1013053,0.4241567,0.2660375,0.264,0.3485331,0.3687735,-3,0,0.2067442,16.5,0,0,0,0,1.059139,1.090064,1.029198
1.036194,-12,24,0.1013053,0.4241567,0.2660375,0.264,0.3485331,0.3687735,-3,0,0.2067442,16.5,0,0,0,0,1.059139,1.090064,1.029198
1.038441,-12,24,0.1013053,0.4241567,0.2660375,0.264,0.3485331,0.3687735,-3,0,0.2067442,16.5,0,0,0,0,1.059139,1.090064,1.029198
1.040705,-12,24,0.1013053,0.4241567,0.2660375,0.264,0.3485331,0.3687735,-3,0,0.2067442,16.5,0,0,0,0,1.059139,1.090064,1.029198
1.043001,-12,24,0.1013053,0.4241567,0.2660375,0.264,0.3485331,0.3687735,-3,0,0.2067442,16.5,0,0,0,0,1.059139,1.090064,1.029198
1.046137,-12,24,0.1013053,0.4241567,0.2660375,0.264,0.3485331,0.3687735,-3,0,0.2067442,16.5,0,0,0,0,1.059139,1.090064,1.029198
1.04879,-12,24,0.1013053,0.4241567,0.2660375,0.264,0.3485331,0.3687735,-3,0,0.2067442,16.5,0,0,0,0,1.059139,1.090064,1.029198
1.051188,-12,24,0.1013053,0.4241567,0.2660375,0.264,0.3485331,0.3687735,-3,0,0.2067442,16.5,0,0,0,0,1.059139,1.090064,1.029198
1.053555,-12,24,0.1013053,0.4241567,0.2660375,0.264,0.3485331,0.3687735,-3,0,0.2067442,16.5,0,0,0,0,1.059139,1.090064,1.029198
1.056171,-12,24,0.1013053,0.4241567,0.2660375,0.264,0.3485331,0.3687735,-3,0,0.2067442,16.5,0,0,0,0,1.059139,1.090064,1.029198
1.060282,-12,24,0.1013053,0.4241567,0.2660375,0.264,0.3485331,0.3687735,-3,0,0.2067442,16.5,0,0,0,0,1.059139,1.090064,1.029198
1.068001,-12,24,0.1013053,0.4241567,0.2660375,0.264,0.35086,0.3672295,-3.2,0,0.2051385,16.39999,-25.91278,0,0,0,1.061932,1.090064,1.026492
1.070395,-12,24,0.1013053,0.4241567,0.2660375,0.264,0.35086,0.3672295,-3.2,0,0.2051385,16.39999,0,0,0,0,1.061932,1.090064,1.026492
1.075575,-12,24,0.1013053,0.4241567,0.2660375,0.264,0.35086,0.3672295,-3.2,0,0.2051385,16.39999,0,0,0,0,1.061932,1.090064,1.026492
1.07925,-12,24,0.1013053,0.4241567,0.2660375,0.264,0.35086,0.3672295,-3.2,0,0.2051385,16.39999,0,0,0,0,1.061932,1.090064,1.026492
1.081848,-12,24,0.1013053,0.4241567,0.2660375,0.264,0.35086,0.3672295,-3.2,0,0.2051385,16.39999,0,0,0,0,1.061932,1.090064,1.026492
1.084192,-12,24,0.1013053,0.4241567,0.2660375,0.264,0.35086,0.3672295,-3.2,0,0.2051385,16.39999,0,0,0,0,1.061932,1.090064,1.026492
1.086483,-12,24,0.1013053,0.4241567,0.2660375,0.264,0.35086,0.3672295,-3.2,0,0.2051385,16.39999,0,0,0,0,1.061932,1.090064,1.026492
1.08885,-12,24,0.1013053,0.4241567,0.2660375,0.264,0.35086,0.3672295,-3.2,0,0.2051385,16.39999,0,0,0,0,1.061932,1.090064,1.026492
1.091015,-12,24,0.1013053,0.4241567,0.2660375,0.264,0.35086,0.3672295,-3.2,0,0.2051385,16.39999,0,0,0,0,1.061932,1.090064,1.026492
1.093836,-12,24,0.1013053,0.4241567,0.2660375,0.264,0.35086,0.3672295,-3.2,0,0.2051385,16.39999,0,0,0,0,1.061932,1.090064,1.026492
1.096937,-12,24,0.1013053,0.4241567,0.2660375,0.264,0.35086,0.3672295,-3.2,0,0.2051385,16.39999,0,0,0,0,1.061932,1.090064,1.026492
1.099163,-12,24,0.1013053,0.4241567,0.2660375,0.264,0.35086,0.3672295,-3.2,0,0.2051385,16.39999,0,0,0,0,1.061932,1.090064,1.026492
1.101606,-12,24,0.1013053,0.4241567,0.2660375,0.264,0.35086,0.3672295,-3.2,0,0.2051385,16.39999,0,0,0,0,1.061932,1.090064,1.026492
1.10387,-12,24,0.1013053,0.4241567,0.2660375,0.264,0.35086,0.3672295,-3.2,0,0.2051385,16.39999,0,0,0,0,1.061932,1.090064,1.026492
1.105999,-12,24,0.1013053,0.4241567,0.2660375,0.264,0.35086,0.3672295,-3.2,0,0.2051385,16.39999,0,0,0,0,1.061932,1.090064,1.026492
1.108231,-12,24,0.1013053,0.4241567,0.2660375,0.264,0.35086,0.3672295,-3.2,0,0.2051385,16.39999,0,0,0,0,1.061932,1.090064,1.026492
1.110996,-12,24,0.1013053,0.4241567,0.2660375,0.264,0.35086,0.3672295,-3.2,0,0.2051385,16.39999,0,0,0,0,1.061932,1.090064,1.026492
1.114042,-12,24,0.1013053,0.4241567,0.2660375,0.264,0.35086,0.3672295,-3.2,0,0.2051385,16.39999,0,0,0,0,1.061932,1.090064,1.026492
1.116732,-12,24,0.1013053,0.4241567,0.2660375,0.264,0.35086,0.3672295,-3.2,0,0.2051385,16.39999,0,0,0,0,1.061932,1.090064,1.026492
1.118958,-12,24,0.1013053,0.4241567,0.2660375,0.264,0.35086,0.3672295,-3.2,0,0.2051385,16.39999,0,0,0,0,1.061932,1.090064,1.026492
1.121111,-12,24,0.1013053,0.4241567,0.2660375,0.264,0.35086,0.3672295,-3.2,0,0.2051385,16.39999,0,0,0,0,1.061932,1.090064,1.026492
1.123827,-12,24,0.1013053,0.4241567,0.2660375,0.264,0.35086,0.3672295,-3.2,0,0.2051385,16.39999,0,0,0,0,1.061932,1.090064,1.026492
1.127287,-12,24,0.1013053,0.4241567,0.2660375,0.264,0.35086,0.3672295,-3.2,0,0.2051385,16.39999,0,0,0,0,1.061932,1.090064,1.026492
1.130335,-12,24,0.1013053,0.4241567,0.2660375,0.264,0.35086,0.3672295,-3.2,0,0.2051385,16.39999,0,0,0,0,1.061932,1.090064,1.026492
1.132559,-12,24,0.1013053,0.4241567,0.2660375,0.264,0.35086,0.3672295,-3.2,0,0.2051385,16.39999,0,0,0,0,1.061932,1.090064,1.026492
1.135229,-12,24,0.1013053,0.4241567,0.2660375,0.264,0.35086,0.3672295,-3.2,0,0.2051385,16.39999,0,0,0,0,1.061932,1.090064,1.026492
1.139593,-12,24,0.1013053,0.4241567,0.2660375,0.264,0.35086,0.3672295,-3.2,0,0.2051385,16.39999,0,0,0,0,1.061932,1.090064,1.026492
1.146875,-12,24,0.1013053,0.4241567,0.2660375,0.264,0.3531815,0.3656775,-3.4,0,0.2035563,16.3,-27.4631,0,0,0,1.064724,1.090064,1.0238
1.149258,-12,24,0.1013053,0.4241567,0.2660375,0.264,0.3531815,0.3656775,-3.4,0,0.2035563,16.3,0,0,0,0,1.064724,1.090064,1.0238
1.151613,-12,24,0.1013053,0.4241567,0.2660375,0.264,0.3531815,0.3656775,-3.4,0,0.2035563,16.3,0,0,0,0,1.064724,1.090064,1.0238
1.154036,-12,24,0.1013053,0.4241567,0.2660375,0.264,0.3531815,0.3656775,-3.4,0,0.2035563,16.3,0,0,0,0,1.064724,1.090064,1.0238
1.157211,-12,24,0.1013053,0.4241567,0.2660375,0.264,0.3531815,0.3656775,-3.4,0,0.2035563,16.3,0,0,0,0,1.064724,1.090064,1.0238
1.159822,-12,24,0.1013053,0.4241567,0.2660375,0.264,0.3531815,0.3656775,-3.4,0,0.2035563,16.3,0,0,0,0,1.064724,1.090064,1.0238
1.162386,-12,24,0.1013053,0.4241567,0.2660375,0.264,0.3531815,0.3656775,-3.4,0,0.2035563,16.3,0,0,0,0,1.064724,1.090064,1.0238
1.16465,-12,24,0.1013053,0.4241567,0.2660375,0.264,0.3531815,0.3656775,-3.4,0,0.2035563,16.3,0,0,0,0,1.064724,1.090064,1.0238
1.166965,-12,24,0.1013053,0.4241567,0.2660375,0.264,0.3531815,0.3656775,-3.4,0,0.2035563,16.3,0,0,0,0,1.064724,1.090064,1.0238
1.16939,-12,24,0.1013053,0.4241567,0.2660375,0.264,0.3531815,0.3656775,-3.4,0,0.2035563,16.3,0,0,0,0,1.064724,1.090064,1.0238
1.172726,-12,24,0.1013053,0.4241567,0.2660375,0.264,0.3531815,0.3656775,-3.4,0,0.2035563,16.3,0,0,0,0,1.064724,1.090064,1.0238
1.176142,-12,24,0.1013053,0.4241567,0.2660375,0.264,0.3531815,0.3656775,-3.4,0,0.2035563,16.3,0,0,0,0,1.064724,1.090064,1.0238
1.178879,-12,24,0.1013053,0.4241567,0.2660375,0.264,0.3531815,0.3656775,-3.4,0,0.2035563,16.3,0,0,0,0,1.064724,1.090064,1.0238
1.181997,-12,24,0.1013053,0.4241567,0.2660375,0.264,0.3531815,0.3656775,-3.4,0,0.2035563,16.3,0,0,0,0,1.064724,1.090064,1.0238
1.185419,-12,24,0.1013053,0.4241567,0.2660375,0.264,0.3531815,0.3656775,-3.4,0,0.2035563,16.3,0,0,0,0,1.064724,1.090064,1.0238
1.188419,-12,24,0.1013053,0.4241567,0.2660375,0.264,0.3531815,0.3656775,-3.4,0,0.2035563,16.3,0,0,0,0,1.064724,1.090064,1.0238
1.190798,-12,24,0.1013053,0.4241567,0.2660375,0.264,0.3531815,0.3656775,-3.4,0,0.2035563,16.3,0,0,0,0,1.064724,1.090064,1.0238
1.193779,-12,24,0.1013053,0.4241567,0.2660375,0.264,0.3531815,0.3656775,-3.4,0,0.2035563,16.3,0,0,0,0,1.064724,1.090064,1.0238
1.197798,-12,24,0.1013053,0.4241567,0.2660375,0.264,0.3531815,0.3656775,-3.4,0,0.2035563,16.3,0,0,0,0,1.064724,1.090064,1.0238
1.200268,-12,24,0.1013053,0.4241567,0.2660375,0.264,0.3531815,0.3656775,-3.4,0,0.2035563,16.3,0,0,0,0,1.064724,1.090064,1.0238
1.202921,-12,24,0.1013053,0.4241567,0.2660375,0.264,0.3531815,0.3656775,-3.4,0,0.2035563,16.3,0,0,0,0,1.064724,1.090064,1.0238
1.206238,-12,24,0.1013053,0.4241567,0.2660375,0.264,0.3531815,0.3656775,-3.4,0,0.2035563,16.3,0,0,0,0,1.064724,1.090064,1.0238
1.209232,-12,24,0.1013053,0.4241567,0.2660375,0.264,0.3531815,0.3656775,-3.4,0,0.2035563,16.3,0,0,0,0,1.064724,1.090064,1.0238
1.213331,-12,24,0.1013053,0.4241567,0.2660375,0.264,0.3531815,0.3656775,-3.4,0,0.2035563,16.3,0,0,0,0,1.064724,1.090064,1.0238
1.216574,-12,24,0.1013053,0.4241567,0.2660375,0.264,0.3531815,0.3656775,-3.4,0,0.2035563,16.3,0,0,0,0,1.064724,1.090064,1.0238
1.220116,-12,24,0.1013053,0.4241567,0.2660375,0.264,0.3531815,0.3656775,-3.4,0,0.2035563,16.3,0,0,0,0,1.064724,1.090064,1.0238
1.22341,-12,24,0.1013053,0.4241567,0.2660375,0.264,0.3531815,0.3656775,-3.4,0,0.2035563,16.3,0,0,0,0,1.064724,1.090064,1.0238
1.230032,-12,24,0.1013053,0.4241567,0.2660375,0.264,0.3531815,0.3656775,-3.4,0,0.2035563,16.3,0,0,0,0,1.064724,1.090064,1.0238
1.2328,-12,24,0.1013053,0.4241567,0.2660375,0.264,0.3531815,0.3656775,-3.4,0,0.2035563,16.3,0,0,0,0,1.064724,1.090064,1.0238
1.2362,-12,24,0.1013053,0.4241567,0.2660375,0.264,0.3531815,0.3656775,-3.4,0,0.2035563,16.3,0,0,0,0,1.064724,1.090064,1.0238
1.239344,-12,24,0.1013053,0.4241567,0.2660375,0.264,0.3531815,0.3656775,-3.4,0,0.2035563,16.3,0,0,0,0,1.064724,1.090064,1.0238
1.24254,-12,24,0.1013053,0.4241567,0.2660375,0.264,0.3531815,0.3656775,-3.4,0,0.2035563,16.3,0,0,0,0,1.064724,1.090064,1.0238
1.245882,-12,24,0.1013053,0.4241567,0.2660375,0.264,0.3531815,0.3656775,-3.4,0,0.2035563,16.3,0,0,0,0,1.064724,1.090064,1.0238
1.249054,-12,24,0.1013053,0.4241567,0.2660375,0.264,0.3531815,0.3656775,-3.4,0,0.2035563,16.3,0,0,0,0,1.064724,1.090064,1.0238
1.251528,-12,24,0.1013053,0.4241567,0.2660375,0.264,0.3531815,0.3656775,-3.4,0,0.2035563,16.3,0,0,0,0,1.064724,1.090064,1.0238
1.25386,-12,24,0.1013053,0.4241567,0.2660375,0.264,0.3531815,0.3656775,-3.4,0,0.2035563,16.3,0,0,0,0,1.064724,1.090064,1.0238
1.256382,-12,24,0.1013053,0.4241567,0.2660375,0.264,0.3531815,0.3656775,-3.4,0,0.2035563,16.3,0,0,0,0,1.064724,1.090064,1.0238
1.258659,-12,24,0.1013053,0.4241567,0.2660375,0.264,0.3531815,0.3656775,-3.4,0,0.2035563,16.3,0,0,0,0,1.064724,1.090064,1.0238
1.260851,-12,24,0.1013053,0.4241567,0.2660375,0.264,0.3531815,0.3656775,-3.4,0,0.2035563,16.3,0,0,0,0,1.064724,1.090064,1.0238
1.264103,-12,24,0.1013053,0.4241567,0.2660375,0.264,0.3531815,0.3656775,-3.4,0,0.2035563,16.3,0,0,0,0,1.064724,1.090064,1.0238
1.266966,-12,24,0.1013053,0.4241567,0.2660375,0.264,0.3531815,0.3656775,-3.4,0,0.2035563,16.3,0,0,0,0,1.064724,1.090064,1.0238
1.269499,-12,24,0.1013053,0.4241567,0.2660375,0.264,0.3531815,0.3656775,-3.4,0,0.2035563,16.3,0,0,0,0,1.064724,1.090064,1.0238
1.271971,-12,24,0.1013053,0.4241567,0.2660375,0.264,0.3531815,0.3656775,-3.4,0,0.2035563,16.3,0,0,0,0,1.064724,1.090064,1.0238
1.2745,-12,24,0.1013053,0.4241567,0.2660375,0.264,0.3531815,0.3656775,-3.4,0,0.2035563,16.3,0,0,0,0,1.064724,1.090064,1.0238
1.277349,-12,24,0.1013053,0.4241567,0.2660375,0.264,0.3531815,0.3656775,-3.4,0,0.2035563,16.3,0,0,0,0,1.064724,1.090064,1.0238
1.280558,-12,24,0.1013053,0.4241567,0.2660375,0.264,0.3531815,0.3656775,-3.4,0,0.2035563,16.3,0,0,0,0,1.064724,1.090064,1.0238
1.283117,-12,24,0.1013053,0.4241567,0.2660375,0.264,0.3531815,0.3656775,-3.4,0,0.2035563,16.3,0,0,0,0,1.064724,1.090064,1.0238
1.285372,-12,24,0.1013053,0.4241567,0.2660375,0.264,0.3531815,0.3656775,-3.4,0,0.2035563,16.3,0,0,0,0,1.064724,1.090064,1.0238
1.28759,-12,24,0.1013053,0.4241567,0.2660375,0.264,0.3531815,0.3656775,-3.4,0,0.2035563,16.3,0,0,0,0,1.064724,1.090064,1.0238
1.289804,-12,24,0.1013053,0.4241567,0.2660375,0.264,0.3531815,0.3656775,-3.4,0,0.2035563,16.3,0,0,0,0,1.064724,1.090064,1.0238
1.291925,-12,24,0.1013053,0.4241567,0.2660375,0.264,0.3531815,0.3656775,-3.4,0,0.2035563,16.3,0,0,0,0,1.064724,1.090064,1.0238
1.294613,-12,24,0.1013053,0.4241567,0.2660375,0.264,0.3531815,0.3656775,-3.4,0,0.2035563,16.3,0,0,0,0,1.064724,1.090064,1.0238
1.297497,-12,24,0.1013053,0.4241567,0.2660375,0.264,0.3531815,0.3656775,-3.4,0,0.2035563,16.3,0,0,0,0,1.064724,1.090064,1.0238
1.299765,-12,24,0.1013053,0.4241567,0.2660375,0.264,0.3531815,0.3656775,-3.4,0,0.2035563,16.3,0,0,0,0,1.064724,1.090064,1.0238
1.30229,-12,24,0.1013053,0.4241567,0.2660375,0.264,0.3531815,0.3656775,-3.4,0,0.2035563,16.3,0,0,0,0,1.064724,1.090064,1.0238
1.304737,-12,24,0.1013053,0.4241567,0.2660375,0.264,0.3531815,0.3656775,-3.4,0,0.2035563,16.3,0,0,0,0,1.064724,1.090064,1.0238
1.307028,-12,24,0.1013053,0.4241567,0.2660375,0.264,0.3531815,0.3656775,-3.4,0,0.2035563,16.3,0,0,0,0,1.064724,1.090064,1.0238
1.310081,-12,24,0.1013053,0.4241567,0.2660375,0.264,0.3531815,0.3656775,-3.4,0,0.2035563,16.3,0,0,0,0,1.064724,1.090064,1.0238
1.313826,-12,24,0.1013053,0.4241567,0.2660375,0.264,0.3531815,0.3656775,-3.4,0,0.2035563,16.3,0,0,0,0,1.064724,1.090064,1.0238
1.31723,-12,24,0.1013053,0.4241567,0.2660375,0.264,0.3531815,0.3656775,-3.4,0,0.2035563,16.3,0,0,0,0,1.064724,1.090064,1.0238
1.319841,-12,24,0.1013053,0.4241567,0.2660375,0.264,0.3531815,0.3656775,-3.4,0,0.2035563,16.3,0,0,0,0,1.064724,1.090064,1.0238
1.322294,-12,24,0.1013053,0.4241567,0.2660375,0.264,0.3531815,0.3656775,-3.4,0,0.2035563,16.3,0,0,0,0,1.064724,1.090064,1.0238
1.324835,-12,24,0.1013053,0.4241567,0.2660375,0.264,0.3531815,0.3656775,-3.4,0,0.2035563,16.3,0,0,0,0,1.064724,1.090064,1.0238
1.32766,-12,24,0.1013053,0.4241567,0.2660375,0.264,0.3531815,0.3656775,-3.4,0,0.2035563,16.3,0,0,0,0,1.064724,1.090064,1.0238
1.330875,-12,24,0.1013053,0.4241567,0.2660375,0.264,0.3531815,0.3656775,-3.4,0,0.2035563,16.3,0,0,0,0,1.064724,1.090064,1.0238
1.333614,-12,24,0.1013053,0.4241567,0.2660375,0.264,0.3531815,0.3656775,-3.4,0,0.2035563,16.3,0,0,0,0,1.064724,1.090064,1.0238
1.336863,-12,24,0.1013053,0.4241567,0.2660375,0.264,0.3531815,0.3656775,-3.4,0,0.2035563,16.3,0,0,0,0,1.064724,1.090064,1.0238
1.340485,-12,24,0.1013053,0.4241567,0.2660375,0.264,0.3531815,0.3656775,-3.4,0,0.2035563,16.3,0,0,0,0,1.064724,1.090064,1.0238
1.342941,-12,24,0.1013053,0.4241567,0.2660375,0.264,0.3531815,0.3656775,-3.4,0,0.2035563,16.3,0,0,0,0,1.064724,1.090064,1.0238
1.346292,-12,24,0.1013053,0.4241567,0.2660375,0.264,0.3531815,0.3656775,-3.4,0,0.2035563,16.3,0,0,0,0,1.064724,1.090064,1.0238
1.349644,-12,24,0.1013053,0.4241567,0.2660375,0.264,0.3531815,0.3656775,-3.4,0,0.2035563,16.3,0,0,0,0,1.064724,1.090064,1.0238
1.352417,-12,24,0.1013053,0.4241567,0.2660375,0.264,0.3531815,0.3656775,-3.4,0,0.2035563,16.3,0,0,0,0,1.064724,1.090064,1.0238
1.355116,-12,24,0.1013053,0.4241567,0.2660375,0.264,0.3531815,0.3656775,-3.4,0,0.2035563,16.3,0,0,0,0,1.064724,1.090064,1.0238
1.35775,-12,24,0.1013053,0.4241567,0.2660375,0.264,0.3531815,0.3656775,-3.4,0,0.2035563,16.3,0,0,0,0,1.064724,1.090064,1.0238
1.360205,-12,24,0.1013053,0.4241567,0.2660375,0.264,0.3531815,0.3656775,-3.4,0,0.2035563,16.3,0,0,0,0,1.064724,1.090064,1.0238
1.363441,-12,24,0.1013053,0.4241567,0.2660375,0.264,0.3531815,0.3656775,-3.4,0,0.2035563,16.3,0,0,0,0,1.064724,1.090064,1.0238
1.366049,-12,24,0.1013053,0.4241567,0.2660375,0.264,0.3531815,0.3656775,-3.4,0,0.2035563,16.3,0,0,0,0,1.064724,1.090064,1.0238
1.368612,-12,24,0.1013053,0.4241567,0.2660375,0.264,0.3531815,0.3656775,-3.4,0,0.2035563,16.3,0,0,0,0,1.064724,1.090064,1.0238
1.377262,-12,24,0.1013053,0.4241567,0.2660375,0.264,0.3531815,0.3656775,-3.4,0,0.2035563,16.3,0,0,0,0,1.064724,1.090064,1.0238
1.387018,-12,24,0.1013053,0.4241567,0.2660375,0.264,0.3531815,0.3656775,-3.4,0,0.2035563,16.3,0,0,0,0,1.064724,1.090064,1.0238
1.390177,-12,24,0.1013053,0.4241567,0.2660375,0.264,0.3531815,0.3656775,-3.4,0,0.2035563,16.3,0,0,0,0,1.064724,1.090064,1.0238
1.392986,-12,24,0.1013053,0.4241567,0.2660375,0.264,0.3531815,0.3656775,-3.4,0,0.2035563,16.3,0,0,0,0,1.064724,1.090064,1.0238
1.396345,-12,24,0.1013053,0.4241567,0.2660375,0.264,0.3531815,0.3656775,-3.4,0,0.2035563,16.3,0,0,0,0,1.064724,1.090064,1.0238
1.39864,-12,24,0.1013053,0.4241567,0.2660375,0.264,0.3531815,0.3656775,-3.4,0,0.2035563,16.3,0,0,0,0,1.064724,1.090064,1.0238
1.400768,-12,24,0.1013053,0.4241567,0.2660375,0.264,0.3531815,0.3656775,-3.4,0,0.2035563,16.3,0,0,0,0,1.064724,1.090064,1.0238
1.40287,-12,24,0.1013053,0.4241567,0.2660375,0.264,0.3531815,0.3656775,-3.4,0,0.2035563,16.3,0,0,0,0,1.064724,1.090064,1.0238
1.405384,-12,24,0.1013053,0.4241567,0.2660375,0.264,0.3531815,0.3656775,-3.4,0,0.2035563,16.3,0,0,0,0,1.064724,1.090064,1.0238
1.40761,-12,24,0.1013053,0.4241567,0.2660375,0.264,0.3531815,0.3656775,-3.4,0,0.2035563,16.3,0,0,0,0,1.064724,1.090064,1.0238
1.409819,-12,24,0.1013053,0.4241567,0.2660375,0.264,0.3531815,0.3656775,-3.4,0,0.2035563,16.3,0,0,0,0,1.064724,1.090064,1.0238
1.412199,-12,24,0.1013053,0.4241567,0.2660375,0.264,0.3531815,0.3656775,-3.4,0,0.2035563,16.3,0,0,0,0,1.064724,1.090064,1.0238
1.414965,-12,24,0.1013053,0.4241567,0.2660375,0.264,0.3531815,0.3656775,-3.4,0,0.2035563,16.3,0,0,0,0,1.064724,1.090064,1.0238
1.417423,-12,24,0.1013053,0.4241567,0.2660375,0.264,0.3531815,0.3656775,-3.4,0,0.2035563,16.3,0,0,0,0,1.064724,1.090064,1.0238
1.419788,-12,24,0.1013053,0.4241567,0.2660375,0.264,0.3531815,0.3656775,-3.4,0,0.2035563,16.3,0,0,0,0,1.064724,1.090064,1.0238
1.422132,-12,24,0.1013053,0.4241567,0.2660375,0.264,0.3531815,0.3656775,-3.4,0,0.2035563,16.3,0,0,0,0,1.064724,1.090064,1.0238
1.424408,-12,24,0.1013053,0.4241567,0.2660375,0.264,0.3531815,0.3656775,-3.4,0,0.2035563,16.3,0,0,0,0,1.064724,1.090064,1.0238
1.426731,-12,24,0.1013053,0.4241567,0.2660375,0.264,0.3531815,0.3656775,-3.4,0,0.2035563,16.3,0,0,0,0,1.064724,1.090064,1.0238
1.429531,-12,24,0.1013053,0.4241567,0.2660375,0.264,0.3531815,0.3656775,-3.4,0,0.2035563,16.3,0,0,0,0,1.064724,1.090064,1.0238
1.431849,-12,24,0.1013053,0.4241567,0.2660375,0.264,0.3531815,0.3656775,-3.4,0,0.2035563,16.3,0,0,0,0,1.064724,1.090064,1.0238
1.434116,-12,24,0.1013053,0.4241567,0.2660375,0.264,0.3531815,0.3656775,-3.4,0,0.2035563,16.3,0,0,0,0,1.064724,1.090064,1.0238
1.43697,-12,24,0.1013053,0.4241567,0.2660375,0.264,0.3531815,0.3656775,-3.4,0,0.2035563,16.3,0,0,0,0,1.064724,1.090064,1.0238
1.439241,-12,24,0.1013053,0.4241567,0.2660375,0.264,0.3531815,0.3656775,-3.4,0,0.2035563,16.3,0,0,0,0,1.064724,1.090064,1.0238
1.441463,-12,24,0.1013053,0.4241567,0.2660375,0.264,0.3531815,0.3656775,-3.4,0,0.2035563,16.3,0,0,0,0,1.064724,1.090064,1.0238
1.443705,-12,24,0.1013053,0.4241567,0.2660375,0.264,0.3531815,0.3656775,-3.4,0,0.2035563,16.3,0,0,0,0,1.064724,1.090064,1.0238
1.446354,-12,24,0.1013053,0.4241567,0.2660375,0.264,0.3531815,0.3656775,-3.4,0,0.2035563,16.3,0,0,0,0,1.064724,1.090064,1.0238
1.448896,-12,24,0.1013053,0.4241567,0.2660375,0.264,0.3531815,0.3656775,-3.4,0,0.2035563,16.3,0,0,0,0,1.064724,1.090064,1.0238
1.451502,-12,24,0.1013053,0.4241567,0.2660375,0.264,0.3531815,0.3656775,-3.4,0,0.2035563,16.3,0,0,0,0,1.064724,1.090064,1.0238
1.454006,-12,24,0.1013053,0.4241567,0.2660375,0.264,0.3531815,0.3656775,-3.4,0,0.2035563,16.3,0,0,0,0,1.064724,1.090064,1.0238
1.456934,-12,24,0.1013053,0.4241567,0.2660375,0.264,0.3531815,0.3656775,-3.4,0,0.2035563,16.3,0,0,0,0,1.064724,1.090064,1.0238
1.45929,-12,24,0.1013053,0.4241567,0.2660375,0.264,0.3531815,0.3656775,-3.4,0,0.2035563,16.3,0,0,0,0,1.064724,1.090064,1.0238
1.462114,-12,24,0.1013053,0.4241567,0.2660375,0.264,0.3531815,0.3656775,-3.4,0,0.2035563,16.3,0,0,0,0,1.064724,1.090064,1.0238
1.464787,-12,24,0.1013053,0.4241567,0.2660375,0.264,0.3531815,0.3656775,-3.4,0,0.2035563,16.3,0,0,0,0,1.064724,1.090064,1.0238
1.467226,-12,24,0.1013053,0.4241567,0.2660375,0.264,0.3531815,0.3656775,-3.4,0,0.2035563,16.3,0,0,0,0,1.064724,1.090064,1.0238
1.469501,-12,24,0.1013053,0.4241567,0.2660375,0.264,0.3531815,0.3656775,-3.4,0,0.2035563,16.3,0,0,0,0,1.064724,1.090064,1.0238
1.471691,-12,24,0.1013053,0.4241567,0.2660375,0.264,0.3531815,0.3656775,-3.4,0,0.2035563,16.3,0,0,0,0,1.064724,1.090064,1.0238
1.473898,-12,24,0.1013053,0.4241567,0.2660375,0.264,0.3531815,0.3656775,-3.4,0,0.2035563,16.3,0,0,0,0,1.064724,1.090064,1.0238
1.476519,-12,24,0.1013053,0.4241567,0.2660375,0.264,0.3531815,0.3656775,-3.4,0,0.2035563,16.3,0,0,0,0,1.064724,1.090064,1.0238
1.478954,-12,24,0.1013053,0.4241567,0.2660375,0.264,0.3531815,0.3656775,-3.4,0,0.2035563,16.3,0,0,0,0,1.064724,1.090064,1.0238
1.481354,-12,24,0.1013053,0.4241567,0.2660375,0.264,0.3531815,0.3656775,-3.4,0,0.2035563,16.3,0,0,0,0,1.064724,1.090064,1.0238
1.48399,-12,24,0.1013053,0.4241567,0.2660375,0.264,0.3531815,0.3656775,-3.4,0,0.2035563,16.3,0,0,0,0,1.064724,1.090064,1.0238
1.486317,-12,24,0.1013053,0.4241567,0.2660375,0.264,0.3531815,0.3656775,-3.4,0,0.2035563,16.3,0,0,0,0,1.064724,1.090064,1.0238
1.488674,-12,24,0.1013053,0.4241567,0.2660375,0.264,0.3531815,0.3656775,-3.4,0,0.2035563,16.3,0,0,0,0,1.064724,1.090064,1.0238
1.490849,-12,24,0.1013053,0.4241567,0.2660375,0.264,0.3531815,0.3656775,-3.4,0,0.2035563,16.3,0,0,0,0,1.064724,1.090064,1.0238
1.493031,-12,24,0.1013053,0.4241567,0.2660375,0.264,0.3531815,0.3656775,-3.4,0,0.2035563,16.3,0,0,0,0,1.064724,1.090064,1.0238
1.496187,-12,24,0.1013053,0.4241567,0.2660375,0.264,0.3531815,0.3656775,-3.4,0,0.2035563,16.3,0,0,0,0,1.064724,1.090064,1.0238
1.499365,-12,24,0.1013053,0.4241567,0.2660375,0.264,0.3531815,0.3656775,-3.4,0,0.2035563,16.3,0,0,0,0,1.064724,1.090064,1.0238
1.501633,-12,24,0.1013053,0.4241567,0.2660375,0.264,0.3531815,0.3656775,-3.4,0,0.2035563,16.3,0,0,0,0,1.064724,1.090064,1.0238
1.504015,-12,24,0.1013053,0.4241567,0.2660375,0.264,0.3531815,0.3656775,-3.4,0,0.2035563,16.3,0,0,0,0,1.064724,1.090064,1.0238
1.506569,-12,24,0.1013053,0.4241567,0.2660375,0.264,0.3531815,0.3656775,-3.4,0,0.2035563,16.3,0,0,0,0,1.064724,1.090064,1.0238
1.50878,-12,24,0.1013053,0.4241567,0.2660375,0.264,0.3531815,0.3656775,-3.4,0,0.2035563,16.3,0,0,0,0,1.064724,1.090064,1.0238
1.510914,-12,24,0.1013053,0.4241567,0.2660375,0.264,0.3531815,0.3656775,-3.4,0,0.2035563,16.3,0,0,0,0,1.064724,1.090064,1.0238
1.513823,-12,24,0.1013053,0.4241567,0.2660375,0.264,0.3531815,0.3656775,-3.4,0,0.2035563,16.3,0,0,0,0,1.064724,1.090064,1.0238
1.516586,-12,24,0.1013053,0.4241567,0.2660375,0.264,0.3531815,0.3656775,-3.4,0,0.2035563,16.3,0,0,0,0,1.064724,1.090064,1.0238
1.520552,-12,24,0.1013053,0.4241567,0.2660375,0.264,0.3531815,0.3656775,-3.4,0,0.2035563,16.3,0,0,0,0,1.064724,1.090064,1.0238
1.529812,-12,24,0.1013053,0.4241567,0.2660375,0.264,0.3566536,0.3633342,-3.7,0,0.2012284,16.14999,-32.39391,0,0,0,1.068913,1.090064,1.019787
1.537727,-12,24,0.1013053,0.4241567,0.2660375,0.264,0.3589615,0.361762,-3.9,0,0.1997077,16.05,-25.27263,0,0,0,1.071706,1.090064,1.01713
1.544863,-12,24,0.1013053,0.4241567,0.2660375,0.264,0.3624129,0.3593886,-4.2,0,0.1974748,15.89999,-42.03325,0,0,0,1.075894,1.090064,1.01317
1.547703,-12,24,0.1013053,0.4241567,0.2660375,0.264,0.3624129,0.3593886,-4.2,0,0.1974748,15.89999,0,0,0,0,1.075894,1.090064,1.01317
1.550253,-12,24,0.1013053,0.4241567,0.2660375,0.264,0.3624129,0.3593886,-4.2,0,0.1974748,15.89999,0,0,0,0,1.075894,1.090064,1.01317
1.554768,-12,24,0.1013053,0.4241567,0.2660375,0.264,0.3624129,0.3593886,-4.2,0,0.1974748,15.89999,0,0,0,0,1.075894,1.090064,1.01317
1.563839,-12,24,0.1013053,0.4241567,0.2660375,0.264,0.364707,0.3577964,-4.4,0,0.1960192,15.8,-22.04734,0,0,0,1.078687,1.090064,1.010548
1.570196,-12,24,0.1013053,0.4241567,0.2660375,0.264,0.3669956,0.356196,-4.6,0,0.1945906,15.7,-31.46432,0,0,0,1.08148,1.090064,1.007938
1.572508,-12,24,0.1013053,0.4241567,0.2660375,0.264,0.3669956,0.356196,-4.6,0,0.1945906,15.7,0,0,0,0,1.08148,1.090064,1.007938
1.575586,-12,24,0.1013053,0.4241567,0.2660375,0.264,0.3669956,0.356196,-4.6,0,0.1945906,15.7,0,0,0,0,1.08148,1.090064,1.007938
1.5781,-12,24,0.1013053,0.4241567,0.2660375,0.264,0.3669956,0.356196,-4.6,0,0.1945906,15.7,0,0,0,0,1.08148,1.090064,1.007938
1.580551,-12,24,0.1013053,0.4241567,0.2660375,0.264,0.3669956,0.356196,-4.6,0,0.1945906,15.7,0,0,0,0,1.08148,1.090064,1.007938
1.582813,-12,24,0.1013053,0.4241567,0.2660375,0.264,0.3669956,0.356196,-4.6,0,0.1945906,15.7,0,0,0,0,1.08148,1.090064,1.007938
1.585085,-12,24,0.1013053,0.4241567,0.2660375,0.264,0.3669956,0.356196,-4.6,0,0.1945906,15.7,0,0,0,0,1.08148,1.090064,1.007938
1.58729,-12,24,0.1013053,0.4241567,0.2660375,0.264,0.3669956,0.356196,-4.6,0,0.1945906,15.7,0,0,0,0,1.08148,1.090064,1.007938
1.589355,-12,24,0.1013053,0.4241567,0.2660375,0.264,0.3669956,0.356196,-4.6,0,0.1945906,15.7,0,0,0,0,1.08148,1.090064,1.007938
1.593681,-12,24,0.1013053,0.4241567,0.2660375,0.264,0.3669956,0.356196,-4.6,0,0.1945906,15.7,0,0,0,0,1.08148,1.090064,1.007938
1.601328,-12,24,0.1013053,0.4241567,0.2660375,0.264,0.3704178,0.3537806,-4.9,0,0.1925001,15.55,-39.23315,0,0,0,1.085668,1.090064,1.004049
1.606808,-12,24,0.1013053,0.4241567,0.2660375,0.264,0.3704178,0.3537806,-4.9,0,0.1925001,15.55,0,0,0,0,1.085668,1.090064,1.004049
1.609339,-12,24,0.1013053,0.4241567,0.2660375,0.264,0.3704178,0.3537806,-4.9,0,0.1925001,15.55,0,0,0,0,1.085668,1.090064,1.004049
1.611847,-12,24,0.1013053,0.4241567,0.2660375,0.264,0.3704178,0.3537806,-4.9,0,0.1925001,15.55,0,0,0,0,1.085668,1.090064,1.004049
1.616051,-12,24,0.1013053,0.4241567,0.2660375,0.264,0.3704178,0.3537806,-4.9,0,0.1925001,15.55,0,0,0,0,1.085668,1.090064,1.004049
1.623335,-12,24,0.1013053,0.4241567,0.2660375,0.264,0.3726922,0.3521605,-5.1,0,0.1911422,15.45,-27.45591,0,0,0,1.088461,1.090064,1.001473
1.626083,-12,24,0.1013053,0.4241567,0.2660375,0.264,0.3726922,0.3521605,-5.1,0,0.1911422,15.45,0,0,0,0,1.088461,1.090064,1.001473
1.630987,-12,24,0.1013053,0.4241567,0.2660375,0.264,0.3726922,0.3521605,-5.1,0,0.1911422,15.45,0,0,0,0,1.088461,1.090064,1.001473
1.638859,-12,24,0.1013053,0.4241567,0.2660375,0.264,0.3760933,0.3497152,-5.4,0,0.1891603,15.3,-38.10639,0,0,0,1.09265,1.090064,0.9976339
1.646927,-12,24,0.1013053,0.4241567,0.2660375,0.264,0.3760933,0.3497152,-5.4,0,0.1891603,15.3,0,0,0,0,1.09265,1.090064,0.9976339
1.653156,-12,24,0.1013053,0.4241567,0.2660375,0.264,0.3783535,0.3480752,-5.6,0,0.1878768,15.2,-32.10682,0,0,0,1.095442,1.090064,0.9950908
1.65814,-12,24,0.1013053,0.4241567,0.2660375,0.264,0.3783535,0.3480752,-5.6,0,0.1878768,15.2,0,0,0,0,1.095442,1.090064,0.9950908
1.667017,-12,24,0.1013053,0.4241567,0.2660375,0.264,0.380608,0.3464273,-5.8,0,0.1866242,15.10001,-22.53093,0,0,0,1.098235,1.090064,0.9925606
1.67473,-12,24,0.1013053,0.4241567,0.2660375,0.264,0.3839788,0.3439409,-6.1,0,0.1848046,14.95,-38.89785,0,0,0,1.102423,1.090064,0.9887893
1.683161,-12,24,0.1013053,0.4241567,0.2660375,0.264,0.3862189,0.3422734,-6.3,0,0.1836321,14.85001,-23.71948,0,0,0,1.105216,1.090064,0.9862909
1.692478,-12,24,0.1013053,0.4241567,0.2660375,0.264,0.389568,0.3397575,-6.6,0,0.1819357,14.7,-32.2009,0,0,0,1.109405,1.090064,0.982567
1.701363,-12,24,0.1013053,0.4241567,0.2660375,0.264,0.3940129,0.3363758,-7,0,0.1797935,14.5,-45.02275,0,0,0,1.11499,1.090064,0.9776452
1.709997,-12,24,0.1013053,0.4241567,0.2660375,0.264,0.397331,0.3338192,-7.3,0,0.1782794,14.35001,-34.74597,0,0,0,1.119179,1.090064,0.9739861
1.71944,-12,24,0.1013053,0.4241567,0.2660375,0.264,0.4028312,0.3295198,-7.8,0,0.1759385,14.10001,-52.94591,0,0,0,1.12616,1.090064,0.9679484
1.727621,-12,24,0.1013053,0.4241567,0.2660375,0.264,0.4082938,0.3251724,-8.3,0,0.1738337,13.85001,-61.11573,0,0,0,1.133141,1.090064,0.9619848
1.736202,-12,24,0.1013053,0.4241567,0.2660375,0.264,0.4104682,0.3234202,-8.5,0,0.1730599,13.75,-23.30701,0,0,0,1.135934,1.090064,0.9596199
1.743582,-12,24,0.1013053,0.4241567,0.2660375,0.264,0.4126364,0.3216603,-8.7,0,0.1723258,13.64999,-27.10392,0,0,0,1.138726,1.090064,0.9572665
1.748655,-12,24,0.1013053,0.4241567,0.2660375,0.264,0.4126364,0.3216603,-8.7,0,0.1723258,13.64999,0,0,0,0,1.138726,1.090064,0.9572665
1.757023,-12,24,0.1013053,0.4241567,0.2660375,0.264,0.4158772,0.3190064,-9,0,0.1713004,13.5,-35.85174,0,0,0,1.142915,1.090064,0.9537582
1.767687,-12,24,0.1013053,0.4241567,0.2660375,0.264,0.4180299,0.3172278,-9.2,0,0.170668,13.39999,-18.75608,0,0,0,1.145707,1.090064,0.9514337
1.779913,-12,24,0.1013053,0.4241567,0.2660375,0.264,0.4233847,0.3127483,-9.7,0,0.1692692,13.14999,-40.89645,0,0,0,1.152689,1.090064,0.9456712
1.790117,-12,24,0.1013053,0.4241567,0.2660375,0.264,0.4255155,0.3109434,-9.9,0,0.1687838,13.05,-19.59841,0,0,0,1.155481,1.090064,0.9433858
1.797653,-12,24,0.1013053,0.4241567,0.2660375,0.264,0.4287001,0.3082222,-10.2,0,0.1681361,12.89999,-39.80894,0,0,0,1.15967,1.090064,0.9399782
1.800583,-12,24,0.1013053,0.4241567,0.2660375,0.264,0.4287001,0.3082222,-10.2,0,0.1681361,12.89999,0,0,0,0,1.15967,1.090064,0.9399782
1.802858,-12,24,0.1013053,0.4241567,0.2660375,0.264,0.4287001,0.3082222,-10.2,0,0.1681361,12.89999,0,0,0,0,1.15967,1.090064,0.9399782
1.805546,-12,24,0.1013053,0.4241567,0.2660375,0.264,0.4287001,0.3082222,-10.2,0,0.1681361,12.89999,0,0,0,0,1.15967,1.090064,0.9399782
1.809851,-12,24,0.1013053,0.4241567,0.2660375,0.264,0.4287001,0.3082222,-10.2,0,0.1681361,12.89999,0,0,0,0,1.15967,1.090064,0.9399782
1.820051,-12,24,0.1013053,0.4241567,0.2660375,0.264,0.4308151,0.3063989,-10.4,0,0.1677586,12.8,-19.60533,0,0,0,1.162462,1.090064,0.9377202
1.828779,-12,24,0.1013053,0.4241567,0.2660375,0.264,0.4360749,0.3018082,-10.9,0,0.1670064,12.55,-57.29149,0,0,0,1.169444,1.090064,0.9321222
1.837599,-12,24,0.1013053,0.4241567,0.2660375,0.264,0.4412943,0.2971719,-11.4,0,0.1665311,12.3,-56.69255,0,0,0,1.176425,1.090064,0.9265907
1.846807,-12,24,0.1013053,0.4241567,0.2660375,0.264,0.4464731,0.2924902,-11.9,0,0.166335,12.05,-54.30179,0,0,0,1.183406,1.090064,0.9211245
1.854635,-12,24,0.1013053,0.4241567,0.2660375,0.264,0.4536543,0.2858602,-12.6,0,0.1665311,12.3,-89.40669,0,0,0,1.19318,1.090064,0.9135791
1.863211,-12,24,0.1013053,0.4241567,0.2660375,0.264,0.4556912,0.2839499,-12.8,0,0.1666879,12.4,-23.3255,0,0,0,1.195973,1.090064,0.911446
1.869629,-12,24,0.1013053,0.4241567,0.2660375,0.264,0.4587339,0.2810711,-13.1,0,0.1670065,12.55,-46.7341,0,0,0,1.200161,1.090064,0.9082649
1.875118,-12,24,0.1013053,0.4241567,0.2660375,0.264,0.4587339,0.2810711,-13.1,0,0.1670065,12.55,0,0,0,0,1.200161,1.090064,0.9082649
1.882729,-12,24,0.1013053,0.4241567,0.2660375,0.264,0.460754,0.2791429,-13.3,0,0.1672743,12.65,-26.27635,0,0,0,1.202954,1.090064,0.9061564
1.885065,-12,24,0.1013053,0.4241567,0.2660375,0.264,0.460754,0.2791429,-13.3,0,0.1672743,12.65,0,0,0,0,1.202954,1.090064,0.9061564
1.888231,-12,24,0.1013053,0.4241567,0.2660375,0.264,0.460754,0.2791429,-13.3,0,0.1672743,12.65,0,0,0,0,1.202954,1.090064,0.9061564
1.890514,-12,24,0.1013053,0.4241567,0.2660375,0.264,0.460754,0.2791429,-13.3,0,0.1672743,12.65,0,0,0,0,1.202954,1.090064,0.9061564
1.893679,-12,24,0.1013053,0.4241567,0.2660375,0.264,0.460754,0.2791429,-13.3,0,0.1672743,12.65,0,0,0,0,1.202954,1.090064,0.9061564
1.897289,-12,24,0.1013053,0.4241567,0.2660375,0.264,0.460754,0.2791429,-13.3,0,0.1672743,12.65,0,0,0,0,1.202954,1.090064,0.9061564
1.900303,-12,24,0.1013053,0.4241567,0.2660375,0.264,0.460754,0.2791429,-13.3,0,0.1672743,12.65,0,0,0,0,1.202954,1.090064,0.9061564
1.903217,-12,24,0.1013053,0.4241567,0.2660375,0.264,0.460754,0.2791429,-13.3,0,0.1672743,12.65,0,0,0,0,1.202954,1.090064,0.9061564
1.905827,-12,24,0.1013053,0.4241567,0.2660375,0.264,0.460754,0.2791429,-13.3,0,0.1672743,12.65,0,0,0,0,1.202954,1.090064,0.9061564
1.90871,-12,24,0.1013053,0.4241567,0.2660375,0.264,0.460754,0.2791429,-13.3,0,0.1672743,12.65,0,0,0,0,1.202954,1.090064,0.9061564
1.911642,-12,24,0.1013053,0.4241567,0.2660375,0.264,0.460754,0.2791429,-13.3,0,0.1672743,12.65,0,0,0,0,1.202954,1.090064,0.9061564
1.914181,-12,24,0.1013053,0.4241567,0.2660375,0.264,0.460754,0.2791429,-13.3,0,0.1672743,12.65,0,0,0,0,1.202954,1.090064,0.9061564
1.916985,-12,24,0.1013053,0.4241567,0.2660375,0.264,0.460754,0.2791429,-13.3,0,0.1672743,12.65,0,0,0,0,1.202954,1.090064,0.9061564
1.919445,-12,24,0.1013053,0.4241567,0.2660375,0.264,0.460754,0.2791429,-13.3,0,0.1672743,12.65,0,0,0,0,1.202954,1.090064,0.9061564
1.921778,-12,24,0.1013053,0.4241567,0.2660375,0.264,0.460754,0.2791429,-13.3,0,0.1672743,12.65,0,0,0,0,1.202954,1.090064,0.9061564
1.923992,-12,24,0.1013053,0.4241567,0.2660375,0.264,0.460754,0.2791429,-13.3,0,0.1672743,12.65,0,0,0,0,1.202954,1.090064,0.9061564
1.926363,-12,24,0.1013053,0.4241567,0.2660375,0.264,0.460754,0.2791429,-13.3,0,0.1672743,12.65,0,0,0,0,1.202954,1.090064,0.9061564
1.929209,-12,24,0.1013053,0.4241567,0.2660375,0.264,0.460754,0.2791429,-13.3,0,0.1672743,12.65,0,0,0,0,1.202954,1.090064,0.9061564
1.932169,-12,24,0.1013053,0.4241567,0.2660375,0.264,0.460754,0.2791429,-13.3,0,0.1672743,12.65,0,0,0,0,1.202954,1.090064,0.9061564
1.934904,-12,24,0.1013053,0.4241567,0.2660375,0.264,0.460754,0.2791429,-13.3,0,0.1672743,12.65,0,0,0,0,1.202954,1.090064,0.9061564
1.937525,-12,24,0.1013053,0.4241567,0.2660375,0.264,0.460754,0.2791429,-13.3,0,0.1672743,12.65,0,0,0,0,1.202954,1.090064,0.9061564
1.940149,-12,24,0.1013053,0.4241567,0.2660375,0.264,0.460754,0.2791429,-13.3,0,0.1672743,12.65,0,0,0,0,1.202954,1.090064,0.9061564
1.942608,-12,24,0.1013053,0.4241567,0.2660375,0.264,0.460754,0.2791429,-13.3,0,0.1672743,12.65,0,0,0,0,1.202954,1.090064,0.9061564
1.945404,-12,24,0.1013053,0.4241567,0.2660375,0.264,0.460754,0.2791429,-13.3,0,0.1672743,12.65,0,0,0,0,1.202954,1.090064,0.9061564
1.948116,-12,24,0.1013053,0.4241567,0.2660375,0.264,0.460754,0.2791429,-13.3,0,0.1672743,12.65,0,0,0,0,1.202954,1.090064,0.9061564
1.951057,-12,24,0.1013053,0.4241567,0.2660375,0.264,0.460754,0.2791429,-13.3,0,0.1672743,12.65,0,0,0,0,1.202954,1.090064,0.9061564
1.953428,-12,24,0.1013053,0.4241567,0.2660375,0.264,0.460754,0.2791429,-13.3,0,0.1672743,12.65,0,0,0,0,1.202954,1.090064,0.9061564
1.956562,-12,24,0.1013053,0.4241567,0.2660375,0.264,0.460754,0.2791429,-13.3,0,0.1672743,12.65,0,0,0,0,1.202954,1.090064,0.9061564
1.959032,-12,24,0.1013053,0.4241567,0.2660375,0.264,0.460754,0.2791429,-13.3,0,0.1672743,12.65,0,0,0,0,1.202954,1.090064,0.9061564
1.962145,-12,24,0.1013053,0.4241567,0.2660375,0.264,0.460754,0.2791429,-13.3,0,0.1672743,12.65,0,0,0,0,1.202954,1.090064,0.9061564
1.965178,-12,24,0.1013053,0.4241567,0.2660375,0.264,0.460754,0.2791429,-13.3,0,0.1672743,12.65,0,0,0,0,1.202954,1.090064,0.9061564
1.967859,-12,24,0.1013053,0.4241567,0.2660375,0.264,0.460754,0.2791429,-13.3,0,0.1672743,12.65,0,0,0,0,1.202954,1.090064,0.9061564
1.970825,-12,24,0.1013053,0.4241567,0.2660375,0.264,0.460754,0.2791429,-13.3,0,0.1672743,12.65,0,0,0,0,1.202954,1.090064,0.9061564
1.973475,-12,24,0.1013053,0.4241567,0.2660375,0.264,0.460754,0.2791429,-13.3,0,0.1672743,12.65,0,0,0,0,1.202954,1.090064,0.9061564
1.976574,-12,24,0.1013053,0.4241567,0.2660375,0.264,0.460754,0.2791429,-13.3,0,0.1672743,12.65,0,0,0,0,1.202954,1.090064,0.9061564
1.979368,-12,24,0.1013053,0.4241567,0.2660375,0.264,0.460754,0.2791429,-13.3,0,0.1672743,12.65,0,0,0,0,1.202954,1.090064,0.9061564
1.981966,-12,24,0.1013053,0.4241567,0.2660375,0.264,0.460754,0.2791429,-13.3,0,0.1672743,12.65,0,0,0,0,1.202954,1.090064,0.9061564
1.98424,-12,24,0.1013053,0.4241567,0.2660375,0.264,0.460754,0.2791429,-13.3,0,0.1672743,12.65,0,0,0,0,1.202954,1.090064,0.9061564
1.98674,-12,24,0.1013053,0.4241567,0.2660375,0.264,0.460754,0.2791429,-13.3,0,0.1672743,12.65,0,0,0,0,1.202954,1.090064,0.9061564
1.988987,-12,24,0.1013053,0.4241567,0.2660375,0.264,0.460754,0.2791429,-13.3,0,0.1672743,12.65,0,0,0,0,1.202954,1.090064,0.9061564
1.994431,-12,24,0.1013053,0.4241567,0.2660375,0.264,0.460754,0.2791429,-13.3,0,0.1672743,12.65,0,0,0,0,1.202954,1.090064,0.9061564
1.99744,-12,24,0.1013053,0.4241567,0.2660375,0.264,0.460754,0.2791429,-13.3,0,0.1672743,12.65,0,0,0,0,1.202954,1.090064,0.9061564
1.999958,-12,24,0.1013053,0.4241567,0.2660375,0.264,0.460754,0.2791429,-13.3,0,0.1672743,12.65,0,0,0,0,1.202954,1.090064,0.9061564
2.002359,-12,24,0.1013053,0.4241567,0.2660375,0.264,0.460754,0.2791429,-13.3,0,0.1672743,12.65,0,0,0,0,1.202954,1.090064,0.9061564
2.004581,-12,24,0.1013053,0.4241567,0.2660375,0.264,0.460754,0.2791429,-13.3,0,0.1672743,12.65,0,0,0,0,1.202954,1.090064,0.9061564
2.006882,-12,24,0.1013053,0.4241567,0.2660375,0.264,0.460754,0.2791429,-13.3,0,0.1672743,12.65,0,0,0,0,1.202954,1.090064,0.9061564
2.009159,-12,24,0.1013053,0.4241567,0.2660375,0.264,0.460754,0.2791429,-13.3,0,0.1672743,12.65,0,0,0,0,1.202954,1.090064,0.9061564
2.011972,-12,24,0.1013053,0.4241567,0.2660375,0.264,0.460754,0.2791429,-13.3,0,0.1672743,12.65,0,0,0,0,1.202954,1.090064,0.9061564
2.014406,-12,24,0.1013053,0.4241567,0.2660375,0.264,0.460754,0.2791429,-13.3,0,0.1672743,12.65,0,0,0,0,1.202954,1.090064,0.9061564
2.017036,-12,24,0.1013053,0.4241567,0.2660375,0.264,0.460754,0.2791429,-13.3,0,0.1672743,12.65,0,0,0,0,1.202954,1.090064,0.9061564
2.019272,-12,24,0.1013053,0.4241567,0.2660375,0.264,0.460754,0.2791429,-13.3,0,0.1672743,12.65,0,0,0,0,1.202954,1.090064,0.9061564
2.021524,-12,24,0.1013053,0.4241567,0.2660375,0.264,0.460754,0.2791429,-13.3,0,0.1672743,12.65,0,0,0,0,1.202954,1.090064,0.9061564
2.023712,-12,24,0.1013053,0.4241567,0.2660375,0.264,0.460754,0.2791429,-13.3,0,0.1672743,12.65,0,0,0,0,1.202954,1.090064,0.9061564
2.025801,-12,24,0.1013053,0.4241567,0.2660375,0.264,0.460754,0.2791429,-13.3,0,0.1672743,12.65,0,0,0,0,1.202954,1.090064,0.9061564
2.029156,-12,24,0.1013053,0.4241567,0.2660375,0.264,0.460754,0.2791429,-13.3,0,0.1672743,12.65,0,0,0,0,1.202954,1.090064,0.9061564
2.031656,-12,24,0.1013053,0.4241567,0.2660375,0.264,0.460754,0.2791429,-13.3,0,0.1672743,12.65,0,0,0,0,1.202954,1.090064,0.9061564
2.034941,-12,24,0.1013053,0.4241567,0.2660375,0.264,0.460754,0.2791429,-13.3,0,0.1672743,12.65,0,0,0,0,1.202954,1.090064,0.9061564
2.037876,-12,24,0.1013053,0.4241567,0.2660375,0.264,0.460754,0.2791429,-13.3,0,0.1672743,12.65,0,0,0,0,1.202954,1.090064,0.9061564
2.040295,-12,24,0.1013053,0.4241567,0.2660375,0.264,0.460754,0.2791429,-13.3,0,0.1672743,12.65,0,0,0,0,1.202954,1.090064,0.9061564
2.043037,-12,24,0.1013053,0.4241567,0.2660375,0.264,0.460754,0.2791429,-13.3,0,0.1672743,12.65,0,0,0,0,1.202954,1.090064,0.9061564
2.045837,-12,24,0.1013053,0.4241567,0.2660375,0.264,0.460754,0.2791429,-13.3,0,0.1672743,12.65,0,0,0,0,1.202954,1.090064,0.9061564
2.052219,-12,24,0.1013053,0.4241567,0.2660375,0.264,0.460754,0.2791429,-13.3,0,0.1672743,12.65,0,0,0,0,1.202954,1.090064,0.9061564
2.060583,-12,24,0.1013053,0.4241567,0.2660375,0.264,0.4536543,0.2858602,-12.6,0,0.1665311,12.3,83.704,0,0,0,1.212728,1.090064,0.8988533
2.069885,-12,24,0.1013053,0.4241567,0.2660375,0.264,0.4464731,0.2924902,-11.9,0,0.166335,12.05,75.24706,0,0,0,1.222502,1.090064,0.891667
2.078348,-12,24,0.1013053,0.4241567,0.2660375,0.264,0.4360749,0.3018082,-10.9,0,0.1670064,12.55,118.1642,0,0,0,1.236464,1.090064,0.8815982
2.08736,-12,24,0.1013053,0.4241567,0.2660375,0.264,0.4308151,0.3063989,-10.4,0,0.1677586,12.8,55.48589,0,0,0,1.243445,1.090064,0.8766484
2.09593,-12,24,0.1013053,0.4241567,0.2660375,0.264,0.4287001,0.3082222,-10.2,0,0.1681361,12.89999,23.33502,0,0,0,1.246238,1.090064,0.874684
2.104664,-12,24,0.1013053,0.4241567,0.2660375,0.264,0.4255155,0.3109434,-9.9,0,0.1687838,13.05,34.35287,0,0,0,1.250427,1.090064,0.871754
2.111992,-12,24,0.1013053,0.4241567,0.2660375,0.264,0.4233847,0.3127483,-9.7,0,0.1692692,13.14999,27.29181,0,0,0,1.253219,1.090064,0.8698115
2.114527,-12,24,0.1013053,0.4241567,0.2660375,0.264,0.4233847,0.3127483,-9.7,0,0.1692692,13.14999,0,0,0,0,1.253219,1.090064,0.8698115
2.11727,-12,24,0.1013053,0.4241567,0.2660375,0.264,0.4233847,0.3127483,-9.7,0,0.1692692,13.14999,0,0,0,0,1.253219,1.090064,0.8698115
2.119452,-12,24,0.1013053,0.4241567,0.2660375,0.264,0.4233847,0.3127483,-9.7,0,0.1692692,13.14999,0,0,0,0,1.253219,1.090064,0.8698115
2.124313,-12,24,0.1013053,0.4241567,0.2660375,0.264,0.4233847,0.3127483,-9.7,0,0.1692692,13.14999,0,0,0,0,1.253219,1.090064,0.8698115
2.131874,-12,24,0.1013053,0.4241567,0.2660375,0.264,0.4212474,0.3145457,-9.5,0,0.1697972,13.25,26.4494,0,0,0,1.256012,1.090064,0.8678775
2.134159,-12,24,0.1013053,0.4241567,0.2660375,0.264,0.4212474,0.3145457,-9.5,0,0.1697972,13.25,0,0,0,0,1.256012,1.090064,0.8678775
2.137051,-12,24,0.1013053,0.4241567,0.2660375,0.264,0.4212474,0.3145457,-9.5,0,0.1697972,13.25,0,0,0,0,1.256012,1.090064,0.8678775
2.139788,-12,24,0.1013053,0.4241567,0.2660375,0.264,0.4212474,0.3145457,-9.5,0,0.1697972,13.25,0,0,0,0,1.256012,1.090064,0.8678775
2.147179,-12,24,0.1013053,0.4241567,0.2660375,0.264,0.4212474,0.3145457,-9.5,0,0.1697972,13.25,0,0,0,0,1.256012,1.090064,0.8678775
2.149662,-12,24,0.1013053,0.4241567,0.2660375,0.264,0.4212474,0.3145457,-9.5,0,0.1697972,13.25,0,0,0,0,1.256012,1.090064,0.8678775
2.152397,-12,24,0.1013053,0.4241567,0.2660375,0.264,0.4212474,0.3145457,-9.5,0,0.1697972,13.25,0,0,0,0,1.256012,1.090064,0.8678775
2.155138,-12,24,0.1013053,0.4241567,0.2660375,0.264,0.4212474,0.3145457,-9.5,0,0.1697972,13.25,0,0,0,0,1.256012,1.090064,0.8678775
2.157337,-12,24,0.1013053,0.4241567,0.2660375,0.264,0.4212474,0.3145457,-9.5,0,0.1697972,13.25,0,0,0,0,1.256012,1.090064,0.8678775
2.159569,-12,24,0.1013053,0.4241567,0.2660375,0.264,0.4212474,0.3145457,-9.5,0,0.1697972,13.25,0,0,0,0,1.256012,1.090064,0.8678775
2.162239,-12,24,0.1013053,0.4241567,0.2660375,0.264,0.4212474,0.3145457,-9.5,0,0.1697972,13.25,0,0,0,0,1.256012,1.090064,0.8678775
2.164766,-12,24,0.1013053,0.4241567,0.2660375,0.264,0.4212474,0.3145457,-9.5,0,0.1697972,13.25,0,0,0,0,1.256012,1.090064,0.8678775
2.167173,-12,24,0.1013053,0.4241567,0.2660375,0.264,0.4212474,0.3145457,-9.5,0,0.1697972,13.25,0,0,0,0,1.256012,1.090064,0.8678775
2.169512,-12,24,0.1013053,0.4241567,0.2660375,0.264,0.4212474,0.3145457,-9.5,0,0.1697972,13.25,0,0,0,0,1.256012,1.090064,0.8678775
2.171938,-12,24,0.1013053,0.4241567,0.2660375,0.264,0.4212474,0.3145457,-9.5,0,0.1697972,13.25,0,0,0,0,1.256012,1.090064,0.8678775
2.174173,-12,24,0.1013053,0.4241567,0.2660375,0.264,0.4212474,0.3145457,-9.5,0,0.1697972,13.25,0,0,0,0,1.256012,1.090064,0.8678775
2.17688,-12,24,0.1013053,0.4241567,0.2660375,0.264,0.4212474,0.3145457,-9.5,0,0.1697972,13.25,0,0,0,0,1.256012,1.090064,0.8678775
2.179888,-12,24,0.1013053,0.4241567,0.2660375,0.264,0.4212474,0.3145457,-9.5,0,0.1697972,13.25,0,0,0,0,1.256012,1.090064,0.8678775
2.182676,-12,24,0.1013053,0.4241567,0.2660375,0.264,0.4212474,0.3145457,-9.5,0,0.1697972,13.25,0,0,0,0,1.256012,1.090064,0.8678775
2.185289,-12,24,0.1013053,0.4241567,0.2660375,0.264,0.4212474,0.3145457,-9.5,0,0.1697972,13.25,0,0,0,0,1.256012,1.090064,0.8678775
2.187645,-12,24,0.1013053,0.4241567,0.2660375,0.264,0.4212474,0.3145457,-9.5,0,0.1697972,13.25,0,0,0,0,1.256012,1.090064,0.8678775
2.189844,-12,24,0.1013053,0.4241567,0.2660375,0.264,0.4212474,0.3145457,-9.5,0,0.1697972,13.25,0,0,0,0,1.256012,1.090064,0.8678775
2.192133,-12,24,0.1013053,0.4241567,0.2660375,0.264,0.4212474,0.3145457,-9.5,0,0.1697972,13.25,0,0,0,0,1.256012,1.090064,0.8678775
2.195791,-12,24,0.1013053,0.4241567,0.2660375,0.264,0.4212474,0.3145457,-9.5,0,0.1697972,13.25,0,0,0,0,1.256012,1.090064,0.8678775
2.198719,-12,24,0.1013053,0.4241567,0.2660375,0.264,0.4212474,0.3145457,-9.5,0,0.1697972,13.25,0,0,0,0,1.256012,1.090064,0.8678775
2.201136,-12,24,0.1013053,0.4241567,0.2660375,0.264,0.4212474,0.3145457,-9.5,0,0.1697972,13.25,0,0,0,0,1.256012,1.090064,0.8678775
2.203455,-12,24,0.1013053,0.4241567,0.2660375,0.264,0.4212474,0.3145457,-9.5,0,0.1697972,13.25,0,0,0,0,1.256012,1.090064,0.8678775
2.205776,-12,24,0.1013053,0.4241567,0.2660375,0.264,0.4212474,0.3145457,-9.5,0,0.1697972,13.25,0,0,0,0,1.256012,1.090064,0.8678775
2.208044,-12,24,0.1013053,0.4241567,0.2660375,0.264,0.4212474,0.3145457,-9.5,0,0.1697972,13.25,0,0,0,0,1.256012,1.090064,0.8678775
2.210217,-12,24,0.1013053,0.4241567,0.2660375,0.264,0.4212474,0.3145457,-9.5,0,0.1697972,13.25,0,0,0,0,1.256012,1.090064,0.8678775
2.213415,-12,24,0.1013053,0.4241567,0.2660375,0.264,0.4212474,0.3145457,-9.5,0,0.1697972,13.25,0,0,0,0,1.256012,1.090064,0.8678775
2.216438,-12,24,0.1013053,0.4241567,0.2660375,0.264,0.4212474,0.3145457,-9.5,0,0.1697972,13.25,0,0,0,0,1.256012,1.090064,0.8678775
2.218691,-12,24,0.1013053,0.4241567,0.2660375,0.264,0.4212474,0.3145457,-9.5,0,0.1697972,13.25,0,0,0,0,1.256012,1.090064,0.8678775
2.220903,-12,24,0.1013053,0.4241567,0.2660375,0.264,0.4212474,0.3145457,-9.5,0,0.1697972,13.25,0,0,0,0,1.256012,1.090064,0.8678775
2.223051,-12,24,0.1013053,0.4241567,0.2660375,0.264,0.4212474,0.3145457,-9.5,0,0.1697972,13.25,0,0,0,0,1.256012,1.090064,0.8678775
2.225384,-12,24,0.1013053,0.4241567,0.2660375,0.264,0.4212474,0.3145457,-9.5,0,0.1697972,13.25,0,0,0,0,1.256012,1.090064,0.8678775
2.227659,-12,24,0.1013053,0.4241567,0.2660375,0.264,0.4212474,0.3145457,-9.5,0,0.1697972,13.25,0,0,0,0,1.256012,1.090064,0.8678775
2.230511,-12,24,0.1013053,0.4241567,0.2660375,0.264,0.4212474,0.3145457,-9.5,0,0.1697972,13.25,0,0,0,0,1.256012,1.090064,0.8678775
2.23296,-12,24,0.1013053,0.4241567,0.2660375,0.264,0.4212474,0.3145457,-9.5,0,0.1697972,13.25,0,0,0,0,1.256012,1.090064,0.8678775
2.235676,-12,24,0.1013053,0.4241567,0.2660375,0.264,0.4212474,0.3145457,-9.5,0,0.1697972,13.25,0,0,0,0,1.256012,1.090064,0.8678775
2.237886,-12,24,0.1013053,0.4241567,0.2660375,0.264,0.4212474,0.3145457,-9.5,0,0.1697972,13.25,0,0,0,0,1.256012,1.090064,0.8678775
2.240072,-12,24,0.1013053,0.4241567,0.2660375,0.264,0.4212474,0.3145457,-9.5,0,0.1697972,13.25,0,0,0,0,1.256012,1.090064,0.8678775
2.242388,-12,24,0.1013053,0.4241567,0.2660375,0.264,0.4212474,0.3145457,-9.5,0,0.1697972,13.25,0,0,0,0,1.256012,1.090064,0.8678775
2.244776,-12,24,0.1013053,0.4241567,0.2660375,0.264,0.4212474,0.3145457,-9.5,0,0.1697972,13.25,0,0,0,0,1.256012,1.090064,0.8678775
2.247875,-12,24,0.1013053,0.4241567,0.2660375,0.264,0.4212474,0.3145457,-9.5,0,0.1697972,13.25,0,0,0,0,1.256012,1.090064,0.8678775
2.250376,-12,24,0.1013053,0.4241567,0.2660375,0.264,0.4212474,0.3145457,-9.5,0,0.1697972,13.25,0,0,0,0,1.256012,1.090064,0.8678775
2.252762,-12,24,0.1013053,0.4241567,0.2660375,0.264,0.4212474,0.3145457,-9.5,0,0.1697972,13.25,0,0,0,0,1.256012,1.090064,0.8678775
2.255405,-12,24,0.1013053,0.4241567,0.2660375,0.264,0.4212474,0.3145457,-9.5,0,0.1697972,13.25,0,0,0,0,1.256012,1.090064,0.8678775
2.259565,-12,24,0.1013053,0.4241567,0.2660375,0.264,0.4212474,0.3145457,-9.5,0,0.1697972,13.25,0,0,0,0,1.256012,1.090064,0.8678775
2.26845,-12,24,0.1013053,0.4241567,0.2660375,0.264,0.4180299,0.3172278,-9.2,0,0.170668,13.39999,33.7705,0,0,0,1.260201,1.090064,0.8649927
2.276873,-12,24,0.1013053,0.4241567,0.2660375,0.264,0.4158772,0.3190064,-9,0,0.1713004,13.5,23.74336,0,0,0,1.262993,1.090064,0.8630803
2.286442,-12,24,0.1013053,0.4241567,0.2660375,0.264,0.4126364,0.3216603,-8.7,0,0.1723258,13.64999,31.34798,0,0,0,1.267182,1.090064,0.8602273
2.295862,-12,24,0.1013053,0.4241567,0.2660375,0.264,0.4082938,0.3251724,-8.3,0,0.1738337,13.85001,42.46325,0,0,0,1.272767,1.090064,0.8564526
2.302845,-12,24,0.1013053,0.4241567,0.2660375,0.264,0.4050207,0.3277866,-8,0,0.1750677,14,42.96766,0,0,0,1.276956,1.090064,0.8536431
2.305117,-12,24,0.1013053,0.4241567,0.2660375,0.264,0.4050207,0.3277866,-8,0,0.1750677,14,0,0,0,0,1.276956,1.090064,0.8536431
2.310593,-12,24,0.1013053,0.4241567,0.2660375,0.264,0.4050207,0.3277866,-8,0,0.1750677,14,0,0,0,0,1.276956,1.090064,0.8536431
2.317724,-12,24,0.1013053,0.4241567,0.2660375,0.264,0.4028312,0.3295198,-7.8,0,0.1759385,14.10001,28.04771,0,0,0,1.279748,1.090064,0.8517804
2.320412,-12,24,0.1013053,0.4241567,0.2660375,0.264,0.4028312,0.3295198,-7.8,0,0.1759385,14.10001,0,0,0,0,1.279748,1.090064,0.8517804
2.322939,-12,24,0.1013053,0.4241567,0.2660375,0.264,0.4028312,0.3295198,-7.8,0,0.1759385,14.10001,0,0,0,0,1.279748,1.090064,0.8517804
2.325308,-12,24,0.1013053,0.4241567,0.2660375,0.264,0.4028312,0.3295198,-7.8,0,0.1759385,14.10001,0,0,0,0,1.279748,1.090064,0.8517804
2.327539,-12,24,0.1013053,0.4241567,0.2660375,0.264,0.4028312,0.3295198,-7.8,0,0.1759385,14.10001,0,0,0,0,1.279748,1.090064,0.8517804
2.33058,-12,24,0.1013053,0.4241567,0.2660375,0.264,0.4028312,0.3295198,-7.8,0,0.1759385,14.10001,0,0,0,0,1.279748,1.090064,0.8517804
2.332973,-12,24,0.1013053,0.4241567,0.2660375,0.264,0.4028312,0.3295198,-7.8,0,0.1759385,14.10001,0,0,0,0,1.279748,1.090064,0.8517804
2.335556,-12,24,0.1013053,0.4241567,0.2660375,0.264,0.4028312,0.3295198,-7.8,0,0.1759385,14.10001,0,0,0,0,1.279748,1.090064,0.8517804
2.337891,-12,24,0.1013053,0.4241567,0.2660375,0.264,0.4028312,0.3295198,-7.8,0,0.1759385,14.10001,0,0,0,0,1.279748,1.090064,0.8517804
2.34009,-12,24,0.1013053,0.4241567,0.2660375,0.264,0.4028312,0.3295198,-7.8,0,0.1759385,14.10001,0,0,0,0,1.279748,1.090064,0.8517804
2.342318,-12,24,0.1013053,0.4241567,0.2660375,0.264,0.4028312,0.3295198,-7.8,0,0.1759385,14.10001,0,0,0,0,1.279748,1.090064,0.8517804
2.344624,-12,24,0.1013053,0.4241567,0.2660375,0.264,0.4028312,0.3295198,-7.8,0,0.1759385,14.10001,0,0,0,0,1.279748,1.090064,0.8517804
2.346975,-12,24,0.1013053,0.4241567,0.2660375,0.264,0.4028312,0.3295198,-7.8,0,0.1759385,14.10001,0,0,0,0,1.279748,1.090064,0.8517804
2.349283,-12,24,0.1013053,0.4241567,0.2660375,0.264,0.4028312,0.3295198,-7.8,0,0.1759385,14.10001,0,0,0,0,1.279748,1.090064,0.8517804
2.351553,-12,24,0.1013053,0.4241567,0.2660375,0.264,0.4028312,0.3295198,-7.8,0,0.1759385,14.10001,0,0,0,0,1.279748,1.090064,0.8517804
2.354012,-12,24,0.1013053,0.4241567,0.2660375,0.264,0.4028312,0.3295198,-7.8,0,0.1759385,14.10001,0,0,0,0,1.279748,1.090064,0.8517804
2.356665,-12,24,0.1013053,0.4241567,0.2660375,0.264,0.4028312,0.3295198,-7.8,0,0.1759385,14.10001,0,0,0,0,1.279748,1.090064,0.8517804
2.3589,-12,24,0.1013053,0.4241567,0.2660375,0.264,0.4028312,0.3295198,-7.8,0,0.1759385,14.10001,0,0,0,0,1.279748,1.090064,0.8517804
2.361126,-12,24,0.1013053,0.4241567,0.2660375,0.264,0.4028312,0.3295198,-7.8,0,0.1759385,14.10001,0,0,0,0,1.279748,1.090064,0.8517804
2.363958,-12,24,0.1013053,0.4241567,0.2660375,0.264,0.4028312,0.3295198,-7.8,0,0.1759385,14.10001,0,0,0,0,1.279748,1.090064,0.8517804
2.366262,-12,24,0.1013053,0.4241567,0.2660375,0.264,0.4028312,0.3295198,-7.8,0,0.1759385,14.10001,0,0,0,0,1.279748,1.090064,0.8517804
2.368422,-12,24,0.1013053,0.4241567,0.2660375,0.264,0.4028312,0.3295198,-7.8,0,0.1759385,14.10001,0,0,0,0,1.279748,1.090064,0.8517804
2.371077,-12,24,0.1013053,0.4241567,0.2660375,0.264,0.4028312,0.3295198,-7.8,0,0.1759385,14.10001,0,0,0,0,1.279748,1.090064,0.8517804
2.373964,-12,24,0.1013053,0.4241567,0.2660375,0.264,0.4028312,0.3295198,-7.8,0,0.1759385,14.10001,0,0,0,0,1.279748,1.090064,0.8517804
2.376797,-12,24,0.1013053,0.4241567,0.2660375,0.264,0.4028312,0.3295198,-7.8,0,0.1759385,14.10001,0,0,0,0,1.279748,1.090064,0.8517804
2.379822,-12,24,0.1013053,0.4241567,0.2660375,0.264,0.4028312,0.3295198,-7.8,0,0.1759385,14.10001,0,0,0,0,1.279748,1.090064,0.8517804
2.382639,-12,24,0.1013053,0.4241567,0.2660375,0.264,0.4028312,0.3295198,-7.8,0,0.1759385,14.10001,0,0,0,0,1.279748,1.090064,0.8517804
2.385435,-12,24,0.1013053,0.4241567,0.2660375,0.264,0.4028312,0.3295198,-7.8,0,0.1759385,14.10001,0,0,0,0,1.279748,1.090064,0.8517804
2.394133,-12,24,0.1013053,0.4241567,0.2660375,0.264,0.4028312,0.3295198,-7.8,0,0.1759385,14.10001,0,0,0,0,1.279748,1.090064,0.8517804
2.403093,-12,24,0.1013053,0.4241567,0.2660375,0.264,0.4028312,0.3295198,-7.8,0,0.1759385,14.10001,0,0,0,0,1.279748,1.090064,0.8517804
2.40612,-12,24,0.1013053,0.4241567,0.2660375,0.264,0.4028312,0.3295198,-7.8,0,0.1759385,14.10001,0,0,0,0,1.279748,1.090064,0.8517804
2.408781,-12,24,0.1013053,0.4241567,0.2660375,0.264,0.4028312,0.3295198,-7.8,0,0.1759385,14.10001,0,0,0,0,1.279748,1.090064,0.8517804
2.411907,-12,24,0.1013053,0.4241567,0.2660375,0.264,0.4028312,0.3295198,-7.8,0,0.1759385,14.10001,0,0,0,0,1.279748,1.090064,0.8517804
2.41453,-12,24,0.1013053,0.4241567,0.2660375,0.264,0.4028312,0.3295198,-7.8,0,0.1759385,14.10001,0,0,0,0,1.279748,1.090064,0.8517804
2.417727,-12,24,0.1013053,0.4241567,0.2660375,0.264,0.4028312,0.3295198,-7.8,0,0.1759385,14.10001,0,0,0,0,1.279748,1.090064,0.8517804
2.420116,-12,24,0.1013053,0.4241567,0.2660375,0.264,0.4028312,0.3295198,-7.8,0,0.1759385,14.10001,0,0,0,0,1.279748,1.090064,0.8517804
2.422382,-12,24,0.1013053,0.4241567,0.2660375,0.264,0.4028312,0.3295198,-7.8,0,0.1759385,14.10001,0,0,0,0,1.279748,1.090064,0.8517804
2.42453,-12,24,0.1013053,0.4241567,0.2660375,0.264,0.4028312,0.3295198,-7.8,0,0.1759385,14.10001,0,0,0,0,1.279748,1.090064,0.8517804
2.426714,-12,24,0.1013053,0.4241567,0.2660375,0.264,0.4028312,0.3295198,-7.8,0,0.1759385,14.10001,0,0,0,0,1.279748,1.090064,0.8517804
2.429676,-12,24,0.1013053,0.4241567,0.2660375,0.264,0.4028312,0.3295198,-7.8,0,0.1759385,14.10001,0,0,0,0,1.279748,1.090064,0.8517804
2.432453,-12,24,0.1013053,0.4241567,0.2660375,0.264,0.4028312,0.3295198,-7.8,0,0.1759385,14.10001,0,0,0,0,1.279748,1.090064,0.8517804
2.435221,-12,24,0.1013053,0.4241567,0.2660375,0.264,0.4028312,0.3295198,-7.8,0,0.1759385,14.10001,0,0,0,0,1.279748,1.090064,0.8517804
2.437513,-12,24,0.1013053,0.4241567,0.2660375,0.264,0.4028312,0.3295198,-7.8,0,0.1759385,14.10001,0,0,0,0,1.279748,1.090064,0.8517804
2.43976,-12,24,0.1013053,0.4241567,0.2660375,0.264,0.4028312,0.3295198,-7.8,0,0.1759385,14.10001,0,0,0,0,1.279748,1.090064,0.8517804
2.441856,-12,24,0.1013053,0.4241567,0.2660375,0.264,0.4028312,0.3295198,-7.8,0,0.1759385,14.10001,0,0,0,0,1.279748,1.090064,0.8517804
2.444006,-12,24,0.1013053,0.4241567,0.2660375,0.264,0.4028312,0.3295198,-7.8,0,0.1759385,14.10001,0,0,0,0,1.279748,1.090064,0.8517804
2.446754,-12,24,0.1013053,0.4241567,0.2660375,0.264,0.4028312,0.3295198,-7.8,0,0.1759385,14.10001,0,0,0,0,1.279748,1.090064,0.8517804
2.452469,-12,24,0.1013053,0.4241567,0.2660375,0.264,0.4028312,0.3295198,-7.8,0,0.1759385,14.10001,0,0,0,0,1.279748,1.090064,0.8517804
2.455263,-12,24,0.1013053,0.4241567,0.2660375,0.264,0.4028312,0.3295198,-7.8,0,0.1759385,14.10001,0,0,0,0,1.279748,1.090064,0.8517804
2.457533,-12,24,0.1013053,0.4241567,0.2660375,0.264,0.4028312,0.3295198,-7.8,0,0.1759385,14.10001,0,0,0,0,1.279748,1.090064,0.8517804
2.459896,-12,24,0.1013053,0.4241567,0.2660375,0.264,0.4028312,0.3295198,-7.8,0,0.1759385,14.10001,0,0,0,0,1.279748,1.090064,0.8517804
2.463322,-12,24,0.1013053,0.4241567,0.2660375,0.264,0.4028312,0.3295198,-7.8,0,0.1759385,14.10001,0,0,0,0,1.279748,1.090064,0.8517804
2.466057,-12,24,0.1013053,0.4241567,0.2660375,0.264,0.4028312,0.3295198,-7.8,0,0.1759385,14.10001,0,0,0,0,1.279748,1.090064,0.8517804
2.468775,-12,24,0.1013053,0.4241567,0.2660375,0.264,0.4028312,0.3295198,-7.8,0,0.1759385,14.10001,0,0,0,0,1.279748,1.090064,0.8517804
2.471132,-12,24,0.1013053,0.4241567,0.2660375,0.264,0.4028312,0.3295198,-7.8,0,0.1759385,14.10001,0,0,0,0,1.279748,1.090064,0.8517804
2.473543,-12,24,0.1013053,0.4241567,0.2660375,0.264,0.4028312,0.3295198,-7.8,0,0.1759385,14.10001,0,0,0,0,1.279748,1.090064,0.8517804
2.47617,-12,24,0.1013053,0.4241567,0.2660375,0.264,0.4028312,0.3295198,-7.8,0,0.1759385,14.10001,0,0,0,0,1.279748,1.090064,0.8517804
2.478897,-12,24,0.1013053,0.4241567,0.2660375,0.264,0.4028312,0.3295198,-7.8,0,0.1759385,14.10001,0,0,0,0,1.279748,1.090064,0.8517804
2.481499,-12,24,0.1013053,0.4241567,0.2660375,0.264,0.4028312,0.3295198,-7.8,0,0.1759385,14.10001,0,0,0,0,1.279748,1.090064,0.8517804
2.483719,-12,24,0.1013053,0.4241567,0.2660375,0.264,0.4028312,0.3295198,-7.8,0,0.1759385,14.10001,0,0,0,0,1.279748,1.090064,0.8517804
2.48595,-12,24,0.1013053,0.4241567,0.2660375,0.264,0.4028312,0.3295198,-7.8,0,0.1759385,14.10001,0,0,0,0,1.279748,1.090064,0.8517804
2.488249,-12,24,0.1013053,0.4241567,0.2660375,0.264,0.4028312,0.3295198,-7.8,0,0.1759385,14.10001,0,0,0,0,1.279748,1.090064,0.8517804
2.490852,-12,24,0.1013053,0.4241567,0.2660375,0.264,0.4028312,0.3295198,-7.8,0,0.1759385,14.10001,0,0,0,0,1.279748,1.090064,0.8517804
2.493792,-12,24,0.1013053,0.4241567,0.2660375,0.264,0.4028312,0.3295198,-7.8,0,0.1759385,14.10001,0,0,0,0,1.279748,1.090064,0.8517804
2.497011,-12,24,0.1013053,0.4241567,0.2660375,0.264,0.4028312,0.3295198,-7.8,0,0.1759385,14.10001,0,0,0,0,1.279748,1.090064,0.8517804
2.499447,-12,24,0.1013053,0.4241567,0.2660375,0.264,0.4028312,0.3295198,-7.8,0,0.1759385,14.10001,0,0,0,0,1.279748,1.090064,0.8517804
2.501678,-12,24,0.1013053,0.4241567,0.2660375,0.264,0.4028312,0.3295198,-7.8,0,0.1759385,14.10001,0,0,0,0,1.279748,1.090064,0.8517804
2.503923,-12,24,0.1013053,0.4241567,0.2660375,0.264,0.4028312,0.3295198,-7.8,0,0.1759385,14.10001,0,0,0,0,1.279748,1.090064,0.8517804
2.506102,-12,24,0.1013053,0.4241567,0.2660375,0.264,0.4028312,0.3295198,-7.8,0,0.1759385,14.10001,0,0,0,0,1.279748,1.090064,0.8517804
2.508497,-12,24,0.1013053,0.4241567,0.2660375,0.264,0.4028312,0.3295198,-7.8,0,0.1759385,14.10001,0,0,0,0,1.279748,1.090064,0.8517804
2.512173,-12,24,0.1013053,0.4241567,0.2660375,0.264,0.4028312,0.3295198,-7.8,0,0.1759385,14.10001,0,0,0,0,1.279748,1.090064,0.8517804
2.515131,-12,24,0.1013053,0.4241567,0.2660375,0.264,0.4028312,0.3295198,-7.8,0,0.1759385,14.10001,0,0,0,0,1.279748,1.090064,0.8517804
2.517315,-12,24,0.1013053,0.4241567,0.2660375,0.264,0.4028312,0.3295198,-7.8,0,0.1759385,14.10001,0,0,0,0,1.279748,1.090064,0.8517804
2.519474,-12,24,0.1013053,0.4241567,0.2660375,0.264,0.4028312,0.3295198,-7.8,0,0.1759385,14.10001,0,0,0,0,1.279748,1.090064,0.8517804
2.521704,-12,24,0.1013053,0.4241567,0.2660375,0.264,0.4028312,0.3295198,-7.8,0,0.1759385,14.10001,0,0,0,0,1.279748,1.090064,0.8517804
2.52449,-12,24,0.1013053,0.4241567,0.2660375,0.264,0.4028312,0.3295198,-7.8,0,0.1759385,14.10001,0,0,0,0,1.279748,1.090064,0.8517804
2.526936,-12,24,0.1013053,0.4241567,0.2660375,0.264,0.4028312,0.3295198,-7.8,0,0.1759385,14.10001,0,0,0,0,1.279748,1.090064,0.8517804
2.52993,-12,24,0.1013053,0.4241567,0.2660375,0.264,0.4028312,0.3295198,-7.8,0,0.1759385,14.10001,0,0,0,0,1.279748,1.090064,0.8517804
2.532639,-12,24,0.1013053,0.4241567,0.2660375,0.264,0.4028312,0.3295198,-7.8,0,0.1759385,14.10001,0,0,0,0,1.279748,1.090064,0.8517804
2.535385,-12,24,0.1013053,0.4241567,0.2660375,0.264,0.4028312,0.3295198,-7.8,0,0.1759385,14.10001,0,0,0,0,1.279748,1.090064,0.8517804
2.537588,-12,24,0.1013053,0.4241567,0.2660375,0.264,0.4028312,0.3295198,-7.8,0,0.1759385,14.10001,0,0,0,0,1.279748,1.090064,0.8517804
2.539927,-12,24,0.1013053,0.4241567,0.2660375,0.264,0.4028312,0.3295198,-7.8,0,0.1759385,14.10001,0,0,0,0,1.279748,1.090064,0.8517804
2.542259,-12,24,0.1013053,0.4241567,0.2660375,0.264,0.4028312,0.3295198,-7.8,0,0.1759385,14.10001,0,0,0,0,1.279748,1.090064,0.8517804
2.544575,-12,24,0.1013053,0.4241567,0.2660375,0.264,0.4028312,0.3295198,-7.8,0,0.1759385,14.10001,0,0,0,0,1.279748,1.090064,0.8517804
2.547209,-12,24,0.1013053,0.4241567,0.2660375,0.264,0.4028312,0.3295198,-7.8,0,0.1759385,14.10001,0,0,0,0,1.279748,1.090064,0.8517804
2.549341,-12,24,0.1013053,0.4241567,0.2660375,0.264,0.4028312,0.3295198,-7.8,0,0.1759385,14.10001,0,0,0,0,1.279748,1.090064,0.8517804
2.551628,-12,24,0.1013053,0.4241567,0.2660375,0.264,0.4028312,0.3295198,-7.8,0,0.1759385,14.10001,0,0,0,0,1.279748,1.090064,0.8517804
2.553909,-12,24,0.1013053,0.4241567,0.2660375,0.264,0.4028312,0.3295198,-7.8,0,0.1759385,14.10001,0,0,0,0,1.279748,1.090064,0.8517804
2.556673,-12,24,0.1013053,0.4241567,0.2660375,0.264,0.4028312,0.3295198,-7.8,0,0.1759385,14.10001,0,0,0,0,1.279748,1.090064,0.8517804
2.559082,-12,24,0.1013053,0.4241567,0.2660375,0.264,0.4028312,0.3295198,-7.8,0,0.1759385,14.10001,0,0,0,0,1.279748,1.090064,0.8517804
2.561636,-12,24,0.1013053,0.4241567,0.2660375,0.264,0.4028312,0.3295198,-7.8,0,0.1759385,14.10001,0,0,0,0,1.279748,1.090064,0.8517804
2.564173,-12,24,0.1013053,0.4241567,0.2660375,0.264,0.4028312,0.3295198,-7.8,0,0.1759385,14.10001,0,0,0,0,1.279748,1.090064,0.8517804
2.566462,-12,24,0.1013053,0.4241567,0.2660375,0.264,0.4028312,0.3295198,-7.8,0,0.1759385,14.10001,0,0,0,0,1.279748,1.090064,0.8517804
2.568993,-12,24,0.1013053,0.4241567,0.2660375,0.264,0.4028312,0.3295198,-7.8,0,0.1759385,14.10001,0,0,0,0,1.279748,1.090064,0.8517804
2.571812,-12,24,0.1013053,0.4241567,0.2660375,0.264,0.4028312,0.3295198,-7.8,0,0.1759385,14.10001,0,0,0,0,1.279748,1.090064,0.8517804
2.574455,-12,24,0.1013053,0.4241567,0.2660375,0.264,0.4028312,0.3295198,-7.8,0,0.1759385,14.10001,0,0,0,0,1.279748,1.090064,0.8517804
2.576973,-12,24,0.1013053,0.4241567,0.2660375,0.264,0.4028312,0.3295198,-7.8,0,0.1759385,14.10001,0,0,0,0,1.279748,1.090064,0.8517804
2.579782,-12,24,0.1013053,0.4241567,0.2660375,0.264,0.4028312,0.3295198,-7.8,0,0.1759385,14.10001,0,0,0,0,1.279748,1.090064,0.8517804
2.582586,-12,24,0.1013053,0.4241567,0.2660375,0.264,0.4028312,0.3295198,-7.8,0,0.1759385,14.10001,0,0,0,0,1.279748,1.090064,0.8517804
2.584864,-12,24,0.1013053,0.4241567,0.2660375,0.264,0.4028312,0.3295198,-7.8,0,0.1759385,14.10001,0,0,0,0,1.279748,1.090064,0.8517804
2.587431,-12,24,0.1013053,0.4241567,0.2660375,0.264,0.4028312,0.3295198,-7.8,0,0.1759385,14.10001,0,0,0,0,1.279748,1.090064,0.8517804
2.589672,-12,24,0.1013053,0.4241567,0.2660375,0.264,0.4028312,0.3295198,-7.8,0,0.1759385,14.10001,0,0,0,0,1.279748,1.090064,0.8517804
2.592209,-12,24,0.1013053,0.4241567,0.2660375,0.264,0.4028312,0.3295198,-7.8,0,0.1759385,14.10001,0,0,0,0,1.279748,1.090064,0.8517804
2.59535,-12,24,0.1013053,0.4241567,0.2660375,0.264,0.4028312,0.3295198,-7.8,0,0.1759385,14.10001,0,0,0,0,1.279748,1.090064,0.8517804
2.597996,-12,24,0.1013053,0.4241567,0.2660375,0.264,0.4028312,0.3295198,-7.8,0,0.1759385,14.10001,0,0,0,0,1.279748,1.090064,0.8517804
2.60018,-12,24,0.1013053,0.4241567,0.2660375,0.264,0.4028312,0.3295198,-7.8,0,0.1759385,14.10001,0,0,0,0,1.279748,1.090064,0.8517804
2.602331,-12,24,0.1013053,0.4241567,0.2660375,0.264,0.4028312,0.3295198,-7.8,0,0.1759385,14.10001,0,0,0,0,1.279748,1.090064,0.8517804
2.604719,-12,24,0.1013053,0.4241567,0.2660375,0.264,0.4028312,0.3295198,-7.8,0,0.1759385,14.10001,0,0,0,0,1.279748,1.090064,0.8517804
2.606861,-12,24,0.1013053,0.4241567,0.2660375,0.264,0.4028312,0.3295198,-7.8,0,0.1759385,14.10001,0,0,0,0,1.279748,1.090064,0.8517804
2.609001,-12,24,0.1013053,0.4241567,0.2660375,0.264,0.4028312,0.3295198,-7.8,0,0.1759385,14.10001,0,0,0,0,1.279748,1.090064,0.8517804
2.611164,-12,24,0.1013053,0.4241567,0.2660375,0.264,0.4028312,0.3295198,-7.8,0,0.1759385,14.10001,0,0,0,0,1.279748,1.090064,0.8517804
2.614464,-12,24,0.1013053,0.4241567,0.2660375,0.264,0.4028312,0.3295198,-7.8,0,0.1759385,14.10001,0,0,0,0,1.279748,1.090064,0.8517804
2.617382,-12,24,0.1013053,0.4241567,0.2660375,0.264,0.4028312,0.3295198,-7.8,0,0.1759385,14.10001,0,0,0,0,1.279748,1.090064,0.8517804
2.619938,-12,24,0.1013053,0.4241567,0.2660375,0.264,0.4028312,0.3295198,-7.8,0,0.1759385,14.10001,0,0,0,0,1.279748,1.090064,0.8517804
2.622484,-12,24,0.1013053,0.4241567,0.2660375,0.264,0.4028312,0.3295198,-7.8,0,0.1759385,14.10001,0,0,0,0,1.279748,1.090064,0.8517804
2.624788,-12,24,0.1013053,0.4241567,0.2660375,0.264,0.4028312,0.3295198,-7.8,0,0.1759385,14.10001,0,0,0,0,1.279748,1.090064,0.8517804
2.626986,-12,24,0.1013053,0.4241567,0.2660375,0.264,0.4028312,0.3295198,-7.8,0,0.1759385,14.10001,0,0,0,0,1.279748,1.090064,0.8517804
2.629665,-12,24,0.1013053,0.4241567,0.2660375,0.264,0.4028312,0.3295198,-7.8,0,0.1759385,14.10001,0,0,0,0,1.279748,1.090064,0.8517804
2.632153,-12,24,0.1013053,0.4241567,0.2660375,0.264,0.4028312,0.3295198,-7.8,0,0.1759385,14.10001,0,0,0,0,1.279748,1.090064,0.8517804
2.635399,-12,24,0.1013053,0.4241567,0.2660375,0.264,0.4028312,0.3295198,-7.8,0,0.1759385,14.10001,0,0,0,0,1.279748,1.090064,0.8517804
2.637745,-12,24,0.1013053,0.4241567,0.2660375,0.264,0.4028312,0.3295198,-7.8,0,0.1759385,14.10001,0,0,0,0,1.279748,1.090064,0.8517804
2.639946,-12,24,0.1013053,0.4241567,0.2660375,0.264,0.4028312,0.3295198,-7.8,0,0.1759385,14.10001,0,0,0,0,1.279748,1.090064,0.8517804
2.642338,-12,24,0.1013053,0.4241567,0.2660375,0.264,0.4028312,0.3295198,-7.8,0,0.1759385,14.10001,0,0,0,0,1.279748,1.090064,0.8517804
2.644915,-12,24,0.1013053,0.4241567,0.2660375,0.264,0.4028312,0.3295198,-7.8,0,0.1759385,14.10001,0,0,0,0,1.279748,1.090064,0.8517804
2.64784,-12,24,0.1013053,0.4241567,0.2660375,0.264,0.4028312,0.3295198,-7.8,0,0.1759385,14.10001,0,0,0,0,1.279748,1.090064,0.8517804
2.650597,-12,24,0.1013053,0.4241567,0.2660375,0.264,0.4028312,0.3295198,-7.8,0,0.1759385,14.10001,0,0,0,0,1.279748,1.090064,0.8517804
2.652863,-12,24,0.1013053,0.4241567,0.2660375,0.264,0.4028312,0.3295198,-7.8,0,0.1759385,14.10001,0,0,0,0,1.279748,1.090064,0.8517804
2.655605,-12,24,0.1013053,0.4241567,0.2660375,0.264,0.4028312,0.3295198,-7.8,0,0.1759385,14.10001,0,0,0,0,1.279748,1.090064,0.8517804
2.657919,-12,24,0.1013053,0.4241567,0.2660375,0.264,0.4028312,0.3295198,-7.8,0,0.1759385,14.10001,0,0,0,0,1.279748,1.090064,0.8517804
2.660192,-12,24,0.1013053,0.4241567,0.2660375,0.264,0.4028312,0.3295198,-7.8,0,0.1759385,14.10001,0,0,0,0,1.279748,1.090064,0.8517804
2.663034,-12,24,0.1013053,0.4241567,0.2660375,0.264,0.4028312,0.3295198,-7.8,0,0.1759385,14.10001,0,0,0,0,1.279748,1.090064,0.8517804
2.665686,-12,24,0.1013053,0.4241567,0.2660375,0.264,0.4028312,0.3295198,-7.8,0,0.1759385,14.10001,0,0,0,0,1.279748,1.090064,0.8517804
2.668581,-12,24,0.1013053,0.4241567,0.2660375,0.264,0.4028312,0.3295198,-7.8,0,0.1759385,14.10001,0,0,0,0,1.279748,1.090064,0.8517804
2.672785,-12,24,0.1013053,0.4241567,0.2660375,0.264,0.4028312,0.3295198,-7.8,0,0.1759385,14.10001,0,0,0,0,1.279748,1.090064,0.8517804
2.675623,-12,24,0.1013053,0.4241567,0.2660375,0.264,0.4028312,0.3295198,-7.8,0,0.1759385,14.10001,0,0,0,0,1.279748,1.090064,0.8517804
2.678425,-12,24,0.1013053,0.4241567,0.2660375,0.264,0.4028312,0.3295198,-7.8,0,0.1759385,14.10001,0,0,0,0,1.279748,1.090064,0.8517804
2.681379,-12,24,0.1013053,0.4241567,0.2660375,0.264,0.4028312,0.3295198,-7.8,0,0.1759385,14.10001,0,0,0,0,1.279748,1.090064,0.8517804
2.683954,-12,24,0.1013053,0.4241567,0.2660375,0.264,0.4028312,0.3295198,-7.8,0,0.1759385,14.10001,0,0,0,0,1.279748,1.090064,0.8517804
2.686527,-12,24,0.1013053,0.4241567,0.2660375,0.264,0.4028312,0.3295198,-7.8,0,0.1759385,14.10001,0,0,0,0,1.279748,1.090064,0.8517804
2.68902,-12,24,0.1013053,0.4241567,0.2660375,0.264,0.4028312,0.3295198,-7.8,0,0.1759385,14.10001,0,0,0,0,1.279748,1.090064,0.8517804
2.691505,-12,24,0.1013053,0.4241567,0.2660375,0.264,0.4028312,0.3295198,-7.8,0,0.1759385,14.10001,0,0,0,0,1.279748,1.090064,0.8517804
2.693861,-12,24,0.1013053,0.4241567,0.2660375,0.264,0.4028312,0.3295198,-7.8,0,0.1759385,14.10001,0,0,0,0,1.279748,1.090064,0.8517804
2.697256,-12,24,0.1013053,0.4241567,0.2660375,0.264,0.4028312,0.3295198,-7.8,0,0.1759385,14.10001,0,0,0,0,1.279748,1.090064,0.8517804
2.6998,-12,24,0.1013053,0.4241567,0.2660375,0.264,0.4028312,0.3295198,-7.8,0,0.1759385,14.10001,0,0,0,0,1.279748,1.090064,0.8517804
2.702169,-12,24,0.1013053,0.4241567,0.2660375,0.264,0.4028312,0.3295198,-7.8,0,0.1759385,14.10001,0,0,0,0,1.279748,1.090064,0.8517804
2.704367,-12,24,0.1013053,0.4241567,0.2660375,0.264,0.4028312,0.3295198,-7.8,0,0.1759385,14.10001,0,0,0,0,1.279748,1.090064,0.8517804
2.706814,-12,24,0.1013053,0.4241567,0.2660375,0.264,0.4028312,0.3295198,-7.8,0,0.1759385,14.10001,0,0,0,0,1.279748,1.090064,0.8517804
2.710835,-12,24,0.1013053,0.4241567,0.2660375,0.264,0.4028312,0.3295198,-7.8,0,0.1759385,14.10001,0,0,0,0,1.279748,1.090064,0.8517804
2.718372,-12,24,0.1013053,0.4241567,0.2660375,0.264,0.4050207,0.3277866,-8,0,0.1750677,14,-26.53432,0,0,0,1.282541,1.090064,0.8499258
2.722645,-12,24,0.1013053,0.4241567,0.2660375,0.264,0.4050207,0.3277866,-8,0,0.1750677,14,0,0,0,0,1.282541,1.090064,0.8499258
2.730465,-12,24,0.1013053,0.4241567,0.2660375,0.264,0.4050207,0.3277866,-8,0,0.1750677,14,0,0,0,0,1.282541,1.090064,0.8499258
2.737183,-12,24,0.1013053,0.4241567,0.2660375,0.264,0.4082938,0.3251724,-8.3,0,0.1738337,13.85001,-44.65618,0,0,0,1.28673,1.090064,0.8471589
2.739887,-12,24,0.1013053,0.4241567,0.2660375,0.264,0.4082938,0.3251724,-8.3,0,0.1738337,13.85001,0,0,0,0,1.28673,1.090064,0.8471589
2.74222,-12,24,0.1013053,0.4241567,0.2660375,0.264,0.4082938,0.3251724,-8.3,0,0.1738337,13.85001,0,0,0,0,1.28673,1.090064,0.8471589
2.745234,-12,24,0.1013053,0.4241567,0.2660375,0.264,0.4082938,0.3251724,-8.3,0,0.1738337,13.85001,0,0,0,0,1.28673,1.090064,0.8471589
2.74769,-12,24,0.1013053,0.4241567,0.2660375,0.264,0.4082938,0.3251724,-8.3,0,0.1738337,13.85001,0,0,0,0,1.28673,1.090064,0.8471589
2.750341,-12,24,0.1013053,0.4241567,0.2660375,0.264,0.4082938,0.3251724,-8.3,0,0.1738337,13.85001,0,0,0,0,1.28673,1.090064,0.8471589
2.757521,-12,24,0.1013053,0.4241567,0.2660375,0.264,0.4082938,0.3251724,-8.3,0,0.1738337,13.85001,0,0,0,0,1.28673,1.090064,0.8471589
2.764616,-12,24,0.1013053,0.4241567,0.2660375,0.264,0.4104682,0.3234202,-8.5,0,0.1730599,13.75,-28.18487,0,0,0,1.289522,1.090064,0.8453243
2.766829,-12,24,0.1013053,0.4241567,0.2660375,0.264,0.4104682,0.3234202,-8.5,0,0.1730599,13.75,0,0,0,0,1.289522,1.090064,0.8453243
2.769045,-12,24,0.1013053,0.4241567,0.2660375,0.264,0.4104682,0.3234202,-8.5,0,0.1730599,13.75,0,0,0,0,1.289522,1.090064,0.8453243
2.771271,-12,24,0.1013053,0.4241567,0.2660375,0.264,0.4104682,0.3234202,-8.5,0,0.1730599,13.75,0,0,0,0,1.289522,1.090064,0.8453243
2.773447,-12,24,0.1013053,0.4241567,0.2660375,0.264,0.4104682,0.3234202,-8.5,0,0.1730599,13.75,0,0,0,0,1.289522,1.090064,0.8453243
2.776709,-12,24,0.1013053,0.4241567,0.2660375,0.264,0.4104682,0.3234202,-8.5,0,0.1730599,13.75,0,0,0,0,1.289522,1.090064,0.8453243
2.779692,-12,24,0.1013053,0.4241567,0.2660375,0.264,0.4104682,0.3234202,-8.5,0,0.1730599,13.75,0,0,0,0,1.289522,1.090064,0.8453243
2.782217,-12,24,0.1013053,0.4241567,0.2660375,0.264,0.4104682,0.3234202,-8.5,0,0.1730599,13.75,0,0,0,0,1.289522,1.090064,0.8453243
2.78454,-12,24,0.1013053,0.4241567,0.2660375,0.264,0.4104682,0.3234202,-8.5,0,0.1730599,13.75,0,0,0,0,1.289522,1.090064,0.8453243
2.78698,-12,24,0.1013053,0.4241567,0.2660375,0.264,0.4104682,0.3234202,-8.5,0,0.1730599,13.75,0,0,0,0,1.289522,1.090064,0.8453243
2.789183,-12,24,0.1013053,0.4241567,0.2660375,0.264,0.4104682,0.3234202,-8.5,0,0.1730599,13.75,0,0,0,0,1.289522,1.090064,0.8453243
2.792055,-12,24,0.1013053,0.4241567,0.2660375,0.264,0.4104682,0.3234202,-8.5,0,0.1730599,13.75,0,0,0,0,1.289522,1.090064,0.8453243
2.794676,-12,24,0.1013053,0.4241567,0.2660375,0.264,0.4104682,0.3234202,-8.5,0,0.1730599,13.75,0,0,0,0,1.289522,1.090064,0.8453243
2.799114,-12,24,0.1013053,0.4241567,0.2660375,0.264,0.4104682,0.3234202,-8.5,0,0.1730599,13.75,0,0,0,0,1.289522,1.090064,0.8453243
2.807411,-12,24,0.1013053,0.4241567,0.2660375,0.264,0.4126364,0.3216603,-8.7,0,0.1723258,13.64999,-24.10653,0,0,0,1.292315,1.090064,0.8434977
2.809708,-12,24,0.1013053,0.4241567,0.2660375,0.264,0.4126364,0.3216603,-8.7,0,0.1723258,13.64999,0,0,0,0,1.292315,1.090064,0.8434977
2.812206,-12,24,0.1013053,0.4241567,0.2660375,0.264,0.4126364,0.3216603,-8.7,0,0.1723258,13.64999,0,0,0,0,1.292315,1.090064,0.8434977
2.81547,-12,24,0.1013053,0.4241567,0.2660375,0.264,0.4126364,0.3216603,-8.7,0,0.1723258,13.64999,0,0,0,0,1.292315,1.090064,0.8434977
2.818081,-12,24,0.1013053,0.4241567,0.2660375,0.264,0.4126364,0.3216603,-8.7,0,0.1723258,13.64999,0,0,0,0,1.292315,1.090064,0.8434977
2.820866,-12,24,0.1013053,0.4241567,0.2660375,0.264,0.4126364,0.3216603,-8.7,0,0.1723258,13.64999,0,0,0,0,1.292315,1.090064,0.8434977
2.823551,-12,24,0.1013053,0.4241567,0.2660375,0.264,0.4126364,0.3216603,-8.7,0,0.1723258,13.64999,0,0,0,0,1.292315,1.090064,0.8434977
2.826143,-12,24,0.1013053,0.4241567,0.2660375,0.264,0.4126364,0.3216603,-8.7,0,0.1723258,13.64999,0,0,0,0,1.292315,1.090064,0.8434977
2.828833,-12,24,0.1013053,0.4241567,0.2660375,0.264,0.4126364,0.3216603,-8.7,0,0.1723258,13.64999,0,0,0,0,1.292315,1.090064,0.8434977
2.831839,-12,24,0.1013053,0.4241567,0.2660375,0.264,0.4126364,0.3216603,-8.7,0,0.1723258,13.64999,0,0,0,0,1.292315,1.090064,0.8434977
2.834232,-12,24,0.1013053,0.4241567,0.2660375,0.264,0.4126364,0.3216603,-8.7,0,0.1723258,13.64999,0,0,0,0,1.292315,1.090064,0.8434977
2.836981,-12,24,0.1013053,0.4241567,0.2660375,0.264,0.4126364,0.3216603,-8.7,0,0.1723258,13.64999,0,0,0,0,1.292315,1.090064,0.8434977
2.839514,-12,24,0.1013053,0.4241567,0.2660375,0.264,0.4126364,0.3216603,-8.7,0,0.1723258,13.64999,0,0,0,0,1.292315,1.090064,0.8434977
2.841713,-12,24,0.1013053,0.4241567,0.2660375,0.264,0.4126364,0.3216603,-8.7,0,0.1723258,13.64999,0,0,0,0,1.292315,1.090064,0.8434977
2.844086,-12,24,0.1013053,0.4241567,0.2660375,0.264,0.4126364,0.3216603,-8.7,0,0.1723258,13.64999,0,0,0,0,1.292315,1.090064,0.8434977
2.8468,-12,24,0.1013053,0.4241567,0.2660375,0.264,0.4126364,0.3216603,-8.7,0,0.1723258,13.64999,0,0,0,0,1.292315,1.090064,0.8434977
2.8491,-12,24,0.1013053,0.4241567,0.2660375,0.264,0.4126364,0.3216603,-8.7,0,0.1723258,13.64999,0,0,0,0,1.292315,1.090064,0.8434977
2.851433,-12,24,0.1013053,0.4241567,0.2660375,0.264,0.4126364,0.3216603,-8.7,0,0.1723258,13.64999,0,0,0,0,1.292315,1.090064,0.8434977
2.854332,-12,24,0.1013053,0.4241567,0.2660375,0.264,0.4126364,0.3216603,-8.7,0,0.1723258,13.64999,0,0,0,0,1.292315,1.090064,0.8434977
2.857058,-12,24,0.1013053,0.4241567,0.2660375,0.264,0.4126364,0.3216603,-8.7,0,0.1723258,13.64999,0,0,0,0,1.292315,1.090064,0.8434977
2.860895,-12,24,0.1013053,0.4241567,0.2660375,0.264,0.4126364,0.3216603,-8.7,0,0.1723258,13.64999,0,0,0,0,1.292315,1.090064,0.8434977
2.868599,-12,24,0.1013053,0.4241567,0.2660375,0.264,0.4158772,0.3190064,-9,0,0.1713004,13.5,-38.93831,0,0,0,1.296503,1.090064,0.8407725
2.870848,-12,24,0.1013053,0.4241567,0.2660375,0.264,0.4158772,0.3190064,-9,0,0.1713004,13.5,0,0,0,0,1.296503,1.090064,0.8407725
2.873825,-12,24,0.1013053,0.4241567,0.2660375,0.264,0.4158772,0.3190064,-9,0,0.1713004,13.5,0,0,0,0,1.296503,1.090064,0.8407725
2.876694,-12,24,0.1013053,0.4241567,0.2660375,0.264,0.4158772,0.3190064,-9,0,0.1713004,13.5,0,0,0,0,1.296503,1.090064,0.8407725
2.879307,-12,24,0.1013053,0.4241567,0.2660375,0.264,0.4158772,0.3190064,-9,0,0.1713004,13.5,0,0,0,0,1.296503,1.090064,0.8407725
2.88162,-12,24,0.1013053,0.4241567,0.2660375,0.264,0.4158772,0.3190064,-9,0,0.1713004,13.5,0,0,0,0,1.296503,1.090064,0.8407725
2.883915,-12,24,0.1013053,0.4241567,0.2660375,0.264,0.4158772,0.3190064,-9,0,0.1713004,13.5,0,0,0,0,1.296503,1.090064,0.8407725
2.886913,-12,24,0.1013053,0.4241567,0.2660375,0.264,0.4158772,0.3190064,-9,0,0.1713004,13.5,0,0,0,0,1.296503,1.090064,0.8407725
2.889561,-12,24,0.1013053,0.4241567,0.2660375,0.264,0.4158772,0.3190064,-9,0,0.1713004,13.5,0,0,0,0,1.296503,1.090064,0.8407725
2.892759,-12,24,0.1013053,0.4241567,0.2660375,0.264,0.4158772,0.3190064,-9,0,0.1713004,13.5,0,0,0,0,1.296503,1.090064,0.8407725
2.898848,-12,24,0.1013053,0.4241567,0.2660375,0.264,0.4158772,0.3190064,-9,0,0.1713004,13.5,0,0,0,0,1.296503,1.090064,0.8407725
2.906965,-12,24,0.1013053,0.4241567,0.2660375,0.264,0.4180299,0.3172278,-9.2,0,0.170668,13.39999,-24.64114,0,0,0,1.299296,1.090064,0.8389655
2.913952,-12,24,0.1013053,0.4241567,0.2660375,0.264,0.4180299,0.3172278,-9.2,0,0.170668,13.39999,0,0,0,0,1.299296,1.090064,0.8389655
2.917032,-12,24,0.1013053,0.4241567,0.2660375,0.264,0.4180299,0.3172278,-9.2,0,0.170668,13.39999,0,0,0,0,1.299296,1.090064,0.8389655
2.919338,-12,24,0.1013053,0.4241567,0.2660375,0.264,0.4180299,0.3172278,-9.2,0,0.170668,13.39999,0,0,0,0,1.299296,1.090064,0.8389655
2.921473,-12,24,0.1013053,0.4241567,0.2660375,0.264,0.4180299,0.3172278,-9.2,0,0.170668,13.39999,0,0,0,0,1.299296,1.090064,0.8389655
2.923601,-12,24,0.1013053,0.4241567,0.2660375,0.264,0.4180299,0.3172278,-9.2,0,0.170668,13.39999,0,0,0,0,1.299296,1.090064,0.8389655
2.925846,-12,24,0.1013053,0.4241567,0.2660375,0.264,0.4180299,0.3172278,-9.2,0,0.170668,13.39999,0,0,0,0,1.299296,1.090064,0.8389655
2.928371,-12,24,0.1013053,0.4241567,0.2660375,0.264,0.4180299,0.3172278,-9.2,0,0.170668,13.39999,0,0,0,0,1.299296,1.090064,0.8389655
2.931095,-12,24,0.1013053,0.4241567,0.2660375,0.264,0.4180299,0.3172278,-9.2,0,0.170668,13.39999,0,0,0,0,1.299296,1.090064,0.8389655
2.933964,-12,24,0.1013053,0.4241567,0.2660375,0.264,0.4180299,0.3172278,-9.2,0,0.170668,13.39999,0,0,0,0,1.299296,1.090064,0.8389655
2.936617,-12,24,0.1013053,0.4241567,0.2660375,0.264,0.4180299,0.3172278,-9.2,0,0.170668,13.39999,0,0,0,0,1.299296,1.090064,0.8389655
2.939276,-12,24,0.1013053,0.4241567,0.2660375,0.264,0.4180299,0.3172278,-9.2,0,0.170668,13.39999,0,0,0,0,1.299296,1.090064,0.8389655
2.943251,-12,24,0.1013053,0.4241567,0.2660375,0.264,0.4180299,0.3172278,-9.2,0,0.170668,13.39999,0,0,0,0,1.299296,1.090064,0.8389655
2.950506,-12,24,0.1013053,0.4241567,0.2660375,0.264,0.4212474,0.3145457,-9.5,0,0.1697972,13.25,-41.35481,0,0,0,1.303485,1.090064,0.8362694
2.953447,-12,24,0.1013053,0.4241567,0.2660375,0.264,0.4212474,0.3145457,-9.5,0,0.1697972,13.25,0,0,0,0,1.303485,1.090064,0.8362694
2.95661,-12,24,0.1013053,0.4241567,0.2660375,0.264,0.4212474,0.3145457,-9.5,0,0.1697972,13.25,0,0,0,0,1.303485,1.090064,0.8362694
2.959639,-12,24,0.1013053,0.4241567,0.2660375,0.264,0.4212474,0.3145457,-9.5,0,0.1697972,13.25,0,0,0,0,1.303485,1.090064,0.8362694
2.96542,-12,24,0.1013053,0.4241567,0.2660375,0.264,0.4212474,0.3145457,-9.5,0,0.1697972,13.25,0,0,0,0,1.303485,1.090064,0.8362694
2.97279,-12,24,0.1013053,0.4241567,0.2660375,0.264,0.4233847,0.3127483,-9.7,0,0.1692692,13.14999,-27.13554,0,0,0,1.306277,1.090064,0.8344817
2.975517,-12,24,0.1013053,0.4241567,0.2660375,0.264,0.4233847,0.3127483,-9.7,0,0.1692692,13.14999,0,0,0,0,1.306277,1.090064,0.8344817
2.97781,-12,24,0.1013053,0.4241567,0.2660375,0.264,0.4233847,0.3127483,-9.7,0,0.1692692,13.14999,0,0,0,0,1.306277,1.090064,0.8344817
2.980665,-12,24,0.1013053,0.4241567,0.2660375,0.264,0.4233847,0.3127483,-9.7,0,0.1692692,13.14999,0,0,0,0,1.306277,1.090064,0.8344817
2.983023,-12,24,0.1013053,0.4241567,0.2660375,0.264,0.4233847,0.3127483,-9.7,0,0.1692692,13.14999,0,0,0,0,1.306277,1.090064,0.8344817
2.985395,-12,24,0.1013053,0.4241567,0.2660375,0.264,0.4233847,0.3127483,-9.7,0,0.1692692,13.14999,0,0,0,0,1.306277,1.090064,0.8344817
2.987625,-12,24,0.1013053,0.4241567,0.2660375,0.264,0.4233847,0.3127483,-9.7,0,0.1692692,13.14999,0,0,0,0,1.306277,1.090064,0.8344817
2.989822,-12,24,0.1013053,0.4241567,0.2660375,0.264,0.4233847,0.3127483,-9.7,0,0.1692692,13.14999,0,0,0,0,1.306277,1.090064,0.8344817
2.994097,-12,24,0.1013053,0.4241567,0.2660375,0.264,0.4233847,0.3127483,-9.7,0,0.1692692,13.14999,0,0,0,0,1.306277,1.090064,0.8344817
3.001354,-12,24,0.1013053,0.4241567,0.2660375,0.264,0.4255155,0.3109434,-9.9,0,0.1687838,13.05,-27.55501,0,0,0,1.30907,1.090064,0.8327016
3.003984,-12,24,0.1013053,0.4241567,0.2660375,0.264,0.4255155,0.3109434,-9.9,0,0.1687838,13.05,0,0,0,0,1.30907,1.090064,0.8327016
3.006348,-12,24,0.1013053,0.4241567,0.2660375,0.264,0.4255155,0.3109434,-9.9,0,0.1687838,13.05,0,0,0,0,1.30907,1.090064,0.8327016
3.008514,-12,24,0.1013053,0.4241567,0.2660375,0.264,0.4255155,0.3109434,-9.9,0,0.1687838,13.05,0,0,0,0,1.30907,1.090064,0.8327016
3.010971,-12,24,0.1013053,0.4241567,0.2660375,0.264,0.4255155,0.3109434,-9.9,0,0.1687838,13.05,0,0,0,0,1.30907,1.090064,0.8327016
3.013702,-12,24,0.1013053,0.4241567,0.2660375,0.264,0.4255155,0.3109434,-9.9,0,0.1687838,13.05,0,0,0,0,1.30907,1.090064,0.8327016
3.01634,-12,24,0.1013053,0.4241567,0.2660375,0.264,0.4255155,0.3109434,-9.9,0,0.1687838,13.05,0,0,0,0,1.30907,1.090064,0.8327016
3.018759,-12,24,0.1013053,0.4241567,0.2660375,0.264,0.4255155,0.3109434,-9.9,0,0.1687838,13.05,0,0,0,0,1.30907,1.090064,0.8327016
3.021132,-12,24,0.1013053,0.4241567,0.2660375,0.264,0.4255155,0.3109434,-9.9,0,0.1687838,13.05,0,0,0,0,1.30907,1.090064,0.8327016
3.025888,-12,24,0.1013053,0.4241567,0.2660375,0.264,0.4255155,0.3109434,-9.9,0,0.1687838,13.05,0,0,0,0,1.30907,1.090064,0.8327016
3.03301,-12,24,0.1013053,0.4241567,0.2660375,0.264,0.4287001,0.3082222,-10.2,0,0.1681361,12.89999,-42.11652,0,0,0,1.313259,1.090064,0.8300456
3.035973,-12,24,0.1013053,0.4241567,0.2660375,0.264,0.4287001,0.3082222,-10.2,0,0.1681361,12.89999,0,0,0,0,1.313259,1.090064,0.8300456
3.038372,-12,24,0.1013053,0.4241567,0.2660375,0.264,0.4287001,0.3082222,-10.2,0,0.1681361,12.89999,0,0,0,0,1.313259,1.090064,0.8300456
3.04104,-12,24,0.1013053,0.4241567,0.2660375,0.264,0.4287001,0.3082222,-10.2,0,0.1681361,12.89999,0,0,0,0,1.313259,1.090064,0.8300456
3.043415,-12,24,0.1013053,0.4241567,0.2660375,0.264,0.4287001,0.3082222,-10.2,0,0.1681361,12.89999,0,0,0,0,1.313259,1.090064,0.8300456
3.046728,-12,24,0.1013053,0.4241567,0.2660375,0.264,0.4287001,0.3082222,-10.2,0,0.1681361,12.89999,0,0,0,0,1.313259,1.090064,0.8300456
3.048912,-12,24,0.1013053,0.4241567,0.2660375,0.264,0.4287001,0.3082222,-10.2,0,0.1681361,12.89999,0,0,0,0,1.313259,1.090064,0.8300456
3.051392,-12,24,0.1013053,0.4241567,0.2660375,0.264,0.4287001,0.3082222,-10.2,0,0.1681361,12.89999,0,0,0,0,1.313259,1.090064,0.8300456
3.053692,-12,24,0.1013053,0.4241567,0.2660375,0.264,0.4287001,0.3082222,-10.2,0,0.1681361,12.89999,0,0,0,0,1.313259,1.090064,0.8300456
3.058037,-12,24,0.1013053,0.4241567,0.2660375,0.264,0.4287001,0.3082222,-10.2,0,0.1681361,12.89999,0,0,0,0,1.313259,1.090064,0.8300456
3.063583,-12,24,0.1013053,0.4241567,0.2660375,0.264,0.4287001,0.3082222,-10.2,0,0.1681361,12.89999,0,0,0,0,1.313259,1.090064,0.8300456
3.065916,-12,24,0.1013053,0.4241567,0.2660375,0.264,0.4287001,0.3082222,-10.2,0,0.1681361,12.89999,0,0,0,0,1.313259,1.090064,0.8300456
3.068153,-12,24,0.1013053,0.4241567,0.2660375,0.264,0.4287001,0.3082222,-10.2,0,0.1681361,12.89999,0,0,0,0,1.313259,1.090064,0.8300456
3.070387,-12,24,0.1013053,0.4241567,0.2660375,0.264,0.4287001,0.3082222,-10.2,0,0.1681361,12.89999,0,0,0,0,1.313259,1.090064,0.8300456
3.073709,-12,24,0.1013053,0.4241567,0.2660375,0.264,0.4287001,0.3082222,-10.2,0,0.1681361,12.89999,0,0,0,0,1.313259,1.090064,0.8300456
3.076534,-12,24,0.1013053,0.4241567,0.2660375,0.264,0.4287001,0.3082222,-10.2,0,0.1681361,12.89999,0,0,0,0,1.313259,1.090064,0.8300456
3.079119,-12,24,0.1013053,0.4241567,0.2660375,0.264,0.4287001,0.3082222,-10.2,0,0.1681361,12.89999,0,0,0,0,1.313259,1.090064,0.8300456
3.081463,-12,24,0.1013053,0.4241567,0.2660375,0.264,0.4287001,0.3082222,-10.2,0,0.1681361,12.89999,0,0,0,0,1.313259,1.090064,0.8300456
3.083807,-12,24,0.1013053,0.4241567,0.2660375,0.264,0.4287001,0.3082222,-10.2,0,0.1681361,12.89999,0,0,0,0,1.313259,1.090064,0.8300456
3.086161,-12,24,0.1013053,0.4241567,0.2660375,0.264,0.4287001,0.3082222,-10.2,0,0.1681361,12.89999,0,0,0,0,1.313259,1.090064,0.8300456
3.088461,-12,24,0.1013053,0.4241567,0.2660375,0.264,0.4287001,0.3082222,-10.2,0,0.1681361,12.89999,0,0,0,0,1.313259,1.090064,0.8300456
3.090969,-12,24,0.1013053,0.4241567,0.2660375,0.264,0.4287001,0.3082222,-10.2,0,0.1681361,12.89999,0,0,0,0,1.313259,1.090064,0.8300456
3.093372,-12,24,0.1013053,0.4241567,0.2660375,0.264,0.4287001,0.3082222,-10.2,0,0.1681361,12.89999,0,0,0,0,1.313259,1.090064,0.8300456
3.096472,-12,24,0.1013053,0.4241567,0.2660375,0.264,0.4287001,0.3082222,-10.2,0,0.1681361,12.89999,0,0,0,0,1.313259,1.090064,0.8300456
3.098896,-12,24,0.1013053,0.4241567,0.2660375,0.264,0.4287001,0.3082222,-10.2,0,0.1681361,12.89999,0,0,0,0,1.313259,1.090064,0.8300456
3.101208,-12,24,0.1013053,0.4241567,0.2660375,0.264,0.4287001,0.3082222,-10.2,0,0.1681361,12.89999,0,0,0,0,1.313259,1.090064,0.8300456
3.103836,-12,24,0.1013053,0.4241567,0.2660375,0.264,0.4287001,0.3082222,-10.2,0,0.1681361,12.89999,0,0,0,0,1.313259,1.090064,0.8300456
3.106148,-12,24,0.1013053,0.4241567,0.2660375,0.264,0.4287001,0.3082222,-10.2,0,0.1681361,12.89999,0,0,0,0,1.313259,1.090064,0.8300456
3.108555,-12,24,0.1013053,0.4241567,0.2660375,0.264,0.4287001,0.3082222,-10.2,0,0.1681361,12.89999,0,0,0,0,1.313259,1.090064,0.8300456
3.110888,-12,24,0.1013053,0.4241567,0.2660375,0.264,0.4287001,0.3082222,-10.2,0,0.1681361,12.89999,0,0,0,0,1.313259,1.090064,0.8300456
3.114723,-12,24,0.1013053,0.4241567,0.2660375,0.264,0.4287001,0.3082222,-10.2,0,0.1681361,12.89999,0,0,0,0,1.313259,1.090064,0.8300456
3.117733,-12,24,0.1013053,0.4241567,0.2660375,0.264,0.4287001,0.3082222,-10.2,0,0.1681361,12.89999,0,0,0,0,1.313259,1.090064,0.8300456
3.119989,-12,24,0.1013053,0.4241567,0.2660375,0.264,0.4287001,0.3082222,-10.2,0,0.1681361,12.89999,0,0,0,0,1.313259,1.090064,0.8300456
3.122324,-12,24,0.1013053,0.4241567,0.2660375,0.264,0.4287001,0.3082222,-10.2,0,0.1681361,12.89999,0,0,0,0,1.313259,1.090064,0.8300456
3.124708,-12,24,0.1013053,0.4241567,0.2660375,0.264,0.4287001,0.3082222,-10.2,0,0.1681361,12.89999,0,0,0,0,1.313259,1.090064,0.8300456
3.126884,-12,24,0.1013053,0.4241567,0.2660375,0.264,0.4287001,0.3082222,-10.2,0,0.1681361,12.89999,0,0,0,0,1.313259,1.090064,0.8300456
3.129372,-12,24,0.1013053,0.4241567,0.2660375,0.264,0.4287001,0.3082222,-10.2,0,0.1681361,12.89999,0,0,0,0,1.313259,1.090064,0.8300456
3.131845,-12,24,0.1013053,0.4241567,0.2660375,0.264,0.4287001,0.3082222,-10.2,0,0.1681361,12.89999,0,0,0,0,1.313259,1.090064,0.8300456
3.134573,-12,24,0.1013053,0.4241567,0.2660375,0.264,0.4287001,0.3082222,-10.2,0,0.1681361,12.89999,0,0,0,0,1.313259,1.090064,0.8300456
3.137125,-12,24,0.1013053,0.4241567,0.2660375,0.264,0.4287001,0.3082222,-10.2,0,0.1681361,12.89999,0,0,0,0,1.313259,1.090064,0.8300456
3.139366,-12,24,0.1013053,0.4241567,0.2660375,0.264,0.4287001,0.3082222,-10.2,0,0.1681361,12.89999,0,0,0,0,1.313259,1.090064,0.8300456
3.141937,-12,24,0.1013053,0.4241567,0.2660375,0.264,0.4287001,0.3082222,-10.2,0,0.1681361,12.89999,0,0,0,0,1.313259,1.090064,0.8300456
3.14492,-12,24,0.1013053,0.4241567,0.2660375,0.264,0.4287001,0.3082222,-10.2,0,0.1681361,12.89999,0,0,0,0,1.313259,1.090064,0.8300456
3.148064,-12,24,0.1013053,0.4241567,0.2660375,0.264,0.4287001,0.3082222,-10.2,0,0.1681361,12.89999,0,0,0,0,1.313259,1.090064,0.8300456
3.15036,-12,24,0.1013053,0.4241567,0.2660375,0.264,0.4287001,0.3082222,-10.2,0,0.1681361,12.89999,0,0,0,0,1.313259,1.090064,0.8300456
3.15266,-12,24,0.1013053,0.4241567,0.2660375,0.264,0.4287001,0.3082222,-10.2,0,0.1681361,12.89999,0,0,0,0,1.313259,1.090064,0.8300456
3.155422,-12,24,0.1013053,0.4241567,0.2660375,0.264,0.4287001,0.3082222,-10.2,0,0.1681361,12.89999,0,0,0,0,1.313259,1.090064,0.8300456
3.157623,-12,24,0.1013053,0.4241567,0.2660375,0.264,0.4287001,0.3082222,-10.2,0,0.1681361,12.89999,0,0,0,0,1.313259,1.090064,0.8300456
3.159954,-12,24,0.1013053,0.4241567,0.2660375,0.264,0.4287001,0.3082222,-10.2,0,0.1681361,12.89999,0,0,0,0,1.313259,1.090064,0.8300456
3.162519,-12,24,0.1013053,0.4241567,0.2660375,0.264,0.4287001,0.3082222,-10.2,0,0.1681361,12.89999,0,0,0,0,1.313259,1.090064,0.8300456
3.165007,-12,24,0.1013053,0.4241567,0.2660375,0.264,0.4287001,0.3082222,-10.2,0,0.1681361,12.89999,0,0,0,0,1.313259,1.090064,0.8300456
3.167402,-12,24,0.1013053,0.4241567,0.2660375,0.264,0.4287001,0.3082222,-10.2,0,0.1681361,12.89999,0,0,0,0,1.313259,1.090064,0.8300456
3.169582,-12,24,0.1013053,0.4241567,0.2660375,0.264,0.4287001,0.3082222,-10.2,0,0.1681361,12.89999,0,0,0,0,1.313259,1.090064,0.8300456
3.171896,-12,24,0.1013053,0.4241567,0.2660375,0.264,0.4287001,0.3082222,-10.2,0,0.1681361,12.89999,0,0,0,0,1.313259,1.090064,0.8300456
3.174156,-12,24,0.1013053,0.4241567,0.2660375,0.264,0.4287001,0.3082222,-10.2,0,0.1681361,12.89999,0,0,0,0,1.313259,1.090064,0.8300456
3.176914,-12,24,0.1013053,0.4241567,0.2660375,0.264,0.4287001,0.3082222,-10.2,0,0.1681361,12.89999,0,0,0,0,1.313259,1.090064,0.8300456
3.180265,-12,24,0.1013053,0.4241567,0.2660375,0.264,0.4287001,0.3082222,-10.2,0,0.1681361,12.89999,0,0,0,0,1.313259,1.090064,0.8300456
3.18285,-12,24,0.1013053,0.4241567,0.2660375,0.264,0.4287001,0.3082222,-10.2,0,0.1681361,12.89999,0,0,0,0,1.313259,1.090064,0.8300456
3.185301,-12,24,0.1013053,0.4241567,0.2660375,0.264,0.4287001,0.3082222,-10.2,0,0.1681361,12.89999,0,0,0,0,1.313259,1.090064,0.8300456
3.18803,-12,24,0.1013053,0.4241567,0.2660375,0.264,0.4287001,0.3082222,-10.2,0,0.1681361,12.89999,0,0,0,0,1.313259,1.090064,0.8300456
3.190567,-12,24,0.1013053,0.4241567,0.2660375,0.264,0.4287001,0.3082222,-10.2,0,0.1681361,12.89999,0,0,0,0,1.313259,1.090064,0.8300456
3.192915,-12,24,0.1013053,0.4241567,0.2660375,0.264,0.4287001,0.3082222,-10.2,0,0.1681361,12.89999,0,0,0,0,1.313259,1.090064,0.8300456
3.19636,-12,24,0.1013053,0.4241567,0.2660375,0.264,0.4287001,0.3082222,-10.2,0,0.1681361,12.89999,0,0,0,0,1.313259,1.090064,0.8300456
3.198915,-12,24,0.1013053,0.4241567,0.2660375,0.264,0.4287001,0.3082222,-10.2,0,0.1681361,12.89999,0,0,0,0,1.313259,1.090064,0.8300456
3.201256,-12,24,0.1013053,0.4241567,0.2660375,0.264,0.4287001,0.3082222,-10.2,0,0.1681361,12.89999,0,0,0,0,1.313259,1.090064,0.8300456
3.203608,-12,24,0.1013053,0.4241567,0.2660375,0.264,0.4287001,0.3082222,-10.2,0,0.1681361,12.89999,0,0,0,0,1.313259,1.090064,0.8300456
3.205748,-12,24,0.1013053,0.4241567,0.2660375,0.264,0.4287001,0.3082222,-10.2,0,0.1681361,12.89999,0,0,0,0,1.313259,1.090064,0.8300456
3.208103,-12,24,0.1013053,0.4241567,0.2660375,0.264,0.4287001,0.3082222,-10.2,0,0.1681361,12.89999,0,0,0,0,1.313259,1.090064,0.8300456
3.210346,-12,24,0.1013053,0.4241567,0.2660375,0.264,0.4287001,0.3082222,-10.2,0,0.1681361,12.89999,0,0,0,0,1.313259,1.090064,0.8300456
3.213158,-12,24,0.1013053,0.4241567,0.2660375,0.264,0.4287001,0.3082222,-10.2,0,0.1681361,12.89999,0,0,0,0,1.313259,1.090064,0.8300456
3.21579,-12,24,0.1013053,0.4241567,0.2660375,0.264,0.4287001,0.3082222,-10.2,0,0.1681361,12.89999,0,0,0,0,1.313259,1.090064,0.8300456
3.21797,-12,24,0.1013053,0.4241567,0.2660375,0.264,0.4287001,0.3082222,-10.2,0,0.1681361,12.89999,0,0,0,0,1.313259,1.090064,0.8300456
3.220221,-12,24,0.1013053,0.4241567,0.2660375,0.264,0.4287001,0.3082222,-10.2,0,0.1681361,12.89999,0,0,0,0,1.313259,1.090064,0.8300456
3.222477,-12,24,0.1013053,0.4241567,0.2660375,0.264,0.4287001,0.3082222,-10.2,0,0.1681361,12.89999,0,0,0,0,1.313259,1.090064,0.8300456
3.224682,-12,24,0.1013053,0.4241567,0.2660375,0.264,0.4287001,0.3082222,-10.2,0,0.1681361,12.89999,0,0,0,0,1.313259,1.090064,0.8300456
3.228491,-12,24,0.1013053,0.4241567,0.2660375,0.264,0.4287001,0.3082222,-10.2,0,0.1681361,12.89999,0,0,0,0,1.313259,1.090064,0.8300456
3.230927,-12,24,0.1013053,0.4241567,0.2660375,0.264,0.4287001,0.3082222,-10.2,0,0.1681361,12.89999,0,0,0,0,1.313259,1.090064,0.8300456
3.233128,-12,24,0.1013053,0.4241567,0.2660375,0.264,0.4287001,0.3082222,-10.2,0,0.1681361,12.89999,0,0,0,0,1.313259,1.090064,0.8300456
3.235874,-12,24,0.1013053,0.4241567,0.2660375,0.264,0.4287001,0.3082222,-10.2,0,0.1681361,12.89999,0,0,0,0,1.313259,1.090064,0.8300456
3.238079,-12,24,0.1013053,0.4241567,0.2660375,0.264,0.4287001,0.3082222,-10.2,0,0.1681361,12.89999,0,0,0,0,1.313259,1.090064,0.8300456
3.240318,-12,24,0.1013053,0.4241567,0.2660375,0.264,0.4287001,0.3082222,-10.2,0,0.1681361,12.89999,0,0,0,0,1.313259,1.090064,0.8300456
3.242792,-12,24,0.1013053,0.4241567,0.2660375,0.264,0.4287001,0.3082222,-10.2,0,0.1681361,12.89999,0,0,0,0,1.313259,1.090064,0.8300456
3.245235,-12,24,0.1013053,0.4241567,0.2660375,0.264,0.4287001,0.3082222,-10.2,0,0.1681361,12.89999,0,0,0,0,1.313259,1.090064,0.8300456
3.24758,-12,24,0.1013053,0.4241567,0.2660375,0.264,0.4287001,0.3082222,-10.2,0,0.1681361,12.89999,0,0,0,0,1.313259,1.090064,0.8300456
3.250126,-12,24,0.1013053,0.4241567,0.2660375,0.264,0.4287001,0.3082222,-10.2,0,0.1681361,12.89999,0,0,0,0,1.313259,1.090064,0.8300456
3.252369,-12,24,0.1013053,0.4241567,0.2660375,0.264,0.4287001,0.3082222,-10.2,0,0.1681361,12.89999,0,0,0,0,1.313259,1.090064,0.8300456
3.255045,-12,24,0.1013053,0.4241567,0.2660375,0.264,0.4287001,0.3082222,-10.2,0,0.1681361,12.89999,0,0,0,0,1.313259,1.090064,0.8300456
3.257309,-12,24,0.1013053,0.4241567,0.2660375,0.264,0.4287001,0.3082222,-10.2,0,0.1681361,12.89999,0,0,0,0,1.313259,1.090064,0.8300456
3.259794,-12,24,0.1013053,0.4241567,0.2660375,0.264,0.4287001,0.3082222,-10.2,0,0.1681361,12.89999,0,0,0,0,1.313259,1.090064,0.8300456
3.262674,-12,24,0.1013053,0.4241567,0.2660375,0.264,0.4287001,0.3082222,-10.2,0,0.1681361,12.89999,0,0,0,0,1.313259,1.090064,0.8300456
3.265089,-12,24,0.1013053,0.4241567,0.2660375,0.264,0.4287001,0.3082222,-10.2,0,0.1681361,12.89999,0,0,0,0,1.313259,1.090064,0.8300456
3.26741,-12,24,0.1013053,0.4241567,0.2660375,0.264,0.4287001,0.3082222,-10.2,0,0.1681361,12.89999,0,0,0,0,1.313259,1.090064,0.8300456
3.269703,-12,24,0.1013053,0.4241567,0.2660375,0.264,0.4287001,0.3082222,-10.2,0,0.1681361,12.89999,0,0,0,0,1.313259,1.090064,0.8300456
3.272013,-12,24,0.1013053,0.4241567,0.2660375,0.264,0.4287001,0.3082222,-10.2,0,0.1681361,12.89999,0,0,0,0,1.313259,1.090064,0.8300456
3.274612,-12,24,0.1013053,0.4241567,0.2660375,0.264,0.4287001,0.3082222,-10.2,0,0.1681361,12.89999,0,0,0,0,1.313259,1.090064,0.8300456
3.277481,-12,24,0.1013053,0.4241567,0.2660375,0.264,0.4287001,0.3082222,-10.2,0,0.1681361,12.89999,0,0,0,0,1.313259,1.090064,0.8300456
3.280178,-12,24,0.1013053,0.4241567,0.2660375,0.264,0.4287001,0.3082222,-10.2,0,0.1681361,12.89999,0,0,0,0,1.313259,1.090064,0.8300456
3.282541,-12,24,0.1013053,0.4241567,0.2660375,0.264,0.4287001,0.3082222,-10.2,0,0.1681361,12.89999,0,0,0,0,1.313259,1.090064,0.8300456
3.284773,-12,24,0.1013053,0.4241567,0.2660375,0.264,0.4287001,0.3082222,-10.2,0,0.1681361,12.89999,0,0,0,0,1.313259,1.090064,0.8300456
3.2871,-12,24,0.1013053,0.4241567,0.2660375,0.264,0.4287001,0.3082222,-10.2,0,0.1681361,12.89999,0,0,0,0,1.313259,1.090064,0.8300456
3.289692,-12,24,0.1013053,0.4241567,0.2660375,0.264,0.4287001,0.3082222,-10.2,0,0.1681361,12.89999,0,0,0,0,1.313259,1.090064,0.8300456
3.2922,-12,24,0.1013053,0.4241567,0.2660375,0.264,0.4287001,0.3082222,-10.2,0,0.1681361,12.89999,0,0,0,0,1.313259,1.090064,0.8300456
3.295795,-12,24,0.1013053,0.4241567,0.2660375,0.264,0.4287001,0.3082222,-10.2,0,0.1681361,12.89999,0,0,0,0,1.313259,1.090064,0.8300456
3.298172,-12,24,0.1013053,0.4241567,0.2660375,0.264,0.4287001,0.3082222,-10.2,0,0.1681361,12.89999,0,0,0,0,1.313259,1.090064,0.8300456
3.300344,-12,24,0.1013053,0.4241567,0.2660375,0.264,0.4287001,0.3082222,-10.2,0,0.1681361,12.89999,0,0,0,0,1.313259,1.090064,0.8300456
3.302622,-12,24,0.1013053,0.4241567,0.2660375,0.264,0.4287001,0.3082222,-10.2,0,0.1681361,12.89999,0,0,0,0,1.313259,1.090064,0.8300456
3.305113,-12,24,0.1013053,0.4241567,0.2660375,0.264,0.4287001,0.3082222,-10.2,0,0.1681361,12.89999,0,0,0,0,1.313259,1.090064,0.8300456
3.313656,-12,24,0.1013053,0.4241567,0.2660375,0.264,0.4287001,0.3082222,-10.2,0,0.1681361,12.89999,0,0,0,0,1.313259,1.090064,0.8300456
3.323017,-12,24,0.1013053,0.4241567,0.2660375,0.264,0.4287001,0.3082222,-10.2,0,0.1681361,12.89999,0,0,0,0,1.313259,1.090064,0.8300456
3.325769,-12,24,0.1013053,0.4241567,0.2660375,0.264,0.4287001,0.3082222,-10.2,0,0.1681361,12.89999,0,0,0,0,1.313259,1.090064,0.8300456
3.328739,-12,24,0.1013053,0.4241567,0.2660375,0.264,0.4287001,0.3082222,-10.2,0,0.1681361,12.89999,0,0,0,0,1.313259,1.090064,0.8300456
3.331547,-12,24,0.1013053,0.4241567,0.2660375,0.264,0.4287001,0.3082222,-10.2,0,0.1681361,12.89999,0,0,0,0,1.313259,1.090064,0.8300456
3.333858,-12,24,0.1013053,0.4241567,0.2660375,0.264,0.4287001,0.3082222,-10.2,0,0.1681361,12.89999,0,0,0,0,1.313259,1.090064,0.8300456
3.336967,-12,24,0.1013053,0.4241567,0.2660375,0.264,0.4287001,0.3082222,-10.2,0,0.1681361,12.89999,0,0,0,0,1.313259,1.090064,0.8300456
3.33922,-12,24,0.1013053,0.4241567,0.2660375,0.264,0.4287001,0.3082222,-10.2,0,0.1681361,12.89999,0,0,0,0,1.313259,1.090064,0.8300456
3.341509,-12,24,0.1013053,0.4241567,0.2660375,0.264,0.4287001,0.3082222,-10.2,0,0.1681361,12.89999,0,0,0,0,1.313259,1.090064,0.8300456
3.343771,-12,24,0.1013053,0.4241567,0.2660375,0.264,0.4287001,0.3082222,-10.2,0,0.1681361,12.89999,0,0,0,0,1.313259,1.090064,0.8300456
3.346565,-12,24,0.1013053,0.4241567,0.2660375,0.264,0.4287001,0.3082222,-10.2,0,0.1681361,12.89999,0,0,0,0,1.313259,1.090064,0.8300456
3.348978,-12,24,0.1013053,0.4241567,0.2660375,0.264,0.4287001,0.3082222,-10.2,0,0.1681361,12.89999,0,0,0,0,1.313259,1.090064,0.8300456
3.351456,-12,24,0.1013053,0.4241567,0.2660375,0.264,0.4287001,0.3082222,-10.2,0,0.1681361,12.89999,0,0,0,0,1.313259,1.090064,0.8300456
3.354847,-12,24,0.1013053,0.4241567,0.2660375,0.264,0.4287001,0.3082222,-10.2,0,0.1681361,12.89999,0,0,0,0,1.313259,1.090064,0.8300456
3.358568,-12,24,0.1013053,0.4241567,0.2660375,0.264,0.4287001,0.3082222,-10.2,0,0.1681361,12.89999,0,0,0,0,1.313259,1.090064,0.8300456
3.362186,-12,24,0.1013053,0.4241567,0.2660375,0.264,0.4287001,0.3082222,-10.2,0,0.1681361,12.89999,0,0,0,0,1.313259,1.090064,0.8300456
3.366411,-12,24,0.1013053,0.4241567,0.2660375,0.264,0.4287001,0.3082222,-10.2,0,0.1681361,12.89999,0,0,0,0,1.313259,1.090064,0.8300456
3.369371,-12,24,0.1013053,0.4241567,0.2660375,0.264,0.4287001,0.3082222,-10.2,0,0.1681361,12.89999,0,0,0,0,1.313259,1.090064,0.8300456
3.37254,-12,24,0.1013053,0.4241567,0.2660375,0.264,0.4287001,0.3082222,-10.2,0,0.1681361,12.89999,0,0,0,0,1.313259,1.090064,0.8300456
3.376665,-12,24,0.1013053,0.4241567,0.2660375,0.264,0.4287001,0.3082222,-10.2,0,0.1681361,12.89999,0,0,0,0,1.313259,1.090064,0.8300456
3.380146,-12,24,0.1013053,0.4241567,0.2660375,0.264,0.4287001,0.3082222,-10.2,0,0.1681361,12.89999,0,0,0,0,1.313259,1.090064,0.8300456
3.383633,-12,24,0.1013053,0.4241567,0.2660375,0.264,0.4287001,0.3082222,-10.2,0,0.1681361,12.89999,0,0,0,0,1.313259,1.090064,0.8300456
3.386736,-12,24,0.1013053,0.4241567,0.2660375,0.264,0.4287001,0.3082222,-10.2,0,0.1681361,12.89999,0,0,0,0,1.313259,1.090064,0.8300456
3.390341,-12,24,0.1013053,0.4241567,0.2660375,0.264,0.4287001,0.3082222,-10.2,0,0.1681361,12.89999,0,0,0,0,1.313259,1.090064,0.8300456
3.392902,-12,24,0.1013053,0.4241567,0.2660375,0.264,0.4287001,0.3082222,-10.2,0,0.1681361,12.89999,0,0,0,0,1.313259,1.090064,0.8300456
3.396685,-12,24,0.1013053,0.4241567,0.2660375,0.264,0.4287001,0.3082222,-10.2,0,0.1681361,12.89999,0,0,0,0,1.313259,1.090064,0.8300456
3.399836,-12,24,0.1013053,0.4241567,0.2660375,0.264,0.4287001,0.3082222,-10.2,0,0.1681361,12.89999,0,0,0,0,1.313259,1.090064,0.8300456
3.402529,-12,24,0.1013053,0.4241567,0.2660375,0.264,0.4287001,0.3082222,-10.2,0,0.1681361,12.89999,0,0,0,0,1.313259,1.090064,0.8300456
3.405237,-12,24,0.1013053,0.4241567,0.2660375,0.264,0.4287001,0.3082222,-10.2,0,0.1681361,12.89999,0,0,0,0,1.313259,1.090064,0.8300456
3.408186,-12,24,0.1013053,0.4241567,0.2660375,0.264,0.4287001,0.3082222,-10.2,0,0.1681361,12.89999,0,0,0,0,1.313259,1.090064,0.8300456
3.410978,-12,24,0.1013053,0.4241567,0.2660375,0.264,0.4287001,0.3082222,-10.2,0,0.1681361,12.89999,0,0,0,0,1.313259,1.090064,0.8300456
3.414392,-12,24,0.1013053,0.4241567,0.2660375,0.264,0.4287001,0.3082222,-10.2,0,0.1681361,12.89999,0,0,0,0,1.313259,1.090064,0.8300456
3.417561,-12,24,0.1013053,0.4241567,0.2660375,0.264,0.4287001,0.3082222,-10.2,0,0.1681361,12.89999,0,0,0,0,1.313259,1.090064,0.8300456
3.420303,-12,24,0.1013053,0.4241567,0.2660375,0.264,0.4287001,0.3082222,-10.2,0,0.1681361,12.89999,0,0,0,0,1.313259,1.090064,0.8300456
3.423021,-12,24,0.1013053,0.4241567,0.2660375,0.264,0.4287001,0.3082222,-10.2,0,0.1681361,12.89999,0,0,0,0,1.313259,1.090064,0.8300456
3.425415,-12,24,0.1013053,0.4241567,0.2660375,0.264,0.4287001,0.3082222,-10.2,0,0.1681361,12.89999,0,0,0,0,1.313259,1.090064,0.8300456
3.427961,-12,24,0.1013053,0.4241567,0.2660375,0.264,0.4287001,0.3082222,-10.2,0,0.1681361,12.89999,0,0,0,0,1.313259,1.090064,0.8300456
3.43181,-12,24,0.1013053,0.4241567,0.2660375,0.264,0.4287001,0.3082222,-10.2,0,0.1681361,12.89999,0,0,0,0,1.313259,1.090064,0.8300456
3.434689,-12,24,0.1013053,0.4241567,0.2660375,0.264,0.4287001,0.3082222,-10.2,0,0.1681361,12.89999,0,0,0,0,1.313259,1.090064,0.8300456
3.437532,-12,24,0.1013053,0.4241567,0.2660375,0.264,0.4287001,0.3082222,-10.2,0,0.1681361,12.89999,0,0,0,0,1.313259,1.090064,0.8300456
3.440111,-12,24,0.1013053,0.4241567,0.2660375,0.264,0.4287001,0.3082222,-10.2,0,0.1681361,12.89999,0,0,0,0,1.313259,1.090064,0.8300456
3.442802,-12,24,0.1013053,0.4241567,0.2660375,0.264,0.4287001,0.3082222,-10.2,0,0.1681361,12.89999,0,0,0,0,1.313259,1.090064,0.8300456
3.445835,-12,24,0.1013053,0.4241567,0.2660375,0.264,0.4287001,0.3082222,-10.2,0,0.1681361,12.89999,0,0,0,0,1.313259,1.090064,0.8300456
3.448328,-12,24,0.1013053,0.4241567,0.2660375,0.264,0.4287001,0.3082222,-10.2,0,0.1681361,12.89999,0,0,0,0,1.313259,1.090064,0.8300456
3.450739,-12,24,0.1013053,0.4241567,0.2660375,0.264,0.4287001,0.3082222,-10.2,0,0.1681361,12.89999,0,0,0,0,1.313259,1.090064,0.8300456
3.453243,-12,24,0.1013053,0.4241567,0.2660375,0.264,0.4287001,0.3082222,-10.2,0,0.1681361,12.89999,0,0,0,0,1.313259,1.090064,0.8300456
3.455923,-12,24,0.1013053,0.4241567,0.2660375,0.264,0.4287001,0.3082222,-10.2,0,0.1681361,12.89999,0,0,0,0,1.313259,1.090064,0.8300456
3.45825,-12,24,0.1013053,0.4241567,0.2660375,0.264,0.4287001,0.3082222,-10.2,0,0.1681361,12.89999,0,0,0,0,1.313259,1.090064,0.8300456
3.460911,-12,24,0.1013053,0.4241567,0.2660375,0.264,0.4287001,0.3082222,-10.2,0,0.1681361,12.89999,0,0,0,0,1.313259,1.090064,0.8300456
3.464397,-12,24,0.1013053,0.4241567,0.2660375,0.264,0.4287001,0.3082222,-10.2,0,0.1681361,12.89999,0,0,0,0,1.313259,1.090064,0.8300456
3.466843,-12,24,0.1013053,0.4241567,0.2660375,0.264,0.4287001,0.3082222,-10.2,0,0.1681361,12.89999,0,0,0,0,1.313259,1.090064,0.8300456
3.469101,-12,24,0.1013053,0.4241567,0.2660375,0.264,0.4287001,0.3082222,-10.2,0,0.1681361,12.89999,0,0,0,0,1.313259,1.090064,0.8300456
3.471373,-12,24,0.1013053,0.4241567,0.2660375,0.264,0.4287001,0.3082222,-10.2,0,0.1681361,12.89999,0,0,0,0,1.313259,1.090064,0.8300456
3.473663,-12,24,0.1013053,0.4241567,0.2660375,0.264,0.4287001,0.3082222,-10.2,0,0.1681361,12.89999,0,0,0,0,1.313259,1.090064,0.8300456
3.476377,-12,24,0.1013053,0.4241567,0.2660375,0.264,0.4287001,0.3082222,-10.2,0,0.1681361,12.89999,0,0,0,0,1.313259,1.090064,0.8300456
3.479002,-12,24,0.1013053,0.4241567,0.2660375,0.264,0.4287001,0.3082222,-10.2,0,0.1681361,12.89999,0,0,0,0,1.313259,1.090064,0.8300456
3.481457,-12,24,0.1013053,0.4241567,0.2660375,0.264,0.4287001,0.3082222,-10.2,0,0.1681361,12.89999,0,0,0,0,1.313259,1.090064,0.8300456
3.483797,-12,24,0.1013053,0.4241567,0.2660375,0.264,0.4287001,0.3082222,-10.2,0,0.1681361,12.89999,0,0,0,0,1.313259,1.090064,0.8300456
3.486227,-12,24,0.1013053,0.4241567,0.2660375,0.264,0.4287001,0.3082222,-10.2,0,0.1681361,12.89999,0,0,0,0,1.313259,1.090064,0.8300456
3.488483,-12,24,0.1013053,0.4241567,0.2660375,0.264,0.4287001,0.3082222,-10.2,0,0.1681361,12.89999,0,0,0,0,1.313259,1.090064,0.8300456
3.49077,-12,24,0.1013053,0.4241567,0.2660375,0.264,0.4287001,0.3082222,-10.2,0,0.1681361,12.89999,0,0,0,0,1.313259,1.090064,0.8300456
3.493336,-12,24,0.1013053,0.4241567,0.2660375,0.264,0.4287001,0.3082222,-10.2,0,0.1681361,12.89999,0,0,0,0,1.313259,1.090064,0.8300456
3.496616,-12,24,0.1013053,0.4241567,0.2660375,0.264,0.4287001,0.3082222,-10.2,0,0.1681361,12.89999,0,0,0,0,1.313259,1.090064,0.8300456
3.499182,-12,24,0.1013053,0.4241567,0.2660375,0.264,0.4287001,0.3082222,-10.2,0,0.1681361,12.89999,0,0,0,0,1.313259,1.090064,0.8300456
3.501417,-12,24,0.1013053,0.4241567,0.2660375,0.264,0.4287001,0.3082222,-10.2,0,0.1681361,12.89999,0,0,0,0,1.313259,1.090064,0.8300456
3.503794,-12,24,0.1013053,0.4241567,0.2660375,0.264,0.4287001,0.3082222,-10.2,0,0.1681361,12.89999,0,0,0,0,1.313259,1.090064,0.8300456
3.505896,-12,24,0.1013053,0.4241567,0.2660375,0.264,0.4287001,0.3082222,-10.2,0,0.1681361,12.89999,0,0,0,0,1.313259,1.090064,0.8300456
3.509068,-12,24,0.1013053,0.4241567,0.2660375,0.264,0.4287001,0.3082222,-10.2,0,0.1681361,12.89999,0,0,0,0,1.313259,1.090064,0.8300456
3.513859,-12,24,0.1013053,0.4241567,0.2660375,0.264,0.4287001,0.3082222,-10.2,0,0.1681361,12.89999,0,0,0,0,1.313259,1.090064,0.8300456
3.520254,-12,24,0.1013053,0.4241567,0.2660375,0.264,0.4287001,0.3082222,-10.2,0,0.1681361,12.89999,0,0,0,0,1.313259,1.090064,0.8300456
3.525917,-12,24,0.1013053,0.4241567,0.2660375,0.264,0.4287001,0.3082222,-10.2,0,0.1681361,12.89999,0,0,0,0,1.313259,1.090064,0.8300456
3.528605,-12,24,0.1013053,0.4241567,0.2660375,0.264,0.4287001,0.3082222,-10.2,0,0.1681361,12.89999,0,0,0,0,1.313259,1.090064,0.8300456
3.531511,-12,24,0.1013053,0.4241567,0.2660375,0.264,0.4287001,0.3082222,-10.2,0,0.1681361,12.89999,0,0,0,0,1.313259,1.090064,0.8300456
3.53385,-12,24,0.1013053,0.4241567,0.2660375,0.264,0.4287001,0.3082222,-10.2,0,0.1681361,12.89999,0,0,0,0,1.313259,1.090064,0.8300456
3.536539,-12,24,0.1013053,0.4241567,0.2660375,0.264,0.4287001,0.3082222,-10.2,0,0.1681361,12.89999,0,0,0,0,1.313259,1.090064,0.8300456
3.539724,-12,24,0.1013053,0.4241567,0.2660375,0.264,0.4287001,0.3082222,-10.2,0,0.1681361,12.89999,0,0,0,0,1.313259,1.090064,0.8300456
3.543289,-12,24,0.1013053,0.4241567,0.2660375,0.264,0.4287001,0.3082222,-10.2,0,0.1681361,12.89999,0,0,0,0,1.313259,1.090064,0.8300456
3.547119,-12,24,0.1013053,0.4241567,0.2660375,0.264,0.4287001,0.3082222,-10.2,0,0.1681361,12.89999,0,0,0,0,1.313259,1.090064,0.8300456
3.549595,-12,24,0.1013053,0.4241567,0.2660375,0.264,0.4287001,0.3082222,-10.2,0,0.1681361,12.89999,0,0,0,0,1.313259,1.090064,0.8300456
3.551987,-12,24,0.1013053,0.4241567,0.2660375,0.264,0.4287001,0.3082222,-10.2,0,0.1681361,12.89999,0,0,0,0,1.313259,1.090064,0.8300456
3.554619,-12,24,0.1013053,0.4241567,0.2660375,0.264,0.4287001,0.3082222,-10.2,0,0.1681361,12.89999,0,0,0,0,1.313259,1.090064,0.8300456
3.557392,-12,24,0.1013053,0.4241567,0.2660375,0.264,0.4287001,0.3082222,-10.2,0,0.1681361,12.89999,0,0,0,0,1.313259,1.090064,0.8300456
3.559954,-12,24,0.1013053,0.4241567,0.2660375,0.264,0.4287001,0.3082222,-10.2,0,0.1681361,12.89999,0,0,0,0,1.313259,1.090064,0.8300456
3.562967,-12,24,0.1013053,0.4241567,0.2660375,0.264,0.4287001,0.3082222,-10.2,0,0.1681361,12.89999,0,0,0,0,1.313259,1.090064,0.8300456
3.565298,-12,24,0.1013053,0.4241567,0.2660375,0.264,0.4287001,0.3082222,-10.2,0,0.1681361,12.89999,0,0,0,0,1.313259,1.090064,0.8300456
3.567688,-12,24,0.1013053,0.4241567,0.2660375,0.264,0.4287001,0.3082222,-10.2,0,0.1681361,12.89999,0,0,0,0,1.313259,1.090064,0.8300456
3.570208,-12,24,0.1013053,0.4241567,0.2660375,0.264,0.4287001,0.3082222,-10.2,0,0.1681361,12.89999,0,0,0,0,1.313259,1.090064,0.8300456
3.57255,-12,24,0.1013053,0.4241567,0.2660375,0.264,0.4287001,0.3082222,-10.2,0,0.1681361,12.89999,0,0,0,0,1.313259,1.090064,0.8300456
3.575356,-12,24,0.1013053,0.4241567,0.2660375,0.264,0.4287001,0.3082222,-10.2,0,0.1681361,12.89999,0,0,0,0,1.313259,1.090064,0.8300456
3.577911,-12,24,0.1013053,0.4241567,0.2660375,0.264,0.4287001,0.3082222,-10.2,0,0.1681361,12.89999,0,0,0,0,1.313259,1.090064,0.8300456
3.580616,-12,24,0.1013053,0.4241567,0.2660375,0.264,0.4287001,0.3082222,-10.2,0,0.1681361,12.89999,0,0,0,0,1.313259,1.090064,0.8300456
3.58285,-12,24,0.1013053,0.4241567,0.2660375,0.264,0.4287001,0.3082222,-10.2,0,0.1681361,12.89999,0,0,0,0,1.313259,1.090064,0.8300456
3.585215,-12,24,0.1013053,0.4241567,0.2660375,0.264,0.4287001,0.3082222,-10.2,0,0.1681361,12.89999,0,0,0,0,1.313259,1.090064,0.8300456
3.587593,-12,24,0.1013053,0.4241567,0.2660375,0.264,0.4287001,0.3082222,-10.2,0,0.1681361,12.89999,0,0,0,0,1.313259,1.090064,0.8300456
3.589903,-12,24,0.1013053,0.4241567,0.2660375,0.264,0.4287001,0.3082222,-10.2,0,0.1681361,12.89999,0,0,0,0,1.313259,1.090064,0.8300456
3.592228,-12,24,0.1013053,0.4241567,0.2660375,0.264,0.4287001,0.3082222,-10.2,0,0.1681361,12.89999,0,0,0,0,1.313259,1.090064,0.8300456
3.59499,-12,24,0.1013053,0.4241567,0.2660375,0.264,0.4287001,0.3082222,-10.2,0,0.1681361,12.89999,0,0,0,0,1.313259,1.090064,0.8300456
3.597754,-12,24,0.1013053,0.4241567,0.2660375,0.264,0.4287001,0.3082222,-10.2,0,0.1681361,12.89999,0,0,0,0,1.313259,1.090064,0.8300456
3.600021,-12,24,0.1013053,0.4241567,0.2660375,0.264,0.4287001,0.3082222,-10.2,0,0.1681361,12.89999,0,0,0,0,1.313259,1.090064,0.8300456
3.602627,-12,24,0.1013053,0.4241567,0.2660375,0.264,0.4287001,0.3082222,-10.2,0,0.1681361,12.89999,0,0,0,0,1.313259,1.090064,0.8300456
3.604937,-12,24,0.1013053,0.4241567,0.2660375,0.264,0.4287001,0.3082222,-10.2,0,0.1681361,12.89999,0,0,0,0,1.313259,1.090064,0.8300456
3.607336,-12,24,0.1013053,0.4241567,0.2660375,0.264,0.4287001,0.3082222,-10.2,0,0.1681361,12.89999,0,0,0,0,1.313259,1.090064,0.8300456
3.609713,-12,24,0.1013053,0.4241567,0.2660375,0.264,0.4287001,0.3082222,-10.2,0,0.1681361,12.89999,0,0,0,0,1.313259,1.090064,0.8300456
3.612516,-12,24,0.1013053,0.4241567,0.2660375,0.264,0.4287001,0.3082222,-10.2,0,0.1681361,12.89999,0,0,0,0,1.313259,1.090064,0.8300456
3.61552,-12,24,0.1013053,0.4241567,0.2660375,0.264,0.4287001,0.3082222,-10.2,0,0.1681361,12.89999,0,0,0,0,1.313259,1.090064,0.8300456
3.618317,-12,24,0.1013053,0.4241567,0.2660375,0.264,0.4287001,0.3082222,-10.2,0,0.1681361,12.89999,0,0,0,0,1.313259,1.090064,0.8300456
3.620773,-12,24,0.1013053,0.4241567,0.2660375,0.264,0.4287001,0.3082222,-10.2,0,0.1681361,12.89999,0,0,0,0,1.313259,1.090064,0.8300456
3.623537,-12,24,0.1013053,0.4241567,0.2660375,0.264,0.4287001,0.3082222,-10.2,0,0.1681361,12.89999,0,0,0,0,1.313259,1.090064,0.8300456
3.625977,-12,24,0.1013053,0.4241567,0.2660375,0.264,0.4287001,0.3082222,-10.2,0,0.1681361,12.89999,0,0,0,0,1.313259,1.090064,0.8300456
3.628471,-12,24,0.1013053,0.4241567,0.2660375,0.264,0.4287001,0.3082222,-10.2,0,0.1681361,12.89999,0,0,0,0,1.313259,1.090064,0.8300456
3.631466,-12,24,0.1013053,0.4241567,0.2660375,0.264,0.4287001,0.3082222,-10.2,0,0.1681361,12.89999,0,0,0,0,1.313259,1.090064,0.8300456
3.633795,-12,24,0.1013053,0.4241567,0.2660375,0.264,0.4287001,0.3082222,-10.2,0,0.1681361,12.89999,0,0,0,0,1.313259,1.090064,0.8300456
3.63648,-12,24,0.1013053,0.4241567,0.2660375,0.264,0.4287001,0.3082222,-10.2,0,0.1681361,12.89999,0,0,0,0,1.313259,1.090064,0.8300456
3.638699,-12,24,0.1013053,0.4241567,0.2660375,0.264,0.4287001,0.3082222,-10.2,0,0.1681361,12.89999,0,0,0,0,1.313259,1.090064,0.8300456
3.640938,-12,24,0.1013053,0.4241567,0.2660375,0.264,0.4287001,0.3082222,-10.2,0,0.1681361,12.89999,0,0,0,0,1.313259,1.090064,0.8300456
3.643188,-12,24,0.1013053,0.4241567,0.2660375,0.264,0.4287001,0.3082222,-10.2,0,0.1681361,12.89999,0,0,0,0,1.313259,1.090064,0.8300456
3.645966,-12,24,0.1013053,0.4241567,0.2660375,0.264,0.4287001,0.3082222,-10.2,0,0.1681361,12.89999,0,0,0,0,1.313259,1.090064,0.8300456
3.648458,-12,24,0.1013053,0.4241567,0.2660375,0.264,0.4287001,0.3082222,-10.2,0,0.1681361,12.89999,0,0,0,0,1.313259,1.090064,0.8300456
3.650713,-12,24,0.1013053,0.4241567,0.2660375,0.264,0.4287001,0.3082222,-10.2,0,0.1681361,12.89999,0,0,0,0,1.313259,1.090064,0.8300456
3.653021,-12,24,0.1013053,0.4241567,0.2660375,0.264,0.4287001,0.3082222,-10.2,0,0.1681361,12.89999,0,0,0,0,1.313259,1.090064,0.8300456
3.655706,-12,24,0.1013053,0.4241567,0.2660375,0.264,0.4287001,0.3082222,-10.2,0,0.1681361,12.89999,0,0,0,0,1.313259,1.090064,0.8300456
3.658079,-12,24,0.1013053,0.4241567,0.2660375,0.264,0.4287001,0.3082222,-10.2,0,0.1681361,12.89999,0,0,0,0,1.313259,1.090064,0.8300456
3.660406,-12,24,0.1013053,0.4241567,0.2660375,0.264,0.4287001,0.3082222,-10.2,0,0.1681361,12.89999,0,0,0,0,1.313259,1.090064,0.8300456
3.663195,-12,24,0.1013053,0.4241567,0.2660375,0.264,0.4287001,0.3082222,-10.2,0,0.1681361,12.89999,0,0,0,0,1.313259,1.090064,0.8300456
3.665428,-12,24,0.1013053,0.4241567,0.2660375,0.264,0.4287001,0.3082222,-10.2,0,0.1681361,12.89999,0,0,0,0,1.313259,1.090064,0.8300456
3.667593,-12,24,0.1013053,0.4241567,0.2660375,0.264,0.4287001,0.3082222,-10.2,0,0.1681361,12.89999,0,0,0,0,1.313259,1.090064,0.8300456
3.66988,-12,24,0.1013053,0.4241567,0.2660375,0.264,0.4287001,0.3082222,-10.2,0,0.1681361,12.89999,0,0,0,0,1.313259,1.090064,0.8300456
3.672119,-12,24,0.1013053,0.4241567,0.2660375,0.264,0.4287001,0.3082222,-10.2,0,0.1681361,12.89999,0,0,0,0,1.313259,1.090064,0.8300456
3.67469,-12,24,0.1013053,0.4241567,0.2660375,0.264,0.4287001,0.3082222,-10.2,0,0.1681361,12.89999,0,0,0,0,1.313259,1.090064,0.8300456
3.676838,-12,24,0.1013053,0.4241567,0.2660375,0.264,0.4287001,0.3082222,-10.2,0,0.1681361,12.89999,0,0,0,0,1.313259,1.090064,0.8300456
3.680056,-12,24,0.1013053,0.4241567,0.2660375,0.264,0.4287001,0.3082222,-10.2,0,0.1681361,12.89999,0,0,0,0,1.313259,1.090064,0.8300456
3.682404,-12,24,0.1013053,0.4241567,0.2660375,0.264,0.4287001,0.3082222,-10.2,0,0.1681361,12.89999,0,0,0,0,1.313259,1.090064,0.8300456
3.684647,-12,24,0.1013053,0.4241567,0.2660375,0.264,0.4287001,0.3082222,-10.2,0,0.1681361,12.89999,0,0,0,0,1.313259,1.090064,0.8300456
3.68688,-12,24,0.1013053,0.4241567,0.2660375,0.264,0.4287001,0.3082222,-10.2,0,0.1681361,12.89999,0,0,0,0,1.313259,1.090064,0.8300456
3.689112,-12,24,0.1013053,0.4241567,0.2660375,0.264,0.4287001,0.3082222,-10.2,0,0.1681361,12.89999,0,0,0,0,1.313259,1.090064,0.8300456
3.691391,-12,24,0.1013053,0.4241567,0.2660375,0.264,0.4287001,0.3082222,-10.2,0,0.1681361,12.89999,0,0,0,0,1.313259,1.090064,0.8300456
3.694252,-12,24,0.1013053,0.4241567,0.2660375,0.264,0.4287001,0.3082222,-10.2,0,0.1681361,12.89999,0,0,0,0,1.313259,1.090064,0.8300456
3.697777,-12,24,0.1013053,0.4241567,0.2660375,0.264,0.4287001,0.3082222,-10.2,0,0.1681361,12.89999,0,0,0,0,1.313259,1.090064,0.8300456
3.700602,-12,24,0.1013053,0.4241567,0.2660375,0.264,0.4287001,0.3082222,-10.2,0,0.1681361,12.89999,0,0,0,0,1.313259,1.090064,0.8300456
3.703293,-12,24,0.1013053,0.4241567,0.2660375,0.264,0.4287001,0.3082222,-10.2,0,0.1681361,12.89999,0,0,0,0,1.313259,1.090064,0.8300456
3.70586,-12,24,0.1013053,0.4241567,0.2660375,0.264,0.4287001,0.3082222,-10.2,0,0.1681361,12.89999,0,0,0,0,1.313259,1.090064,0.8300456
3.708769,-12,24,0.1013053,0.4241567,0.2660375,0.264,0.4287001,0.3082222,-10.2,0,0.1681361,12.89999,0,0,0,0,1.313259,1.090064,0.8300456
3.71221,-12,24,0.1013053,0.4241567,0.2660375,0.264,0.4287001,0.3082222,-10.2,0,0.1681361,12.89999,0,0,0,0,1.313259,1.090064,0.8300456
3.715067,-12,24,0.1013053,0.4241567,0.2660375,0.264,0.4287001,0.3082222,-10.2,0,0.1681361,12.89999,0,0,0,0,1.313259,1.090064,0.8300456
3.717299,-12,24,0.1013053,0.4241567,0.2660375,0.264,0.4287001,0.3082222,-10.2,0,0.1681361,12.89999,0,0,0,0,1.313259,1.090064,0.8300456
3.71949,-12,24,0.1013053,0.4241567,0.2660375,0.264,0.4287001,0.3082222,-10.2,0,0.1681361,12.89999,0,0,0,0,1.313259,1.090064,0.8300456
3.721697,-12,24,0.1013053,0.4241567,0.2660375,0.264,0.4287001,0.3082222,-10.2,0,0.1681361,12.89999,0,0,0,0,1.313259,1.090064,0.8300456
3.724262,-12,24,0.1013053,0.4241567,0.2660375,0.264,0.4287001,0.3082222,-10.2,0,0.1681361,12.89999,0,0,0,0,1.313259,1.090064,0.8300456
3.727255,-12,24,0.1013053,0.4241567,0.2660375,0.264,0.4287001,0.3082222,-10.2,0,0.1681361,12.89999,0,0,0,0,1.313259,1.090064,0.8300456
3.730169,-12,24,0.1013053,0.4241567,0.2660375,0.264,0.4287001,0.3082222,-10.2,0,0.1681361,12.89999,0,0,0,0,1.313259,1.090064,0.8300456
3.732653,-12,24,0.1013053,0.4241567,0.2660375,0.264,0.4287001,0.3082222,-10.2,0,0.1681361,12.89999,0,0,0,0,1.313259,1.090064,0.8300456
3.73562,-12,24,0.1013053,0.4241567,0.2660375,0.264,0.4287001,0.3082222,-10.2,0,0.1681361,12.89999,0,0,0,0,1.313259,1.090064,0.8300456
3.73827,-12,24,0.1013053,0.4241567,0.2660375,0.264,0.4287001,0.3082222,-10.2,0,0.1681361,12.89999,0,0,0,0,1.313259,1.090064,0.8300456
3.7407,-12,24,0.1013053,0.4241567,0.2660375,0.264,0.4287001,0.3082222,-10.2,0,0.1681361,12.89999,0,0,0,0,1.313259,1.090064,0.8300456
3.743355,-12,24,0.1013053,0.4241567,0.2660375,0.264,0.4287001,0.3082222,-10.2,0,0.1681361,12.89999,0,0,0,0,1.313259,1.090064,0.8300456
3.746071,-12,24,0.1013053,0.4241567,0.2660375,0.264,0.4287001,0.3082222,-10.2,0,0.1681361,12.89999,0,0,0,0,1.313259,1.090064,0.8300456
3.748875,-12,24,0.1013053,0.4241567,0.2660375,0.264,0.4287001,0.3082222,-10.2,0,0.1681361,12.89999,0,0,0,0,1.313259,1.090064,0.8300456
3.751324,-12,24,0.1013053,0.4241567,0.2660375,0.264,0.4287001,0.3082222,-10.2,0,0.1681361,12.89999,0,0,0,0,1.313259,1.090064,0.8300456
3.753515,-12,24,0.1013053,0.4241567,0.2660375,0.264,0.4287001,0.3082222,-10.2,0,0.1681361,12.89999,0,0,0,0,1.313259,1.090064,0.8300456
3.756338,-12,24,0.1013053,0.4241567,0.2660375,0.264,0.4287001,0.3082222,-10.2,0,0.1681361,12.89999,0,0,0,0,1.313259,1.090064,0.8300456
3.758631,-12,24,0.1013053,0.4241567,0.2660375,0.264,0.4287001,0.3082222,-10.2,0,0.1681361,12.89999,0,0,0,0,1.313259,1.090064,0.8300456
3.760853,-12,24,0.1013053,0.4241567,0.2660375,0.264,0.4287001,0.3082222,-10.2,0,0.1681361,12.89999,0,0,0,0,1.313259,1.090064,0.8300456
3.763302,-12,24,0.1013053,0.4241567,0.2660375,0.264,0.4287001,0.3082222,-10.2,0,0.1681361,12.89999,0,0,0,0,1.313259,1.090064,0.8300456
3.765589,-12,24,0.1013053,0.4241567,0.2660375,0.264,0.4287001,0.3082222,-10.2,0,0.1681361,12.89999,0,0,0,0,1.313259,1.090064,0.8300456
3.767824,-12,24,0.1013053,0.4241567,0.2660375,0.264,0.4287001,0.3082222,-10.2,0,0.1681361,12.89999,0,0,0,0,1.313259,1.090064,0.8300456
3.770081,-12,24,0.1013053,0.4241567,0.2660375,0.264,0.4287001,0.3082222,-10.2,0,0.1681361,12.89999,0,0,0,0,1.313259,1.090064,0.8300456
3.77282,-12,24,0.1013053,0.4241567,0.2660375,0.264,0.4287001,0.3082222,-10.2,0,0.1681361,12.89999,0,0,0,0,1.313259,1.090064,0.8300456
3.775635,-12,24,0.1013053,0.4241567,0.2660375,0.264,0.4287001,0.3082222,-10.2,0,0.1681361,12.89999,0,0,0,0,1.313259,1.090064,0.8300456
3.778225,-12,24,0.1013053,0.4241567,0.2660375,0.264,0.4287001,0.3082222,-10.2,0,0.1681361,12.89999,0,0,0,0,1.313259,1.090064,0.8300456
3.7815,-12,24,0.1013053,0.4241567,0.2660375,0.264,0.4287001,0.3082222,-10.2,0,0.1681361,12.89999,0,0,0,0,1.313259,1.090064,0.8300456
3.783943,-12,24,0.1013053,0.4241567,0.2660375,0.264,0.4287001,0.3082222,-10.2,0,0.1681361,12.89999,0,0,0,0,1.313259,1.090064,0.8300456
3.786196,-12,24,0.1013053,0.4241567,0.2660375,0.264,0.4287001,0.3082222,-10.2,0,0.1681361,12.89999,0,0,0,0,1.313259,1.090064,0.8300456
3.788578,-12,24,0.1013053,0.4241567,0.2660375,0.264,0.4287001,0.3082222,-10.2,0,0.1681361,12.89999,0,0,0,0,1.313259,1.090064,0.8300456
3.790791,-12,24,0.1013053,0.4241567,0.2660375,0.264,0.4287001,0.3082222,-10.2,0,0.1681361,12.89999,0,0,0,0,1.313259,1.090064,0.8300456
3.79294,-12,24,0.1013053,0.4241567,0.2660375,0.264,0.4287001,0.3082222,-10.2,0,0.1681361,12.89999,0,0,0,0,1.313259,1.090064,0.8300456
3.796017,-12,24,0.1013053,0.4241567,0.2660375,0.264,0.4287001,0.3082222,-10.2,0,0.1681361,12.89999,0,0,0,0,1.313259,1.090064,0.8300456
3.798597,-12,24,0.1013053,0.4241567,0.2660375,0.264,0.4287001,0.3082222,-10.2,0,0.1681361,12.89999,0,0,0,0,1.313259,1.090064,0.8300456
3.800793,-12,24,0.1013053,0.4241567,0.2660375,0.264,0.4287001,0.3082222,-10.2,0,0.1681361,12.89999,0,0,0,0,1.313259,1.090064,0.8300456
3.803213,-12,24,0.1013053,0.4241567,0.2660375,0.264,0.4287001,0.3082222,-10.2,0,0.1681361,12.89999,0,0,0,0,1.313259,1.090064,0.8300456
3.806007,-12,24,0.1013053,0.4241567,0.2660375,0.264,0.4287001,0.3082222,-10.2,0,0.1681361,12.89999,0,0,0,0,1.313259,1.090064,0.8300456
3.80839,-12,24,0.1013053,0.4241567,0.2660375,0.264,0.4287001,0.3082222,-10.2,0,0.1681361,12.89999,0,0,0,0,1.313259,1.090064,0.8300456
3.810871,-12,24,0.1013053,0.4241567,0.2660375,0.264,0.4287001,0.3082222,-10.2,0,0.1681361,12.89999,0,0,0,0,1.313259,1.090064,0.8300456
3.814058,-12,24,0.1013053,0.4241567,0.2660375,0.264,0.4287001,0.3082222,-10.2,0,0.1681361,12.89999,0,0,0,0,1.313259,1.090064,0.8300456
3.816664,-12,24,0.1013053,0.4241567,0.2660375,0.264,0.4287001,0.3082222,-10.2,0,0.1681361,12.89999,0,0,0,0,1.313259,1.090064,0.8300456
3.819271,-12,24,0.1013053,0.4241567,0.2660375,0.264,0.4287001,0.3082222,-10.2,0,0.1681361,12.89999,0,0,0,0,1.313259,1.090064,0.8300456
3.821638,-12,24,0.1013053,0.4241567,0.2660375,0.264,0.4287001,0.3082222,-10.2,0,0.1681361,12.89999,0,0,0,0,1.313259,1.090064,0.8300456
3.823765,-12,24,0.1013053,0.4241567,0.2660375,0.264,0.4287001,0.3082222,-10.2,0,0.1681361,12.89999,0,0,0,0,1.313259,1.090064,0.8300456
3.826279,-12,24,0.1013053,0.4241567,0.2660375,0.264,0.4287001,0.3082222,-10.2,0,0.1681361,12.89999,0,0,0,0,1.313259,1.090064,0.8300456
3.828915,-12,24,0.1013053,0.4241567,0.2660375,0.264,0.4287001,0.3082222,-10.2,0,0.1681361,12.89999,0,0,0,0,1.313259,1.090064,0.8300456
3.831268,-12,24,0.1013053,0.4241567,0.2660375,0.264,0.4287001,0.3082222,-10.2,0,0.1681361,12.89999,0,0,0,0,1.313259,1.090064,0.8300456
3.833561,-12,24,0.1013053,0.4241567,0.2660375,0.264,0.4287001,0.3082222,-10.2,0,0.1681361,12.89999,0,0,0,0,1.313259,1.090064,0.8300456
3.836954,-12,24,0.1013053,0.4241567,0.2660375,0.264,0.4287001,0.3082222,-10.2,0,0.1681361,12.89999,0,0,0,0,1.313259,1.090064,0.8300456
3.839689,-12,24,0.1013053,0.4241567,0.2660375,0.264,0.4287001,0.3082222,-10.2,0,0.1681361,12.89999,0,0,0,0,1.313259,1.090064,0.8300456
3.842743,-12,24,0.1013053,0.4241567,0.2660375,0.264,0.4287001,0.3082222,-10.2,0,0.1681361,12.89999,0,0,0,0,1.313259,1.090064,0.8300456
3.845957,-12,24,0.1013053,0.4241567,0.2660375,0.264,0.4287001,0.3082222,-10.2,0,0.1681361,12.89999,0,0,0,0,1.313259,1.090064,0.8300456
3.848516,-12,24,0.1013053,0.4241567,0.2660375,0.264,0.4287001,0.3082222,-10.2,0,0.1681361,12.89999,0,0,0,0,1.313259,1.090064,0.8300456
3.8514,-12,24,0.1013053,0.4241567,0.2660375,0.264,0.4287001,0.3082222,-10.2,0,0.1681361,12.89999,0,0,0,0,1.313259,1.090064,0.8300456
3.854197,-12,24,0.1013053,0.4241567,0.2660375,0.264,0.4287001,0.3082222,-10.2,0,0.1681361,12.89999,0,0,0,0,1.313259,1.090064,0.8300456
3.856981,-12,24,0.1013053,0.4241567,0.2660375,0.264,0.4287001,0.3082222,-10.2,0,0.1681361,12.89999,0,0,0,0,1.313259,1.090064,0.8300456
3.859262,-12,24,0.1013053,0.4241567,0.2660375,0.264,0.4287001,0.3082222,-10.2,0,0.1681361,12.89999,0,0,0,0,1.313259,1.090064,0.8300456
3.862169,-12,24,0.1013053,0.4241567,0.2660375,0.264,0.4287001,0.3082222,-10.2,0,0.1681361,12.89999,0,0,0,0,1.313259,1.090064,0.8300456
3.864641,-12,24,0.1013053,0.4241567,0.2660375,0.264,0.4287001,0.3082222,-10.2,0,0.1681361,12.89999,0,0,0,0,1.313259,1.090064,0.8300456
3.867144,-12,24,0.1013053,0.4241567,0.2660375,0.264,0.4287001,0.3082222,-10.2,0,0.1681361,12.89999,0,0,0,0,1.313259,1.090064,0.8300456
3.869556,-12,24,0.1013053,0.4241567,0.2660375,0.264,0.4287001,0.3082222,-10.2,0,0.1681361,12.89999,0,0,0,0,1.313259,1.090064,0.8300456
3.871981,-12,24,0.1013053,0.4241567,0.2660375,0.264,0.4287001,0.3082222,-10.2,0,0.1681361,12.89999,0,0,0,0,1.313259,1.090064,0.8300456
3.87484,-12,24,0.1013053,0.4241567,0.2660375,0.264,0.4287001,0.3082222,-10.2,0,0.1681361,12.89999,0,0,0,0,1.313259,1.090064,0.8300456
3.877598,-12,24,0.1013053,0.4241567,0.2660375,0.264,0.4287001,0.3082222,-10.2,0,0.1681361,12.89999,0,0,0,0,1.313259,1.090064,0.8300456
3.880224,-12,24,0.1013053,0.4241567,0.2660375,0.264,0.4287001,0.3082222,-10.2,0,0.1681361,12.89999,0,0,0,0,1.313259,1.090064,0.8300456
3.882956,-12,24,0.1013053,0.4241567,0.2660375,0.264,0.4287001,0.3082222,-10.2,0,0.1681361,12.89999,0,0,0,0,1.313259,1.090064,0.8300456
3.885427,-12,24,0.1013053,0.4241567,0.2660375,0.264,0.4287001,0.3082222,-10.2,0,0.1681361,12.89999,0,0,0,0,1.313259,1.090064,0.8300456
3.888687,-12,24,0.1013053,0.4241567,0.2660375,0.264,0.4287001,0.3082222,-10.2,0,0.1681361,12.89999,0,0,0,0,1.313259,1.090064,0.8300456
3.891581,-12,24,0.1013053,0.4241567,0.2660375,0.264,0.4287001,0.3082222,-10.2,0,0.1681361,12.89999,0,0,0,0,1.313259,1.090064,0.8300456
3.894508,-12,24,0.1013053,0.4241567,0.2660375,0.264,0.4287001,0.3082222,-10.2,0,0.1681361,12.89999,0,0,0,0,1.313259,1.090064,0.8300456
3.897892,-12,24,0.1013053,0.4241567,0.2660375,0.264,0.4287001,0.3082222,-10.2,0,0.1681361,12.89999,0,0,0,0,1.313259,1.090064,0.8300456
3.900534,-12,24,0.1013053,0.4241567,0.2660375,0.264,0.4287001,0.3082222,-10.2,0,0.1681361,12.89999,0,0,0,0,1.313259,1.090064,0.8300456
3.902954,-12,24,0.1013053,0.4241567,0.2660375,0.264,0.4287001,0.3082222,-10.2,0,0.1681361,12.89999,0,0,0,0,1.313259,1.090064,0.8300456
3.905195,-12,24,0.1013053,0.4241567,0.2660375,0.264,0.4287001,0.3082222,-10.2,0,0.1681361,12.89999,0,0,0,0,1.313259,1.090064,0.8300456
3.907389,-12,24,0.1013053,0.4241567,0.2660375,0.264,0.4287001,0.3082222,-10.2,0,0.1681361,12.89999,0,0,0,0,1.313259,1.090064,0.8300456
3.909727,-12,24,0.1013053,0.4241567,0.2660375,0.264,0.4287001,0.3082222,-10.2,0,0.1681361,12.89999,0,0,0,0,1.313259,1.090064,0.8300456
3.912497,-12,24,0.1013053,0.4241567,0.2660375,0.264,0.4287001,0.3082222,-10.2,0,0.1681361,12.89999,0,0,0,0,1.313259,1.090064,0.8300456
3.915022,-12,24,0.1013053,0.4241567,0.2660375,0.264,0.4287001,0.3082222,-10.2,0,0.1681361,12.89999,0,0,0,0,1.313259,1.090064,0.8300456
3.917358,-12,24,0.1013053,0.4241567,0.2660375,0.264,0.4287001,0.3082222,-10.2,0,0.1681361,12.89999,0,0,0,0,1.313259,1.090064,0.8300456
3.91972,-12,24,0.1013053,0.4241567,0.2660375,0.264,0.4287001,0.3082222,-10.2,0,0.1681361,12.89999,0,0,0,0,1.313259,1.090064,0.8300456
3.922222,-12,24,0.1013053,0.4241567,0.2660375,0.264,0.4287001,0.3082222,-10.2,0,0.1681361,12.89999,0,0,0,0,1.313259,1.090064,0.8300456
3.924618,-12,24,0.1013053,0.4241567,0.2660375,0.264,0.4287001,0.3082222,-10.2,0,0.1681361,12.89999,0,0,0,0,1.313259,1.090064,0.8300456
3.927015,-12,24,0.1013053,0.4241567,0.2660375,0.264,0.4287001,0.3082222,-10.2,0,0.1681361,12.89999,0,0,0,0,1.313259,1.090064,0.8300456
3.929884,-12,24,0.1013053,0.4241567,0.2660375,0.264,0.4287001,0.3082222,-10.2,0,0.1681361,12.89999,0,0,0,0,1.313259,1.090064,0.8300456
3.932652,-12,24,0.1013053,0.4241567,0.2660375,0.264,0.4287001,0.3082222,-10.2,0,0.1681361,12.89999,0,0,0,0,1.313259,1.090064,0.8300456
3.935673,-12,24,0.1013053,0.4241567,0.2660375,0.264,0.4287001,0.3082222,-10.2,0,0.1681361,12.89999,0,0,0,0,1.313259,1.090064,0.8300456
3.938362,-12,24,0.1013053,0.4241567,0.2660375,0.264,0.4287001,0.3082222,-10.2,0,0.1681361,12.89999,0,0,0,0,1.313259,1.090064,0.8300456
3.940821,-12,24,0.1013053,0.4241567,0.2660375,0.264,0.4287001,0.3082222,-10.2,0,0.1681361,12.89999,0,0,0,0,1.313259,1.090064,0.8300456
3.943651,-12,24,0.1013053,0.4241567,0.2660375,0.264,0.4287001,0.3082222,-10.2,0,0.1681361,12.89999,0,0,0,0,1.313259,1.090064,0.8300456
3.947401,-12,24,0.1013053,0.4241567,0.2660375,0.264,0.4287001,0.3082222,-10.2,0,0.1681361,12.89999,0,0,0,0,1.313259,1.090064,0.8300456
3.950369,-12,24,0.1013053,0.4241567,0.2660375,0.264,0.4287001,0.3082222,-10.2,0,0.1681361,12.89999,0,0,0,0,1.313259,1.090064,0.8300456
3.953596,-12,24,0.1013053,0.4241567,0.2660375,0.264,0.4287001,0.3082222,-10.2,0,0.1681361,12.89999,0,0,0,0,1.313259,1.090064,0.8300456
3.956501,-12,24,0.1013053,0.4241567,0.2660375,0.264,0.4287001,0.3082222,-10.2,0,0.1681361,12.89999,0,0,0,0,1.313259,1.090064,0.8300456
3.959288,-12,24,0.1013053,0.4241567,0.2660375,0.264,0.4287001,0.3082222,-10.2,0,0.1681361,12.89999,0,0,0,0,1.313259,1.090064,0.8300456
3.962212,-12,24,0.1013053,0.4241567,0.2660375,0.264,0.4287001,0.3082222,-10.2,0,0.1681361,12.89999,0,0,0,0,1.313259,1.090064,0.8300456
3.964706,-12,24,0.1013053,0.4241567,0.2660375,0.264,0.4287001,0.3082222,-10.2,0,0.1681361,12.89999,0,0,0,0,1.313259,1.090064,0.8300456
3.967461,-12,24,0.1013053,0.4241567,0.2660375,0.264,0.4287001,0.3082222,-10.2,0,0.1681361,12.89999,0,0,0,0,1.313259,1.090064,0.8300456
3.97015,-12,24,0.1013053,0.4241567,0.2660375,0.264,0.4287001,0.3082222,-10.2,0,0.1681361,12.89999,0,0,0,0,1.313259,1.090064,0.8300456
3.972544,-12,24,0.1013053,0.4241567,0.2660375,0.264,0.4287001,0.3082222,-10.2,0,0.1681361,12.89999,0,0,0,0,1.313259,1.090064,0.8300456
3.975819,-12,24,0.1013053,0.4241567,0.2660375,0.264,0.4287001,0.3082222,-10.2,0,0.1681361,12.89999,0,0,0,0,1.313259,1.090064,0.8300456
3.979389,-12,24,0.1013053,0.4241567,0.2660375,0.264,0.4287001,0.3082222,-10.2,0,0.1681361,12.89999,0,0,0,0,1.313259,1.090064,0.8300456
3.983166,-12,24,0.1013053,0.4241567,0.2660375,0.264,0.4287001,0.3082222,-10.2,0,0.1681361,12.89999,0,0,0,0,1.313259,1.090064,0.8300456
3.985668,-12,24,0.1013053,0.4241567,0.2660375,0.264,0.4287001,0.3082222,-10.2,0,0.1681361,12.89999,0,0,0,0,1.313259,1.090064,0.8300456
3.988949,-12,24,0.1013053,0.4241567,0.2660375,0.264,0.4287001,0.3082222,-10.2,0,0.1681361,12.89999,0,0,0,0,1.313259,1.090064,0.8300456
3.991312,-12,24,0.1013053,0.4241567,0.2660375,0.264,0.4287001,0.3082222,-10.2,0,0.1681361,12.89999,0,0,0,0,1.313259,1.090064,0.8300456
3.995686,-12,24,0.1013053,0.4241567,0.2660375,0.264,0.4287001,0.3082222,-10.2,0,0.1681361,12.89999,0,0,0,0,1.313259,1.090064,0.8300456
4.000408,-12,24,0.1013053,0.4241567,0.2660375,0.264,0.4287001,0.3082222,-10.2,0,0.1681361,12.89999,0,0,0,0,1.313259,1.090064,0.8300456
4.002766,-12,24,0.1013053,0.4241567,0.2660375,0.264,0.4287001,0.3082222,-10.2,0,0.1681361,12.89999,0,0,0,0,1.313259,1.090064,0.8300456
4.005245,-12,24,0.1013053,0.4241567,0.2660375,0.264,0.4287001,0.3082222,-10.2,0,0.1681361,12.89999,0,0,0,0,1.313259,1.090064,0.8300456
4.00765,-12,24,0.1013053,0.4241567,0.2660375,0.264,0.4287001,0.3082222,-10.2,0,0.1681361,12.89999,0,0,0,0,1.313259,1.090064,0.8300456
4.010941,-12,24,0.1013053,0.4241567,0.2660375,0.264,0.4287001,0.3082222,-10.2,0,0.1681361,12.89999,0,0,0,0,1.313259,1.090064,0.8300456
4.013609,-12,24,0.1013053,0.4241567,0.2660375,0.264,0.4287001,0.3082222,-10.2,0,0.1681361,12.89999,0,0,0,0,1.313259,1.090064,0.8300456
4.017414,-12,24,0.1013053,0.4241567,0.2660375,0.264,0.4287001,0.3082222,-10.2,0,0.1681361,12.89999,0,0,0,0,1.313259,1.090064,0.8300456
4.019943,-12,24,0.1013053,0.4241567,0.2660375,0.264,0.4287001,0.3082222,-10.2,0,0.1681361,12.89999,0,0,0,0,1.313259,1.090064,0.8300456
4.02417,-12,24,0.1013053,0.4241567,0.2660375,0.264,0.4287001,0.3082222,-10.2,0,0.1681361,12.89999,0,0,0,0,1.313259,1.090064,0.8300456
4.032045,-12,24,0.1013053,0.4241567,0.2660375,0.264,0.4287001,0.3082222,-10.2,0,0.1681361,12.89999,0,0,0,0,1.313259,1.090064,0.8300456
4.041658,-12,24,0.1013053,0.4241567,0.2660375,0.264,0.4287001,0.3082222,-10.2,0,0.1681361,12.89999,0,0,0,0,1.313259,1.090064,0.8300456
4.044043,-12,24,0.1013053,0.4241567,0.2660375,0.264,0.4287001,0.3082222,-10.2,0,0.1681361,12.89999,0,0,0,0,1.313259,1.090064,0.8300456
4.04714,-12,24,0.1013053,0.4241567,0.2660375,0.264,0.4287001,0.3082222,-10.2,0,0.1681361,12.89999,0,0,0,0,1.313259,1.090064,0.8300456
4.050549,-12,24,0.1013053,0.4241567,0.2660375,0.264,0.4287001,0.3082222,-10.2,0,0.1681361,12.89999,0,0,0,0,1.313259,1.090064,0.8300456
4.052742,-12,24,0.1013053,0.4241567,0.2660375,0.264,0.4287001,0.3082222,-10.2,0,0.1681361,12.89999,0,0,0,0,1.313259,1.090064,0.8300456
4.057035,-12,24,0.1013053,0.4241567,0.2660375,0.264,0.4287001,0.3082222,-10.2,0,0.1681361,12.89999,0,0,0,0,1.313259,1.090064,0.8300456
4.059265,-12,24,0.1013053,0.4241567,0.2660375,0.264,0.4287001,0.3082222,-10.2,0,0.1681361,12.89999,0,0,0,0,1.313259,1.090064,0.8300456
4.063053,-12,24,0.1013053,0.4241567,0.2660375,0.264,0.4287001,0.3082222,-10.2,0,0.1681361,12.89999,0,0,0,0,1.313259,1.090064,0.8300456
4.068453,-12,24,0.1013053,0.4241567,0.2660375,0.264,0.4287001,0.3082222,-10.2,0,0.1681361,12.89999,0,0,0,0,1.313259,1.090064,0.8300456
4.072172,-12,24,0.1013053,0.4241567,0.2660375,0.264,0.4287001,0.3082222,-10.2,0,0.1681361,12.89999,0,0,0,0,1.313259,1.090064,0.8300456
4.074728,-12,24,0.1013053,0.4241567,0.2660375,0.264,0.4287001,0.3082222,-10.2,0,0.1681361,12.89999,0,0,0,0,1.313259,1.090064,0.8300456
4.076979,-12,24,0.1013053,0.4241567,0.2660375,0.264,0.4287001,0.3082222,-10.2,0,0.1681361,12.89999,0,0,0,0,1.313259,1.090064,0.8300456
4.079977,-12,24,0.1013053,0.4241567,0.2660375,0.264,0.4287001,0.3082222,-10.2,0,0.1681361,12.89999,0,0,0,0,1.313259,1.090064,0.8300456
4.08242,-12,24,0.1013053,0.4241567,0.2660375,0.264,0.4287001,0.3082222,-10.2,0,0.1681361,12.89999,0,0,0,0,1.313259,1.090064,0.8300456
4.086126,-12,24,0.1013053,0.4241567,0.2660375,0.264,0.4287001,0.3082222,-10.2,0,0.1681361,12.89999,0,0,0,0,1.313259,1.090064,0.8300456
4.088829,-12,24,0.1013053,0.4241567,0.2660375,0.264,0.4287001,0.3082222,-10.2,0,0.1681361,12.89999,0,0,0,0,1.313259,1.090064,0.8300456
4.09152,-12,24,0.1013053,0.4241567,0.2660375,0.264,0.4287001,0.3082222,-10.2,0,0.1681361,12.89999,0,0,0,0,1.313259,1.090064,0.8300456
4.09404,-12,24,0.1013053,0.4241567,0.2660375,0.264,0.4287001,0.3082222,-10.2,0,0.1681361,12.89999,0,0,0,0,1.313259,1.090064,0.8300456
4.097536,-12,24,0.1013053,0.4241567,0.2660375,0.264,0.4287001,0.3082222,-10.2,0,0.1681361,12.89999,0,0,0,0,1.313259,1.090064,0.8300456
4.099852,-12,24,0.1013053,0.4241567,0.2660375,0.264,0.4287001,0.3082222,-10.2,0,0.1681361,12.89999,0,0,0,0,1.313259,1.090064,0.8300456
4.102594,-12,24,0.1013053,0.4241567,0.2660375,0.264,0.4287001,0.3082222,-10.2,0,0.1681361,12.89999,0,0,0,0,1.313259,1.090064,0.8300456
4.104891,-12,24,0.1013053,0.4241567,0.2660375,0.264,0.4287001,0.3082222,-10.2,0,0.1681361,12.89999,0,0,0,0,1.313259,1.090064,0.8300456
4.107149,-12,24,0.1013053,0.4241567,0.2660375,0.264,0.4287001,0.3082222,-10.2,0,0.1681361,12.89999,0,0,0,0,1.313259,1.090064,0.8300456
4.109375,-12,24,0.1013053,0.4241567,0.2660375,0.264,0.4287001,0.3082222,-10.2,0,0.1681361,12.89999,0,0,0,0,1.313259,1.090064,0.8300456
4.112265,-12,24,0.1013053,0.4241567,0.2660375,0.264,0.4287001,0.3082222,-10.2,0,0.1681361,12.89999,0,0,0,0,1.313259,1.090064,0.8300456
4.115185,-12,24,0.1013053,0.4241567,0.2660375,0.264,0.4287001,0.3082222,-10.2,0,0.1681361,12.89999,0,0,0,0,1.313259,1.090064,0.8300456
4.117702,-12,24,0.1013053,0.4241567,0.2660375,0.264,0.4287001,0.3082222,-10.2,0,0.1681361,12.89999,0,0,0,0,1.313259,1.090064,0.8300456
4.119907,-12,24,0.1013053,0.4241567,0.2660375,0.264,0.4287001,0.3082222,-10.2,0,0.1681361,12.89999,0,0,0,0,1.313259,1.090064,0.8300456
4.122108,-12,24,0.1013053,0.4241567,0.2660375,0.264,0.4287001,0.3082222,-10.2,0,0.1681361,12.89999,0,0,0,0,1.313259,1.090064,0.8300456
4.124445,-12,24,0.1013053,0.4241567,0.2660375,0.264,0.4287001,0.3082222,-10.2,0,0.1681361,12.89999,0,0,0,0,1.313259,1.090064,0.8300456
4.126709,-12,24,0.1013053,0.4241567,0.2660375,0.264,0.4287001,0.3082222,-10.2,0,0.1681361,12.89999,0,0,0,0,1.313259,1.090064,0.8300456
4.129299,-12,24,0.1013053,0.4241567,0.2660375,0.264,0.4287001,0.3082222,-10.2,0,0.1681361,12.89999,0,0,0,0,1.313259,1.090064,0.8300456
4.131847,-12,24,0.1013053,0.4241567,0.2660375,0.264,0.4287001,0.3082222,-10.2,0,0.1681361,12.89999,0,0,0,0,1.313259,1.090064,0.8300456
4.134439,-12,24,0.1013053,0.4241567,0.2660375,0.264,0.4287001,0.3082222,-10.2,0,0.1681361,12.89999,0,0,0,0,1.313259,1.090064,0.8300456
4.137085,-12,24,0.1013053,0.4241567,0.2660375,0.264,0.4287001,0.3082222,-10.2,0,0.1681361,12.89999,0,0,0,0,1.313259,1.090064,0.8300456
4.139353,-12,24,0.1013053,0.4241567,0.2660375,0.264,0.4287001,0.3082222,-10.2,0,0.1681361,12.89999,0,0,0,0,1.313259,1.090064,0.8300456
4.141638,-12,24,0.1013053,0.4241567,0.2660375,0.264,0.4287001,0.3082222,-10.2,0,0.1681361,12.89999,0,0,0,0,1.313259,1.090064,0.8300456
4.143938,-12,24,0.1013053,0.4241567,0.2660375,0.264,0.4287001,0.3082222,-10.2,0,0.1681361,12.89999,0,0,0,0,1.313259,1.090064,0.8300456
4.146845,-12,24,0.1013053,0.4241567,0.2660375,0.264,0.4287001,0.3082222,-10.2,0,0.1681361,12.89999,0,0,0,0,1.313259,1.090064,0.8300456
4.149097,-12,24,0.1013053,0.4241567,0.2660375,0.264,0.4287001,0.3082222,-10.2,0,0.1681361,12.89999,0,0,0,0,1.313259,1.090064,0.8300456
4.151421,-12,24,0.1013053,0.4241567,0.2660375,0.264,0.4287001,0.3082222,-10.2,0,0.1681361,12.89999,0,0,0,0,1.313259,1.090064,0.8300456
4.153675,-12,24,0.1013053,0.4241567,0.2660375,0.264,0.4287001,0.3082222,-10.2,0,0.1681361,12.89999,0,0,0,0,1.313259,1.090064,0.8300456
4.156298,-12,24,0.1013053,0.4241567,0.2660375,0.264,0.4287001,0.3082222,-10.2,0,0.1681361,12.89999,0,0,0,0,1.313259,1.090064,0.8300456
4.15844,-12,24,0.1013053,0.4241567,0.2660375,0.264,0.4287001,0.3082222,-10.2,0,0.1681361,12.89999,0,0,0,0,1.313259,1.090064,0.8300456
4.160759,-12,24,0.1013053,0.4241567,0.2660375,0.264,0.4287001,0.3082222,-10.2,0,0.1681361,12.89999,0,0,0,0,1.313259,1.090064,0.8300456
4.163733,-12,24,0.1013053,0.4241567,0.2660375,0.264,0.4287001,0.3082222,-10.2,0,0.1681361,12.89999,0,0,0,0,1.313259,1.090064,0.8300456
4.166115,-12,24,0.1013053,0.4241567,0.2660375,0.264,0.4287001,0.3082222,-10.2,0,0.1681361,12.89999,0,0,0,0,1.313259,1.090064,0.8300456
4.168325,-12,24,0.1013053,0.4241567,0.2660375,0.264,0.4287001,0.3082222,-10.2,0,0.1681361,12.89999,0,0,0,0,1.313259,1.090064,0.8300456
4.1707,-12,24,0.1013053,0.4241567,0.2660375,0.264,0.4287001,0.3082222,-10.2,0,0.1681361,12.89999,0,0,0,0,1.313259,1.090064,0.8300456
4.17284,-12,24,0.1013053,0.4241567,0.2660375,0.264,0.4287001,0.3082222,-10.2,0,0.1681361,12.89999,0,0,0,0,1.313259,1.090064,0.8300456
4.175554,-12,24,0.1013053,0.4241567,0.2660375,0.264,0.4287001,0.3082222,-10.2,0,0.1681361,12.89999,0,0,0,0,1.313259,1.090064,0.8300456
4.178047,-12,24,0.1013053,0.4241567,0.2660375,0.264,0.4287001,0.3082222,-10.2,0,0.1681361,12.89999,0,0,0,0,1.313259,1.090064,0.8300456
4.180664,-12,24,0.1013053,0.4241567,0.2660375,0.264,0.4287001,0.3082222,-10.2,0,0.1681361,12.89999,0,0,0,0,1.313259,1.090064,0.8300456
4.182865,-12,24,0.1013053,0.4241567,0.2660375,0.264,0.4287001,0.3082222,-10.2,0,0.1681361,12.89999,0,0,0,0,1.313259,1.090064,0.8300456
4.185024,-12,24,0.1013053,0.4241567,0.2660375,0.264,0.4287001,0.3082222,-10.2,0,0.1681361,12.89999,0,0,0,0,1.313259,1.090064,0.8300456
4.187328,-12,24,0.1013053,0.4241567,0.2660375,0.264,0.4287001,0.3082222,-10.2,0,0.1681361,12.89999,0,0,0,0,1.313259,1.090064,0.8300456
4.189634,-12,24,0.1013053,0.4241567,0.2660375,0.264,0.4287001,0.3082222,-10.2,0,0.1681361,12.89999,0,0,0,0,1.313259,1.090064,0.8300456
4.192043,-12,24,0.1013053,0.4241567,0.2660375,0.264,0.4287001,0.3082222,-10.2,0,0.1681361,12.89999,0,0,0,0,1.313259,1.090064,0.8300456
4.195248,-12,24,0.1013053,0.4241567,0.2660375,0.264,0.4287001,0.3082222,-10.2,0,0.1681361,12.89999,0,0,0,0,1.313259,1.090064,0.8300456
4.198162,-12,24,0.1013053,0.4241567,0.2660375,0.264,0.4287001,0.3082222,-10.2,0,0.1681361,12.89999,0,0,0,0,1.313259,1.090064,0.8300456
4.200405,-12,24,0.1013053,0.4241567,0.2660375,0.264,0.4287001,0.3082222,-10.2,0,0.1681361,12.89999,0,0,0,0,1.313259,1.090064,0.8300456
4.202652,-12,24,0.1013053,0.4241567,0.2660375,0.264,0.4287001,0.3082222,-10.2,0,0.1681361,12.89999,0,0,0,0,1.313259,1.090064,0.8300456
4.205406,-12,24,0.1013053,0.4241567,0.2660375,0.264,0.4287001,0.3082222,-10.2,0,0.1681361,12.89999,0,0,0,0,1.313259,1.090064,0.8300456
4.207766,-12,24,0.1013053,0.4241567,0.2660375,0.264,0.4287001,0.3082222,-10.2,0,0.1681361,12.89999,0,0,0,0,1.313259,1.090064,0.8300456
4.210201,-12,24,0.1013053,0.4241567,0.2660375,0.264,0.4287001,0.3082222,-10.2,0,0.1681361,12.89999,0,0,0,0,1.313259,1.090064,0.8300456
4.213076,-12,24,0.1013053,0.4241567,0.2660375,0.264,0.4287001,0.3082222,-10.2,0,0.1681361,12.89999,0,0,0,0,1.313259,1.090064,0.8300456
4.215832,-12,24,0.1013053,0.4241567,0.2660375,0.264,0.4287001,0.3082222,-10.2,0,0.1681361,12.89999,0,0,0,0,1.313259,1.090064,0.8300456
4.21805,-12,24,0.1013053,0.4241567,0.2660375,0.264,0.4287001,0.3082222,-10.2,0,0.1681361,12.89999,0,0,0,0,1.313259,1.090064,0.8300456
4.220356,-12,24,0.1013053,0.4241567,0.2660375,0.264,0.4287001,0.3082222,-10.2,0,0.1681361,12.89999,0,0,0,0,1.313259,1.090064,0.8300456
4.222683,-12,24,0.1013053,0.4241567,0.2660375,0.264,0.4287001,0.3082222,-10.2,0,0.1681361,12.89999,0,0,0,0,1.313259,1.090064,0.8300456
4.225029,-12,24,0.1013053,0.4241567,0.2660375,0.264,0.4287001,0.3082222,-10.2,0,0.1681361,12.89999,0,0,0,0,1.313259,1.090064,0.8300456
4.227354,-12,24,0.1013053,0.4241567,0.2660375,0.264,0.4287001,0.3082222,-10.2,0,0.1681361,12.89999,0,0,0,0,1.313259,1.090064,0.8300456
4.230534,-12,24,0.1013053,0.4241567,0.2660375,0.264,0.4287001,0.3082222,-10.2,0,0.1681361,12.89999,0,0,0,0,1.313259,1.090064,0.8300456
4.23284,-12,24,0.1013053,0.4241567,0.2660375,0.264,0.4287001,0.3082222,-10.2,0,0.1681361,12.89999,0,0,0,0,1.313259,1.090064,0.8300456
4.235502,-12,24,0.1013053,0.4241567,0.2660375,0.264,0.4287001,0.3082222,-10.2,0,0.1681361,12.89999,0,0,0,0,1.313259,1.090064,0.8300456
4.237999,-12,24,0.1013053,0.4241567,0.2660375,0.264,0.4287001,0.3082222,-10.2,0,0.1681361,12.89999,0,0,0,0,1.313259,1.090064,0.8300456
4.240328,-12,24,0.1013053,0.4241567,0.2660375,0.264,0.4287001,0.3082222,-10.2,0,0.1681361,12.89999,0,0,0,0,1.313259,1.090064,0.8300456
4.242716,-12,24,0.1013053,0.4241567,0.2660375,0.264,0.4287001,0.3082222,-10.2,0,0.1681361,12.89999,0,0,0,0,1.313259,1.090064,0.8300456
4.245411,-12,24,0.1013053,0.4241567,0.2660375,0.264,0.4287001,0.3082222,-10.2,0,0.1681361,12.89999,0,0,0,0,1.313259,1.090064,0.8300456
4.248571,-12,24,0.1013053,0.4241567,0.2660375,0.264,0.4287001,0.3082222,-10.2,0,0.1681361,12.89999,0,0,0,0,1.313259,1.090064,0.8300456
4.250938,-12,24,0.1013053,0.4241567,0.2660375,0.264,0.4287001,0.3082222,-10.2,0,0.1681361,12.89999,0,0,0,0,1.313259,1.090064,0.8300456
4.253222,-12,24,0.1013053,0.4241567,0.2660375,0.264,0.4287001,0.3082222,-10.2,0,0.1681361,12.89999,0,0,0,0,1.313259,1.090064,0.8300456
4.255957,-12,24,0.1013053,0.4241567,0.2660375,0.264,0.4287001,0.3082222,-10.2,0,0.1681361,12.89999,0,0,0,0,1.313259,1.090064,0.8300456
4.258286,-12,24,0.1013053,0.4241567,0.2660375,0.264,0.4287001,0.3082222,-10.2,0,0.1681361,12.89999,0,0,0,0,1.313259,1.090064,0.8300456
4.260611,-12,24,0.1013053,0.4241567,0.2660375,0.264,0.4287001,0.3082222,-10.2,0,0.1681361,12.89999,0,0,0,0,1.313259,1.090064,0.8300456
4.263357,-12,24,0.1013053,0.4241567,0.2660375,0.264,0.4287001,0.3082222,-10.2,0,0.1681361,12.89999,0,0,0,0,1.313259,1.090064,0.8300456
4.265551,-12,24,0.1013053,0.4241567,0.2660375,0.264,0.4287001,0.3082222,-10.2,0,0.1681361,12.89999,0,0,0,0,1.313259,1.090064,0.8300456
4.267723,-12,24,0.1013053,0.4241567,0.2660375,0.264,0.4287001,0.3082222,-10.2,0,0.1681361,12.89999,0,0,0,0,1.313259,1.090064,0.8300456
4.270069,-12,24,0.1013053,0.4241567,0.2660375,0.264,0.4287001,0.3082222,-10.2,0,0.1681361,12.89999,0,0,0,0,1.313259,1.090064,0.8300456
4.273081,-12,24,0.1013053,0.4241567,0.2660375,0.264,0.4287001,0.3082222,-10.2,0,0.1681361,12.89999,0,0,0,0,1.313259,1.090064,0.8300456
4.275812,-12,24,0.1013053,0.4241567,0.2660375,0.264,0.4287001,0.3082222,-10.2,0,0.1681361,12.89999,0,0,0,0,1.313259,1.090064,0.8300456
4.278097,-12,24,0.1013053,0.4241567,0.2660375,0.264,0.4287001,0.3082222,-10.2,0,0.1681361,12.89999,0,0,0,0,1.313259,1.090064,0.8300456
4.281063,-12,24,0.1013053,0.4241567,0.2660375,0.264,0.4287001,0.3082222,-10.2,0,0.1681361,12.89999,0,0,0,0,1.313259,1.090064,0.8300456
4.289764,-12,24,0.1013053,0.4241567,0.2660375,0.264,0.4287001,0.3082222,-10.2,0,0.1681361,12.89999,0,0,0,0,1.313259,1.090064,0.8300456
4.298149,-12,24,0.1013053,0.4241567,0.2660375,0.264,0.4287001,0.3082222,-10.2,0,0.1681361,12.89999,0,0,0,0,1.313259,1.090064,0.8300456
4.301512,-12,24,0.1013053,0.4241567,0.2660375,0.264,0.4287001,0.3082222,-10.2,0,0.1681361,12.89999,0,0,0,0,1.313259,1.090064,0.8300456
4.304487,-12,24,0.1013053,0.4241567,0.2660375,0.264,0.4287001,0.3082222,-10.2,0,0.1681361,12.89999,0,0,0,0,1.313259,1.090064,0.8300456
4.307152,-12,24,0.1013053,0.4241567,0.2660375,0.264,0.4287001,0.3082222,-10.2,0,0.1681361,12.89999,0,0,0,0,1.313259,1.090064,0.8300456
4.309294,-12,24,0.1013053,0.4241567,0.2660375,0.264,0.4287001,0.3082222,-10.2,0,0.1681361,12.89999,0,0,0,0,1.313259,1.090064,0.8300456
4.31188,-12,24,0.1013053,0.4241567,0.2660375,0.264,0.4287001,0.3082222,-10.2,0,0.1681361,12.89999,0,0,0,0,1.313259,1.090064,0.8300456
4.314369,-12,24,0.1013053,0.4241567,0.2660375,0.264,0.4287001,0.3082222,-10.2,0,0.1681361,12.89999,0,0,0,0,1.313259,1.090064,0.8300456
4.316854,-12,24,0.1013053,0.4241567,0.2660375,0.264,0.4287001,0.3082222,-10.2,0,0.1681361,12.89999,0,0,0,0,1.313259,1.090064,0.8300456
4.319353,-12,24,0.1013053,0.4241567,0.2660375,0.264,0.4287001,0.3082222,-10.2,0,0.1681361,12.89999,0,0,0,0,1.313259,1.090064,0.8300456
4.321657,-12,24,0.1013053,0.4241567,0.2660375,0.264,0.4287001,0.3082222,-10.2,0,0.1681361,12.89999,0,0,0,0,1.313259,1.090064,0.8300456
4.324184,-12,24,0.1013053,0.4241567,0.2660375,0.264,0.4287001,0.3082222,-10.2,0,0.1681361,12.89999,0,0,0,0,1.313259,1.090064,0.8300456
4.326462,-12,24,0.1013053,0.4241567,0.2660375,0.264,0.4287001,0.3082222,-10.2,0,0.1681361,12.89999,0,0,0,0,1.313259,1.090064,0.8300456
4.328901,-12,24,0.1013053,0.4241567,0.2660375,0.264,0.4287001,0.3082222,-10.2,0,0.1681361,12.89999,0,0,0,0,1.313259,1.090064,0.8300456
4.331287,-12,24,0.1013053,0.4241567,0.2660375,0.264,0.4287001,0.3082222,-10.2,0,0.1681361,12.89999,0,0,0,0,1.313259,1.090064,0.8300456
4.333822,-12,24,0.1013053,0.4241567,0.2660375,0.264,0.4287001,0.3082222,-10.2,0,0.1681361,12.89999,0,0,0,0,1.313259,1.090064,0.8300456
4.336618,-12,24,0.1013053,0.4241567,0.2660375,0.264,0.4287001,0.3082222,-10.2,0,0.1681361,12.89999,0,0,0,0,1.313259,1.090064,0.8300456
4.338856,-12,24,0.1013053,0.4241567,0.2660375,0.264,0.4287001,0.3082222,-10.2,0,0.1681361,12.89999,0,0,0,0,1.313259,1.090064,0.8300456
4.341015,-12,24,0.1013053,0.4241567,0.2660375,0.264,0.4287001,0.3082222,-10.2,0,0.1681361,12.89999,0,0,0,0,1.313259,1.090064,0.8300456
4.343216,-12,24,0.1013053,0.4241567,0.2660375,0.264,0.4287001,0.3082222,-10.2,0,0.1681361,12.89999,0,0,0,0,1.313259,1.090064,0.8300456
4.345634,-12,24,0.1013053,0.4241567,0.2660375,0.264,0.4287001,0.3082222,-10.2,0,0.1681361,12.89999,0,0,0,0,1.313259,1.090064,0.8300456
4.3479,-12,24,0.1013053,0.4241567,0.2660375,0.264,0.4287001,0.3082222,-10.2,0,0.1681361,12.89999,0,0,0,0,1.313259,1.090064,0.8300456
4.350681,-12,24,0.1013053,0.4241567,0.2660375,0.264,0.4287001,0.3082222,-10.2,0,0.1681361,12.89999,0,0,0,0,1.313259,1.090064,0.8300456
4.353123,-12,24,0.1013053,0.4241567,0.2660375,0.264,0.4287001,0.3082222,-10.2,0,0.1681361,12.89999,0,0,0,0,1.313259,1.090064,0.8300456
4.355782,-12,24,0.1013053,0.4241567,0.2660375,0.264,0.4287001,0.3082222,-10.2,0,0.1681361,12.89999,0,0,0,0,1.313259,1.090064,0.8300456
4.358027,-12,24,0.1013053,0.4241567,0.2660375,0.264,0.4287001,0.3082222,-10.2,0,0.1681361,12.89999,0,0,0,0,1.313259,1.090064,0.8300456
4.360453,-12,24,0.1013053,0.4241567,0.2660375,0.264,0.4287001,0.3082222,-10.2,0,0.1681361,12.89999,0,0,0,0,1.313259,1.090064,0.8300456
4.363503,-12,24,0.1013053,0.4241567,0.2660375,0.264,0.4287001,0.3082222,-10.2,0,0.1681361,12.89999,0,0,0,0,1.313259,1.090064,0.8300456
4.36622,-12,24,0.1013053,0.4241567,0.2660375,0.264,0.4287001,0.3082222,-10.2,0,0.1681361,12.89999,0,0,0,0,1.313259,1.090064,0.8300456
4.368622,-12,24,0.1013053,0.4241567,0.2660375,0.264,0.4287001,0.3082222,-10.2,0,0.1681361,12.89999,0,0,0,0,1.313259,1.090064,0.8300456
4.370968,-12,24,0.1013053,0.4241567,0.2660375,0.264,0.4287001,0.3082222,-10.2,0,0.1681361,12.89999,0,0,0,0,1.313259,1.090064,0.8300456
4.373997,-12,24,0.1013053,0.4241567,0.2660375,0.264,0.4287001,0.3082222,-10.2,0,0.1681361,12.89999,0,0,0,0,1.313259,1.090064,0.8300456
4.376654,-12,24,0.1013053,0.4241567,0.2660375,0.264,0.4287001,0.3082222,-10.2,0,0.1681361,12.89999,0,0,0,0,1.313259,1.090064,0.8300456
4.379492,-12,24,0.1013053,0.4241567,0.2660375,0.264,0.4287001,0.3082222,-10.2,0,0.1681361,12.89999,0,0,0,0,1.313259,1.090064,0.8300456
4.382414,-12,24,0.1013053,0.4241567,0.2660375,0.264,0.4287001,0.3082222,-10.2,0,0.1681361,12.89999,0,0,0,0,1.313259,1.090064,0.8300456
4.384794,-12,24,0.1013053,0.4241567,0.2660375,0.264,0.4287001,0.3082222,-10.2,0,0.1681361,12.89999,0,0,0,0,1.313259,1.090064,0.8300456
4.387026,-12,24,0.1013053,0.4241567,0.2660375,0.264,0.4287001,0.3082222,-10.2,0,0.1681361,12.89999,0,0,0,0,1.313259,1.090064,0.8300456
4.389212,-12,24,0.1013053,0.4241567,0.2660375,0.264,0.4287001,0.3082222,-10.2,0,0.1681361,12.89999,0,0,0,0,1.313259,1.090064,0.8300456
4.39139,-12,24,0.1013053,0.4241567,0.2660375,0.264,0.4287001,0.3082222,-10.2,0,0.1681361,12.89999,0,0,0,0,1.313259,1.090064,0.8300456
4.393614,-12,24,0.1013053,0.4241567,0.2660375,0.264,0.4287001,0.3082222,-10.2,0,0.1681361,12.89999,0,0,0,0,1.313259,1.090064,0.8300456
4.397327,-12,24,0.1013053,0.4241567,0.2660375,0.264,0.4287001,0.3082222,-10.2,0,0.1681361,12.89999,0,0,0,0,1.313259,1.090064,0.8300456
4.400166,-12,24,0.1013053,0.4241567,0.2660375,0.264,0.4287001,0.3082222,-10.2,0,0.1681361,12.89999,0,0,0,0,1.313259,1.090064,0.8300456
4.402826,-12,24,0.1013053,0.4241567,0.2660375,0.264,0.4287001,0.3082222,-10.2,0,0.1681361,12.89999,0,0,0,0,1.313259,1.090064,0.8300456
4.405138,-12,24,0.1013053,0.4241567,0.2660375,0.264,0.4287001,0.3082222,-10.2,0,0.1681361,12.89999,0,0,0,0,1.313259,1.090064,0.8300456
4.40733,-12,24,0.1013053,0.4241567,0.2660375,0.264,0.4287001,0.3082222,-10.2,0,0.1681361,12.89999,0,0,0,0,1.313259,1.090064,0.8300456
4.409475,-12,24,0.1013053,0.4241567,0.2660375,0.264,0.4287001,0.3082222,-10.2,0,0.1681361,12.89999,0,0,0,0,1.313259,1.090064,0.8300456
4.412138,-12,24,0.1013053,0.4241567,0.2660375,0.264,0.4287001,0.3082222,-10.2,0,0.1681361,12.89999,0,0,0,0,1.313259,1.090064,0.8300456
4.415144,-12,24,0.1013053,0.4241567,0.2660375,0.264,0.4287001,0.3082222,-10.2,0,0.1681361,12.89999,0,0,0,0,1.313259,1.090064,0.8300456
4.417387,-12,24,0.1013053,0.4241567,0.2660375,0.264,0.4287001,0.3082222,-10.2,0,0.1681361,12.89999,0,0,0,0,1.313259,1.090064,0.8300456
4.419483,-12,24,0.1013053,0.4241567,0.2660375,0.264,0.4287001,0.3082222,-10.2,0,0.1681361,12.89999,0,0,0,0,1.313259,1.090064,0.8300456
4.421589,-12,24,0.1013053,0.4241567,0.2660375,0.264,0.4287001,0.3082222,-10.2,0,0.1681361,12.89999,0,0,0,0,1.313259,1.090064,0.8300456
4.42375,-12,24,0.1013053,0.4241567,0.2660375,0.264,0.4287001,0.3082222,-10.2,0,0.1681361,12.89999,0,0,0,0,1.313259,1.090064,0.8300456
4.426043,-12,24,0.1013053,0.4241567,0.2660375,0.264,0.4287001,0.3082222,-10.2,0,0.1681361,12.89999,0,0,0,0,1.313259,1.090064,0.8300456
4.428928,-12,24,0.1013053,0.4241567,0.2660375,0.264,0.4287001,0.3082222,-10.2,0,0.1681361,12.89999,0,0,0,0,1.313259,1.090064,0.8300456
4.431343,-12,24,0.1013053,0.4241567,0.2660375,0.264,0.4287001,0.3082222,-10.2,0,0.1681361,12.89999,0,0,0,0,1.313259,1.090064,0.8300456
4.433659,-12,24,0.1013053,0.4241567,0.2660375,0.264,0.4287001,0.3082222,-10.2,0,0.1681361,12.89999,0,0,0,0,1.313259,1.090064,0.8300456
4.436237,-12,24,0.1013053,0.4241567,0.2660375,0.264,0.4287001,0.3082222,-10.2,0,0.1681361,12.89999,0,0,0,0,1.313259,1.090064,0.8300456
4.438431,-12,24,0.1013053,0.4241567,0.2660375,0.264,0.4287001,0.3082222,-10.2,0,0.1681361,12.89999,0,0,0,0,1.313259,1.090064,0.8300456
4.440525,-12,24,0.1013053,0.4241567,0.2660375,0.264,0.4287001,0.3082222,-10.2,0,0.1681361,12.89999,0,0,0,0,1.313259,1.090064,0.8300456
4.443377,-12,24,0.1013053,0.4241567,0.2660375,0.264,0.4287001,0.3082222,-10.2,0,0.1681361,12.89999,0,0,0,0,1.313259,1.090064,0.8300456
4.446978,-12,24,0.1013053,0.4241567,0.2660375,0.264,0.4287001,0.3082222,-10.2,0,0.1681361,12.89999,0,0,0,0,1.313259,1.090064,0.8300456
4.449549,-12,24,0.1013053,0.4241567,0.2660375,0.264,0.4287001,0.3082222,-10.2,0,0.1681361,12.89999,0,0,0,0,1.313259,1.090064,0.8300456
4.451788,-12,24,0.1013053,0.4241567,0.2660375,0.264,0.4287001,0.3082222,-10.2,0,0.1681361,12.89999,0,0,0,0,1.313259,1.090064,0.8300456
4.454014,-12,24,0.1013053,0.4241567,0.2660375,0.264,0.4287001,0.3082222,-10.2,0,0.1681361,12.89999,0,0,0,0,1.313259,1.090064,0.8300456
4.456623,-12,24,0.1013053,0.4241567,0.2660375,0.264,0.4287001,0.3082222,-10.2,0,0.1681361,12.89999,0,0,0,0,1.313259,1.090064,0.8300456
4.45912,-12,24,0.1013053,0.4241567,0.2660375,0.264,0.4287001,0.3082222,-10.2,0,0.1681361,12.89999,0,0,0,0,1.313259,1.090064,0.8300456
4.461708,-12,24,0.1013053,0.4241567,0.2660375,0.264,0.4287001,0.3082222,-10.2,0,0.1681361,12.89999,0,0,0,0,1.313259,1.090064,0.8300456
4.464415,-12,24,0.1013053,0.4241567,0.2660375,0.264,0.4287001,0.3082222,-10.2,0,0.1681361,12.89999,0,0,0,0,1.313259,1.090064,0.8300456
4.466621,-12,24,0.1013053,0.4241567,0.2660375,0.264,0.4287001,0.3082222,-10.2,0,0.1681361,12.89999,0,0,0,0,1.313259,1.090064,0.8300456
4.468979,-12,24,0.1013053,0.4241567,0.2660375,0.264,0.4287001,0.3082222,-10.2,0,0.1681361,12.89999,0,0,0,0,1.313259,1.090064,0.8300456
4.471439,-12,24,0.1013053,0.4241567,0.2660375,0.264,0.4287001,0.3082222,-10.2,0,0.1681361,12.89999,0,0,0,0,1.313259,1.090064,0.8300456
4.473967,-12,24,0.1013053,0.4241567,0.2660375,0.264,0.4287001,0.3082222,-10.2,0,0.1681361,12.89999,0,0,0,0,1.313259,1.090064,0.8300456
4.476629,-12,24,0.1013053,0.4241567,0.2660375,0.264,0.4287001,0.3082222,-10.2,0,0.1681361,12.89999,0,0,0,0,1.313259,1.090064,0.8300456
4.479479,-12,24,0.1013053,0.4241567,0.2660375,0.264,0.4287001,0.3082222,-10.2,0,0.1681361,12.89999,0,0,0,0,1.313259,1.090064,0.8300456
4.481979,-12,24,0.1013053,0.4241567,0.2660375,0.264,0.4287001,0.3082222,-10.2,0,0.1681361,12.89999,0,0,0,0,1.313259,1.090064,0.8300456
4.484468,-12,24,0.1013053,0.4241567,0.2660375,0.264,0.4287001,0.3082222,-10.2,0,0.1681361,12.89999,0,0,0,0,1.313259,1.090064,0.8300456
4.486841,-12,24,0.1013053,0.4241567,0.2660375,0.264,0.4287001,0.3082222,-10.2,0,0.1681361,12.89999,0,0,0,0,1.313259,1.090064,0.8300456
4.489517,-12,24,0.1013053,0.4241567,0.2660375,0.264,0.4287001,0.3082222,-10.2,0,0.1681361,12.89999,0,0,0,0,1.313259,1.090064,0.8300456
4.49181,-12,24,0.1013053,0.4241567,0.2660375,0.264,0.4287001,0.3082222,-10.2,0,0.1681361,12.89999,0,0,0,0,1.313259,1.090064,0.8300456
4.494116,-12,24,0.1013053,0.4241567,0.2660375,0.264,0.4287001,0.3082222,-10.2,0,0.1681361,12.89999,0,0,0,0,1.313259,1.090064,0.8300456
4.49725,-12,24,0.1013053,0.4241567,0.2660375,0.264,0.4287001,0.3082222,-10.2,0,0.1681361,12.89999,0,0,0,0,1.313259,1.090064,0.8300456
4.499868,-12,24,0.1013053,0.4241567,0.2660375,0.264,0.4287001,0.3082222,-10.2,0,0.1681361,12.89999,0,0,0,0,1.313259,1.090064,0.8300456
4.502489,-12,24,0.1013053,0.4241567,0.2660375,0.264,0.4287001,0.3082222,-10.2,0,0.1681361,12.89999,0,0,0,0,1.313259,1.090064,0.8300456
4.504963,-12,24,0.1013053,0.4241567,0.2660375,0.264,0.4287001,0.3082222,-10.2,0,0.1681361,12.89999,0,0,0,0,1.313259,1.090064,0.8300456
4.507149,-12,24,0.1013053,0.4241567,0.2660375,0.264,0.4287001,0.3082222,-10.2,0,0.1681361,12.89999,0,0,0,0,1.313259,1.090064,0.8300456
4.509287,-12,24,0.1013053,0.4241567,0.2660375,0.264,0.4287001,0.3082222,-10.2,0,0.1681361,12.89999,0,0,0,0,1.313259,1.090064,0.8300456
4.511805,-12,24,0.1013053,0.4241567,0.2660375,0.264,0.4287001,0.3082222,-10.2,0,0.1681361,12.89999,0,0,0,0,1.313259,1.090064,0.8300456
4.514246,-12,24,0.1013053,0.4241567,0.2660375,0.264,0.4287001,0.3082222,-10.2,0,0.1681361,12.89999,0,0,0,0,1.313259,1.090064,0.8300456
4.516941,-12,24,0.1013053,0.4241567,0.2660375,0.264,0.4287001,0.3082222,-10.2,0,0.1681361,12.89999,0,0,0,0,1.313259,1.090064,0.8300456
4.51944,-12,24,0.1013053,0.4241567,0.2660375,0.264,0.4287001,0.3082222,-10.2,0,0.1681361,12.89999,0,0,0,0,1.313259,1.090064,0.8300456
4.52157,-12,24,0.1013053,0.4241567,0.2660375,0.264,0.4287001,0.3082222,-10.2,0,0.1681361,12.89999,0,0,0,0,1.313259,1.090064,0.8300456
4.523703,-12,24,0.1013053,0.4241567,0.2660375,0.264,0.4287001,0.3082222,-10.2,0,0.1681361,12.89999,0,0,0,0,1.313259,1.090064,0.8300456
4.525999,-12,24,0.1013053,0.4241567,0.2660375,0.264,0.4287001,0.3082222,-10.2,0,0.1681361,12.89999,0,0,0,0,1.313259,1.090064,0.8300456
4.528866,-12,24,0.1013053,0.4241567,0.2660375,0.264,0.4287001,0.3082222,-10.2,0,0.1681361,12.89999,0,0,0,0,1.313259,1.090064,0.8300456
4.531693,-12,24,0.1013053,0.4241567,0.2660375,0.264,0.4287001,0.3082222,-10.2,0,0.1681361,12.89999,0,0,0,0,1.313259,1.090064,0.8300456
4.534054,-12,24,0.1013053,0.4241567,0.2660375,0.264,0.4287001,0.3082222,-10.2,0,0.1681361,12.89999,0,0,0,0,1.313259,1.090064,0.8300456
4.5369,-12,24,0.1013053,0.4241567,0.2660375,0.264,0.4287001,0.3082222,-10.2,0,0.1681361,12.89999,0,0,0,0,1.313259,1.090064,0.8300456
4.539242,-12,24,0.1013053,0.4241567,0.2660375,0.264,0.4287001,0.3082222,-10.2,0,0.1681361,12.89999,0,0,0,0,1.313259,1.090064,0.8300456
4.541592,-12,24,0.1013053,0.4241567,0.2660375,0.264,0.4287001,0.3082222,-10.2,0,0.1681361,12.89999,0,0,0,0,1.313259,1.090064,0.8300456
4.543753,-12,24,0.1013053,0.4241567,0.2660375,0.264,0.4287001,0.3082222,-10.2,0,0.1681361,12.89999,0,0,0,0,1.313259,1.090064,0.8300456
4.546486,-12,24,0.1013053,0.4241567,0.2660375,0.264,0.4287001,0.3082222,-10.2,0,0.1681361,12.89999,0,0,0,0,1.313259,1.090064,0.8300456
4.548861,-12,24,0.1013053,0.4241567,0.2660375,0.264,0.4287001,0.3082222,-10.2,0,0.1681361,12.89999,0,0,0,0,1.313259,1.090064,0.8300456
4.551294,-12,24,0.1013053,0.4241567,0.2660375,0.264,0.4287001,0.3082222,-10.2,0,0.1681361,12.89999,0,0,0,0,1.313259,1.090064,0.8300456
4.553495,-12,24,0.1013053,0.4241567,0.2660375,0.264,0.4287001,0.3082222,-10.2,0,0.1681361,12.89999,0,0,0,0,1.313259,1.090064,0.8300456
4.556307,-12,24,0.1013053,0.4241567,0.2660375,0.264,0.4287001,0.3082222,-10.2,0,0.1681361,12.89999,0,0,0,0,1.313259,1.090064,0.8300456
4.55864,-12,24,0.1013053,0.4241567,0.2660375,0.264,0.4287001,0.3082222,-10.2,0,0.1681361,12.89999,0,0,0,0,1.313259,1.090064,0.8300456
4.560999,-12,24,0.1013053,0.4241567,0.2660375,0.264,0.4287001,0.3082222,-10.2,0,0.1681361,12.89999,0,0,0,0,1.313259,1.090064,0.8300456
4.563955,-12,24,0.1013053,0.4241567,0.2660375,0.264,0.4287001,0.3082222,-10.2,0,0.1681361,12.89999,0,0,0,0,1.313259,1.090064,0.8300456
4.566502,-12,24,0.1013053,0.4241567,0.2660375,0.264,0.4287001,0.3082222,-10.2,0,0.1681361,12.89999,0,0,0,0,1.313259,1.090064,0.8300456
4.569004,-12,24,0.1013053,0.4241567,0.2660375,0.264,0.4287001,0.3082222,-10.2,0,0.1681361,12.89999,0,0,0,0,1.313259,1.090064,0.8300456
4.571424,-12,24,0.1013053,0.4241567,0.2660375,0.264,0.4287001,0.3082222,-10.2,0,0.1681361,12.89999,0,0,0,0,1.313259,1.090064,0.8300456
4.573771,-12,24,0.1013053,0.4241567,0.2660375,0.264,0.4287001,0.3082222,-10.2,0,0.1681361,12.89999,0,0,0,0,1.313259,1.090064,0.8300456
4.576477,-12,24,0.1013053,0.4241567,0.2660375,0.264,0.4287001,0.3082222,-10.2,0,0.1681361,12.89999,0,0,0,0,1.313259,1.090064,0.8300456
4.578844,-12,24,0.1013053,0.4241567,0.2660375,0.264,0.4287001,0.3082222,-10.2,0,0.1681361,12.89999,0,0,0,0,1.313259,1.090064,0.8300456
4.58123,-12,24,0.1013053,0.4241567,0.2660375,0.264,0.4287001,0.3082222,-10.2,0,0.1681361,12.89999,0,0,0,0,1.313259,1.090064,0.8300456
4.583553,-12,24,0.1013053,0.4241567,0.2660375,0.264,0.4287001,0.3082222,-10.2,0,0.1681361,12.89999,0,0,0,0,1.313259,1.090064,0.8300456
4.585842,-12,24,0.1013053,0.4241567,0.2660375,0.264,0.4287001,0.3082222,-10.2,0,0.1681361,12.89999,0,0,0,0,1.313259,1.090064,0.8300456
4.58806,-12,24,0.1013053,0.4241567,0.2660375,0.264,0.4287001,0.3082222,-10.2,0,0.1681361,12.89999,0,0,0,0,1.313259,1.090064,0.8300456
4.590324,-12,24,0.1013053,0.4241567,0.2660375,0.264,0.4287001,0.3082222,-10.2,0,0.1681361,12.89999,0,0,0,0,1.313259,1.090064,0.8300456
4.592632,-12,24,0.1013053,0.4241567,0.2660375,0.264,0.4287001,0.3082222,-10.2,0,0.1681361,12.89999,0,0,0,0,1.313259,1.090064,0.8300456
4.595533,-12,24,0.1013053,0.4241567,0.2660375,0.264,0.4287001,0.3082222,-10.2,0,0.1681361,12.89999,0,0,0,0,1.313259,1.090064,0.8300456
4.598427,-12,24,0.1013053,0.4241567,0.2660375,0.264,0.4287001,0.3082222,-10.2,0,0.1681361,12.89999,0,0,0,0,1.313259,1.090064,0.8300456
4.600969,-12,24,0.1013053,0.4241567,0.2660375,0.264,0.4287001,0.3082222,-10.2,0,0.1681361,12.89999,0,0,0,0,1.313259,1.090064,0.8300456
4.603216,-12,24,0.1013053,0.4241567,0.2660375,0.264,0.4287001,0.3082222,-10.2,0,0.1681361,12.89999,0,0,0,0,1.313259,1.090064,0.8300456
4.605518,-12,24,0.1013053,0.4241567,0.2660375,0.264,0.4287001,0.3082222,-10.2,0,0.1681361,12.89999,0,0,0,0,1.313259,1.090064,0.8300456
4.607843,-12,24,0.1013053,0.4241567,0.2660375,0.264,0.4287001,0.3082222,-10.2,0,0.1681361,12.89999,0,0,0,0,1.313259,1.090064,0.8300456
4.610369,-12,24,0.1013053,0.4241567,0.2660375,0.264,0.4287001,0.3082222,-10.2,0,0.1681361,12.89999,0,0,0,0,1.313259,1.090064,0.8300456
4.613586,-12,24,0.1013053,0.4241567,0.2660375,0.264,0.4287001,0.3082222,-10.2,0,0.1681361,12.89999,0,0,0,0,1.313259,1.090064,0.8300456
4.616459,-12,24,0.1013053,0.4241567,0.2660375,0.264,0.4287001,0.3082222,-10.2,0,0.1681361,12.89999,0,0,0,0,1.313259,1.090064,0.8300456
4.618587,-12,24,0.1013053,0.4241567,0.2660375,0.264,0.4287001,0.3082222,-10.2,0,0.1681361,12.89999,0,0,0,0,1.313259,1.090064,0.8300456
4.62092,-12,24,0.1013053,0.4241567,0.2660375,0.264,0.4287001,0.3082222,-10.2,0,0.1681361,12.89999,0,0,0,0,1.313259,1.090064,0.8300456
4.623762,-12,24,0.1013053,0.4241567,0.2660375,0.264,0.4287001,0.3082222,-10.2,0,0.1681361,12.89999,0,0,0,0,1.313259,1.090064,0.8300456
4.626501,-12,24,0.1013053,0.4241567,0.2660375,0.264,0.4287001,0.3082222,-10.2,0,0.1681361,12.89999,0,0,0,0,1.313259,1.090064,0.8300456
4.629854,-12,24,0.1013053,0.4241567,0.2660375,0.264,0.4287001,0.3082222,-10.2,0,0.1681361,12.89999,0,0,0,0,1.313259,1.090064,0.8300456
4.632269,-12,24,0.1013053,0.4241567,0.2660375,0.264,0.4287001,0.3082222,-10.2,0,0.1681361,12.89999,0,0,0,0,1.313259,1.090064,0.8300456
4.635208,-12,24,0.1013053,0.4241567,0.2660375,0.264,0.4287001,0.3082222,-10.2,0,0.1681361,12.89999,0,0,0,0,1.313259,1.090064,0.8300456
4.63743,-12,24,0.1013053,0.4241567,0.2660375,0.264,0.4287001,0.3082222,-10.2,0,0.1681361,12.89999,0,0,0,0,1.313259,1.090064,0.8300456
4.639767,-12,24,0.1013053,0.4241567,0.2660375,0.264,0.4287001,0.3082222,-10.2,0,0.1681361,12.89999,0,0,0,0,1.313259,1.090064,0.8300456
4.642586,-12,24,0.1013053,0.4241567,0.2660375,0.264,0.4287001,0.3082222,-10.2,0,0.1681361,12.89999,0,0,0,0,1.313259,1.090064,0.8300456
4.645378,-12,24,0.1013053,0.4241567,0.2660375,0.264,0.4287001,0.3082222,-10.2,0,0.1681361,12.89999,0,0,0,0,1.313259,1.090064,0.8300456
4.647898,-12,24,0.1013053,0.4241567,0.2660375,0.264,0.4287001,0.3082222,-10.2,0,0.1681361,12.89999,0,0,0,0,1.313259,1.090064,0.8300456
4.650169,-12,24,0.1013053,0.4241567,0.2660375,0.264,0.4287001,0.3082222,-10.2,0,0.1681361,12.89999,0,0,0,0,1.313259,1.090064,0.8300456
4.652729,-12,24,0.1013053,0.4241567,0.2660375,0.264,0.4287001,0.3082222,-10.2,0,0.1681361,12.89999,0,0,0,0,1.313259,1.090064,0.8300456
4.655338,-12,24,0.1013053,0.4241567,0.2660375,0.264,0.4287001,0.3082222,-10.2,0,0.1681361,12.89999,0,0,0,0,1.313259,1.090064,0.8300456
4.657566,-12,24,0.1013053,0.4241567,0.2660375,0.264,0.4287001,0.3082222,-10.2,0,0.1681361,12.89999,0,0,0,0,1.313259,1.090064,0.8300456
4.659895,-12,24,0.1013053,0.4241567,0.2660375,0.264,0.4287001,0.3082222,-10.2,0,0.1681361,12.89999,0,0,0,0,1.313259,1.090064,0.8300456
4.662369,-12,24,0.1013053,0.4241567,0.2660375,0.264,0.4287001,0.3082222,-10.2,0,0.1681361,12.89999,0,0,0,0,1.313259,1.090064,0.8300456
4.664738,-12,24,0.1013053,0.4241567,0.2660375,0.264,0.4287001,0.3082222,-10.2,0,0.1681361,12.89999,0,0,0,0,1.313259,1.090064,0.8300456
4.666946,-12,24,0.1013053,0.4241567,0.2660375,0.264,0.4287001,0.3082222,-10.2,0,0.1681361,12.89999,0,0,0,0,1.313259,1.090064,0.8300456
4.669258,-12,24,0.1013053,0.4241567,0.2660375,0.264,0.4287001,0.3082222,-10.2,0,0.1681361,12.89999,0,0,0,0,1.313259,1.090064,0.8300456
4.67156,-12,24,0.1013053,0.4241567,0.2660375,0.264,0.4287001,0.3082222,-10.2,0,0.1681361,12.89999,0,0,0,0,1.313259,1.090064,0.8300456
4.673746,-12,24,0.1013053,0.4241567,0.2660375,0.264,0.4287001,0.3082222,-10.2,0,0.1681361,12.89999,0,0,0,0,1.313259,1.090064,0.8300456
4.676476,-12,24,0.1013053,0.4241567,0.2660375,0.264,0.4287001,0.3082222,-10.2,0,0.1681361,12.89999,0,0,0,0,1.313259,1.090064,0.8300456
4.678913,-12,24,0.1013053,0.4241567,0.2660375,0.264,0.4287001,0.3082222,-10.2,0,0.1681361,12.89999,0,0,0,0,1.313259,1.090064,0.8300456
4.681362,-12,24,0.1013053,0.4241567,0.2660375,0.264,0.4287001,0.3082222,-10.2,0,0.1681361,12.89999,0,0,0,0,1.313259,1.090064,0.8300456
4.683702,-12,24,0.1013053,0.4241567,0.2660375,0.264,0.4287001,0.3082222,-10.2,0,0.1681361,12.89999,0,0,0,0,1.313259,1.090064,0.8300456
4.685991,-12,24,0.1013053,0.4241567,0.2660375,0.264,0.4287001,0.3082222,-10.2,0,0.1681361,12.89999,0,0,0,0,1.313259,1.090064,0.8300456
4.688377,-12,24,0.1013053,0.4241567,0.2660375,0.264,0.4287001,0.3082222,-10.2,0,0.1681361,12.89999,0,0,0,0,1.313259,1.090064,0.8300456
4.691607,-12,24,0.1013053,0.4241567,0.2660375,0.264,0.4287001,0.3082222,-10.2,0,0.1681361,12.89999,0,0,0,0,1.313259,1.090064,0.8300456
4.694307,-12,24,0.1013053,0.4241567,0.2660375,0.264,0.4287001,0.3082222,-10.2,0,0.1681361,12.89999,0,0,0,0,1.313259,1.090064,0.8300456
4.697742,-12,24,0.1013053,0.4241567,0.2660375,0.264,0.4287001,0.3082222,-10.2,0,0.1681361,12.89999,0,0,0,0,1.313259,1.090064,0.8300456
4.700186,-12,24,0.1013053,0.4241567,0.2660375,0.264,0.4287001,0.3082222,-10.2,0,0.1681361,12.89999,0,0,0,0,1.313259,1.090064,0.8300456
4.702499,-12,24,0.1013053,0.4241567,0.2660375,0.264,0.4287001,0.3082222,-10.2,0,0.1681361,12.89999,0,0,0,0,1.313259,1.090064,0.8300456
4.705231,-12,24,0.1013053,0.4241567,0.2660375,0.264,0.4287001,0.3082222,-10.2,0,0.1681361,12.89999,0,0,0,0,1.313259,1.090064,0.8300456
4.707752,-12,24,0.1013053,0.4241567,0.2660375,0.264,0.4287001,0.3082222,-10.2,0,0.1681361,12.89999,0,0,0,0,1.313259,1.090064,0.8300456
4.71007,-12,24,0.1013053,0.4241567,0.2660375,0.264,0.4287001,0.3082222,-10.2,0,0.1681361,12.89999,0,0,0,0,1.313259,1.090064,0.8300456
4.713247,-12,24,0.1013053,0.4241567,0.2660375,0.264,0.4287001,0.3082222,-10.2,0,0.1681361,12.89999,0,0,0,0,1.313259,1.090064,0.8300456
4.716,-12,24,0.1013053,0.4241567,0.2660375,0.264,0.4287001,0.3082222,-10.2,0,0.1681361,12.89999,0,0,0,0,1.313259,1.090064,0.8300456
4.718334,-12,24,0.1013053,0.4241567,0.2660375,0.264,0.4287001,0.3082222,-10.2,0,0.1681361,12.89999,0,0,0,0,1.313259,1.090064,0.8300456
4.720604,-12,24,0.1013053,0.4241567,0.2660375,0.264,0.4287001,0.3082222,-10.2,0,0.1681361,12.89999,0,0,0,0,1.313259,1.090064,0.8300456
4.722876,-12,24,0.1013053,0.4241567,0.2660375,0.264,0.4287001,0.3082222,-10.2,0,0.1681361,12.89999,0,0,0,0,1.313259,1.090064,0.8300456
4.725145,-12,24,0.1013053,0.4241567,0.2660375,0.264,0.4287001,0.3082222,-10.2,0,0.1681361,12.89999,0,0,0,0,1.313259,1.090064,0.8300456
4.727402,-12,24,0.1013053,0.4241567,0.2660375,0.264,0.4287001,0.3082222,-10.2,0,0.1681361,12.89999,0,0,0,0,1.313259,1.090064,0.8300456
4.729887,-12,24,0.1013053,0.4241567,0.2660375,0.264,0.4287001,0.3082222,-10.2,0,0.1681361,12.89999,0,0,0,0,1.313259,1.090064,0.8300456
4.732347,-12,24,0.1013053,0.4241567,0.2660375,0.264,0.4287001,0.3082222,-10.2,0,0.1681361,12.89999,0,0,0,0,1.313259,1.090064,0.8300456
4.735014,-12,24,0.1013053,0.4241567,0.2660375,0.264,0.4287001,0.3082222,-10.2,0,0.1681361,12.89999,0,0,0,0,1.313259,1.090064,0.8300456
4.737497,-12,24,0.1013053,0.4241567,0.2660375,0.264,0.4287001,0.3082222,-10.2,0,0.1681361,12.89999,0,0,0,0,1.313259,1.090064,0.8300456
4.739687,-12,24,0.1013053,0.4241567,0.2660375,0.264,0.4287001,0.3082222,-10.2,0,0.1681361,12.89999,0,0,0,0,1.313259,1.090064,0.8300456
4.74192,-12,24,0.1013053,0.4241567,0.2660375,0.264,0.4287001,0.3082222,-10.2,0,0.1681361,12.89999,0,0,0,0,1.313259,1.090064,0.8300456
4.744223,-12,24,0.1013053,0.4241567,0.2660375,0.264,0.4287001,0.3082222,-10.2,0,0.1681361,12.89999,0,0,0,0,1.313259,1.090064,0.8300456
4.74688,-12,24,0.1013053,0.4241567,0.2660375,0.264,0.4287001,0.3082222,-10.2,0,0.1681361,12.89999,0,0,0,0,1.313259,1.090064,0.8300456
4.749153,-12,24,0.1013053,0.4241567,0.2660375,0.264,0.4287001,0.3082222,-10.2,0,0.1681361,12.89999,0,0,0,0,1.313259,1.090064,0.8300456
4.75164,-12,24,0.1013053,0.4241567,0.2660375,0.264,0.4287001,0.3082222,-10.2,0,0.1681361,12.89999,0,0,0,0,1.313259,1.090064,0.8300456
4.753992,-12,24,0.1013053,0.4241567,0.2660375,0.264,0.4287001,0.3082222,-10.2,0,0.1681361,12.89999,0,0,0,0,1.313259,1.090064,0.8300456
4.756765,-12,24,0.1013053,0.4241567,0.2660375,0.264,0.4287001,0.3082222,-10.2,0,0.1681361,12.89999,0,0,0,0,1.313259,1.090064,0.8300456
4.758991,-12,24,0.1013053,0.4241567,0.2660375,0.264,0.4287001,0.3082222,-10.2,0,0.1681361,12.89999,0,0,0,0,1.313259,1.090064,0.8300456
4.761526,-12,24,0.1013053,0.4241567,0.2660375,0.264,0.4287001,0.3082222,-10.2,0,0.1681361,12.89999,0,0,0,0,1.313259,1.090064,0.8300456
4.764555,-12,24,0.1013053,0.4241567,0.2660375,0.264,0.4287001,0.3082222,-10.2,0,0.1681361,12.89999,0,0,0,0,1.313259,1.090064,0.8300456
4.767275,-12,24,0.1013053,0.4241567,0.2660375,0.264,0.4287001,0.3082222,-10.2,0,0.1681361,12.89999,0,0,0,0,1.313259,1.090064,0.8300456
4.7698,-12,24,0.1013053,0.4241567,0.2660375,0.264,0.4287001,0.3082222,-10.2,0,0.1681361,12.89999,0,0,0,0,1.313259,1.090064,0.8300456
4.772238,-12,24,0.1013053,0.4241567,0.2660375,0.264,0.4287001,0.3082222,-10.2,0,0.1681361,12.89999,0,0,0,0,1.313259,1.090064,0.8300456
4.774837,-12,24,0.1013053,0.4241567,0.2660375,0.264,0.4287001,0.3082222,-10.2,0,0.1681361,12.89999,0,0,0,0,1.313259,1.090064,0.8300456
4.777088,-12,24,0.1013053,0.4241567,0.2660375,0.264,0.4287001,0.3082222,-10.2,0,0.1681361,12.89999,0,0,0,0,1.313259,1.090064,0.8300456
4.779963,-12,24,0.1013053,0.4241567,0.2660375,0.264,0.4287001,0.3082222,-10.2,0,0.1681361,12.89999,0,0,0,0,1.313259,1.090064,0.8300456
4.78289,-12,24,0.1013053,0.4241567,0.2660375,0.264,0.4287001,0.3082222,-10.2,0,0.1681361,12.89999,0,0,0,0,1.313259,1.090064,0.8300456
4.785181,-12,24,0.1013053,0.4241567,0.2660375,0.264,0.4287001,0.3082222,-10.2,0,0.1681361,12.89999,0,0,0,0,1.313259,1.090064,0.8300456
4.787477,-12,24,0.1013053,0.4241567,0.2660375,0.264,0.4287001,0.3082222,-10.2,0,0.1681361,12.89999,0,0,0,0,1.313259,1.090064,0.8300456
4.789602,-12,24,0.1013053,0.4241567,0.2660375,0.264,0.4287001,0.3082222,-10.2,0,0.1681361,12.89999,0,0,0,0,1.313259,1.090064,0.8300456
4.791908,-12,24,0.1013053,0.4241567,0.2660375,0.264,0.4287001,0.3082222,-10.2,0,0.1681361,12.89999,0,0,0,0,1.313259,1.090064,0.8300456
4.79426,-12,24,0.1013053,0.4241567,0.2660375,0.264,0.4287001,0.3082222,-10.2,0,0.1681361,12.89999,0,0,0,0,1.313259,1.090064,0.8300456
4.797632,-12,24,0.1013053,0.4241567,0.2660375,0.264,0.4287001,0.3082222,-10.2,0,0.1681361,12.89999,0,0,0,0,1.313259,1.090064,0.8300456
4.800316,-12,24,0.1013053,0.4241567,0.2660375,0.264,0.4287001,0.3082222,-10.2,0,0.1681361,12.89999,0,0,0,0,1.313259,1.090064,0.8300456
4.802675,-12,24,0.1013053,0.4241567,0.2660375,0.264,0.4287001,0.3082222,-10.2,0,0.1681361,12.89999,0,0,0,0,1.313259,1.090064,0.8300456
4.805195,-12,24,0.1013053,0.4241567,0.2660375,0.264,0.4287001,0.3082222,-10.2,0,0.1681361,12.89999,0,0,0,0,1.313259,1.090064,0.8300456
4.808556,-12,24,0.1013053,0.4241567,0.2660375,0.264,0.4287001,0.3082222,-10.2,0,0.1681361,12.89999,0,0,0,0,1.313259,1.090064,0.8300456
4.810907,-12,24,0.1013053,0.4241567,0.2660375,0.264,0.4287001,0.3082222,-10.2,0,0.1681361,12.89999,0,0,0,0,1.313259,1.090064,0.8300456
4.814373,-12,24,0.1013053,0.4241567,0.2660375,0.264,0.4287001,0.3082222,-10.2,0,0.1681361,12.89999,0,0,0,0,1.313259,1.090064,0.8300456
4.81744,-12,24,0.1013053,0.4241567,0.2660375,0.264,0.4287001,0.3082222,-10.2,0,0.1681361,12.89999,0,0,0,0,1.313259,1.090064,0.8300456
4.819712,-12,24,0.1013053,0.4241567,0.2660375,0.264,0.4287001,0.3082222,-10.2,0,0.1681361,12.89999,0,0,0,0,1.313259,1.090064,0.8300456
4.822056,-12,24,0.1013053,0.4241567,0.2660375,0.264,0.4287001,0.3082222,-10.2,0,0.1681361,12.89999,0,0,0,0,1.313259,1.090064,0.8300456
4.824354,-12,24,0.1013053,0.4241567,0.2660375,0.264,0.4287001,0.3082222,-10.2,0,0.1681361,12.89999,0,0,0,0,1.313259,1.090064,0.8300456
4.826685,-12,24,0.1013053,0.4241567,0.2660375,0.264,0.4287001,0.3082222,-10.2,0,0.1681361,12.89999,0,0,0,0,1.313259,1.090064,0.8300456
4.829659,-12,24,0.1013053,0.4241567,0.2660375,0.264,0.4287001,0.3082222,-10.2,0,0.1681361,12.89999,0,0,0,0,1.313259,1.090064,0.8300456
4.832561,-12,24,0.1013053,0.4241567,0.2660375,0.264,0.4287001,0.3082222,-10.2,0,0.1681361,12.89999,0,0,0,0,1.313259,1.090064,0.8300456
4.835157,-12,24,0.1013053,0.4241567,0.2660375,0.264,0.4287001,0.3082222,-10.2,0,0.1681361,12.89999,0,0,0,0,1.313259,1.090064,0.8300456
4.837742,-12,24,0.1013053,0.4241567,0.2660375,0.264,0.4287001,0.3082222,-10.2,0,0.1681361,12.89999,0,0,0,0,1.313259,1.090064,0.8300456
4.840054,-12,24,0.1013053,0.4241567,0.2660375,0.264,0.4287001,0.3082222,-10.2,0,0.1681361,12.89999,0,0,0,0,1.313259,1.090064,0.8300456
4.842285,-12,24,0.1013053,0.4241567,0.2660375,0.264,0.4287001,0.3082222,-10.2,0,0.1681361,12.89999,0,0,0,0,1.313259,1.090064,0.8300456
4.844648,-12,24,0.1013053,0.4241567,0.2660375,0.264,0.4287001,0.3082222,-10.2,0,0.1681361,12.89999,0,0,0,0,1.313259,1.090064,0.8300456
4.84717,-12,24,0.1013053,0.4241567,0.2660375,0.264,0.4287001,0.3082222,-10.2,0,0.1681361,12.89999,0,0,0,0,1.313259,1.090064,0.8300456
4.849438,-12,24,0.1013053,0.4241567,0.2660375,0.264,0.4287001,0.3082222,-10.2,0,0.1681361,12.89999,0,0,0,0,1.313259,1.090064,0.8300456
4.851681,-12,24,0.1013053,0.4241567,0.2660375,0.264,0.4287001,0.3082222,-10.2,0,0.1681361,12.89999,0,0,0,0,1.313259,1.090064,0.8300456
4.854002,-12,24,0.1013053,0.4241567,0.2660375,0.264,0.4287001,0.3082222,-10.2,0,0.1681361,12.89999,0,0,0,0,1.313259,1.090064,0.8300456
4.856619,-12,24,0.1013053,0.4241567,0.2660375,0.264,0.4287001,0.3082222,-10.2,0,0.1681361,12.89999,0,0,0,0,1.313259,1.090064,0.8300456
4.85894,-12,24,0.1013053,0.4241567,0.2660375,0.264,0.4287001,0.3082222,-10.2,0,0.1681361,12.89999,0,0,0,0,1.313259,1.090064,0.8300456
4.862535,-12,24,0.1013053,0.4241567,0.2660375,0.264,0.4287001,0.3082222,-10.2,0,0.1681361,12.89999,0,0,0,0,1.313259,1.090064,0.8300456
4.865992,-12,24,0.1013053,0.4241567,0.2660375,0.264,0.4287001,0.3082222,-10.2,0,0.1681361,12.89999,0,0,0,0,1.313259,1.090064,0.8300456
4.869038,-12,24,0.1013053,0.4241567,0.2660375,0.264,0.4287001,0.3082222,-10.2,0,0.1681361,12.89999,0,0,0,0,1.313259,1.090064,0.8300456
4.871971,-12,24,0.1013053,0.4241567,0.2660375,0.264,0.4287001,0.3082222,-10.2,0,0.1681361,12.89999,0,0,0,0,1.313259,1.090064,0.8300456
4.875233,-12,24,0.1013053,0.4241567,0.2660375,0.264,0.4287001,0.3082222,-10.2,0,0.1681361,12.89999,0,0,0,0,1.313259,1.090064,0.8300456
4.878166,-12,24,0.1013053,0.4241567,0.2660375,0.264,0.4287001,0.3082222,-10.2,0,0.1681361,12.89999,0,0,0,0,1.313259,1.090064,0.8300456
4.880854,-12,24,0.1013053,0.4241567,0.2660375,0.264,0.4287001,0.3082222,-10.2,0,0.1681361,12.89999,0,0,0,0,1.313259,1.090064,0.8300456
4.883251,-12,24,0.1013053,0.4241567,0.2660375,0.264,0.4287001,0.3082222,-10.2,0,0.1681361,12.89999,0,0,0,0,1.313259,1.090064,0.8300456
4.885595,-12,24,0.1013053,0.4241567,0.2660375,0.264,0.4287001,0.3082222,-10.2,0,0.1681361,12.89999,0,0,0,0,1.313259,1.090064,0.8300456
4.887859,-12,24,0.1013053,0.4241567,0.2660375,0.264,0.4287001,0.3082222,-10.2,0,0.1681361,12.89999,0,0,0,0,1.313259,1.090064,0.8300456
4.890465,-12,24,0.1013053,0.4241567,0.2660375,0.264,0.4287001,0.3082222,-10.2,0,0.1681361,12.89999,0,0,0,0,1.313259,1.090064,0.8300456
4.893217,-12,24,0.1013053,0.4241567,0.2660375,0.264,0.4287001,0.3082222,-10.2,0,0.1681361,12.89999,0,0,0,0,1.313259,1.090064,0.8300456
4.896708,-12,24,0.1013053,0.4241567,0.2660375,0.264,0.4287001,0.3082222,-10.2,0,0.1681361,12.89999,0,0,0,0,1.313259,1.090064,0.8300456
4.89986,-12,24,0.1013053,0.4241567,0.2660375,0.264,0.4287001,0.3082222,-10.2,0,0.1681361,12.89999,0,0,0,0,1.313259,1.090064,0.8300456
4.902611,-12,24,0.1013053,0.4241567,0.2660375,0.264,0.4287001,0.3082222,-10.2,0,0.1681361,12.89999,0,0,0,0,1.313259,1.090064,0.8300456
4.905201,-12,24,0.1013053,0.4241567,0.2660375,0.264,0.4287001,0.3082222,-10.2,0,0.1681361,12.89999,0,0,0,0,1.313259,1.090064,0.8300456
4.907806,-12,24,0.1013053,0.4241567,0.2660375,0.264,0.4287001,0.3082222,-10.2,0,0.1681361,12.89999,0,0,0,0,1.313259,1.090064,0.8300456
4.910101,-12,24,0.1013053,0.4241567,0.2660375,0.264,0.4287001,0.3082222,-10.2,0,0.1681361,12.89999,0,0,0,0,1.313259,1.090064,0.8300456
4.912907,-12,24,0.1013053,0.4241567,0.2660375,0.264,0.4287001,0.3082222,-10.2,0,0.1681361,12.89999,0,0,0,0,1.313259,1.090064,0.8300456
4.91555,-12,24,0.1013053,0.4241567,0.2660375,0.264,0.4287001,0.3082222,-10.2,0,0.1681361,12.89999,0,0,0,0,1.313259,1.090064,0.8300456
4.917732,-12,24,0.1013053,0.4241567,0.2660375,0.264,0.4287001,0.3082222,-10.2,0,0.1681361,12.89999,0,0,0,0,1.313259,1.090064,0.8300456
4.920195,-12,24,0.1013053,0.4241567,0.2660375,0.264,0.4287001,0.3082222,-10.2,0,0.1681361,12.89999,0,0,0,0,1.313259,1.090064,0.8300456
4.923098,-12,24,0.1013053,0.4241567,0.2660375,0.264,0.4287001,0.3082222,-10.2,0,0.1681361,12.89999,0,0,0,0,1.313259,1.090064,0.8300456
4.925409,-12,24,0.1013053,0.4241567,0.2660375,0.264,0.4287001,0.3082222,-10.2,0,0.1681361,12.89999,0,0,0,0,1.313259,1.090064,0.8300456
4.927811,-12,24,0.1013053,0.4241567,0.2660375,0.264,0.4287001,0.3082222,-10.2,0,0.1681361,12.89999,0,0,0,0,1.313259,1.090064,0.8300456
4.930969,-12,24,0.1013053,0.4241567,0.2660375,0.264,0.4287001,0.3082222,-10.2,0,0.1681361,12.89999,0,0,0,0,1.313259,1.090064,0.8300456
4.933718,-12,24,0.1013053,0.4241567,0.2660375,0.264,0.4287001,0.3082222,-10.2,0,0.1681361,12.89999,0,0,0,0,1.313259,1.090064,0.8300456
4.937113,-12,24,0.1013053,0.4241567,0.2660375,0.264,0.4287001,0.3082222,-10.2,0,0.1681361,12.89999,0,0,0,0,1.313259,1.090064,0.8300456
4.939505,-12,24,0.1013053,0.4241567,0.2660375,0.264,0.4287001,0.3082222,-10.2,0,0.1681361,12.89999,0,0,0,0,1.313259,1.090064,0.8300456
4.941902,-12,24,0.1013053,0.4241567,0.2660375,0.264,0.4287001,0.3082222,-10.2,0,0.1681361,12.89999,0,0,0,0,1.313259,1.090064,0.8300456
4.944536,-12,24,0.1013053,0.4241567,0.2660375,0.264,0.4287001,0.3082222,-10.2,0,0.1681361,12.89999,0,0,0,0,1.313259,1.090064,0.8300456
4.947739,-12,24,0.1013053,0.4241567,0.2660375,0.264,0.4287001,0.3082222,-10.2,0,0.1681361,12.89999,0,0,0,0,1.313259,1.090064,0.8300456
4.950134,-12,24,0.1013053,0.4241567,0.2660375,0.264,0.4287001,0.3082222,-10.2,0,0.1681361,12.89999,0,0,0,0,1.313259,1.090064,0.8300456
4.952723,-12,24,0.1013053,0.4241567,0.2660375,0.264,0.4287001,0.3082222,-10.2,0,0.1681361,12.89999,0,0,0,0,1.313259,1.090064,0.8300456
4.955711,-12,24,0.1013053,0.4241567,0.2660375,0.264,0.4287001,0.3082222,-10.2,0,0.1681361,12.89999,0,0,0,0,1.313259,1.090064,0.8300456
4.958385,-12,24,0.1013053,0.4241567,0.2660375,0.264,0.4287001,0.3082222,-10.2,0,0.1681361,12.89999,0,0,0,0,1.313259,1.090064,0.8300456
4.962166,-12,24,0.1013053,0.4241567,0.2660375,0.264,0.4287001,0.3082222,-10.2,0,0.1681361,12.89999,0,0,0,0,1.313259,1.090064,0.8300456
4.965155,-12,24,0.1013053,0.4241567,0.2660375,0.264,0.4287001,0.3082222,-10.2,0,0.1681361,12.89999,0,0,0,0,1.313259,1.090064,0.8300456
4.968224,-12,24,0.1013053,0.4241567,0.2660375,0.264,0.4287001,0.3082222,-10.2,0,0.1681361,12.89999,0,0,0,0,1.313259,1.090064,0.8300456
4.970881,-12,24,0.1013053,0.4241567,0.2660375,0.264,0.4287001,0.3082222,-10.2,0,0.1681361,12.89999,0,0,0,0,1.313259,1.090064,0.8300456
4.97357,-12,24,0.1013053,0.4241567,0.2660375,0.264,0.4287001,0.3082222,-10.2,0,0.1681361,12.89999,0,0,0,0,1.313259,1.090064,0.8300456
4.976398,-12,24,0.1013053,0.4241567,0.2660375,0.264,0.4287001,0.3082222,-10.2,0,0.1681361,12.89999,0,0,0,0,1.313259,1.090064,0.8300456
4.979185,-12,24,0.1013053,0.4241567,0.2660375,0.264,0.4287001,0.3082222,-10.2,0,0.1681361,12.89999,0,0,0,0,1.313259,1.090064,0.8300456
4.981827,-12,24,0.1013053,0.4241567,0.2660375,0.264,0.4287001,0.3082222,-10.2,0,0.1681361,12.89999,0,0,0,0,1.313259,1.090064,0.8300456
4.984381,-12,24,0.1013053,0.4241567,0.2660375,0.264,0.4287001,0.3082222,-10.2,0,0.1681361,12.89999,0,0,0,0,1.313259,1.090064,0.8300456
4.986742,-12,24,0.1013053,0.4241567,0.2660375,0.264,0.4287001,0.3082222,-10.2,0,0.1681361,12.89999,0,0,0,0,1.313259,1.090064,0.8300456
4.988985,-12,24,0.1013053,0.4241567,0.2660375,0.264,0.4287001,0.3082222,-10.2,0,0.1681361,12.89999,0,0,0,0,1.313259,1.090064,0.8300456
4.991261,-12,24,0.1013053,0.4241567,0.2660375,0.264,0.4287001,0.3082222,-10.2,0,0.1681361,12.89999,0,0,0,0,1.313259,1.090064,0.8300456
4.99361,-12,24,0.1013053,0.4241567,0.2660375,0.264,0.4287001,0.3082222,-10.2,0,0.1681361,12.89999,0,0,0,0,1.313259,1.090064,0.8300456
4.997047,-12,24,0.1013053,0.4241567,0.2660375,0.264,0.4287001,0.3082222,-10.2,0,0.1681361,12.89999,0,0,0,0,1.313259,1.090064,0.8300456
4.999771,-12,24,0.1013053,0.4241567,0.2660375,0.264,0.4287001,0.3082222,-10.2,0,0.1681361,12.89999,0,0,0,0,1.313259,1.090064,0.8300456
