Timestamp,TargetShoulderPitch,TargetElbowAngle,TargetPosX,TargetPosY,TargetPosZ,ActualPosX,ActualPosY,ActualPosZ,ActualShoulderPitch,ActualElbowAngle,PositionError,JointSpaceError,ShoulderPitchVel,ElbowVel,ShoulderPitchJerk,ElbowJerk,PathLength,OptimalPathLength,PathEfficiency
0.004177094,31,81,-0.1310754,-0.09692539,0.1639428,0.264,-0.6536835,0.2716394,75,0,0.6911315,62.5,14964.33,0,0,0,0,0.6911315,691.1315
0.007717133,31,81,-0.1310754,-0.09692539,0.1639428,0.264,-0.6536835,0.2716394,75,0,0.6911315,62.5,0,0,0,0,0,0.6911315,691.1315
0.01154327,31,81,-0.1310754,-0.09692539,0.1639428,0.264,-0.6536835,0.2716394,75,0,0.6911315,62.5,0,0,0,0,0,0.6911315,691.1315
0.01423264,31,81,-0.1310754,-0.09692539,0.1639428,0.264,-0.6536835,0.2716394,75,0,0.6911315,62.5,0,0,0,0,0,0.6911315,691.1315
0.01671982,31,81,-0.1310754,-0.09692539,0.1639428,0.264,-0.6536835,0.2716394,75,0,0.6911315,62.5,0,0,0,0,0,0.6911315,691.1315
0.01927567,31,81,-0.1310754,-0.09692539,0.1639428,0.264,-0.6536835,0.2716394,75,0,0.6911315,62.5,0,0,0,0,0,0.6911315,691.1315
0.02157593,31,81,-0.1310754,-0.09692539,0.1639428,0.264,-0.6536835,0.2716394,75,0,0.6911315,62.5,0,0,0,0,0,0.6911315,691.1315
0.02374268,31,81,-0.1310754,-0.09692539,0.1639428,0.264,-0.6536835,0.2716394,75,0,0.6911315,62.5,0,0,0,0,0,0.6911315,691.1315
0.02656555,31,81,-0.1310754,-0.09692539,0.1639428,0.264,-0.6536835,0.2716394,75,0,0.6911315,62.5,0,0,0,0,0,0.6911315,691.1315
0.02876663,31,81,-0.1310754,-0.09692539,0.1639428,0.264,-0.6536835,0.2716394,75,0,0.6911315,62.5,0,0,0,0,0,0.6911315,691.1315
0.03092575,31,81,-0.1310754,-0.09692539,0.1639428,0.264,-0.6536835,0.2716394,75,0,0.6911315,62.5,0,0,0,0,0,0.6911315,691.1315
0.03447723,31,81,-0.1310754,-0.09692539,0.1639428,0.264,-0.6536835,0.2716394,75,0,0.6911315,62.5,0,0,0,0,0,0.6911315,691.1315
0.03763962,31,81,-0.1310754,-0.09692539,0.1639428,0.264,-0.6536835,0.2716394,75,0,0.6911315,62.5,0,0,0,0,0,0.6911315,691.1315
0.0401001,31,81,-0.1310754,-0.09692539,0.1639428,0.264,-0.6536835,0.2716394,75,0,0.6911315,62.5,0,0,0,0,0,0.6911315,691.1315
0.04262924,31,81,-0.1310754,-0.09692539,0.1639428,0.264,-0.6536835,0.2716394,75,0,0.6911315,62.5,0,0,0,0,0,0.6911315,691.1315
0.04481888,31,81,-0.1310754,-0.09692539,0.1639428,0.264,-0.6536835,0.2716394,75,0,0.6911315,62.5,0,0,0,0,0,0.6911315,691.1315
0.04762268,31,81,-0.1310754,-0.09692539,0.1639428,0.264,-0.6536835,0.2716394,75,0,0.6911315,62.5,0,0,0,0,0,0.6911315,691.1315
0.05122757,31,81,-0.1310754,-0.09692539,0.1639428,0.264,-0.6536835,0.2716394,75,0,0.6911315,62.5,0,0,0,0,0,0.6911315,691.1315
0.0536232,31,81,-0.1310754,-0.09692539,0.1639428,0.264,-0.6536835,0.2716394,75,0,0.6911315,62.5,0,0,0,0,0,0.6911315,691.1315
0.05593491,31,81,-0.1310754,-0.09692539,0.1639428,0.264,-0.6536835,0.2716394,75,0,0.6911315,62.5,0,0,0,0,0,0.6911315,691.1315
0.05854034,31,81,-0.1310754,-0.09692539,0.1639428,0.264,-0.6536835,0.2716394,75,0,0.6911315,62.5,0,0,0,0,0,0.6911315,691.1315
0.06084061,31,81,-0.1310754,-0.09692539,0.1639428,0.264,-0.6536835,0.2716394,75,0,0.6911315,62.5,0,0,0,0,0,0.6911315,691.1315
0.06316757,31,81,-0.1310754,-0.09692539,0.1639428,0.264,-0.6536835,0.2716394,75,0,0.6911315,62.5,0,0,0,0,0,0.6911315,691.1315
0.06540298,31,81,-0.1310754,-0.09692539,0.1639428,0.264,-0.6536835,0.2716394,75,0,0.6911315,62.5,0,0,0,0,0,0.6911315,691.1315
0.06864929,31,81,-0.1310754,-0.09692539,0.1639428,0.264,-0.6536835,0.2716394,75,0,0.6911315,62.5,0,0,0,0,0,0.6911315,691.1315
0.07127762,31,81,-0.1310754,-0.09692539,0.1639428,0.264,-0.6536835,0.2716394,75,0,0.6911315,62.5,0,0,0,0,0,0.6911315,691.1315
0.07368851,31,81,-0.1310754,-0.09692539,0.1639428,0.264,-0.6536835,0.2716394,75,0,0.6911315,62.5,0,0,0,0,0,0.6911315,691.1315
0.07597351,31,81,-0.1310754,-0.09692539,0.1639428,0.264,-0.6536835,0.2716394,75,0,0.6911315,62.5,0,0,0,0,0,0.6911315,691.1315
0.07850647,31,81,-0.1310754,-0.09692539,0.1639428,0.264,-0.6536835,0.2716394,75,0,0.6911315,62.5,0,0,0,0,0,0.6911315,691.1315
0.08117294,31,81,-0.1310754,-0.09692539,0.1639428,0.264,-0.6536835,0.2716394,75,0,0.6911315,62.5,0,0,0,0,0,0.6911315,691.1315
0.08405685,31,81,-0.1310754,-0.09692539,0.1639428,0.264,-0.6536835,0.2716394,75,0,0.6911315,62.5,0,0,0,0,0,0.6911315,691.1315
0.08695602,31,81,-0.1310754,-0.09692539,0.1639428,0.264,-0.6536835,0.2716394,75,0,0.6911315,62.5,0,0,0,0,0,0.6911315,691.1315
0.08958435,31,81,-0.1310754,-0.09692539,0.1639428,0.264,-0.6536835,0.2716394,75,0,0.6911315,62.5,0,0,0,0,0,0.6911315,691.1315
0.09199524,31,81,-0.1310754,-0.09692539,0.1639428,0.264,-0.6536835,0.2716394,75,0,0.6911315,62.5,0,0,0,0,0,0.6911315,691.1315
0.09437561,31,81,-0.1310754,-0.09692539,0.1639428,0.264,-0.6536835,0.2716394,75,0,0.6911315,62.5,0,0,0,0,0,0.6911315,691.1315
0.09682083,31,81,-0.1310754,-0.09692539,0.1639428,0.264,-0.6536835,0.2716394,75,0,0.6911315,62.5,0,0,0,0,0,0.6911315,691.1315
0.09909439,31,81,-0.1310754,-0.09692539,0.1639428,0.264,-0.6536835,0.2716394,75,0,0.6911315,62.5,0,0,0,0,0,0.6911315,691.1315
0.1020393,31,81,-0.1310754,-0.09692539,0.1639428,0.264,-0.6536835,0.2716394,75,0,0.6911315,62.5,0,0,0,0,0,0.6911315,691.1315
0.1049461,31,81,-0.1310754,-0.09692539,0.1639428,0.264,-0.6536835,0.2716394,75,0,0.6911315,62.5,0,0,0,0,0,0.6911315,691.1315
0.1075974,31,81,-0.1310754,-0.09692539,0.1639428,0.264,-0.6536835,0.2716394,75,0,0.6911315,62.5,0,0,0,0,0,0.6911315,691.1315
0.1101608,31,81,-0.1310754,-0.09692539,0.1639428,0.264,-0.6536835,0.2716394,75,0,0.6911315,62.5,0,0,0,0,0,0.6911315,691.1315
0.1125221,31,81,-0.1310754,-0.09692539,0.1639428,0.264,-0.6536835,0.2716394,75,0,0.6911315,62.5,0,0,0,0,0,0.6911315,691.1315
0.1150665,31,81,-0.1310754,-0.09692539,0.1639428,0.264,-0.6536835,0.2716394,75,0,0.6911315,62.5,0,0,0,0,0,0.6911315,691.1315
0.1179543,31,81,-0.1310754,-0.09692539,0.1639428,0.264,-0.6536835,0.2716394,75,0,0.6911315,62.5,0,0,0,0,0,0.6911315,691.1315
0.1207352,31,81,-0.1310754,-0.09692539,0.1639428,0.264,-0.6536835,0.2716394,75,0,0.6911315,62.5,0,0,0,0,0,0.6911315,691.1315
0.1232414,31,81,-0.1310754,-0.09692539,0.1639428,0.264,-0.6536835,0.2716394,75,0,0.6911315,62.5,0,0,0,0,0,0.6911315,691.1315
0.1255112,31,81,-0.1310754,-0.09692539,0.1639428,0.264,-0.6536835,0.2716394,75,0,0.6911315,62.5,0,0,0,0,0,0.6911315,691.1315
0.128212,31,81,-0.1310754,-0.09692539,0.1639428,0.264,-0.6536835,0.2716394,75,0,0.6911315,62.5,0,0,0,0,0,0.6911315,691.1315
0.1303215,31,81,-0.1310754,-0.09692539,0.1639428,0.264,-0.6536835,0.2716394,75,0,0.6911315,62.5,0,0,0,0,0,0.6911315,691.1315
0.1326103,31,81,-0.1310754,-0.09692539,0.1639428,0.264,-0.6536835,0.2716394,75,0,0.6911315,62.5,0,0,0,0,0,0.6911315,691.1315
0.1354904,31,81,-0.1310754,-0.09692539,0.1639428,0.264,-0.6536835,0.2716394,75,0,0.6911315,62.5,0,0,0,0,0,0.6911315,691.1315
0.1378441,31,81,-0.1310754,-0.09692539,0.1639428,0.264,-0.6536835,0.2716394,75,0,0.6911315,62.5,0,0,0,0,0,0.6911315,691.1315
0.1403961,31,81,-0.1310754,-0.09692539,0.1639428,0.264,-0.6536835,0.2716394,75,0,0.6911315,62.5,0,0,0,0,0,0.6911315,691.1315
0.1426735,31,81,-0.1310754,-0.09692539,0.1639428,0.264,-0.6536835,0.2716394,75,0,0.6911315,62.5,0,0,0,0,0,0.6911315,691.1315
0.1448555,31,81,-0.1310754,-0.09692539,0.1639428,0.264,-0.6536835,0.2716394,75,0,0.6911315,62.5,0,0,0,0,0,0.6911315,691.1315
0.147625,31,81,-0.1310754,-0.09692539,0.1639428,0.264,-0.6536835,0.2716394,75,0,0.6911315,62.5,0,0,0,0,0,0.6911315,691.1315
0.1505051,31,81,-0.1310754,-0.09692539,0.1639428,0.264,-0.6536835,0.2716394,75,0,0.6911315,62.5,0,0,0,0,0,0.6911315,691.1315
0.1539955,31,81,-0.1310754,-0.09692539,0.1639428,0.264,-0.6536835,0.2716394,75,0,0.6911315,62.5,0,0,0,0,0,0.6911315,691.1315
0.1568375,31,81,-0.1310754,-0.09692539,0.1639428,0.264,-0.6536835,0.2716394,75,0,0.6911315,62.5,0,0,0,0,0,0.6911315,691.1315
0.1592178,31,81,-0.1310754,-0.09692539,0.1639428,0.264,-0.6536835,0.2716394,75,0,0.6911315,62.5,0,0,0,0,0,0.6911315,691.1315
0.1617012,31,81,-0.1310754,-0.09692539,0.1639428,0.264,-0.6536835,0.2716394,75,0,0.6911315,62.5,0,0,0,0,0,0.6911315,691.1315
0.1640549,31,81,-0.1310754,-0.09692539,0.1639428,0.264,-0.6536835,0.2716394,75,0,0.6911315,62.5,0,0,0,0,0,0.6911315,691.1315
0.1674156,31,81,-0.1310754,-0.09692539,0.1639428,0.264,-0.6536835,0.2716394,75,0,0.6911315,62.5,0,0,0,0,0,0.6911315,691.1315
0.1697426,31,81,-0.1310754,-0.09692539,0.1639428,0.264,-0.6536835,0.2716394,75,0,0.6911315,62.5,0,0,0,0,0,0.6911315,691.1315
0.1721191,31,81,-0.1310754,-0.09692539,0.1639428,0.264,-0.6536835,0.2716394,75,0,0.6911315,62.5,0,0,0,0,0,0.6911315,691.1315
0.1743813,31,81,-0.1310754,-0.09692539,0.1639428,0.264,-0.6536835,0.2716394,75,0,0.6911315,62.5,0,0,0,0,0,0.6911315,691.1315
0.176651,31,81,-0.1310754,-0.09692539,0.1639428,0.264,-0.6536835,0.2716394,75,0,0.6911315,62.5,0,0,0,0,0,0.6911315,691.1315
0.1789818,31,81,-0.1310754,-0.09692539,0.1639428,0.264,-0.6536835,0.2716394,75,0,0.6911315,62.5,0,0,0,0,0,0.6911315,691.1315
0.1814995,31,81,-0.1310754,-0.09692539,0.1639428,0.264,-0.6536835,0.2716394,75,0,0.6911315,62.5,0,0,0,0,0,0.6911315,691.1315
0.184124,31,81,-0.1310754,-0.09692539,0.1639428,0.264,-0.6536835,0.2716394,75,0,0.6911315,62.5,0,0,0,0,0,0.6911315,691.1315
0.1868095,31,81,-0.1310754,-0.09692539,0.1639428,0.264,-0.6536835,0.2716394,75,0,0.6911315,62.5,0,0,0,0,0,0.6911315,691.1315
0.1891327,31,81,-0.1310754,-0.09692539,0.1639428,0.264,-0.6536835,0.2716394,75,0,0.6911315,62.5,0,0,0,0,0,0.6911315,691.1315
0.1916351,31,81,-0.1310754,-0.09692539,0.1639428,0.264,-0.6536835,0.2716394,75,0,0.6911315,62.5,0,0,0,0,0,0.6911315,691.1315
0.1939659,31,81,-0.1310754,-0.09692539,0.1639428,0.264,-0.6536835,0.2716394,75,0,0.6911315,62.5,0,0,0,0,0,0.6911315,691.1315
0.1962128,31,81,-0.1310754,-0.09692539,0.1639428,0.264,-0.6536835,0.2716394,75,0,0.6911315,62.5,0,0,0,0,0,0.6911315,691.1315
0.1988678,31,81,-0.1310754,-0.09692539,0.1639428,0.264,-0.6536835,0.2716394,75,0,0.6911315,62.5,0,0,0,0,0,0.6911315,691.1315
0.2016068,31,81,-0.1310754,-0.09692539,0.1639428,0.264,-0.6536835,0.2716394,75,0,0.6911315,62.5,0,0,0,0,0,0.6911315,691.1315
0.2044067,31,81,-0.1310754,-0.09692539,0.1639428,0.264,-0.6536835,0.2716394,75,0,0.6911315,62.5,0,0,0,0,0,0.6911315,691.1315
0.2072487,31,81,-0.1310754,-0.09692539,0.1639428,0.264,-0.6536835,0.2716394,75,0,0.6911315,62.5,0,0,0,0,0,0.6911315,691.1315
0.2097588,31,81,-0.1310754,-0.09692539,0.1639428,0.264,-0.6536835,0.2716394,75,0,0.6911315,62.5,0,0,0,0,0,0.6911315,691.1315
0.2124367,31,81,-0.1310754,-0.09692539,0.1639428,0.264,-0.6536835,0.2716394,75,0,0.6911315,62.5,0,0,0,0,0,0.6911315,691.1315
0.2158623,31,81,-0.1310754,-0.09692539,0.1639428,0.264,-0.6536835,0.2716394,75,0,0.6911315,62.5,0,0,0,0,0,0.6911315,691.1315
0.2186317,31,81,-0.1310754,-0.09692539,0.1639428,0.264,-0.6536835,0.2716394,75,0,0.6911315,62.5,0,0,0,0,0,0.6911315,691.1315
0.2215347,31,81,-0.1310754,-0.09692539,0.1639428,0.264,-0.6536835,0.2716394,75,0,0.6911315,62.5,0,0,0,0,0,0.6911315,691.1315
0.2239075,31,81,-0.1310754,-0.09692539,0.1639428,0.264,-0.6536835,0.2716394,75,0,0.6911315,62.5,0,0,0,0,0,0.6911315,691.1315
0.2268333,31,81,-0.1310754,-0.09692539,0.1639428,0.264,-0.6536835,0.2716394,75,0,0.6911315,62.5,0,0,0,0,0,0.6911315,691.1315
0.2292442,31,81,-0.1310754,-0.09692539,0.1639428,0.264,-0.6536835,0.2716394,75,0,0.6911315,62.5,0,0,0,0,0,0.6911315,691.1315
0.2315598,31,81,-0.1310754,-0.09692539,0.1639428,0.264,-0.6536835,0.2716394,75,0,0.6911315,62.5,0,0,0,0,0,0.6911315,691.1315
0.2342453,31,81,-0.1310754,-0.09692539,0.1639428,0.264,-0.6536835,0.2716394,75,0,0.6911315,62.5,0,0,0,0,0,0.6911315,691.1315
0.2366829,31,81,-0.1310754,-0.09692539,0.1639428,0.264,-0.6536835,0.2716394,75,0,0.6911315,62.5,0,0,0,0,0,0.6911315,691.1315
0.2389107,31,81,-0.1310754,-0.09692539,0.1639428,0.264,-0.6536835,0.2716394,75,0,0.6911315,62.5,0,0,0,0,0,0.6911315,691.1315
0.2412491,31,81,-0.1310754,-0.09692539,0.1639428,0.264,-0.6536835,0.2716394,75,0,0.6911315,62.5,0,0,0,0,0,0.6911315,691.1315
0.2435951,31,81,-0.1310754,-0.09692539,0.1639428,0.264,-0.6536835,0.2716394,75,0,0.6911315,62.5,0,0,0,0,0,0.6911315,691.1315
0.2460022,31,81,-0.1310754,-0.09692539,0.1639428,0.264,-0.6536835,0.2716394,75,0,0.6911315,62.5,0,0,0,0,0,0.6911315,691.1315
0.248703,31,81,-0.1310754,-0.09692539,0.1639428,0.264,-0.6536835,0.2716394,75,0,0.6911315,62.5,0,0,0,0,0,0.6911315,691.1315
0.2511292,31,81,-0.1310754,-0.09692539,0.1639428,0.264,-0.6536835,0.2716394,75,0,0.6911315,62.5,0,0,0,0,0,0.6911315,691.1315
0.2534599,31,81,-0.1310754,-0.09692539,0.1639428,0.264,-0.6536835,0.2716394,75,0,0.6911315,62.5,0,0,0,0,0,0.6911315,691.1315
0.2556572,31,81,-0.1310754,-0.09692539,0.1639428,0.264,-0.6536835,0.2716394,75,0,0.6911315,62.5,0,0,0,0,0,0.6911315,691.1315
0.2579041,31,81,-0.1310754,-0.09692539,0.1639428,0.264,-0.6536835,0.2716394,75,0,0.6911315,62.5,0,0,0,0,0,0.6911315,691.1315
0.2601013,31,81,-0.1310754,-0.09692539,0.1639428,0.264,-0.6536835,0.2716394,75,0,0.6911315,62.5,0,0,0,0,0,0.6911315,691.1315
0.2629166,31,81,-0.1310754,-0.09692539,0.1639428,0.264,-0.6536835,0.2716394,75,0,0.6911315,62.5,0,0,0,0,0,0.6911315,691.1315
0.265255,31,81,-0.1310754,-0.09692539,0.1639428,0.264,-0.6536835,0.2716394,75,0,0.6911315,62.5,0,0,0,0,0,0.6911315,691.1315
0.2681007,31,81,-0.1310754,-0.09692539,0.1639428,0.264,-0.6536835,0.2716394,75,0,0.6911315,62.5,0,0,0,0,0,0.6911315,691.1315
0.2703972,31,81,-0.1310754,-0.09692539,0.1639428,0.264,-0.6536835,0.2716394,75,0,0.6911315,62.5,0,0,0,0,0,0.6911315,691.1315
0.2725601,31,81,-0.1310754,-0.09692539,0.1639428,0.264,-0.6536835,0.2716394,75,0,0.6911315,62.5,0,0,0,0,0,0.6911315,691.1315
0.274704,31,81,-0.1310754,-0.09692539,0.1639428,0.264,-0.6536835,0.2716394,75,0,0.6911315,62.5,0,0,0,0,0,0.6911315,691.1315
0.2775726,31,81,-0.1310754,-0.09692539,0.1639428,0.264,-0.6536835,0.2716394,75,0,0.6911315,62.5,0,0,0,0,0,0.6911315,691.1315
0.2801628,31,81,-0.1310754,-0.09692539,0.1639428,0.264,-0.6536835,0.2716394,75,0,0.6911315,62.5,0,0,0,0,0,0.6911315,691.1315
0.2824745,31,81,-0.1310754,-0.09692539,0.1639428,0.264,-0.6536835,0.2716394,75,0,0.6911315,62.5,0,0,0,0,0,0.6911315,691.1315
0.285675,31,81,-0.1310754,-0.09692539,0.1639428,0.264,-0.6536835,0.2716394,75,0,0.6911315,62.5,0,0,0,0,0,0.6911315,691.1315
0.2896767,31,81,-0.1310754,-0.09692539,0.1639428,0.264,-0.6536835,0.2716394,75,0,0.6911315,62.5,0,0,0,0,0,0.6911315,691.1315
0.2966042,31,81,-0.1310754,-0.09692539,0.1639428,0.264,-0.6536835,0.2716394,75,0,0.6911315,62.5,0,0,0,0,0,0.6911315,691.1315
0.3000717,31,81,-0.1310754,-0.09692539,0.1639428,0.264,-0.6536835,0.2716394,75,0,0.6911315,62.5,0,0,0,0,0,0.6911315,691.1315
0.3036385,31,81,-0.1310754,-0.09692539,0.1639428,0.264,-0.6536835,0.2716394,75,0,0.6911315,62.5,0,0,0,0,0,0.6911315,691.1315
0.3080444,31,81,-0.1310754,-0.09692539,0.1639428,0.264,-0.6536835,0.2716394,75,0,0.6911315,62.5,0,0,0,0,0,0.6911315,691.1315
0.3125763,31,81,-0.1310754,-0.09692539,0.1639428,0.264,-0.6536835,0.2716394,75,0,0.6911315,62.5,0,0,0,0,0,0.6911315,691.1315
0.3199158,31,81,-0.1310754,-0.09692539,0.1639428,0.264,-0.6536835,0.2716394,75,0,0.6911315,62.5,0,0,0,0,0,0.6911315,691.1315
0.3274536,31,81,-0.1310754,-0.09692539,0.1639428,0.264,-0.6536835,0.2716394,75,0,0.6911315,62.5,0,0,0,0,0,0.6911315,691.1315
0.3314209,31,81,-0.1310754,-0.09692539,0.1639428,0.264,-0.6536835,0.2716394,75,0,0.6911315,62.5,0,0,0,0,0,0.6911315,691.1315
0.3338814,31,81,-0.1310754,-0.09692539,0.1639428,0.264,-0.6536835,0.2716394,75,0,0.6911315,62.5,0,0,0,0,0,0.6911315,691.1315
0.3361778,31,81,-0.1310754,-0.09692539,0.1639428,0.264,-0.6536835,0.2716394,75,0,0.6911315,62.5,0,0,0,0,0,0.6911315,691.1315
0.3388824,31,81,-0.1310754,-0.09692539,0.1639428,0.264,-0.6536835,0.2716394,75,0,0.6911315,62.5,0,0,0,0,0,0.6911315,691.1315
0.3411369,31,81,-0.1310754,-0.09692539,0.1639428,0.264,-0.6536835,0.2716394,75,0,0.6911315,62.5,0,0,0,0,0,0.6911315,691.1315
0.3448029,31,81,-0.1310754,-0.09692539,0.1639428,0.264,-0.6536835,0.2716394,75,0,0.6911315,62.5,0,0,0,0,0,0.6911315,691.1315
0.3554382,31,81,-0.1310754,-0.09692539,0.1639428,0.264,-0.6536835,0.2716394,75,0,0.6911315,62.5,0,0,0,0,0,0.6911315,691.1315
0.3653946,31,81,-0.1310754,-0.09692539,0.1639428,0.264,-0.6536835,0.2716394,75,0,0.6911315,62.5,0,0,0,0,0,0.6911315,691.1315
0.371254,31,81,-0.1310754,-0.09692539,0.1639428,0.264,-0.6536835,0.2716394,75,0,0.6911315,62.5,0,0,0,0,0,0.6911315,691.1315
0.3785172,31,81,-0.1310754,-0.09692539,0.1639428,0.264,-0.6536835,0.2716394,75,0,0.6911315,62.5,0,0,0,0,0,0.6911315,691.1315
0.3873329,31,81,-0.1310754,-0.09692539,0.1639428,0.264,-0.6536835,0.2716394,75,0,0.6911315,62.5,0,0,0,0,0,0.6911315,691.1315
0.3955269,31,81,-0.1310754,-0.09692539,0.1639428,0.264,-0.6536835,0.2716394,75,0,0.6911315,62.5,0,0,0,0,0,0.6911315,691.1315
0.4035072,31,81,-0.1310754,-0.09692539,0.1639428,0.264,-0.6536835,0.2716394,75,0,0.6911315,62.5,0,0,0,0,0,0.6911315,691.1315
0.4105644,31,81,-0.1310754,-0.09692539,0.1639428,0.264,-0.6536835,0.2716394,75,0,0.6911315,62.5,0,0,0,0,0,0.6911315,691.1315
0.4195175,31,81,-0.1310754,-0.09692539,0.1639428,0.264,-0.6536835,0.2716394,75,0,0.6911315,62.5,0,0,0,0,0,0.6911315,691.1315
0.4281235,31,81,-0.1310754,-0.09692539,0.1639428,0.264,-0.6536835,0.2716394,75,0,0.6911315,62.5,0,0,0,0,0,0.6911315,691.1315
0.4363098,31,81,-0.1310754,-0.09692539,0.1639428,0.264,-0.6536835,0.2716394,75,0,0.6911315,62.5,0,0,0,0,0,0.6911315,691.1315
0.4461746,31,81,-0.1310754,-0.09692539,0.1639428,0.264,-0.6536835,0.2716394,75,0,0.6911315,62.5,0,0,0,0,0,0.6911315,691.1315
0.4566803,31,81,-0.1310754,-0.09692539,0.1639428,0.264,-0.6536835,0.2716394,75,0,0.6911315,62.5,0,0,0,0,0,0.6911315,691.1315
0.4654312,31,81,-0.1310754,-0.09692539,0.1639428,0.264,-0.6536835,0.2716394,75,0,0.6911315,62.5,0,0,0,0,0,0.6911315,691.1315
0.4742775,31,81,-0.1310754,-0.09692539,0.1639428,0.264,-0.6536835,0.2716394,75,0,0.6911315,62.5,0,0,0,0,0,0.6911315,691.1315
0.4841537,31,81,-0.1310754,-0.09692539,0.1639428,0.264,-0.6536835,0.2716394,75,0,0.6911315,62.5,0,0,0,0,0,0.6911315,691.1315
0.4934464,31,81,-0.1310754,-0.09692539,0.1639428,0.264,-0.6536835,0.2716394,75,0,0.6911315,62.5,0,0,0,0,0,0.6911315,691.1315
0.5006561,31,81,-0.1310754,-0.09692539,0.1639428,0.264,-0.6536835,0.2716394,75,0,0.6911315,62.5,0,0,0,0,0,0.6911315,691.1315
0.5037918,31,81,-0.1310754,-0.09692539,0.1639428,0.264,-0.6536835,0.2716394,75,0,0.6911315,62.5,0,0,0,0,0,0.6911315,691.1315
0.5085983,31,81,-0.1310754,-0.09692539,0.1639428,0.264,-0.6536835,0.2716394,75,0,0.6911315,62.5,0,0,0,0,0,0.6911315,691.1315
0.5147209,31,81,-0.1310754,-0.09692539,0.1639428,0.264,-0.6536835,0.2716394,75,0,0.6911315,62.5,0,0,0,0,0,0.6911315,691.1315
0.5199928,31,81,-0.1310754,-0.09692539,0.1639428,0.264,-0.6536835,0.2716394,75,0,0.6911315,62.5,0,0,0,0,0,0.6911315,691.1315
0.5276108,31,81,-0.1310754,-0.09692539,0.1639428,0.264,-0.6536835,0.2716394,75,0,0.6911315,62.5,0,0,0,0,0,0.6911315,691.1315
0.536438,31,81,-0.1310754,-0.09692539,0.1639428,0.264,-0.6536835,0.2716394,75,0,0.6911315,62.5,0,0,0,0,0,0.6911315,691.1315
0.5412788,31,81,-0.1310754,-0.09692539,0.1639428,0.264,-0.6536835,0.2716394,75,0,0.6911315,62.5,0,0,0,0,0,0.6911315,691.1315
0.5454102,31,81,-0.1310754,-0.09692539,0.1639428,0.264,-0.6536835,0.2716394,75,0,0.6911315,62.5,0,0,0,0,0,0.6911315,691.1315
0.5490227,31,81,-0.1310754,-0.09692539,0.1639428,0.264,-0.6536835,0.2716394,75,0,0.6911315,62.5,0,0,0,0,0,0.6911315,691.1315
0.554863,31,81,-0.1310754,-0.09692539,0.1639428,0.264,-0.6536835,0.2716394,75,0,0.6911315,62.5,0,0,0,0,0,0.6911315,691.1315
0.5622063,31,81,-0.1310754,-0.09692539,0.1639428,0.264,-0.6536835,0.2716394,75,0,0.6911315,62.5,0,0,0,0,0,0.6911315,691.1315
0.5659332,31,81,-0.1310754,-0.09692539,0.1639428,0.264,-0.6536835,0.2716394,75,0,0.6911315,62.5,0,0,0,0,0,0.6911315,691.1315
0.5699806,31,81,-0.1310754,-0.09692539,0.1639428,0.264,-0.6536835,0.2716394,75,0,0.6911315,62.5,0,0,0,0,0,0.6911315,691.1315
0.5734291,31,81,-0.1310754,-0.09692539,0.1639428,0.264,-0.6536835,0.2716394,75,0,0.6911315,62.5,0,0,0,0,0,0.6911315,691.1315
0.5766983,31,81,-0.1310754,-0.09692539,0.1639428,0.264,-0.6536835,0.2716394,75,0,0.6911315,62.5,0,0,0,0,0,0.6911315,691.1315
0.5813522,31,81,-0.1310754,-0.09692539,0.1639428,0.264,-0.6536835,0.2716394,75,0,0.6911315,62.5,0,0,0,0,0,0.6911315,691.1315
0.5855408,31,81,-0.1310754,-0.09692539,0.1639428,0.264,-0.6536835,0.2716394,75,0,0.6911315,62.5,0,0,0,0,0,0.6911315,691.1315
0.5895576,31,81,-0.1310754,-0.09692539,0.1639428,0.264,-0.6536835,0.2716394,75,0,0.6911315,62.5,0,0,0,0,0,0.6911315,691.1315
0.5958824,31,81,-0.1310754,-0.09692539,0.1639428,0.264,-0.6536835,0.2716394,75,0,0.6911315,62.5,0,0,0,0,0,0.6911315,691.1315
0.6040192,31,81,-0.1310754,-0.09692539,0.1639428,0.264,-0.6536835,0.2716394,75,0,0.6911315,62.5,0,0,0,0,0,0.6911315,691.1315
0.608017,31,81,-0.1310754,-0.09692539,0.1639428,0.264,-0.6536835,0.2716394,75,0,0.6911315,62.5,0,0,0,0,0,0.6911315,691.1315
0.6115341,31,81,-0.1310754,-0.09692539,0.1639428,0.264,-0.6536835,0.2716394,75,0,0.6911315,62.5,0,0,0,0,0,0.6911315,691.1315
0.6139908,31,81,-0.1310754,-0.09692539,0.1639428,0.264,-0.6536835,0.2716394,75,0,0.6911315,62.5,0,0,0,0,0,0.6911315,691.1315
0.6185226,31,81,-0.1310754,-0.09692539,0.1639428,0.264,-0.6536835,0.2716394,75,0,0.6911315,62.5,0,0,0,0,0,0.6911315,691.1315
0.6218567,31,81,-0.1310754,-0.09692539,0.1639428,0.264,-0.6536835,0.2716394,75,0,0.6911315,62.5,0,0,0,0,0,0.6911315,691.1315
0.6255417,31,81,-0.1310754,-0.09692539,0.1639428,0.264,-0.6536835,0.2716394,75,0,0.6911315,62.5,0,0,0,0,0,0.6911315,691.1315
0.6294594,31,81,-0.1310754,-0.09692539,0.1639428,0.264,-0.6536835,0.2716394,75,0,0.6911315,62.5,0,0,0,0,0,0.6911315,691.1315
0.6342812,31,81,-0.1310754,-0.09692539,0.1639428,0.264,-0.6536835,0.2716394,75,0,0.6911315,62.5,0,0,0,0,0,0.6911315,691.1315
0.6375542,31,81,-0.1310754,-0.09692539,0.1639428,0.264,-0.6536835,0.2716394,75,0,0.6911315,62.5,0,0,0,0,0,0.6911315,691.1315
0.6408234,31,81,-0.1310754,-0.09692539,0.1639428,0.264,-0.6536835,0.2716394,75,0,0.6911315,62.5,0,0,0,0,0,0.6911315,691.1315
0.6481133,31,81,-0.1310754,-0.09692539,0.1639428,0.264,-0.6536835,0.2716394,75,0,0.6911315,62.5,0,0,0,0,0,0.6911315,691.1315
0.6526108,31,81,-0.1310754,-0.09692539,0.1639428,0.264,-0.6536835,0.2716394,75,0,0.6911315,62.5,0,0,0,0,0,0.6911315,691.1315
0.660717,31,81,-0.1310754,-0.09692539,0.1639428,0.264,-0.6536835,0.2716394,75,0,0.6911315,62.5,0,0,0,0,0,0.6911315,691.1315
0.6655655,31,81,-0.1310754,-0.09692539,0.1639428,0.264,-0.6536835,0.2716394,75,0,0.6911315,62.5,0,0,0,0,0,0.6911315,691.1315
0.669796,31,81,-0.1310754,-0.09692539,0.1639428,0.264,-0.6536835,0.2716394,75,0,0.6911315,62.5,0,0,0,0,0,0.6911315,691.1315
0.6743202,31,81,-0.1310754,-0.09692539,0.1639428,0.264,-0.6536835,0.2716394,75,0,0.6911315,62.5,0,0,0,0,0,0.6911315,691.1315
0.6787758,31,81,-0.1310754,-0.09692539,0.1639428,0.264,-0.6536835,0.2716394,75,0,0.6911315,62.5,0,0,0,0,0,0.6911315,691.1315
0.687191,31,81,-0.1310754,-0.09692539,0.1639428,0.264,-0.6536835,0.2716394,75,0,0.6911315,62.5,0,0,0,0,0,0.6911315,691.1315
0.6964722,31,81,-0.1310754,-0.09692539,0.1639428,0.264,-0.6536835,0.2716394,75,0,0.6911315,62.5,0,0,0,0,0,0.6911315,691.1315
0.7034073,31,81,-0.1310754,-0.09692539,0.1639428,0.264,-0.6536835,0.2716394,75,0,0.6911315,62.5,0,0,0,0,0,0.6911315,691.1315
0.7121086,31,81,-0.1310754,-0.09692539,0.1639428,0.264,-0.6536835,0.2716394,75,0,0.6911315,62.5,0,0,0,0,0,0.6911315,691.1315
0.7202263,31,81,-0.1310754,-0.09692539,0.1639428,0.264,-0.6536835,0.2716394,75,0,0.6911315,62.5,0,0,0,0,0,0.6911315,691.1315
0.7264824,31,81,-0.1310754,-0.09692539,0.1639428,0.264,-0.6536835,0.2716394,75,0,0.6911315,62.5,0,0,0,0,0,0.6911315,691.1315
0.7353859,31,81,-0.1310754,-0.09692539,0.1639428,0.264,-0.6536835,0.2716394,75,0,0.6911315,62.5,0,0,0,0,0,0.6911315,691.1315
0.7403221,31,81,-0.1310754,-0.09692539,0.1639428,0.264,-0.6536835,0.2716394,75,0,0.6911315,62.5,0,0,0,0,0,0.6911315,691.1315
0.7451897,31,81,-0.1310754,-0.09692539,0.1639428,0.264,-0.6536835,0.2716394,75,0,0.6911315,62.5,0,0,0,0,0,0.6911315,691.1315
0.7509232,31,81,-0.1310754,-0.09692539,0.1639428,0.264,-0.6536835,0.2716394,75,0,0.6911315,62.5,0,0,0,0,0,0.6911315,691.1315
0.761219,31,81,-0.1310754,-0.09692539,0.1639428,0.264,-0.6536835,0.2716394,75,0,0.6911315,62.5,0,0,0,0,0,0.6911315,691.1315
0.7658157,31,81,-0.1310754,-0.09692539,0.1639428,0.264,-0.6536835,0.2716394,75,0,0.6911315,62.5,0,0,0,0,0,0.6911315,691.1315
0.7701378,31,81,-0.1310754,-0.09692539,0.1639428,0.264,-0.6536835,0.2716394,75,0,0.6911315,62.5,0,0,0,0,0,0.6911315,691.1315
0.7729721,31,81,-0.1310754,-0.09692539,0.1639428,0.264,-0.6536835,0.2716394,75,0,0.6911315,62.5,0,0,0,0,0,0.6911315,691.1315
0.7772026,31,81,-0.1310754,-0.09692539,0.1639428,0.264,-0.6536835,0.2716394,75,0,0.6911315,62.5,0,0,0,0,0,0.6911315,691.1315
0.7812004,31,81,-0.1310754,-0.09692539,0.1639428,0.264,-0.6536835,0.2716394,75,0,0.6911315,62.5,0,0,0,0,0,0.6911315,691.1315
0.7917671,31,81,-0.1310754,-0.09692539,0.1639428,0.264,-0.6536835,0.2716394,75,0,0.6911315,62.5,0,0,0,0,0,0.6911315,691.1315
0.8052101,31,81,-0.1310754,-0.09692539,0.1639428,0.264,-0.6536835,0.2716394,75,0,0.6911315,62.5,0,0,0,0,0,0.6911315,691.1315
0.8101921,31,81,-0.1310754,-0.09692539,0.1639428,0.264,-0.6536835,0.2716394,75,0,0.6911315,62.5,0,0,0,0,0,0.6911315,691.1315
0.8220558,31,81,-0.1310754,-0.09692539,0.1639428,0.264,-0.6536835,0.2716394,75,0,0.6911315,62.5,0,0,0,0,0,0.6911315,691.1315
0.8284645,31,81,-0.1310754,-0.09692539,0.1639428,0.264,-0.6536835,0.2716394,75,0,0.6911315,62.5,0,0,0,0,0,0.6911315,691.1315
0.8332748,31,81,-0.1310754,-0.09692539,0.1639428,0.264,-0.6536835,0.2716394,75,0,0.6911315,62.5,0,0,0,0,0,0.6911315,691.1315
0.8370285,31,81,-0.1310754,-0.09692539,0.1639428,0.264,-0.6536835,0.2716394,75,0,0.6911315,62.5,0,0,0,0,0,0.6911315,691.1315
0.8393555,31,81,-0.1310754,-0.09692539,0.1639428,0.264,-0.6536835,0.2716394,75,0,0.6911315,62.5,0,0,0,0,0,0.6911315,691.1315
0.8428955,31,81,-0.1310754,-0.09692539,0.1639428,0.264,-0.6536835,0.2716394,75,0,0.6911315,62.5,0,0,0,0,0,0.6911315,691.1315
0.8472824,31,81,-0.1310754,-0.09692539,0.1639428,0.264,-0.6536835,0.2716394,75,0,0.6911315,62.5,0,0,0,0,0,0.6911315,691.1315
0.8504486,31,81,-0.1310754,-0.09692539,0.1639428,0.264,-0.6536835,0.2716394,75,0,0.6911315,62.5,0,0,0,0,0,0.6911315,691.1315
0.8540611,31,81,-0.1310754,-0.09692539,0.1639428,0.264,-0.6536835,0.2716394,75,0,0.6911315,62.5,0,0,0,0,0,0.6911315,691.1315
0.8563004,31,81,-0.1310754,-0.09692539,0.1639428,0.264,-0.6536835,0.2716394,75,0,0.6911315,62.5,0,0,0,0,0,0.6911315,691.1315
0.8597488,31,81,-0.1310754,-0.09692539,0.1639428,0.264,-0.6536835,0.2716394,75,0,0.6911315,62.5,0,0,0,0,0,0.6911315,691.1315
0.8622055,31,81,-0.1310754,-0.09692539,0.1639428,0.264,-0.6536835,0.2716394,75,0,0.6911315,62.5,0,0,0,0,0,0.6911315,691.1315
0.8674431,31,81,-0.1310754,-0.09692539,0.1639428,0.264,-0.6536835,0.2716394,75,0,0.6911315,62.5,0,0,0,0,0,0.6911315,691.1315
0.8753471,31,81,-0.1310754,-0.09692539,0.1639428,0.264,-0.6536835,0.2716394,75,0,0.6911315,62.5,0,0,0,0,0,0.6911315,691.1315
0.8820076,31,81,-0.1310754,-0.09692539,0.1639428,0.264,-0.6536835,0.2716394,75,0,0.6911315,62.5,0,0,0,0,0,0.6911315,691.1315
0.8848572,31,81,-0.1310754,-0.09692539,0.1639428,0.264,-0.6536835,0.2716394,75,0,0.6911315,62.5,0,0,0,0,0,0.6911315,691.1315
0.8877258,31,81,-0.1310754,-0.09692539,0.1639428,0.264,-0.6536835,0.2716394,75,0,0.6911315,62.5,0,0,0,0,0,0.6911315,691.1315
0.8900566,31,81,-0.1310754,-0.09692539,0.1639428,0.264,-0.6536835,0.2716394,75,0,0.6911315,62.5,0,0,0,0,0,0.6911315,691.1315
0.8923912,31,81,-0.1310754,-0.09692539,0.1639428,0.264,-0.6536835,0.2716394,75,0,0.6911315,62.5,0,0,0,0,0,0.6911315,691.1315
0.8951721,31,81,-0.1310754,-0.09692539,0.1639428,0.264,-0.6536835,0.2716394,75,0,0.6911315,62.5,0,0,0,0,0,0.6911315,691.1315
0.898262,31,81,-0.1310754,-0.09692539,0.1639428,0.264,-0.6536835,0.2716394,75,0,0.6911315,62.5,0,0,0,0,0,0.6911315,691.1315
0.9019051,31,81,-0.1310754,-0.09692539,0.1639428,0.264,-0.6536835,0.2716394,75,0,0.6911315,62.5,0,0,0,0,0,0.6911315,691.1315
0.9073029,31,81,-0.1310754,-0.09692539,0.1639428,0.264,-0.6536835,0.2716394,75,0,0.6911315,62.5,0,0,0,0,0,0.6911315,691.1315
0.9103508,31,81,-0.1310754,-0.09692539,0.1639428,0.264,-0.6536835,0.2716394,75,0,0.6911315,62.5,0,0,0,0,0,0.6911315,691.1315
0.913002,31,81,-0.1310754,-0.09692539,0.1639428,0.264,-0.6536835,0.2716394,75,0,0.6911315,62.5,0,0,0,0,0,0.6911315,691.1315
0.9156265,31,81,-0.1310754,-0.09692539,0.1639428,0.264,-0.6536835,0.2716394,75,0,0.6911315,62.5,0,0,0,0,0,0.6911315,691.1315
0.9188385,31,81,-0.1310754,-0.09692539,0.1639428,0.264,-0.6536835,0.2716394,75,0,0.6911315,62.5,0,0,0,0,0,0.6911315,691.1315
0.921936,31,81,-0.1310754,-0.09692539,0.1639428,0.264,-0.6536835,0.2716394,75,0,0.6911315,62.5,0,0,0,0,0,0.6911315,691.1315
0.9249077,31,81,-0.1310754,-0.09692539,0.1639428,0.264,-0.6536835,0.2716394,75,0,0.6911315,62.5,0,0,0,0,0,0.6911315,691.1315
0.9278488,31,81,-0.1310754,-0.09692539,0.1639428,0.264,-0.6536835,0.2716394,75,0,0.6911315,62.5,0,0,0,0,0,0.6911315,691.1315
0.9300079,31,81,-0.1310754,-0.09692539,0.1639428,0.264,-0.6536835,0.2716394,75,0,0.6911315,62.5,0,0,0,0,0,0.6911315,691.1315
0.9323502,31,81,-0.1310754,-0.09692539,0.1639428,0.264,-0.6536835,0.2716394,75,0,0.6911315,62.5,0,0,0,0,0,0.6911315,691.1315
0.9359169,31,81,-0.1310754,-0.09692539,0.1639428,0.264,-0.6536835,0.2716394,75,0,0.6911315,62.5,0,0,0,0,0,0.6911315,691.1315
0.938343,31,81,-0.1310754,-0.09692539,0.1639428,0.264,-0.6536835,0.2716394,75,0,0.6911315,62.5,0,0,0,0,0,0.6911315,691.1315
0.9410019,31,81,-0.1310754,-0.09692539,0.1639428,0.264,-0.6536835,0.2716394,75,0,0.6911315,62.5,0,0,0,0,0,0.6911315,691.1315
0.9438019,31,81,-0.1310754,-0.09692539,0.1639428,0.264,-0.6536835,0.2716394,75,0,0.6911315,62.5,0,0,0,0,0,0.6911315,691.1315
0.9466553,31,81,-0.1310754,-0.09692539,0.1639428,0.264,-0.6536835,0.2716394,75,0,0.6911315,62.5,0,0,0,0,0,0.6911315,691.1315
0.9494324,31,81,-0.1310754,-0.09692539,0.1639428,0.264,-0.6536835,0.2716394,75,0,0.6911315,62.5,0,0,0,0,0,0.6911315,691.1315
0.9524345,31,81,-0.1310754,-0.09692539,0.1639428,0.264,-0.6536835,0.2716394,75,0,0.6911315,62.5,0,0,0,0,0,0.6911315,691.1315
0.9550476,31,81,-0.1310754,-0.09692539,0.1639428,0.264,-0.6536835,0.2716394,75,0,0.6911315,62.5,0,0,0,0,0,0.6911315,691.1315
0.957737,31,81,-0.1310754,-0.09692539,0.1639428,0.264,-0.6536835,0.2716394,75,0,0.6911315,62.5,0,0,0,0,0,0.6911315,691.1315
0.9601669,31,81,-0.1310754,-0.09692539,0.1639428,0.264,-0.6536835,0.2716394,75,0,0.6911315,62.5,0,0,0,0,0,0.6911315,691.1315
0.9627647,31,81,-0.1310754,-0.09692539,0.1639428,0.264,-0.6536835,0.2716394,75,0,0.6911315,62.5,0,0,0,0,0,0.6911315,691.1315
0.9662361,31,81,-0.1310754,-0.09692539,0.1639428,0.264,-0.6536835,0.2716394,75,0,0.6911315,62.5,0,0,0,0,0,0.6911315,691.1315
0.9701881,31,81,-0.1310754,-0.09692539,0.1639428,0.264,-0.6536835,0.2716394,75,0,0.6911315,62.5,0,0,0,0,0,0.6911315,691.1315
0.9736748,31,81,-0.1310754,-0.09692539,0.1639428,0.264,-0.6536835,0.2716394,75,0,0.6911315,62.5,0,0,0,0,0,0.6911315,691.1315
0.97686,31,81,-0.1310754,-0.09692539,0.1639428,0.264,-0.6536835,0.2716394,75,0,0.6911315,62.5,0,0,0,0,0,0.6911315,691.1315
0.9801216,31,81,-0.1310754,-0.09692539,0.1639428,0.264,-0.6536835,0.2716394,75,0,0.6911315,62.5,0,0,0,0,0,0.6911315,691.1315
0.9834518,31,81,-0.1310754,-0.09692539,0.1639428,0.264,-0.6536835,0.2716394,75,0,0.6911315,62.5,0,0,0,0,0,0.6911315,691.1315
0.9863853,31,81,-0.1310754,-0.09692539,0.1639428,0.264,-0.6536835,0.2716394,75,0,0.6911315,62.5,0,0,0,0,0,0.6911315,691.1315
0.9906425,31,81,-0.1310754,-0.09692539,0.1639428,0.264,-0.6536835,0.2716394,75,0,0.6911315,62.5,0,0,0,0,0,0.6911315,691.1315
0.9941139,31,81,-0.1310754,-0.09692539,0.1639428,0.264,-0.6536835,0.2716394,75,0,0.6911315,62.5,0,0,0,0,0,0.6911315,691.1315
0.9977417,31,81,-0.1310754,-0.09692539,0.1639428,0.264,-0.6536835,0.2716394,75,0,0.6911315,62.5,0,0,0,0,0,0.6911315,691.1315
1.000477,31,81,-0.1310754,-0.09692539,0.1639428,0.264,-0.6536835,0.2716394,75,0,0.6911315,62.5,0,0,0,0,0,0.6911315,691.1315
1.002842,31,81,-0.1310754,-0.09692539,0.1639428,0.264,-0.6536835,0.2716394,75,0,0.6911315,62.5,0,0,0,0,0,0.6911315,691.1315
1.006977,31,81,-0.1310754,-0.09692539,0.1639428,0.264,-0.6536835,0.2716394,75,0,0.6911315,62.5,0,0,0,0,0,0.6911315,691.1315
1.009571,31,81,-0.1310754,-0.09692539,0.1639428,0.264,-0.6536835,0.2716394,75,0,0.6911315,62.5,0,0,0,0,0,0.6911315,691.1315
1.011784,31,81,-0.1310754,-0.09692539,0.1639428,0.264,-0.6536835,0.2716394,75,0,0.6911315,62.5,0,0,0,0,0,0.6911315,691.1315
1.014076,31,81,-0.1310754,-0.09692539,0.1639428,0.264,-0.6536835,0.2716394,75,0,0.6911315,62.5,0,0,0,0,0,0.6911315,691.1315
1.016605,31,81,-0.1310754,-0.09692539,0.1639428,0.264,-0.6536835,0.2716394,75,0,0.6911315,62.5,0,0,0,0,0,0.6911315,691.1315
1.019012,31,81,-0.1310754,-0.09692539,0.1639428,0.264,-0.6536835,0.2716394,75,0,0.6911315,62.5,0,0,0,0,0,0.6911315,691.1315
1.021603,31,81,-0.1310754,-0.09692539,0.1639428,0.264,-0.6536835,0.2716394,75,0,0.6911315,62.5,0,0,0,0,0,0.6911315,691.1315
1.024033,31,81,-0.1310754,-0.09692539,0.1639428,0.264,-0.6536835,0.2716394,75,0,0.6911315,62.5,0,0,0,0,0,0.6911315,691.1315
1.026653,31,81,-0.1310754,-0.09692539,0.1639428,0.264,-0.6536835,0.2716394,75,0,0.6911315,62.5,0,0,0,0,0,0.6911315,691.1315
1.029076,31,81,-0.1310754,-0.09692539,0.1639428,0.264,-0.6536835,0.2716394,75,0,0.6911315,62.5,0,0,0,0,0,0.6911315,691.1315
1.031387,31,81,-0.1310754,-0.09692539,0.1639428,0.264,-0.6536835,0.2716394,75,0,0.6911315,62.5,0,0,0,0,0,0.6911315,691.1315
1.034435,31,81,-0.1310754,-0.09692539,0.1639428,0.264,-0.6536835,0.2716394,75,0,0.6911315,62.5,0,0,0,0,0,0.6911315,691.1315
1.03735,31,81,-0.1310754,-0.09692539,0.1639428,0.264,-0.6536835,0.2716394,75,0,0.6911315,62.5,0,0,0,0,0,0.6911315,691.1315
1.039711,31,81,-0.1310754,-0.09692539,0.1639428,0.264,-0.6536835,0.2716394,75,0,0.6911315,62.5,0,0,0,0,0,0.6911315,691.1315
1.041973,31,81,-0.1310754,-0.09692539,0.1639428,0.264,-0.6536835,0.2716394,75,0,0.6911315,62.5,0,0,0,0,0,0.6911315,691.1315
1.044273,31,81,-0.1310754,-0.09692539,0.1639428,0.264,-0.6536835,0.2716394,75,0,0.6911315,62.5,0,0,0,0,0,0.6911315,691.1315
1.046982,31,81,-0.1310754,-0.09692539,0.1639428,0.264,-0.6536835,0.2716394,75,0,0.6911315,62.5,0,0,0,0,0,0.6911315,691.1315
1.049213,31,81,-0.1310754,-0.09692539,0.1639428,0.264,-0.6536835,0.2716394,75,0,0.6911315,62.5,0,0,0,0,0,0.6911315,691.1315
1.05191,31,81,-0.1310754,-0.09692539,0.1639428,0.264,-0.6536835,0.2716394,75,0,0.6911315,62.5,0,0,0,0,0,0.6911315,691.1315
1.054241,31,81,-0.1310754,-0.09692539,0.1639428,0.264,-0.6536835,0.2716394,75,0,0.6911315,62.5,0,0,0,0,0,0.6911315,691.1315
1.056313,31,81,-0.1310754,-0.09692539,0.1639428,0.264,-0.6536835,0.2716394,75,0,0.6911315,62.5,0,0,0,0,0,0.6911315,691.1315
1.058529,31,81,-0.1310754,-0.09692539,0.1639428,0.264,-0.6536835,0.2716394,75,0,0.6911315,62.5,0,0,0,0,0,0.6911315,691.1315
1.062038,31,81,-0.1310754,-0.09692539,0.1639428,0.264,-0.6536835,0.2716394,75,0,0.6911315,62.5,0,0,0,0,0,0.6911315,691.1315
1.065556,31,81,-0.1310754,-0.09692539,0.1639428,0.264,-0.6536835,0.2716394,75,0,0.6911315,62.5,0,0,0,0,0,0.6911315,691.1315
1.068977,31,81,-0.1310754,-0.09692539,0.1639428,0.264,-0.6536835,0.2716394,75,0,0.6911315,62.5,0,0,0,0,0,0.6911315,691.1315
1.07132,31,81,-0.1310754,-0.09692539,0.1639428,0.264,-0.6536835,0.2716394,75,0,0.6911315,62.5,0,0,0,0,0,0.6911315,691.1315
1.073627,31,81,-0.1310754,-0.09692539,0.1639428,0.264,-0.6536835,0.2716394,75,0,0.6911315,62.5,0,0,0,0,0,0.6911315,691.1315
1.075836,31,81,-0.1310754,-0.09692539,0.1639428,0.264,-0.6536835,0.2716394,75,0,0.6911315,62.5,0,0,0,0,0,0.6911315,691.1315
1.078091,31,81,-0.1310754,-0.09692539,0.1639428,0.264,-0.6536835,0.2716394,75,0,0.6911315,62.5,0,0,0,0,0,0.6911315,691.1315
1.080284,31,81,-0.1310754,-0.09692539,0.1639428,0.264,-0.6536835,0.2716394,75,0,0.6911315,62.5,0,0,0,0,0,0.6911315,691.1315
1.082687,31,81,-0.1310754,-0.09692539,0.1639428,0.264,-0.6536835,0.2716394,75,0,0.6911315,62.5,0,0,0,0,0,0.6911315,691.1315
1.085926,31,81,-0.1310754,-0.09692539,0.1639428,0.264,-0.6536835,0.2716394,75,0,0.6911315,62.5,0,0,0,0,0,0.6911315,691.1315
1.088577,31,81,-0.1310754,-0.09692539,0.1639428,0.264,-0.6536835,0.2716394,75,0,0.6911315,62.5,0,0,0,0,0,0.6911315,691.1315
1.090851,31,81,-0.1310754,-0.09692539,0.1639428,0.264,-0.6536835,0.2716394,75,0,0.6911315,62.5,0,0,0,0,0,0.6911315,691.1315
1.094189,31,81,-0.1310754,-0.09692539,0.1639428,0.264,-0.6536835,0.2716394,75,0,0.6911315,62.5,0,0,0,0,0,0.6911315,691.1315
1.096809,31,81,-0.1310754,-0.09692539,0.1639428,0.264,-0.6536835,0.2716394,75,0,0.6911315,62.5,0,0,0,0,0,0.6911315,691.1315
1.09935,31,81,-0.1310754,-0.09692539,0.1639428,0.264,-0.6536835,0.2716394,75,0,0.6911315,62.5,0,0,0,0,0,0.6911315,691.1315
1.101841,31,81,-0.1310754,-0.09692539,0.1639428,0.264,-0.6536835,0.2716394,75,0,0.6911315,62.5,0,0,0,0,0,0.6911315,691.1315
1.10413,31,81,-0.1310754,-0.09692539,0.1639428,0.264,-0.6536835,0.2716394,75,0,0.6911315,62.5,0,0,0,0,0,0.6911315,691.1315
1.106911,31,81,-0.1310754,-0.09692539,0.1639428,0.264,-0.6536835,0.2716394,75,0,0.6911315,62.5,0,0,0,0,0,0.6911315,691.1315
1.109249,31,81,-0.1310754,-0.09692539,0.1639428,0.264,-0.6536835,0.2716394,75,0,0.6911315,62.5,0,0,0,0,0,0.6911315,691.1315
1.111675,31,81,-0.1310754,-0.09692539,0.1639428,0.264,-0.6536835,0.2716394,75,0,0.6911315,62.5,0,0,0,0,0,0.6911315,691.1315
1.114719,31,81,-0.1310754,-0.09692539,0.1639428,0.264,-0.6536835,0.2716394,75,0,0.6911315,62.5,0,0,0,0,0,0.6911315,691.1315
1.118458,31,81,-0.1310754,-0.09692539,0.1639428,0.264,-0.6536835,0.2716394,75,0,0.6911315,62.5,0,0,0,0,0,0.6911315,691.1315
1.121769,31,81,-0.1310754,-0.09692539,0.1639428,0.264,-0.6536835,0.2716394,75,0,0.6911315,62.5,0,0,0,0,0,0.6911315,691.1315
1.1241,31,81,-0.1310754,-0.09692539,0.1639428,0.264,-0.6536835,0.2716394,75,0,0.6911315,62.5,0,0,0,0,0,0.6911315,691.1315
1.126789,31,81,-0.1310754,-0.09692539,0.1639428,0.264,-0.6536835,0.2716394,75,0,0.6911315,62.5,0,0,0,0,0,0.6911315,691.1315
1.129265,31,81,-0.1310754,-0.09692539,0.1639428,0.264,-0.6536835,0.2716394,75,0,0.6911315,62.5,0,0,0,0,0,0.6911315,691.1315
1.131622,31,81,-0.1310754,-0.09692539,0.1639428,0.264,-0.6536835,0.2716394,75,0,0.6911315,62.5,0,0,0,0,0,0.6911315,691.1315
1.134403,31,81,-0.1310754,-0.09692539,0.1639428,0.264,-0.6536835,0.2716394,75,0,0.6911315,62.5,0,0,0,0,0,0.6911315,691.1315
1.136959,31,81,-0.1310754,-0.09692539,0.1639428,0.264,-0.6536835,0.2716394,75,0,0.6911315,62.5,0,0,0,0,0,0.6911315,691.1315
1.139202,31,81,-0.1310754,-0.09692539,0.1639428,0.264,-0.6536835,0.2716394,75,0,0.6911315,62.5,0,0,0,0,0,0.6911315,691.1315
1.141499,31,81,-0.1310754,-0.09692539,0.1639428,0.264,-0.6536835,0.2716394,75,0,0.6911315,62.5,0,0,0,0,0,0.6911315,691.1315
1.143837,31,81,-0.1310754,-0.09692539,0.1639428,0.264,-0.6536835,0.2716394,75,0,0.6911315,62.5,0,0,0,0,0,0.6911315,691.1315
1.146832,31,81,-0.1310754,-0.09692539,0.1639428,0.264,-0.6536835,0.2716394,75,0,0.6911315,62.5,0,0,0,0,0,0.6911315,691.1315
1.149082,31,81,-0.1310754,-0.09692539,0.1639428,0.264,-0.6536835,0.2716394,75,0,0.6911315,62.5,0,0,0,0,0,0.6911315,691.1315
1.151886,31,81,-0.1310754,-0.09692539,0.1639428,0.264,-0.6536835,0.2716394,75,0,0.6911315,62.5,0,0,0,0,0,0.6911315,691.1315
1.15414,31,81,-0.1310754,-0.09692539,0.1639428,0.264,-0.6536835,0.2716394,75,0,0.6911315,62.5,0,0,0,0,0,0.6911315,691.1315
1.159756,31,81,-0.1310754,-0.09692539,0.1639428,0.264,-0.6536835,0.2716394,75,0,0.6911315,62.5,0,0,0,0,0,0.6911315,691.1315
1.167656,31,81,-0.1310754,-0.09692539,0.1639428,0.264,-0.6536835,0.2716394,75,0,0.6911315,62.5,0,0,0,0,0,0.6911315,691.1315
1.17421,31,81,-0.1310754,-0.09692539,0.1639428,0.264,-0.6536835,0.2716394,75,0,0.6911315,62.5,0,0,0,0,0,0.6911315,691.1315
1.177696,31,81,-0.1310754,-0.09692539,0.1639428,0.264,-0.6536835,0.2716394,75,0,0.6911315,62.5,0,0,0,0,0,0.6911315,691.1315
1.180676,31,81,-0.1310754,-0.09692539,0.1639428,0.264,-0.6536835,0.2716394,75,0,0.6911315,62.5,0,0,0,0,0,0.6911315,691.1315
1.183224,31,81,-0.1310754,-0.09692539,0.1639428,0.264,-0.6536835,0.2716394,75,0,0.6911315,62.5,0,0,0,0,0,0.6911315,691.1315
1.185722,31,81,-0.1310754,-0.09692539,0.1639428,0.264,-0.6536835,0.2716394,75,0,0.6911315,62.5,0,0,0,0,0,0.6911315,691.1315
1.188675,31,81,-0.1310754,-0.09692539,0.1639428,0.264,-0.6536835,0.2716394,75,0,0.6911315,62.5,0,0,0,0,0,0.6911315,691.1315
1.191021,31,81,-0.1310754,-0.09692539,0.1639428,0.264,-0.6536835,0.2716394,75,0,0.6911315,62.5,0,0,0,0,0,0.6911315,691.1315
1.193699,31,81,-0.1310754,-0.09692539,0.1639428,0.264,-0.6536835,0.2716394,75,0,0.6911315,62.5,0,0,0,0,0,0.6911315,691.1315
1.196106,31,81,-0.1310754,-0.09692539,0.1639428,0.264,-0.6536835,0.2716394,75,0,0.6911315,62.5,0,0,0,0,0,0.6911315,691.1315
1.19833,31,81,-0.1310754,-0.09692539,0.1639428,0.264,-0.6536835,0.2716394,75,0,0.6911315,62.5,0,0,0,0,0,0.6911315,691.1315
1.20113,31,81,-0.1310754,-0.09692539,0.1639428,0.264,-0.6536835,0.2716394,75,0,0.6911315,62.5,0,0,0,0,0,0.6911315,691.1315
1.203999,31,81,-0.1310754,-0.09692539,0.1639428,0.264,-0.6536835,0.2716394,75,0,0.6911315,62.5,0,0,0,0,0,0.6911315,691.1315
1.206745,31,81,-0.1310754,-0.09692539,0.1639428,0.264,-0.6536835,0.2716394,75,0,0.6911315,62.5,0,0,0,0,0,0.6911315,691.1315
1.209175,31,81,-0.1310754,-0.09692539,0.1639428,0.264,-0.6536835,0.2716394,75,0,0.6911315,62.5,0,0,0,0,0,0.6911315,691.1315
1.211452,31,81,-0.1310754,-0.09692539,0.1639428,0.264,-0.6536835,0.2716394,75,0,0.6911315,62.5,0,0,0,0,0,0.6911315,691.1315
1.213654,31,81,-0.1310754,-0.09692539,0.1639428,0.264,-0.6536835,0.2716394,75,0,0.6911315,62.5,0,0,0,0,0,0.6911315,691.1315
1.21587,31,81,-0.1310754,-0.09692539,0.1639428,0.264,-0.6536835,0.2716394,75,0,0.6911315,62.5,0,0,0,0,0,0.6911315,691.1315
1.218506,31,81,-0.1310754,-0.09692539,0.1639428,0.264,-0.6536835,0.2716394,75,0,0.6911315,62.5,0,0,0,0,0,0.6911315,691.1315
1.220943,31,81,-0.1310754,-0.09692539,0.1639428,0.264,-0.6536835,0.2716394,75,0,0.6911315,62.5,0,0,0,0,0,0.6911315,691.1315
1.223251,31,81,-0.1310754,-0.09692539,0.1639428,0.264,-0.6536835,0.2716394,75,0,0.6911315,62.5,0,0,0,0,0,0.6911315,691.1315
1.22575,31,81,-0.1310754,-0.09692539,0.1639428,0.264,-0.6536835,0.2716394,75,0,0.6911315,62.5,0,0,0,0,0,0.6911315,691.1315
1.228382,31,81,-0.1310754,-0.09692539,0.1639428,0.264,-0.6536835,0.2716394,75,0,0.6911315,62.5,0,0,0,0,0,0.6911315,691.1315
1.230747,31,81,-0.1310754,-0.09692539,0.1639428,0.264,-0.6536835,0.2716394,75,0,0.6911315,62.5,0,0,0,0,0,0.6911315,691.1315
1.23365,31,81,-0.1310754,-0.09692539,0.1639428,0.264,-0.6536835,0.2716394,75,0,0.6911315,62.5,0,0,0,0,0,0.6911315,691.1315
1.236156,31,81,-0.1310754,-0.09692539,0.1639428,0.264,-0.6536835,0.2716394,75,0,0.6911315,62.5,0,0,0,0,0,0.6911315,691.1315
1.238369,31,81,-0.1310754,-0.09692539,0.1639428,0.264,-0.6536835,0.2716394,75,0,0.6911315,62.5,0,0,0,0,0,0.6911315,691.1315
1.240852,31,81,-0.1310754,-0.09692539,0.1639428,0.264,-0.6536835,0.2716394,75,0,0.6911315,62.5,0,0,0,0,0,0.6911315,691.1315
1.24308,31,81,-0.1310754,-0.09692539,0.1639428,0.264,-0.6536835,0.2716394,75,0,0.6911315,62.5,0,0,0,0,0,0.6911315,691.1315
1.245331,31,81,-0.1310754,-0.09692539,0.1639428,0.264,-0.6536835,0.2716394,75,0,0.6911315,62.5,0,0,0,0,0,0.6911315,691.1315
1.248058,31,81,-0.1310754,-0.09692539,0.1639428,0.264,-0.6536835,0.2716394,75,0,0.6911315,62.5,0,0,0,0,0,0.6911315,691.1315
1.250454,31,81,-0.1310754,-0.09692539,0.1639428,0.264,-0.6536835,0.2716394,75,0,0.6911315,62.5,0,0,0,0,0,0.6911315,691.1315
1.252811,31,81,-0.1310754,-0.09692539,0.1639428,0.264,-0.6536835,0.2716394,75,0,0.6911315,62.5,0,0,0,0,0,0.6911315,691.1315
1.255123,31,81,-0.1310754,-0.09692539,0.1639428,0.264,-0.6536835,0.2716394,75,0,0.6911315,62.5,0,0,0,0,0,0.6911315,691.1315
1.257256,31,81,-0.1310754,-0.09692539,0.1639428,0.264,-0.6536835,0.2716394,75,0,0.6911315,62.5,0,0,0,0,0,0.6911315,691.1315
1.259472,31,81,-0.1310754,-0.09692539,0.1639428,0.264,-0.6536835,0.2716394,75,0,0.6911315,62.5,0,0,0,0,0,0.6911315,691.1315
1.26165,31,81,-0.1310754,-0.09692539,0.1639428,0.264,-0.6536835,0.2716394,75,0,0.6911315,62.5,0,0,0,0,0,0.6911315,691.1315
1.263802,31,81,-0.1310754,-0.09692539,0.1639428,0.264,-0.6536835,0.2716394,75,0,0.6911315,62.5,0,0,0,0,0,0.6911315,691.1315
1.26664,31,81,-0.1310754,-0.09692539,0.1639428,0.264,-0.6536835,0.2716394,75,0,0.6911315,62.5,0,0,0,0,0,0.6911315,691.1315
1.269222,31,81,-0.1310754,-0.09692539,0.1639428,0.264,-0.6536835,0.2716394,75,0,0.6911315,62.5,0,0,0,0,0,0.6911315,691.1315
1.272282,31,81,-0.1310754,-0.09692539,0.1639428,0.264,-0.6536835,0.2716394,75,0,0.6911315,62.5,0,0,0,0,0,0.6911315,691.1315
1.274815,31,81,-0.1310754,-0.09692539,0.1639428,0.264,-0.6536835,0.2716394,75,0,0.6911315,62.5,0,0,0,0,0,0.6911315,691.1315
1.277111,31,81,-0.1310754,-0.09692539,0.1639428,0.264,-0.6536835,0.2716394,75,0,0.6911315,62.5,0,0,0,0,0,0.6911315,691.1315
1.279408,31,81,-0.1310754,-0.09692539,0.1639428,0.264,-0.6536835,0.2716394,75,0,0.6911315,62.5,0,0,0,0,0,0.6911315,691.1315
1.284809,31,81,-0.1310754,-0.09692539,0.1639428,0.264,-0.6536835,0.2716394,75,0,0.6911315,62.5,0,0,0,0,0,0.6911315,691.1315
1.291378,31,81,-0.1310754,-0.09692539,0.1639428,0.264,-0.6536835,0.2716394,75,0,0.6911315,62.5,0,0,0,0,0,0.6911315,691.1315
1.296719,31,81,-0.1310754,-0.09692539,0.1639428,0.264,-0.6536835,0.2716394,75,0,0.6911315,62.5,0,0,0,0,0,0.6911315,691.1315
1.299038,31,81,-0.1310754,-0.09692539,0.1639428,0.264,-0.6536835,0.2716394,75,0,0.6911315,62.5,0,0,0,0,0,0.6911315,691.1315
1.302582,31,81,-0.1310754,-0.09692539,0.1639428,0.264,-0.6536835,0.2716394,75,0,0.6911315,62.5,0,0,0,0,0,0.6911315,691.1315
1.305607,31,81,-0.1310754,-0.09692539,0.1639428,0.264,-0.6536835,0.2716394,75,0,0.6911315,62.5,0,0,0,0,0,0.6911315,691.1315
1.308212,31,81,-0.1310754,-0.09692539,0.1639428,0.264,-0.6536835,0.2716394,75,0,0.6911315,62.5,0,0,0,0,0,0.6911315,691.1315
1.310432,31,81,-0.1310754,-0.09692539,0.1639428,0.264,-0.6536835,0.2716394,75,0,0.6911315,62.5,0,0,0,0,0,0.6911315,691.1315
1.31258,31,81,-0.1310754,-0.09692539,0.1639428,0.264,-0.6536835,0.2716394,75,0,0.6911315,62.5,0,0,0,0,0,0.6911315,691.1315
1.314793,31,81,-0.1310754,-0.09692539,0.1639428,0.264,-0.6536835,0.2716394,75,0,0.6911315,62.5,0,0,0,0,0,0.6911315,691.1315
1.317127,31,81,-0.1310754,-0.09692539,0.1639428,0.264,-0.6536835,0.2716394,75,0,0.6911315,62.5,0,0,0,0,0,0.6911315,691.1315
1.319347,31,81,-0.1310754,-0.09692539,0.1639428,0.264,-0.6536835,0.2716394,75,0,0.6911315,62.5,0,0,0,0,0,0.6911315,691.1315
1.321487,31,81,-0.1310754,-0.09692539,0.1639428,0.264,-0.6536835,0.2716394,75,0,0.6911315,62.5,0,0,0,0,0,0.6911315,691.1315
1.323654,31,81,-0.1310754,-0.09692539,0.1639428,0.264,-0.6536835,0.2716394,75,0,0.6911315,62.5,0,0,0,0,0,0.6911315,691.1315
1.325775,31,81,-0.1310754,-0.09692539,0.1639428,0.264,-0.6536835,0.2716394,75,0,0.6911315,62.5,0,0,0,0,0,0.6911315,691.1315
1.328346,31,81,-0.1310754,-0.09692539,0.1639428,0.264,-0.6536835,0.2716394,75,0,0.6911315,62.5,0,0,0,0,0,0.6911315,691.1315
1.330421,31,81,-0.1310754,-0.09692539,0.1639428,0.264,-0.6536835,0.2716394,75,0,0.6911315,62.5,0,0,0,0,0,0.6911315,691.1315
1.332779,31,81,-0.1310754,-0.09692539,0.1639428,0.264,-0.6536835,0.2716394,75,0,0.6911315,62.5,0,0,0,0,0,0.6911315,691.1315
1.335556,31,81,-0.1310754,-0.09692539,0.1639428,0.264,-0.6536835,0.2716394,75,0,0.6911315,62.5,0,0,0,0,0,0.6911315,691.1315
1.337692,31,81,-0.1310754,-0.09692539,0.1639428,0.264,-0.6536835,0.2716394,75,0,0.6911315,62.5,0,0,0,0,0,0.6911315,691.1315
1.339901,31,81,-0.1310754,-0.09692539,0.1639428,0.264,-0.6536835,0.2716394,75,0,0.6911315,62.5,0,0,0,0,0,0.6911315,691.1315
1.34214,31,81,-0.1310754,-0.09692539,0.1639428,0.264,-0.6536835,0.2716394,75,0,0.6911315,62.5,0,0,0,0,0,0.6911315,691.1315
1.344376,31,81,-0.1310754,-0.09692539,0.1639428,0.264,-0.6536835,0.2716394,75,0,0.6911315,62.5,0,0,0,0,0,0.6911315,691.1315
1.347145,31,81,-0.1310754,-0.09692539,0.1639428,0.264,-0.6536835,0.2716394,75,0,0.6911315,62.5,0,0,0,0,0,0.6911315,691.1315
1.349659,31,81,-0.1310754,-0.09692539,0.1639428,0.264,-0.6536835,0.2716394,75,0,0.6911315,62.5,0,0,0,0,0,0.6911315,691.1315
1.352093,31,81,-0.1310754,-0.09692539,0.1639428,0.264,-0.6536835,0.2716394,75,0,0.6911315,62.5,0,0,0,0,0,0.6911315,691.1315
1.354439,31,81,-0.1310754,-0.09692539,0.1639428,0.264,-0.6536835,0.2716394,75,0,0.6911315,62.5,0,0,0,0,0,0.6911315,691.1315
1.356525,31,81,-0.1310754,-0.09692539,0.1639428,0.264,-0.6536835,0.2716394,75,0,0.6911315,62.5,0,0,0,0,0,0.6911315,691.1315
1.3587,31,81,-0.1310754,-0.09692539,0.1639428,0.264,-0.6536835,0.2716394,75,0,0.6911315,62.5,0,0,0,0,0,0.6911315,691.1315
1.360783,31,81,-0.1310754,-0.09692539,0.1639428,0.264,-0.6536835,0.2716394,75,0,0.6911315,62.5,0,0,0,0,0,0.6911315,691.1315
1.36311,31,81,-0.1310754,-0.09692539,0.1639428,0.264,-0.6536835,0.2716394,75,0,0.6911315,62.5,0,0,0,0,0,0.6911315,691.1315
1.366234,31,81,-0.1310754,-0.09692539,0.1639428,0.264,-0.6536835,0.2716394,75,0,0.6911315,62.5,0,0,0,0,0,0.6911315,691.1315
1.370293,31,81,-0.1310754,-0.09692539,0.1639428,0.264,-0.6536835,0.2716394,75,0,0.6911315,62.5,0,0,0,0,0,0.6911315,691.1315
1.373226,31,81,-0.1310754,-0.09692539,0.1639428,0.264,-0.6536835,0.2716394,75,0,0.6911315,62.5,0,0,0,0,0,0.6911315,691.1315
1.375572,31,81,-0.1310754,-0.09692539,0.1639428,0.264,-0.6536835,0.2716394,75,0,0.6911315,62.5,0,0,0,0,0,0.6911315,691.1315
1.377861,31,81,-0.1310754,-0.09692539,0.1639428,0.264,-0.6536835,0.2716394,75,0,0.6911315,62.5,0,0,0,0,0,0.6911315,691.1315
1.380299,31,81,-0.1310754,-0.09692539,0.1639428,0.264,-0.6536835,0.2716394,75,0,0.6911315,62.5,0,0,0,0,0,0.6911315,691.1315
1.382553,31,81,-0.1310754,-0.09692539,0.1639428,0.264,-0.6536835,0.2716394,75,0,0.6911315,62.5,0,0,0,0,0,0.6911315,691.1315
1.38567,31,81,-0.1310754,-0.09692539,0.1639428,0.264,-0.6536835,0.2716394,75,0,0.6911315,62.5,0,0,0,0,0,0.6911315,691.1315
1.388542,31,81,-0.1310754,-0.09692539,0.1639428,0.264,-0.6536835,0.2716394,75,0,0.6911315,62.5,0,0,0,0,0,0.6911315,691.1315
1.391403,31,81,-0.1310754,-0.09692539,0.1639428,0.264,-0.6536835,0.2716394,75,0,0.6911315,62.5,0,0,0,0,0,0.6911315,691.1315
1.395004,31,81,-0.1310754,-0.09692539,0.1639428,0.264,-0.6536835,0.2716394,75,0,0.6911315,62.5,0,0,0,0,0,0.6911315,691.1315
1.397579,31,81,-0.1310754,-0.09692539,0.1639428,0.264,-0.6536835,0.2716394,75,0,0.6911315,62.5,0,0,0,0,0,0.6911315,691.1315
1.400322,31,81,-0.1310754,-0.09692539,0.1639428,0.264,-0.6536835,0.2716394,75,0,0.6911315,62.5,0,0,0,0,0,0.6911315,691.1315
1.40292,31,81,-0.1310754,-0.09692539,0.1639428,0.264,-0.6536835,0.2716394,75,0,0.6911315,62.5,0,0,0,0,0,0.6911315,691.1315
1.405563,31,81,-0.1310754,-0.09692539,0.1639428,0.264,-0.6536835,0.2716394,75,0,0.6911315,62.5,0,0,0,0,0,0.6911315,691.1315
1.408585,31,81,-0.1310754,-0.09692539,0.1639428,0.264,-0.6536835,0.2716394,75,0,0.6911315,62.5,0,0,0,0,0,0.6911315,691.1315
1.411564,31,81,-0.1310754,-0.09692539,0.1639428,0.264,-0.6536835,0.2716394,75,0,0.6911315,62.5,0,0,0,0,0,0.6911315,691.1315
1.414734,31,81,-0.1310754,-0.09692539,0.1639428,0.264,-0.6536835,0.2716394,75,0,0.6911315,62.5,0,0,0,0,0,0.6911315,691.1315
1.417629,31,81,-0.1310754,-0.09692539,0.1639428,0.264,-0.6536835,0.2716394,75,0,0.6911315,62.5,0,0,0,0,0,0.6911315,691.1315
1.420071,31,81,-0.1310754,-0.09692539,0.1639428,0.264,-0.6536835,0.2716394,75,0,0.6911315,62.5,0,0,0,0,0,0.6911315,691.1315
1.423069,31,81,-0.1310754,-0.09692539,0.1639428,0.264,-0.6536835,0.2716394,75,0,0.6911315,62.5,0,0,0,0,0,0.6911315,691.1315
1.425766,31,81,-0.1310754,-0.09692539,0.1639428,0.264,-0.6536835,0.2716394,75,0,0.6911315,62.5,0,0,0,0,0,0.6911315,691.1315
1.432884,31,81,-0.1310754,-0.09692539,0.1639428,0.264,-0.6536835,0.2716394,75,0,0.6911315,62.5,0,0,0,0,0,0.6911315,691.1315
1.435425,31,81,-0.1310754,-0.09692539,0.1639428,0.264,-0.6536835,0.2716394,75,0,0.6911315,62.5,0,0,0,0,0,0.6911315,691.1315
1.438358,31,81,-0.1310754,-0.09692539,0.1639428,0.264,-0.6536835,0.2716394,75,0,0.6911315,62.5,0,0,0,0,0,0.6911315,691.1315
1.441284,31,81,-0.1310754,-0.09692539,0.1639428,0.264,-0.6536835,0.2716394,75,0,0.6911315,62.5,0,0,0,0,0,0.6911315,691.1315
1.443928,31,81,-0.1310754,-0.09692539,0.1639428,0.264,-0.6536835,0.2716394,75,0,0.6911315,62.5,0,0,0,0,0,0.6911315,691.1315
1.44643,31,81,-0.1310754,-0.09692539,0.1639428,0.264,-0.6536835,0.2716394,75,0,0.6911315,62.5,0,0,0,0,0,0.6911315,691.1315
1.448795,31,81,-0.1310754,-0.09692539,0.1639428,0.264,-0.6536835,0.2716394,75,0,0.6911315,62.5,0,0,0,0,0,0.6911315,691.1315
1.451881,31,81,-0.1310754,-0.09692539,0.1639428,0.264,-0.6536835,0.2716394,75,0,0.6911315,62.5,0,0,0,0,0,0.6911315,691.1315
1.454391,31,81,-0.1310754,-0.09692539,0.1639428,0.264,-0.6536835,0.2716394,75,0,0.6911315,62.5,0,0,0,0,0,0.6911315,691.1315
1.457172,31,81,-0.1310754,-0.09692539,0.1639428,0.264,-0.6536835,0.2716394,75,0,0.6911315,62.5,0,0,0,0,0,0.6911315,691.1315
1.460167,31,81,-0.1310754,-0.09692539,0.1639428,0.264,-0.6536835,0.2716394,75,0,0.6911315,62.5,0,0,0,0,0,0.6911315,691.1315
1.462475,31,81,-0.1310754,-0.09692539,0.1639428,0.264,-0.6536835,0.2716394,75,0,0.6911315,62.5,0,0,0,0,0,0.6911315,691.1315
1.464607,31,81,-0.1310754,-0.09692539,0.1639428,0.264,-0.6536835,0.2716394,75,0,0.6911315,62.5,0,0,0,0,0,0.6911315,691.1315
1.467751,31,81,-0.1310754,-0.09692539,0.1639428,0.264,-0.6536835,0.2716394,75,0,0.6911315,62.5,0,0,0,0,0,0.6911315,691.1315
1.47057,31,81,-0.1310754,-0.09692539,0.1639428,0.264,-0.6536835,0.2716394,75,0,0.6911315,62.5,0,0,0,0,0,0.6911315,691.1315
1.472912,31,81,-0.1310754,-0.09692539,0.1639428,0.264,-0.6536835,0.2716394,75,0,0.6911315,62.5,0,0,0,0,0,0.6911315,691.1315
1.475231,31,81,-0.1310754,-0.09692539,0.1639428,0.264,-0.6536835,0.2716394,75,0,0.6911315,62.5,0,0,0,0,0,0.6911315,691.1315
1.477379,31,81,-0.1310754,-0.09692539,0.1639428,0.264,-0.6536835,0.2716394,75,0,0.6911315,62.5,0,0,0,0,0,0.6911315,691.1315
1.479477,31,81,-0.1310754,-0.09692539,0.1639428,0.264,-0.6536835,0.2716394,75,0,0.6911315,62.5,0,0,0,0,0,0.6911315,691.1315
1.481613,31,81,-0.1310754,-0.09692539,0.1639428,0.264,-0.6536835,0.2716394,75,0,0.6911315,62.5,0,0,0,0,0,0.6911315,691.1315
1.48423,31,81,-0.1310754,-0.09692539,0.1639428,0.264,-0.6536835,0.2716394,75,0,0.6911315,62.5,0,0,0,0,0,0.6911315,691.1315
1.487896,31,81,-0.1310754,-0.09692539,0.1639428,0.264,-0.6536835,0.2716394,75,0,0.6911315,62.5,0,0,0,0,0,0.6911315,691.1315
1.490063,31,81,-0.1310754,-0.09692539,0.1639428,0.264,-0.6536835,0.2716394,75,0,0.6911315,62.5,0,0,0,0,0,0.6911315,691.1315
1.492218,31,81,-0.1310754,-0.09692539,0.1639428,0.264,-0.6536835,0.2716394,75,0,0.6911315,62.5,0,0,0,0,0,0.6911315,691.1315
1.494282,31,81,-0.1310754,-0.09692539,0.1639428,0.264,-0.6536835,0.2716394,75,0,0.6911315,62.5,0,0,0,0,0,0.6911315,691.1315
1.496288,31,81,-0.1310754,-0.09692539,0.1639428,0.264,-0.6536835,0.2716394,75,0,0.6911315,62.5,0,0,0,0,0,0.6911315,691.1315
1.498409,31,81,-0.1310754,-0.09692539,0.1639428,0.264,-0.6536835,0.2716394,75,0,0.6911315,62.5,0,0,0,0,0,0.6911315,691.1315
1.501034,31,81,-0.1310754,-0.09692539,0.1639428,0.264,-0.6536835,0.2716394,75,0,0.6911315,62.5,0,0,0,0,0,0.6911315,691.1315
1.503952,31,81,-0.1310754,-0.09692539,0.1639428,0.264,-0.6536835,0.2716394,75,0,0.6911315,62.5,0,0,0,0,0,0.6911315,691.1315
1.50671,31,81,-0.1310754,-0.09692539,0.1639428,0.264,-0.6536835,0.2716394,75,0,0.6911315,62.5,0,0,0,0,0,0.6911315,691.1315
1.508823,31,81,-0.1310754,-0.09692539,0.1639428,0.264,-0.6536835,0.2716394,75,0,0.6911315,62.5,0,0,0,0,0,0.6911315,691.1315
1.511013,31,81,-0.1310754,-0.09692539,0.1639428,0.264,-0.6536835,0.2716394,75,0,0.6911315,62.5,0,0,0,0,0,0.6911315,691.1315
1.513119,31,81,-0.1310754,-0.09692539,0.1639428,0.264,-0.6536835,0.2716394,75,0,0.6911315,62.5,0,0,0,0,0,0.6911315,691.1315
1.515308,31,81,-0.1310754,-0.09692539,0.1639428,0.264,-0.6536835,0.2716394,75,0,0.6911315,62.5,0,0,0,0,0,0.6911315,691.1315
1.518196,31,81,-0.1310754,-0.09692539,0.1639428,0.264,-0.6536835,0.2716394,75,0,0.6911315,62.5,0,0,0,0,0,0.6911315,691.1315
1.521324,31,81,-0.1310754,-0.09692539,0.1639428,0.264,-0.6536835,0.2716394,75,0,0.6911315,62.5,0,0,0,0,0,0.6911315,691.1315
1.523621,31,81,-0.1310754,-0.09692539,0.1639428,0.264,-0.6536835,0.2716394,75,0,0.6911315,62.5,0,0,0,0,0,0.6911315,691.1315
1.525814,31,81,-0.1310754,-0.09692539,0.1639428,0.264,-0.6536835,0.2716394,75,0,0.6911315,62.5,0,0,0,0,0,0.6911315,691.1315
1.52845,31,81,-0.1310754,-0.09692539,0.1639428,0.264,-0.6536835,0.2716394,75,0,0.6911315,62.5,0,0,0,0,0,0.6911315,691.1315
1.530651,31,81,-0.1310754,-0.09692539,0.1639428,0.264,-0.6536835,0.2716394,75,0,0.6911315,62.5,0,0,0,0,0,0.6911315,691.1315
1.533195,31,81,-0.1310754,-0.09692539,0.1639428,0.264,-0.6536835,0.2716394,75,0,0.6911315,62.5,0,0,0,0,0,0.6911315,691.1315
1.536045,31,81,-0.1310754,-0.09692539,0.1639428,0.264,-0.6536835,0.2716394,75,0,0.6911315,62.5,0,0,0,0,0,0.6911315,691.1315
1.538204,31,81,-0.1310754,-0.09692539,0.1639428,0.264,-0.6536835,0.2716394,75,0,0.6911315,62.5,0,0,0,0,0,0.6911315,691.1315
1.540337,31,81,-0.1310754,-0.09692539,0.1639428,0.264,-0.6536835,0.2716394,75,0,0.6911315,62.5,0,0,0,0,0,0.6911315,691.1315
1.542633,31,81,-0.1310754,-0.09692539,0.1639428,0.264,-0.6536835,0.2716394,75,0,0.6911315,62.5,0,0,0,0,0,0.6911315,691.1315
1.54493,31,81,-0.1310754,-0.09692539,0.1639428,0.264,-0.6536835,0.2716394,75,0,0.6911315,62.5,0,0,0,0,0,0.6911315,691.1315
1.547581,31,81,-0.1310754,-0.09692539,0.1639428,0.264,-0.6536835,0.2716394,75,0,0.6911315,62.5,0,0,0,0,0,0.6911315,691.1315
1.550724,31,81,-0.1310754,-0.09692539,0.1639428,0.264,-0.6536835,0.2716394,75,0,0.6911315,62.5,0,0,0,0,0,0.6911315,691.1315
1.554104,31,81,-0.1310754,-0.09692539,0.1639428,0.264,-0.6536835,0.2716394,75,0,0.6911315,62.5,0,0,0,0,0,0.6911315,691.1315
1.556797,31,81,-0.1310754,-0.09692539,0.1639428,0.264,-0.6536835,0.2716394,75,0,0.6911315,62.5,0,0,0,0,0,0.6911315,691.1315
1.559002,31,81,-0.1310754,-0.09692539,0.1639428,0.264,-0.6536835,0.2716394,75,0,0.6911315,62.5,0,0,0,0,0,0.6911315,691.1315
1.561115,31,81,-0.1310754,-0.09692539,0.1639428,0.264,-0.6536835,0.2716394,75,0,0.6911315,62.5,0,0,0,0,0,0.6911315,691.1315
1.563244,31,81,-0.1310754,-0.09692539,0.1639428,0.264,-0.6536835,0.2716394,75,0,0.6911315,62.5,0,0,0,0,0,0.6911315,691.1315
1.565632,31,81,-0.1310754,-0.09692539,0.1639428,0.264,-0.6536835,0.2716394,75,0,0.6911315,62.5,0,0,0,0,0,0.6911315,691.1315
1.56852,31,81,-0.1310754,-0.09692539,0.1639428,0.264,-0.6536835,0.2716394,75,0,0.6911315,62.5,0,0,0,0,0,0.6911315,691.1315
1.570835,31,81,-0.1310754,-0.09692539,0.1639428,0.264,-0.6536835,0.2716394,75,0,0.6911315,62.5,0,0,0,0,0,0.6911315,691.1315
1.573093,31,81,-0.1310754,-0.09692539,0.1639428,0.264,-0.6536835,0.2716394,75,0,0.6911315,62.5,0,0,0,0,0,0.6911315,691.1315
1.575302,31,81,-0.1310754,-0.09692539,0.1639428,0.264,-0.6536835,0.2716394,75,0,0.6911315,62.5,0,0,0,0,0,0.6911315,691.1315
1.577488,31,81,-0.1310754,-0.09692539,0.1639428,0.264,-0.6536835,0.2716394,75,0,0.6911315,62.5,0,0,0,0,0,0.6911315,691.1315
1.579647,31,81,-0.1310754,-0.09692539,0.1639428,0.264,-0.6536835,0.2716394,75,0,0.6911315,62.5,0,0,0,0,0,0.6911315,691.1315
1.582397,31,81,-0.1310754,-0.09692539,0.1639428,0.264,-0.6536835,0.2716394,75,0,0.6911315,62.5,0,0,0,0,0,0.6911315,691.1315
1.58543,31,81,-0.1310754,-0.09692539,0.1639428,0.264,-0.6536835,0.2716394,75,0,0.6911315,62.5,0,0,0,0,0,0.6911315,691.1315
1.589088,31,81,-0.1310754,-0.09692539,0.1639428,0.264,-0.6536835,0.2716394,75,0,0.6911315,62.5,0,0,0,0,0,0.6911315,691.1315
1.594196,31,81,-0.1310754,-0.09692539,0.1639428,0.264,-0.6536835,0.2716394,75,0,0.6911315,62.5,0,0,0,0,0,0.6911315,691.1315
1.598507,31,81,-0.1310754,-0.09692539,0.1639428,0.264,-0.6536835,0.2716394,75,0,0.6911315,62.5,0,0,0,0,0,0.6911315,691.1315
1.602482,31,81,-0.1310754,-0.09692539,0.1639428,0.264,-0.6536835,0.2716394,75,0,0.6911315,62.5,0,0,0,0,0,0.6911315,691.1315
1.611389,31,81,-0.1310754,-0.09692539,0.1639428,0.264,-0.6536835,0.2716394,75,0,0.6911315,62.5,0,0,0,0,0,0.6911315,691.1315
1.622082,31,81,-0.1310754,-0.09692539,0.1639428,0.264,-0.6536835,0.2716394,75,0,0.6911315,62.5,0,0,0,0,0,0.6911315,691.1315
1.63205,31,81,-0.1310754,-0.09692539,0.1639428,0.264,-0.6536835,0.2716394,75,0,0.6911315,62.5,0,0,0,0,0,0.6911315,691.1315
1.635422,31,81,-0.1310754,-0.09692539,0.1639428,0.264,-0.6536835,0.2716394,75,0,0.6911315,62.5,0,0,0,0,0,0.6911315,691.1315
1.638229,31,81,-0.1310754,-0.09692539,0.1639428,0.264,-0.6536835,0.2716394,75,0,0.6911315,62.5,0,0,0,0,0,0.6911315,691.1315
1.641968,31,81,-0.1310754,-0.09692539,0.1639428,0.264,-0.6536835,0.2716394,75,0,0.6911315,62.5,0,0,0,0,0,0.6911315,691.1315
1.645943,31,81,-0.1310754,-0.09692539,0.1639428,0.264,-0.6536835,0.2716394,75,0,0.6911315,62.5,0,0,0,0,0,0.6911315,691.1315
1.652046,31,81,-0.1310754,-0.09692539,0.1639428,0.264,-0.6536835,0.2716394,75,0,0.6911315,62.5,0,0,0,0,0,0.6911315,691.1315
1.660381,31,81,-0.1310754,-0.09692539,0.1639428,0.264,-0.6536835,0.2716394,75,0,0.6911315,62.5,0,0,0,0,0,0.6911315,691.1315
1.664154,31,81,-0.1310754,-0.09692539,0.1639428,0.264,-0.6536835,0.2716394,75,0,0.6911315,62.5,0,0,0,0,0,0.6911315,691.1315
1.668262,31,81,-0.1310754,-0.09692539,0.1639428,0.264,-0.6536835,0.2716394,75,0,0.6911315,62.5,0,0,0,0,0,0.6911315,691.1315
1.671539,31,81,-0.1310754,-0.09692539,0.1639428,0.264,-0.6536835,0.2716394,75,0,0.6911315,62.5,0,0,0,0,0,0.6911315,691.1315
1.674282,31,81,-0.1310754,-0.09692539,0.1639428,0.264,-0.6536835,0.2716394,75,0,0.6911315,62.5,0,0,0,0,0,0.6911315,691.1315
1.677341,31,81,-0.1310754,-0.09692539,0.1639428,0.264,-0.6536835,0.2716394,75,0,0.6911315,62.5,0,0,0,0,0,0.6911315,691.1315
1.680119,31,81,-0.1310754,-0.09692539,0.1639428,0.264,-0.6536835,0.2716394,75,0,0.6911315,62.5,0,0,0,0,0,0.6911315,691.1315
1.685234,31,81,-0.1310754,-0.09692539,0.1639428,0.264,-0.6536835,0.2716394,75,0,0.6911315,62.5,0,0,0,0,0,0.6911315,691.1315
1.694176,31,81,-0.1310754,-0.09692539,0.1639428,0.264,-0.6536835,0.2716394,75,0,0.6911315,62.5,0,0,0,0,0,0.6911315,691.1315
1.7034,31,81,-0.1310754,-0.09692539,0.1639428,0.264,-0.6536835,0.2716394,75,0,0.6911315,62.5,0,0,0,0,0,0.6911315,691.1315
1.706345,31,81,-0.1310754,-0.09692539,0.1639428,0.264,-0.6536835,0.2716394,75,0,0.6911315,62.5,0,0,0,0,0,0.6911315,691.1315
1.712887,31,81,-0.1310754,-0.09692539,0.1639428,0.264,-0.6536835,0.2716394,75,0,0.6911315,62.5,0,0,0,0,0,0.6911315,691.1315
1.71838,31,81,-0.1310754,-0.09692539,0.1639428,0.264,-0.6536835,0.2716394,75,0,0.6911315,62.5,0,0,0,0,0,0.6911315,691.1315
1.722542,31,81,-0.1310754,-0.09692539,0.1639428,0.264,-0.6536835,0.2716394,75,0,0.6911315,62.5,0,0,0,0,0,0.6911315,691.1315
1.726273,31,81,-0.1310754,-0.09692539,0.1639428,0.264,-0.6536835,0.2716394,75,0,0.6911315,62.5,0,0,0,0,0,0.6911315,691.1315
1.730515,31,81,-0.1310754,-0.09692539,0.1639428,0.264,-0.6536835,0.2716394,75,0,0.6911315,62.5,0,0,0,0,0,0.6911315,691.1315
1.733521,31,81,-0.1310754,-0.09692539,0.1639428,0.264,-0.6536835,0.2716394,75,0,0.6911315,62.5,0,0,0,0,0,0.6911315,691.1315
1.736385,31,81,-0.1310754,-0.09692539,0.1639428,0.264,-0.6536835,0.2716394,75,0,0.6911315,62.5,0,0,0,0,0,0.6911315,691.1315
1.7393,31,81,-0.1310754,-0.09692539,0.1639428,0.264,-0.6536835,0.2716394,75,0,0.6911315,62.5,0,0,0,0,0,0.6911315,691.1315
1.741753,31,81,-0.1310754,-0.09692539,0.1639428,0.264,-0.6536835,0.2716394,75,0,0.6911315,62.5,0,0,0,0,0,0.6911315,691.1315
1.744186,31,81,-0.1310754,-0.09692539,0.1639428,0.264,-0.6536835,0.2716394,75,0,0.6911315,62.5,0,0,0,0,0,0.6911315,691.1315
1.746628,31,81,-0.1310754,-0.09692539,0.1639428,0.264,-0.6536835,0.2716394,75,0,0.6911315,62.5,0,0,0,0,0,0.6911315,691.1315
1.748791,31,81,-0.1310754,-0.09692539,0.1639428,0.264,-0.6536835,0.2716394,75,0,0.6911315,62.5,0,0,0,0,0,0.6911315,691.1315
1.751316,31,81,-0.1310754,-0.09692539,0.1639428,0.264,-0.6536835,0.2716394,75,0,0.6911315,62.5,0,0,0,0,0,0.6911315,691.1315
1.75375,31,81,-0.1310754,-0.09692539,0.1639428,0.264,-0.6536835,0.2716394,75,0,0.6911315,62.5,0,0,0,0,0,0.6911315,691.1315
1.755913,31,81,-0.1310754,-0.09692539,0.1639428,0.264,-0.6536835,0.2716394,75,0,0.6911315,62.5,0,0,0,0,0,0.6911315,691.1315
1.758129,31,81,-0.1310754,-0.09692539,0.1639428,0.264,-0.6536835,0.2716394,75,0,0.6911315,62.5,0,0,0,0,0,0.6911315,691.1315
1.760048,31,81,-0.1310754,-0.09692539,0.1639428,0.264,-0.6536835,0.2716394,75,0,0.6911315,62.5,0,0,0,0,0,0.6911315,691.1315
1.762215,31,81,-0.1310754,-0.09692539,0.1639428,0.264,-0.6536835,0.2716394,75,0,0.6911315,62.5,0,0,0,0,0,0.6911315,691.1315
1.76437,31,81,-0.1310754,-0.09692539,0.1639428,0.264,-0.6536835,0.2716394,75,0,0.6911315,62.5,0,0,0,0,0,0.6911315,691.1315
1.767338,31,81,-0.1310754,-0.09692539,0.1639428,0.264,-0.6536835,0.2716394,75,0,0.6911315,62.5,0,0,0,0,0,0.6911315,691.1315
1.770443,31,81,-0.1310754,-0.09692539,0.1639428,0.264,-0.6536835,0.2716394,75,0,0.6911315,62.5,0,0,0,0,0,0.6911315,691.1315
1.772892,31,81,-0.1310754,-0.09692539,0.1639428,0.264,-0.6536835,0.2716394,75,0,0.6911315,62.5,0,0,0,0,0,0.6911315,691.1315
1.775066,31,81,-0.1310754,-0.09692539,0.1639428,0.264,-0.6536835,0.2716394,75,0,0.6911315,62.5,0,0,0,0,0,0.6911315,691.1315
1.777298,31,81,-0.1310754,-0.09692539,0.1639428,0.264,-0.6536835,0.2716394,75,0,0.6911315,62.5,0,0,0,0,0,0.6911315,691.1315
1.779438,31,81,-0.1310754,-0.09692539,0.1639428,0.264,-0.6536835,0.2716394,75,0,0.6911315,62.5,0,0,0,0,0,0.6911315,691.1315
1.781563,31,81,-0.1310754,-0.09692539,0.1639428,0.264,-0.6536835,0.2716394,75,0,0.6911315,62.5,0,0,0,0,0,0.6911315,691.1315
1.784145,31,81,-0.1310754,-0.09692539,0.1639428,0.264,-0.6536835,0.2716394,75,0,0.6911315,62.5,0,0,0,0,0,0.6911315,691.1315
1.786766,31,81,-0.1310754,-0.09692539,0.1639428,0.264,-0.6536835,0.2716394,75,0,0.6911315,62.5,0,0,0,0,0,0.6911315,691.1315
1.789013,31,81,-0.1310754,-0.09692539,0.1639428,0.264,-0.6536835,0.2716394,75,0,0.6911315,62.5,0,0,0,0,0,0.6911315,691.1315
1.791161,31,81,-0.1310754,-0.09692539,0.1639428,0.264,-0.6536835,0.2716394,75,0,0.6911315,62.5,0,0,0,0,0,0.6911315,691.1315
1.793377,31,81,-0.1310754,-0.09692539,0.1639428,0.264,-0.6536835,0.2716394,75,0,0.6911315,62.5,0,0,0,0,0,0.6911315,691.1315
1.795422,31,81,-0.1310754,-0.09692539,0.1639428,0.264,-0.6536835,0.2716394,75,0,0.6911315,62.5,0,0,0,0,0,0.6911315,691.1315
1.797562,31,81,-0.1310754,-0.09692539,0.1639428,0.264,-0.6536835,0.2716394,75,0,0.6911315,62.5,0,0,0,0,0,0.6911315,691.1315
1.801018,31,81,-0.1310754,-0.09692539,0.1639428,0.264,-0.6536835,0.2716394,75,0,0.6911315,62.5,0,0,0,0,0,0.6911315,691.1315
1.803444,31,81,-0.1310754,-0.09692539,0.1639428,0.264,-0.6536835,0.2716394,75,0,0.6911315,62.5,0,0,0,0,0,0.6911315,691.1315
1.805923,31,81,-0.1310754,-0.09692539,0.1639428,0.264,-0.6536835,0.2716394,75,0,0.6911315,62.5,0,0,0,0,0,0.6911315,691.1315
1.808811,31,81,-0.1310754,-0.09692539,0.1639428,0.264,-0.6536835,0.2716394,75,0,0.6911315,62.5,0,0,0,0,0,0.6911315,691.1315
1.811016,31,81,-0.1310754,-0.09692539,0.1639428,0.264,-0.6536835,0.2716394,75,0,0.6911315,62.5,0,0,0,0,0,0.6911315,691.1315
1.813644,31,81,-0.1310754,-0.09692539,0.1639428,0.264,-0.6536835,0.2716394,75,0,0.6911315,62.5,0,0,0,0,0,0.6911315,691.1315
1.816158,31,81,-0.1310754,-0.09692539,0.1639428,0.264,-0.6536835,0.2716394,75,0,0.6911315,62.5,0,0,0,0,0,0.6911315,691.1315
1.818596,31,81,-0.1310754,-0.09692539,0.1639428,0.264,-0.6536835,0.2716394,75,0,0.6911315,62.5,0,0,0,0,0,0.6911315,691.1315
1.820961,31,81,-0.1310754,-0.09692539,0.1639428,0.264,-0.6536835,0.2716394,75,0,0.6911315,62.5,0,0,0,0,0,0.6911315,691.1315
1.823048,31,81,-0.1310754,-0.09692539,0.1639428,0.264,-0.6536835,0.2716394,75,0,0.6911315,62.5,0,0,0,0,0,0.6911315,691.1315
1.825272,31,81,-0.1310754,-0.09692539,0.1639428,0.264,-0.6536835,0.2716394,75,0,0.6911315,62.5,0,0,0,0,0,0.6911315,691.1315
1.827942,31,81,-0.1310754,-0.09692539,0.1639428,0.264,-0.6536835,0.2716394,75,0,0.6911315,62.5,0,0,0,0,0,0.6911315,691.1315
1.831703,31,81,-0.1310754,-0.09692539,0.1639428,0.264,-0.6536835,0.2716394,75,0,0.6911315,62.5,0,0,0,0,0,0.6911315,691.1315
1.836559,31,81,-0.1310754,-0.09692539,0.1639428,0.264,-0.6536835,0.2716394,75,0,0.6911315,62.5,0,0,0,0,0,0.6911315,691.1315
1.840496,31,81,-0.1310754,-0.09692539,0.1639428,0.264,-0.6536835,0.2716394,75,0,0.6911315,62.5,0,0,0,0,0,0.6911315,691.1315
1.845173,31,81,-0.1310754,-0.09692539,0.1639428,0.264,-0.6536835,0.2716394,75,0,0.6911315,62.5,0,0,0,0,0,0.6911315,691.1315
1.851086,31,81,-0.1310754,-0.09692539,0.1639428,0.264,-0.6536835,0.2716394,75,0,0.6911315,62.5,0,0,0,0,0,0.6911315,691.1315
1.85487,31,81,-0.1310754,-0.09692539,0.1639428,0.264,-0.6536835,0.2716394,75,0,0.6911315,62.5,0,0,0,0,0,0.6911315,691.1315
1.858562,31,81,-0.1310754,-0.09692539,0.1639428,0.264,-0.6536835,0.2716394,75,0,0.6911315,62.5,0,0,0,0,0,0.6911315,691.1315
1.862343,31,81,-0.1310754,-0.09692539,0.1639428,0.264,-0.6536835,0.2716394,75,0,0.6911315,62.5,0,0,0,0,0,0.6911315,691.1315
1.866714,31,81,-0.1310754,-0.09692539,0.1639428,0.264,-0.6536835,0.2716394,75,0,0.6911315,62.5,0,0,0,0,0,0.6911315,691.1315
1.878098,31,81,-0.1310754,-0.09692539,0.1639428,0.264,-0.6536835,0.2716394,75,0,0.6911315,62.5,0,0,0,0,0,0.6911315,691.1315
1.885647,31,81,-0.1310754,-0.09692539,0.1639428,0.264,-0.6536835,0.2716394,75,0,0.6911315,62.5,0,0,0,0,0,0.6911315,691.1315
1.89016,31,81,-0.1310754,-0.09692539,0.1639428,0.264,-0.6536835,0.2716394,75,0,0.6911315,62.5,0,0,0,0,0,0.6911315,691.1315
1.894192,31,81,-0.1310754,-0.09692539,0.1639428,0.264,-0.6536835,0.2716394,75,0,0.6911315,62.5,0,0,0,0,0,0.6911315,691.1315
1.899055,31,81,-0.1310754,-0.09692539,0.1639428,0.264,-0.6536835,0.2716394,75,0,0.6911315,62.5,0,0,0,0,0,0.6911315,691.1315
1.902897,31,81,-0.1310754,-0.09692539,0.1639428,0.264,-0.6536835,0.2716394,75,0,0.6911315,62.5,0,0,0,0,0,0.6911315,691.1315
1.910328,31,81,-0.1310754,-0.09692539,0.1639428,0.264,-0.6536835,0.2716394,75,0,0.6911315,62.5,0,0,0,0,0,0.6911315,691.1315
1.915272,31,81,-0.1310754,-0.09692539,0.1639428,0.264,-0.6536835,0.2716394,75,0,0.6911315,62.5,0,0,0,0,0,0.6911315,691.1315
1.923096,31,81,-0.1310754,-0.09692539,0.1639428,0.264,-0.6536835,0.2716394,75,0,0.6911315,62.5,0,0,0,0,0,0.6911315,691.1315
1.928066,31,81,-0.1310754,-0.09692539,0.1639428,0.264,-0.6536835,0.2716394,75,0,0.6911315,62.5,0,0,0,0,0,0.6911315,691.1315
1.931297,31,81,-0.1310754,-0.09692539,0.1639428,0.264,-0.6536835,0.2716394,75,0,0.6911315,62.5,0,0,0,0,0,0.6911315,691.1315
1.935387,31,81,-0.1310754,-0.09692539,0.1639428,0.264,-0.6536835,0.2716394,75,0,0.6911315,62.5,0,0,0,0,0,0.6911315,691.1315
1.939682,31,81,-0.1310754,-0.09692539,0.1639428,0.264,-0.6536835,0.2716394,75,0,0.6911315,62.5,0,0,0,0,0,0.6911315,691.1315
1.944019,31,81,-0.1310754,-0.09692539,0.1639428,0.264,-0.6536835,0.2716394,75,0,0.6911315,62.5,0,0,0,0,0,0.6911315,691.1315
1.949512,31,81,-0.1310754,-0.09692539,0.1639428,0.264,-0.6536835,0.2716394,75,0,0.6911315,62.5,0,0,0,0,0,0.6911315,691.1315
1.955372,31,81,-0.1310754,-0.09692539,0.1639428,0.264,-0.6536835,0.2716394,75,0,0.6911315,62.5,0,0,0,0,0,0.6911315,691.1315
1.959198,31,81,-0.1310754,-0.09692539,0.1639428,0.264,-0.6536835,0.2716394,75,0,0.6911315,62.5,0,0,0,0,0,0.6911315,691.1315
1.962776,31,81,-0.1310754,-0.09692539,0.1639428,0.264,-0.6536835,0.2716394,75,0,0.6911315,62.5,0,0,0,0,0,0.6911315,691.1315
1.96534,31,81,-0.1310754,-0.09692539,0.1639428,0.264,-0.6536835,0.2716394,75,0,0.6911315,62.5,0,0,0,0,0,0.6911315,691.1315
1.970486,31,81,-0.1310754,-0.09692539,0.1639428,0.264,-0.6536835,0.2716394,75,0,0.6911315,62.5,0,0,0,0,0,0.6911315,691.1315
1.973293,31,81,-0.1310754,-0.09692539,0.1639428,0.264,-0.6536835,0.2716394,75,0,0.6911315,62.5,0,0,0,0,0,0.6911315,691.1315
1.975853,31,81,-0.1310754,-0.09692539,0.1639428,0.264,-0.6536835,0.2716394,75,0,0.6911315,62.5,0,0,0,0,0,0.6911315,691.1315
1.978447,31,81,-0.1310754,-0.09692539,0.1639428,0.264,-0.6536835,0.2716394,75,0,0.6911315,62.5,0,0,0,0,0,0.6911315,691.1315
1.983952,31,81,-0.1310754,-0.09692539,0.1639428,0.264,-0.6536835,0.2716394,75,0,0.6911315,62.5,0,0,0,0,0,0.6911315,691.1315
1.989613,31,81,-0.1310754,-0.09692539,0.1639428,0.264,-0.6536835,0.2716394,75,0,0.6911315,62.5,0,0,0,0,0,0.6911315,691.1315
1.992298,31,81,-0.1310754,-0.09692539,0.1639428,0.264,-0.6536835,0.2716394,75,0,0.6911315,62.5,0,0,0,0,0,0.6911315,691.1315
1.995182,31,81,-0.1310754,-0.09692539,0.1639428,0.264,-0.6536835,0.2716394,75,0,0.6911315,62.5,0,0,0,0,0,0.6911315,691.1315
1.998569,31,81,-0.1310754,-0.09692539,0.1639428,0.264,-0.6536835,0.2716394,75,0,0.6911315,62.5,0,0,0,0,0,0.6911315,691.1315
2.003788,31,81,-0.1310754,-0.09692539,0.1639428,0.264,-0.6536835,0.2716394,75,0,0.6911315,62.5,0,0,0,0,0,0.6911315,691.1315
2.01022,31,81,-0.1310754,-0.09692539,0.1639428,0.264,-0.6536835,0.2716394,75,0,0.6911315,62.5,0,0,0,0,0,0.6911315,691.1315
2.012543,31,81,-0.1310754,-0.09692539,0.1639428,0.264,-0.6536835,0.2716394,75,0,0.6911315,62.5,0,0,0,0,0,0.6911315,691.1315
2.014736,31,81,-0.1310754,-0.09692539,0.1639428,0.264,-0.6536835,0.2716394,75,0,0.6911315,62.5,0,0,0,0,0,0.6911315,691.1315
2.017193,31,81,-0.1310754,-0.09692539,0.1639428,0.264,-0.6536835,0.2716394,75,0,0.6911315,62.5,0,0,0,0,0,0.6911315,691.1315
2.019428,31,81,-0.1310754,-0.09692539,0.1639428,0.264,-0.6536835,0.2716394,75,0,0.6911315,62.5,0,0,0,0,0,0.6911315,691.1315
2.021603,31,81,-0.1310754,-0.09692539,0.1639428,0.264,-0.6536835,0.2716394,75,0,0.6911315,62.5,0,0,0,0,0,0.6911315,691.1315
2.02388,31,81,-0.1310754,-0.09692539,0.1639428,0.264,-0.6536835,0.2716394,75,0,0.6911315,62.5,0,0,0,0,0,0.6911315,691.1315
2.026367,31,81,-0.1310754,-0.09692539,0.1639428,0.264,-0.6536835,0.2716394,75,0,0.6911315,62.5,0,0,0,0,0,0.6911315,691.1315
2.028671,31,81,-0.1310754,-0.09692539,0.1639428,0.264,-0.6536835,0.2716394,75,0,0.6911315,62.5,0,0,0,0,0,0.6911315,691.1315
2.030819,31,81,-0.1310754,-0.09692539,0.1639428,0.264,-0.6536835,0.2716394,75,0,0.6911315,62.5,0,0,0,0,0,0.6911315,691.1315
2.034016,31,81,-0.1310754,-0.09692539,0.1639428,0.264,-0.6536835,0.2716394,75,0,0.6911315,62.5,0,0,0,0,0,0.6911315,691.1315
2.036892,31,81,-0.1310754,-0.09692539,0.1639428,0.264,-0.6536835,0.2716394,75,0,0.6911315,62.5,0,0,0,0,0,0.6911315,691.1315
2.0392,31,81,-0.1310754,-0.09692539,0.1639428,0.264,-0.6536835,0.2716394,75,0,0.6911315,62.5,0,0,0,0,0,0.6911315,691.1315
2.041344,31,81,-0.1310754,-0.09692539,0.1639428,0.264,-0.6536835,0.2716394,75,0,0.6911315,62.5,0,0,0,0,0,0.6911315,691.1315
2.043488,31,81,-0.1310754,-0.09692539,0.1639428,0.264,-0.6536835,0.2716394,75,0,0.6911315,62.5,0,0,0,0,0,0.6911315,691.1315
2.045567,31,81,-0.1310754,-0.09692539,0.1639428,0.264,-0.6536835,0.2716394,75,0,0.6911315,62.5,0,0,0,0,0,0.6911315,691.1315
2.048874,31,81,-0.1310754,-0.09692539,0.1639428,0.264,-0.6536835,0.2716394,75,0,0.6911315,62.5,0,0,0,0,0,0.6911315,691.1315
2.051628,31,81,-0.1310754,-0.09692539,0.1639428,0.264,-0.6536835,0.2716394,75,0,0.6911315,62.5,0,0,0,0,0,0.6911315,691.1315
2.053837,31,81,-0.1310754,-0.09692539,0.1639428,0.264,-0.6536835,0.2716394,75,0,0.6911315,62.5,0,0,0,0,0,0.6911315,691.1315
2.05587,31,81,-0.1310754,-0.09692539,0.1639428,0.264,-0.6536835,0.2716394,75,0,0.6911315,62.5,0,0,0,0,0,0.6911315,691.1315
2.058052,31,81,-0.1310754,-0.09692539,0.1639428,0.264,-0.6536835,0.2716394,75,0,0.6911315,62.5,0,0,0,0,0,0.6911315,691.1315
2.060246,31,81,-0.1310754,-0.09692539,0.1639428,0.264,-0.6536835,0.2716394,75,0,0.6911315,62.5,0,0,0,0,0,0.6911315,691.1315
2.062794,31,81,-0.1310754,-0.09692539,0.1639428,0.264,-0.6536835,0.2716394,75,0,0.6911315,62.5,0,0,0,0,0,0.6911315,691.1315
2.065483,31,81,-0.1310754,-0.09692539,0.1639428,0.264,-0.6536835,0.2716394,75,0,0.6911315,62.5,0,0,0,0,0,0.6911315,691.1315
2.068512,31,81,-0.1310754,-0.09692539,0.1639428,0.264,-0.6536835,0.2716394,75,0,0.6911315,62.5,0,0,0,0,0,0.6911315,691.1315
2.070705,31,81,-0.1310754,-0.09692539,0.1639428,0.264,-0.6536835,0.2716394,75,0,0.6911315,62.5,0,0,0,0,0,0.6911315,691.1315
2.072788,31,81,-0.1310754,-0.09692539,0.1639428,0.264,-0.6536835,0.2716394,75,0,0.6911315,62.5,0,0,0,0,0,0.6911315,691.1315
2.075096,31,81,-0.1310754,-0.09692539,0.1639428,0.264,-0.6536835,0.2716394,75,0,0.6911315,62.5,0,0,0,0,0,0.6911315,691.1315
2.077229,31,81,-0.1310754,-0.09692539,0.1639428,0.264,-0.6536835,0.2716394,75,0,0.6911315,62.5,0,0,0,0,0,0.6911315,691.1315
2.07967,31,81,-0.1310754,-0.09692539,0.1639428,0.264,-0.6536835,0.2716394,75,0,0.6911315,62.5,0,0,0,0,0,0.6911315,691.1315
2.08176,31,81,-0.1310754,-0.09692539,0.1639428,0.264,-0.6536835,0.2716394,75,0,0.6911315,62.5,0,0,0,0,0,0.6911315,691.1315
2.084435,31,81,-0.1310754,-0.09692539,0.1639428,0.264,-0.6536835,0.2716394,75,0,0.6911315,62.5,0,0,0,0,0,0.6911315,691.1315
2.086933,31,81,-0.1310754,-0.09692539,0.1639428,0.264,-0.6536835,0.2716394,75,0,0.6911315,62.5,0,0,0,0,0,0.6911315,691.1315
2.088947,31,81,-0.1310754,-0.09692539,0.1639428,0.264,-0.6536835,0.2716394,75,0,0.6911315,62.5,0,0,0,0,0,0.6911315,691.1315
2.091091,31,81,-0.1310754,-0.09692539,0.1639428,0.264,-0.6536835,0.2716394,75,0,0.6911315,62.5,0,0,0,0,0,0.6911315,691.1315
2.093163,31,81,-0.1310754,-0.09692539,0.1639428,0.264,-0.6536835,0.2716394,75,0,0.6911315,62.5,0,0,0,0,0,0.6911315,691.1315
2.09586,31,81,-0.1310754,-0.09692539,0.1639428,0.264,-0.6536835,0.2716394,75,0,0.6911315,62.5,0,0,0,0,0,0.6911315,691.1315
2.098072,31,81,-0.1310754,-0.09692539,0.1639428,0.264,-0.6536835,0.2716394,75,0,0.6911315,62.5,0,0,0,0,0,0.6911315,691.1315
2.100479,31,81,-0.1310754,-0.09692539,0.1639428,0.264,-0.6536835,0.2716394,75,0,0.6911315,62.5,0,0,0,0,0,0.6911315,691.1315
2.102814,31,81,-0.1310754,-0.09692539,0.1639428,0.264,-0.6536835,0.2716394,75,0,0.6911315,62.5,0,0,0,0,0,0.6911315,691.1315
2.105076,31,81,-0.1310754,-0.09692539,0.1639428,0.264,-0.6536835,0.2716394,75,0,0.6911315,62.5,0,0,0,0,0,0.6911315,691.1315
2.107693,31,81,-0.1310754,-0.09692539,0.1639428,0.264,-0.6536835,0.2716394,75,0,0.6911315,62.5,0,0,0,0,0,0.6911315,691.1315
2.11005,31,81,-0.1310754,-0.09692539,0.1639428,0.264,-0.6536835,0.2716394,75,0,0.6911315,62.5,0,0,0,0,0,0.6911315,691.1315
2.112312,31,81,-0.1310754,-0.09692539,0.1639428,0.264,-0.6536835,0.2716394,75,0,0.6911315,62.5,0,0,0,0,0,0.6911315,691.1315
2.117886,31,81,-0.1310754,-0.09692539,0.1639428,0.264,-0.6536835,0.2716394,75,0,0.6911315,62.5,0,0,0,0,0,0.6911315,691.1315
2.123413,31,81,-0.1310754,-0.09692539,0.1639428,0.264,-0.6536835,0.2716394,75,0,0.6911315,62.5,0,0,0,0,0,0.6911315,691.1315
2.135456,31,81,-0.1310754,-0.09692539,0.1639428,0.264,-0.6536835,0.2716394,75,0,0.6911315,62.5,0,0,0,0,0,0.6911315,691.1315
2.138748,31,81,-0.1310754,-0.09692539,0.1639428,0.264,-0.6536835,0.2716394,75,0,0.6911315,62.5,0,0,0,0,0,0.6911315,691.1315
2.141281,31,81,-0.1310754,-0.09692539,0.1639428,0.264,-0.6536835,0.2716394,75,0,0.6911315,62.5,0,0,0,0,0,0.6911315,691.1315
2.143829,31,81,-0.1310754,-0.09692539,0.1639428,0.264,-0.6536835,0.2716394,75,0,0.6911315,62.5,0,0,0,0,0,0.6911315,691.1315
2.146461,31,81,-0.1310754,-0.09692539,0.1639428,0.264,-0.6536835,0.2716394,75,0,0.6911315,62.5,0,0,0,0,0,0.6911315,691.1315
2.148701,31,81,-0.1310754,-0.09692539,0.1639428,0.264,-0.6536835,0.2716394,75,0,0.6911315,62.5,0,0,0,0,0,0.6911315,691.1315
2.151394,31,81,-0.1310754,-0.09692539,0.1639428,0.264,-0.6536835,0.2716394,75,0,0.6911315,62.5,0,0,0,0,0,0.6911315,691.1315
2.153622,31,81,-0.1310754,-0.09692539,0.1639428,0.264,-0.6536835,0.2716394,75,0,0.6911315,62.5,0,0,0,0,0,0.6911315,691.1315
2.156029,31,81,-0.1310754,-0.09692539,0.1639428,0.264,-0.6536835,0.2716394,75,0,0.6911315,62.5,0,0,0,0,0,0.6911315,691.1315
2.158401,31,81,-0.1310754,-0.09692539,0.1639428,0.264,-0.6536835,0.2716394,75,0,0.6911315,62.5,0,0,0,0,0,0.6911315,691.1315
2.160686,31,81,-0.1310754,-0.09692539,0.1639428,0.264,-0.6536835,0.2716394,75,0,0.6911315,62.5,0,0,0,0,0,0.6911315,691.1315
2.162819,31,81,-0.1310754,-0.09692539,0.1639428,0.264,-0.6536835,0.2716394,75,0,0.6911315,62.5,0,0,0,0,0,0.6911315,691.1315
2.165154,31,81,-0.1310754,-0.09692539,0.1639428,0.264,-0.6536835,0.2716394,75,0,0.6911315,62.5,0,0,0,0,0,0.6911315,691.1315
2.168365,31,81,-0.1310754,-0.09692539,0.1639428,0.264,-0.6536835,0.2716394,75,0,0.6911315,62.5,0,0,0,0,0,0.6911315,691.1315
2.170631,31,81,-0.1310754,-0.09692539,0.1639428,0.264,-0.6536835,0.2716394,75,0,0.6911315,62.5,0,0,0,0,0,0.6911315,691.1315
2.173458,31,81,-0.1310754,-0.09692539,0.1639428,0.264,-0.6536835,0.2716394,75,0,0.6911315,62.5,0,0,0,0,0,0.6911315,691.1315
2.176338,31,81,-0.1310754,-0.09692539,0.1639428,0.264,-0.6536835,0.2716394,75,0,0.6911315,62.5,0,0,0,0,0,0.6911315,691.1315
2.179008,31,81,-0.1310754,-0.09692539,0.1639428,0.264,-0.6536835,0.2716394,75,0,0.6911315,62.5,0,0,0,0,0,0.6911315,691.1315
2.181423,31,81,-0.1310754,-0.09692539,0.1639428,0.264,-0.6536835,0.2716394,75,0,0.6911315,62.5,0,0,0,0,0,0.6911315,691.1315
2.18438,31,81,-0.1310754,-0.09692539,0.1639428,0.264,-0.6536835,0.2716394,75,0,0.6911315,62.5,0,0,0,0,0,0.6911315,691.1315
2.187752,31,81,-0.1310754,-0.09692539,0.1639428,0.264,-0.6536835,0.2716394,75,0,0.6911315,62.5,0,0,0,0,0,0.6911315,691.1315
2.190899,31,81,-0.1310754,-0.09692539,0.1639428,0.264,-0.6536835,0.2716394,75,0,0.6911315,62.5,0,0,0,0,0,0.6911315,691.1315
2.193352,31,81,-0.1310754,-0.09692539,0.1639428,0.264,-0.6536835,0.2716394,75,0,0.6911315,62.5,0,0,0,0,0,0.6911315,691.1315
2.195621,31,81,-0.1310754,-0.09692539,0.1639428,0.264,-0.6536835,0.2716394,75,0,0.6911315,62.5,0,0,0,0,0,0.6911315,691.1315
2.197876,31,81,-0.1310754,-0.09692539,0.1639428,0.264,-0.6536835,0.2716394,75,0,0.6911315,62.5,0,0,0,0,0,0.6911315,691.1315
2.201073,31,81,-0.1310754,-0.09692539,0.1639428,0.264,-0.6536835,0.2716394,75,0,0.6911315,62.5,0,0,0,0,0,0.6911315,691.1315
2.203823,31,81,-0.1310754,-0.09692539,0.1639428,0.264,-0.6536835,0.2716394,75,0,0.6911315,62.5,0,0,0,0,0,0.6911315,691.1315
2.206394,31,81,-0.1310754,-0.09692539,0.1639428,0.264,-0.6536835,0.2716394,75,0,0.6911315,62.5,0,0,0,0,0,0.6911315,691.1315
2.208683,31,81,-0.1310754,-0.09692539,0.1639428,0.264,-0.6536835,0.2716394,75,0,0.6911315,62.5,0,0,0,0,0,0.6911315,691.1315
2.210926,31,81,-0.1310754,-0.09692539,0.1639428,0.264,-0.6536835,0.2716394,75,0,0.6911315,62.5,0,0,0,0,0,0.6911315,691.1315
2.213051,31,81,-0.1310754,-0.09692539,0.1639428,0.264,-0.6536835,0.2716394,75,0,0.6911315,62.5,0,0,0,0,0,0.6911315,691.1315
2.215286,31,81,-0.1310754,-0.09692539,0.1639428,0.264,-0.6536835,0.2716394,75,0,0.6911315,62.5,0,0,0,0,0,0.6911315,691.1315
2.217842,31,81,-0.1310754,-0.09692539,0.1639428,0.264,-0.6536835,0.2716394,75,0,0.6911315,62.5,0,0,0,0,0,0.6911315,691.1315
2.220444,31,81,-0.1310754,-0.09692539,0.1639428,0.264,-0.6536835,0.2716394,75,0,0.6911315,62.5,0,0,0,0,0,0.6911315,691.1315
2.222809,31,81,-0.1310754,-0.09692539,0.1639428,0.264,-0.6536835,0.2716394,75,0,0.6911315,62.5,0,0,0,0,0,0.6911315,691.1315
2.225155,31,81,-0.1310754,-0.09692539,0.1639428,0.264,-0.6536835,0.2716394,75,0,0.6911315,62.5,0,0,0,0,0,0.6911315,691.1315
2.227962,31,81,-0.1310754,-0.09692539,0.1639428,0.264,-0.6536835,0.2716394,75,0,0.6911315,62.5,0,0,0,0,0,0.6911315,691.1315
2.230171,31,81,-0.1310754,-0.09692539,0.1639428,0.264,-0.6536835,0.2716394,75,0,0.6911315,62.5,0,0,0,0,0,0.6911315,691.1315
2.232365,31,81,-0.1310754,-0.09692539,0.1639428,0.264,-0.6536835,0.2716394,75,0,0.6911315,62.5,0,0,0,0,0,0.6911315,691.1315
2.235287,31,81,-0.1310754,-0.09692539,0.1639428,0.264,-0.6536835,0.2716394,75,0,0.6911315,62.5,0,0,0,0,0,0.6911315,691.1315
2.237633,31,81,-0.1310754,-0.09692539,0.1639428,0.264,-0.6536835,0.2716394,75,0,0.6911315,62.5,0,0,0,0,0,0.6911315,691.1315
2.240273,31,81,-0.1310754,-0.09692539,0.1639428,0.264,-0.6536835,0.2716394,75,0,0.6911315,62.5,0,0,0,0,0,0.6911315,691.1315
2.242535,31,81,-0.1310754,-0.09692539,0.1639428,0.264,-0.6536835,0.2716394,75,0,0.6911315,62.5,0,0,0,0,0,0.6911315,691.1315
2.244759,31,81,-0.1310754,-0.09692539,0.1639428,0.264,-0.6536835,0.2716394,75,0,0.6911315,62.5,0,0,0,0,0,0.6911315,691.1315
2.24741,31,81,-0.1310754,-0.09692539,0.1639428,0.264,-0.6536835,0.2716394,75,0,0.6911315,62.5,0,0,0,0,0,0.6911315,691.1315
2.249893,31,81,-0.1310754,-0.09692539,0.1639428,0.264,-0.6536835,0.2716394,75,0,0.6911315,62.5,0,0,0,0,0,0.6911315,691.1315
2.252354,31,81,-0.1310754,-0.09692539,0.1639428,0.264,-0.6536835,0.2716394,75,0,0.6911315,62.5,0,0,0,0,0,0.6911315,691.1315
2.254665,31,81,-0.1310754,-0.09692539,0.1639428,0.264,-0.6536835,0.2716394,75,0,0.6911315,62.5,0,0,0,0,0,0.6911315,691.1315
2.256943,31,81,-0.1310754,-0.09692539,0.1639428,0.264,-0.6536835,0.2716394,75,0,0.6911315,62.5,0,0,0,0,0,0.6911315,691.1315
2.259087,31,81,-0.1310754,-0.09692539,0.1639428,0.264,-0.6536835,0.2716394,75,0,0.6911315,62.5,0,0,0,0,0,0.6911315,691.1315
2.261196,31,81,-0.1310754,-0.09692539,0.1639428,0.264,-0.6536835,0.2716394,75,0,0.6911315,62.5,0,0,0,0,0,0.6911315,691.1315
2.263298,31,81,-0.1310754,-0.09692539,0.1639428,0.264,-0.6536835,0.2716394,75,0,0.6911315,62.5,0,0,0,0,0,0.6911315,691.1315
2.265522,31,81,-0.1310754,-0.09692539,0.1639428,0.264,-0.6536835,0.2716394,75,0,0.6911315,62.5,0,0,0,0,0,0.6911315,691.1315
2.268551,31,81,-0.1310754,-0.09692539,0.1639428,0.264,-0.6536835,0.2716394,75,0,0.6911315,62.5,0,0,0,0,0,0.6911315,691.1315
2.270885,31,81,-0.1310754,-0.09692539,0.1639428,0.264,-0.6536835,0.2716394,75,0,0.6911315,62.5,0,0,0,0,0,0.6911315,691.1315
2.272911,31,81,-0.1310754,-0.09692539,0.1639428,0.264,-0.6536835,0.2716394,75,0,0.6911315,62.5,0,0,0,0,0,0.6911315,691.1315
2.275322,31,81,-0.1310754,-0.09692539,0.1639428,0.264,-0.6536835,0.2716394,75,0,0.6911315,62.5,0,0,0,0,0,0.6911315,691.1315
2.277718,31,81,-0.1310754,-0.09692539,0.1639428,0.264,-0.6536835,0.2716394,75,0,0.6911315,62.5,0,0,0,0,0,0.6911315,691.1315
2.280197,31,81,-0.1310754,-0.09692539,0.1639428,0.264,-0.6536835,0.2716394,75,0,0.6911315,62.5,0,0,0,0,0,0.6911315,691.1315
2.283508,31,81,-0.1310754,-0.09692539,0.1639428,0.264,-0.6536835,0.2716394,75,0,0.6911315,62.5,0,0,0,0,0,0.6911315,691.1315
2.286049,31,81,-0.1310754,-0.09692539,0.1639428,0.264,-0.6536835,0.2716394,75,0,0.6911315,62.5,0,0,0,0,0,0.6911315,691.1315
2.288548,31,81,-0.1310754,-0.09692539,0.1639428,0.264,-0.6536835,0.2716394,75,0,0.6911315,62.5,0,0,0,0,0,0.6911315,691.1315
2.290619,31,81,-0.1310754,-0.09692539,0.1639428,0.264,-0.6536835,0.2716394,75,0,0.6911315,62.5,0,0,0,0,0,0.6911315,691.1315
2.293404,31,81,-0.1310754,-0.09692539,0.1639428,0.264,-0.6536835,0.2716394,75,0,0.6911315,62.5,0,0,0,0,0,0.6911315,691.1315
2.295609,31,81,-0.1310754,-0.09692539,0.1639428,0.264,-0.6536835,0.2716394,75,0,0.6911315,62.5,0,0,0,0,0,0.6911315,691.1315
2.298157,31,81,-0.1310754,-0.09692539,0.1639428,0.264,-0.6536835,0.2716394,75,0,0.6911315,62.5,0,0,0,0,0,0.6911315,691.1315
2.300945,31,81,-0.1310754,-0.09692539,0.1639428,0.264,-0.6536835,0.2716394,75,0,0.6911315,62.5,0,0,0,0,0,0.6911315,691.1315
2.303288,31,81,-0.1310754,-0.09692539,0.1639428,0.264,-0.6536835,0.2716394,75,0,0.6911315,62.5,0,0,0,0,0,0.6911315,691.1315
2.305443,31,81,-0.1310754,-0.09692539,0.1639428,0.264,-0.6536835,0.2716394,75,0,0.6911315,62.5,0,0,0,0,0,0.6911315,691.1315
2.308113,31,81,-0.1310754,-0.09692539,0.1639428,0.264,-0.6536835,0.2716394,75,0,0.6911315,62.5,0,0,0,0,0,0.6911315,691.1315
2.310307,31,81,-0.1310754,-0.09692539,0.1639428,0.264,-0.6536835,0.2716394,75,0,0.6911315,62.5,0,0,0,0,0,0.6911315,691.1315
2.312752,31,81,-0.1310754,-0.09692539,0.1639428,0.264,-0.6536835,0.2716394,75,0,0.6911315,62.5,0,0,0,0,0,0.6911315,691.1315
2.31498,31,81,-0.1310754,-0.09692539,0.1639428,0.264,-0.6536835,0.2716394,75,0,0.6911315,62.5,0,0,0,0,0,0.6911315,691.1315
2.317764,31,81,-0.1310754,-0.09692539,0.1639428,0.264,-0.6536835,0.2716394,75,0,0.6911315,62.5,0,0,0,0,0,0.6911315,691.1315
2.320053,31,81,-0.1310754,-0.09692539,0.1639428,0.264,-0.6536835,0.2716394,75,0,0.6911315,62.5,0,0,0,0,0,0.6911315,691.1315
2.322174,31,81,-0.1310754,-0.09692539,0.1639428,0.264,-0.6536835,0.2716394,75,0,0.6911315,62.5,0,0,0,0,0,0.6911315,691.1315
2.324337,31,81,-0.1310754,-0.09692539,0.1639428,0.264,-0.6536835,0.2716394,75,0,0.6911315,62.5,0,0,0,0,0,0.6911315,691.1315
2.326965,31,81,-0.1310754,-0.09692539,0.1639428,0.264,-0.6536835,0.2716394,75,0,0.6911315,62.5,0,0,0,0,0,0.6911315,691.1315
2.32925,31,81,-0.1310754,-0.09692539,0.1639428,0.264,-0.6536835,0.2716394,75,0,0.6911315,62.5,0,0,0,0,0,0.6911315,691.1315
2.331413,31,81,-0.1310754,-0.09692539,0.1639428,0.264,-0.6536835,0.2716394,75,0,0.6911315,62.5,0,0,0,0,0,0.6911315,691.1315
2.334019,31,81,-0.1310754,-0.09692539,0.1639428,0.264,-0.6536835,0.2716394,75,0,0.6911315,62.5,0,0,0,0,0,0.6911315,691.1315
2.336266,31,81,-0.1310754,-0.09692539,0.1639428,0.264,-0.6536835,0.2716394,75,0,0.6911315,62.5,0,0,0,0,0,0.6911315,691.1315
2.338554,31,81,-0.1310754,-0.09692539,0.1639428,0.264,-0.6536835,0.2716394,75,0,0.6911315,62.5,0,0,0,0,0,0.6911315,691.1315
2.340763,31,81,-0.1310754,-0.09692539,0.1639428,0.264,-0.6536835,0.2716394,75,0,0.6911315,62.5,0,0,0,0,0,0.6911315,691.1315
2.343204,31,81,-0.1310754,-0.09692539,0.1639428,0.264,-0.6536835,0.2716394,75,0,0.6911315,62.5,0,0,0,0,0,0.6911315,691.1315
2.345837,31,81,-0.1310754,-0.09692539,0.1639428,0.264,-0.6536835,0.2716394,75,0,0.6911315,62.5,0,0,0,0,0,0.6911315,691.1315
2.348526,31,81,-0.1310754,-0.09692539,0.1639428,0.264,-0.6536835,0.2716394,75,0,0.6911315,62.5,0,0,0,0,0,0.6911315,691.1315
2.350895,31,81,-0.1310754,-0.09692539,0.1639428,0.264,-0.6536835,0.2716394,75,0,0.6911315,62.5,0,0,0,0,0,0.6911315,691.1315
2.353291,31,81,-0.1310754,-0.09692539,0.1639428,0.264,-0.6536835,0.2716394,75,0,0.6911315,62.5,0,0,0,0,0,0.6911315,691.1315
2.355545,31,81,-0.1310754,-0.09692539,0.1639428,0.264,-0.6536835,0.2716394,75,0,0.6911315,62.5,0,0,0,0,0,0.6911315,691.1315
2.357838,31,81,-0.1310754,-0.09692539,0.1639428,0.264,-0.6536835,0.2716394,75,0,0.6911315,62.5,0,0,0,0,0,0.6911315,691.1315
2.360199,31,81,-0.1310754,-0.09692539,0.1639428,0.264,-0.6536835,0.2716394,75,0,0.6911315,62.5,0,0,0,0,0,0.6911315,691.1315
2.362465,31,81,-0.1310754,-0.09692539,0.1639428,0.264,-0.6536835,0.2716394,75,0,0.6911315,62.5,0,0,0,0,0,0.6911315,691.1315
2.364727,31,81,-0.1310754,-0.09692539,0.1639428,0.264,-0.6536835,0.2716394,75,0,0.6911315,62.5,0,0,0,0,0,0.6911315,691.1315
2.368248,31,81,-0.1310754,-0.09692539,0.1639428,0.264,-0.6536835,0.2716394,75,0,0.6911315,62.5,0,0,0,0,0,0.6911315,691.1315
2.370716,31,81,-0.1310754,-0.09692539,0.1639428,0.264,-0.6536835,0.2716394,75,0,0.6911315,62.5,0,0,0,0,0,0.6911315,691.1315
2.37299,31,81,-0.1310754,-0.09692539,0.1639428,0.264,-0.6536835,0.2716394,75,0,0.6911315,62.5,0,0,0,0,0,0.6911315,691.1315
2.375439,31,81,-0.1310754,-0.09692539,0.1639428,0.264,-0.6536835,0.2716394,75,0,0.6911315,62.5,0,0,0,0,0,0.6911315,691.1315
2.377819,31,81,-0.1310754,-0.09692539,0.1639428,0.264,-0.6536835,0.2716394,75,0,0.6911315,62.5,0,0,0,0,0,0.6911315,691.1315
2.380089,31,81,-0.1310754,-0.09692539,0.1639428,0.264,-0.6536835,0.2716394,75,0,0.6911315,62.5,0,0,0,0,0,0.6911315,691.1315
2.382336,31,81,-0.1310754,-0.09692539,0.1639428,0.264,-0.6536835,0.2716394,75,0,0.6911315,62.5,0,0,0,0,0,0.6911315,691.1315
2.384914,31,81,-0.1310754,-0.09692539,0.1639428,0.264,-0.6536835,0.2716394,75,0,0.6911315,62.5,0,0,0,0,0,0.6911315,691.1315
2.387482,31,81,-0.1310754,-0.09692539,0.1639428,0.264,-0.6536835,0.2716394,75,0,0.6911315,62.5,0,0,0,0,0,0.6911315,691.1315
2.38958,31,81,-0.1310754,-0.09692539,0.1639428,0.264,-0.6536835,0.2716394,75,0,0.6911315,62.5,0,0,0,0,0,0.6911315,691.1315
2.392254,31,81,-0.1310754,-0.09692539,0.1639428,0.264,-0.6536835,0.2716394,75,0,0.6911315,62.5,0,0,0,0,0,0.6911315,691.1315
2.394428,31,81,-0.1310754,-0.09692539,0.1639428,0.264,-0.6536835,0.2716394,75,0,0.6911315,62.5,0,0,0,0,0,0.6911315,691.1315
2.396587,31,81,-0.1310754,-0.09692539,0.1639428,0.264,-0.6536835,0.2716394,75,0,0.6911315,62.5,0,0,0,0,0,0.6911315,691.1315
2.398689,31,81,-0.1310754,-0.09692539,0.1639428,0.264,-0.6536835,0.2716394,75,0,0.6911315,62.5,0,0,0,0,0,0.6911315,691.1315
2.40131,31,81,-0.1310754,-0.09692539,0.1639428,0.264,-0.6536835,0.2716394,75,0,0.6911315,62.5,0,0,0,0,0,0.6911315,691.1315
2.403633,31,81,-0.1310754,-0.09692539,0.1639428,0.264,-0.6536835,0.2716394,75,0,0.6911315,62.5,0,0,0,0,0,0.6911315,691.1315
2.40601,31,81,-0.1310754,-0.09692539,0.1639428,0.264,-0.6536835,0.2716394,75,0,0.6911315,62.5,0,0,0,0,0,0.6911315,691.1315
2.408611,31,81,-0.1310754,-0.09692539,0.1639428,0.264,-0.6536835,0.2716394,75,0,0.6911315,62.5,0,0,0,0,0,0.6911315,691.1315
2.410709,31,81,-0.1310754,-0.09692539,0.1639428,0.264,-0.6536835,0.2716394,75,0,0.6911315,62.5,0,0,0,0,0,0.6911315,691.1315
2.41288,31,81,-0.1310754,-0.09692539,0.1639428,0.264,-0.6536835,0.2716394,75,0,0.6911315,62.5,0,0,0,0,0,0.6911315,691.1315
2.415146,31,81,-0.1310754,-0.09692539,0.1639428,0.264,-0.6536835,0.2716394,75,0,0.6911315,62.5,0,0,0,0,0,0.6911315,691.1315
2.417717,31,81,-0.1310754,-0.09692539,0.1639428,0.264,-0.6536835,0.2716394,75,0,0.6911315,62.5,0,0,0,0,0,0.6911315,691.1315
2.419937,31,81,-0.1310754,-0.09692539,0.1639428,0.264,-0.6536835,0.2716394,75,0,0.6911315,62.5,0,0,0,0,0,0.6911315,691.1315
2.422611,31,81,-0.1310754,-0.09692539,0.1639428,0.264,-0.6536835,0.2716394,75,0,0.6911315,62.5,0,0,0,0,0,0.6911315,691.1315
2.424915,31,81,-0.1310754,-0.09692539,0.1639428,0.264,-0.6536835,0.2716394,75,0,0.6911315,62.5,0,0,0,0,0,0.6911315,691.1315
2.427536,31,81,-0.1310754,-0.09692539,0.1639428,0.264,-0.6536835,0.2716394,75,0,0.6911315,62.5,0,0,0,0,0,0.6911315,691.1315
2.429722,31,81,-0.1310754,-0.09692539,0.1639428,0.264,-0.6536835,0.2716394,75,0,0.6911315,62.5,0,0,0,0,0,0.6911315,691.1315
2.431679,31,81,-0.1310754,-0.09692539,0.1639428,0.264,-0.6536835,0.2716394,75,0,0.6911315,62.5,0,0,0,0,0,0.6911315,691.1315
2.434151,31,81,-0.1310754,-0.09692539,0.1639428,0.264,-0.6536835,0.2716394,75,0,0.6911315,62.5,0,0,0,0,0,0.6911315,691.1315
2.43655,31,81,-0.1310754,-0.09692539,0.1639428,0.264,-0.6536835,0.2716394,75,0,0.6911315,62.5,0,0,0,0,0,0.6911315,691.1315
2.439056,31,81,-0.1310754,-0.09692539,0.1639428,0.264,-0.6536835,0.2716394,75,0,0.6911315,62.5,0,0,0,0,0,0.6911315,691.1315
2.441185,31,81,-0.1310754,-0.09692539,0.1639428,0.264,-0.6536835,0.2716394,75,0,0.6911315,62.5,0,0,0,0,0,0.6911315,691.1315
2.443382,31,81,-0.1310754,-0.09692539,0.1639428,0.264,-0.6536835,0.2716394,75,0,0.6911315,62.5,0,0,0,0,0,0.6911315,691.1315
2.445694,31,81,-0.1310754,-0.09692539,0.1639428,0.264,-0.6536835,0.2716394,75,0,0.6911315,62.5,0,0,0,0,0,0.6911315,691.1315
2.448261,31,81,-0.1310754,-0.09692539,0.1639428,0.264,-0.6536835,0.2716394,75,0,0.6911315,62.5,0,0,0,0,0,0.6911315,691.1315
2.450703,31,81,-0.1310754,-0.09692539,0.1639428,0.264,-0.6536835,0.2716394,75,0,0.6911315,62.5,0,0,0,0,0,0.6911315,691.1315
2.453098,31,81,-0.1310754,-0.09692539,0.1639428,0.264,-0.6536835,0.2716394,75,0,0.6911315,62.5,0,0,0,0,0,0.6911315,691.1315
2.455425,31,81,-0.1310754,-0.09692539,0.1639428,0.264,-0.6536835,0.2716394,75,0,0.6911315,62.5,0,0,0,0,0,0.6911315,691.1315
2.457703,31,81,-0.1310754,-0.09692539,0.1639428,0.264,-0.6536835,0.2716394,75,0,0.6911315,62.5,0,0,0,0,0,0.6911315,691.1315
2.459831,31,81,-0.1310754,-0.09692539,0.1639428,0.264,-0.6536835,0.2716394,75,0,0.6911315,62.5,0,0,0,0,0,0.6911315,691.1315
2.461918,31,81,-0.1310754,-0.09692539,0.1639428,0.264,-0.6536835,0.2716394,75,0,0.6911315,62.5,0,0,0,0,0,0.6911315,691.1315
2.464096,31,81,-0.1310754,-0.09692539,0.1639428,0.264,-0.6536835,0.2716394,75,0,0.6911315,62.5,0,0,0,0,0,0.6911315,691.1315
2.467209,31,81,-0.1310754,-0.09692539,0.1639428,0.264,-0.6536835,0.2716394,75,0,0.6911315,62.5,0,0,0,0,0,0.6911315,691.1315
2.469944,31,81,-0.1310754,-0.09692539,0.1639428,0.264,-0.6536835,0.2716394,75,0,0.6911315,62.5,0,0,0,0,0,0.6911315,691.1315
2.47271,31,81,-0.1310754,-0.09692539,0.1639428,0.264,-0.6536835,0.2716394,75,0,0.6911315,62.5,0,0,0,0,0,0.6911315,691.1315
2.475521,31,81,-0.1310754,-0.09692539,0.1639428,0.264,-0.6536835,0.2716394,75,0,0.6911315,62.5,0,0,0,0,0,0.6911315,691.1315
2.477627,31,81,-0.1310754,-0.09692539,0.1639428,0.264,-0.6536835,0.2716394,75,0,0.6911315,62.5,0,0,0,0,0,0.6911315,691.1315
2.479774,31,81,-0.1310754,-0.09692539,0.1639428,0.264,-0.6536835,0.2716394,75,0,0.6911315,62.5,0,0,0,0,0,0.6911315,691.1315
2.481865,31,81,-0.1310754,-0.09692539,0.1639428,0.264,-0.6536835,0.2716394,75,0,0.6911315,62.5,0,0,0,0,0,0.6911315,691.1315
2.484367,31,81,-0.1310754,-0.09692539,0.1639428,0.264,-0.6536835,0.2716394,75,0,0.6911315,62.5,0,0,0,0,0,0.6911315,691.1315
2.487011,31,81,-0.1310754,-0.09692539,0.1639428,0.264,-0.6536835,0.2716394,75,0,0.6911315,62.5,0,0,0,0,0,0.6911315,691.1315
2.489429,31,81,-0.1310754,-0.09692539,0.1639428,0.264,-0.6536835,0.2716394,75,0,0.6911315,62.5,0,0,0,0,0,0.6911315,691.1315
2.491726,31,81,-0.1310754,-0.09692539,0.1639428,0.264,-0.6536835,0.2716394,75,0,0.6911315,62.5,0,0,0,0,0,0.6911315,691.1315
2.494217,31,81,-0.1310754,-0.09692539,0.1639428,0.264,-0.6536835,0.2716394,75,0,0.6911315,62.5,0,0,0,0,0,0.6911315,691.1315
2.49641,31,81,-0.1310754,-0.09692539,0.1639428,0.264,-0.6536835,0.2716394,75,0,0.6911315,62.5,0,0,0,0,0,0.6911315,691.1315
2.499119,31,81,-0.1310754,-0.09692539,0.1639428,0.264,-0.6536835,0.2716394,75,0,0.6911315,62.5,0,0,0,0,0,0.6911315,691.1315
2.501724,31,81,-0.1310754,-0.09692539,0.1639428,0.264,-0.6536835,0.2716394,75,0,0.6911315,62.5,0,0,0,0,0,0.6911315,691.1315
2.504074,31,81,-0.1310754,-0.09692539,0.1639428,0.264,-0.6536835,0.2716394,75,0,0.6911315,62.5,0,0,0,0,0,0.6911315,691.1315
2.506622,31,81,-0.1310754,-0.09692539,0.1639428,0.264,-0.6536835,0.2716394,75,0,0.6911315,62.5,0,0,0,0,0,0.6911315,691.1315
2.508804,31,81,-0.1310754,-0.09692539,0.1639428,0.264,-0.6536835,0.2716394,75,0,0.6911315,62.5,0,0,0,0,0,0.6911315,691.1315
2.510929,31,81,-0.1310754,-0.09692539,0.1639428,0.264,-0.6536835,0.2716394,75,0,0.6911315,62.5,0,0,0,0,0,0.6911315,691.1315
2.513016,31,81,-0.1310754,-0.09692539,0.1639428,0.264,-0.6536835,0.2716394,75,0,0.6911315,62.5,0,0,0,0,0,0.6911315,691.1315
2.515831,31,81,-0.1310754,-0.09692539,0.1639428,0.264,-0.6536835,0.2716394,75,0,0.6911315,62.5,0,0,0,0,0,0.6911315,691.1315
2.518475,31,81,-0.1310754,-0.09692539,0.1639428,0.264,-0.6536835,0.2716394,75,0,0.6911315,62.5,0,0,0,0,0,0.6911315,691.1315
2.520699,31,81,-0.1310754,-0.09692539,0.1639428,0.264,-0.6536835,0.2716394,75,0,0.6911315,62.5,0,0,0,0,0,0.6911315,691.1315
2.522858,31,81,-0.1310754,-0.09692539,0.1639428,0.264,-0.6536835,0.2716394,75,0,0.6911315,62.5,0,0,0,0,0,0.6911315,691.1315
2.525051,31,81,-0.1310754,-0.09692539,0.1639428,0.264,-0.6536835,0.2716394,75,0,0.6911315,62.5,0,0,0,0,0,0.6911315,691.1315
2.527531,31,81,-0.1310754,-0.09692539,0.1639428,0.264,-0.6536835,0.2716394,75,0,0.6911315,62.5,0,0,0,0,0,0.6911315,691.1315
2.529938,31,81,-0.1310754,-0.09692539,0.1639428,0.264,-0.6536835,0.2716394,75,0,0.6911315,62.5,0,0,0,0,0,0.6911315,691.1315
2.532291,31,81,-0.1310754,-0.09692539,0.1639428,0.264,-0.6536835,0.2716394,75,0,0.6911315,62.5,0,0,0,0,0,0.6911315,691.1315
2.53614,31,81,-0.1310754,-0.09692539,0.1639428,0.264,-0.6536835,0.2716394,75,0,0.6911315,62.5,0,0,0,0,0,0.6911315,691.1315
2.538715,31,81,-0.1310754,-0.09692539,0.1639428,0.264,-0.6536835,0.2716394,75,0,0.6911315,62.5,0,0,0,0,0,0.6911315,691.1315
2.540993,31,81,-0.1310754,-0.09692539,0.1639428,0.264,-0.6536835,0.2716394,75,0,0.6911315,62.5,0,0,0,0,0,0.6911315,691.1315
2.543327,31,81,-0.1310754,-0.09692539,0.1639428,0.264,-0.6536835,0.2716394,75,0,0.6911315,62.5,0,0,0,0,0,0.6911315,691.1315
2.545673,31,81,-0.1310754,-0.09692539,0.1639428,0.264,-0.6536835,0.2716394,75,0,0.6911315,62.5,0,0,0,0,0,0.6911315,691.1315
2.548241,31,81,-0.1310754,-0.09692539,0.1639428,0.264,-0.6536835,0.2716394,75,0,0.6911315,62.5,0,0,0,0,0,0.6911315,691.1315
2.551235,31,81,-0.1310754,-0.09692539,0.1639428,0.264,-0.6536835,0.2716394,75,0,0.6911315,62.5,0,0,0,0,0,0.6911315,691.1315
2.5536,31,81,-0.1310754,-0.09692539,0.1639428,0.264,-0.6536835,0.2716394,75,0,0.6911315,62.5,0,0,0,0,0,0.6911315,691.1315
2.555817,31,81,-0.1310754,-0.09692539,0.1639428,0.264,-0.6536835,0.2716394,75,0,0.6911315,62.5,0,0,0,0,0,0.6911315,691.1315
2.55798,31,81,-0.1310754,-0.09692539,0.1639428,0.264,-0.6536835,0.2716394,75,0,0.6911315,62.5,0,0,0,0,0,0.6911315,691.1315
2.560238,31,81,-0.1310754,-0.09692539,0.1639428,0.264,-0.6536835,0.2716394,75,0,0.6911315,62.5,0,0,0,0,0,0.6911315,691.1315
2.56258,31,81,-0.1310754,-0.09692539,0.1639428,0.264,-0.6536835,0.2716394,75,0,0.6911315,62.5,0,0,0,0,0,0.6911315,691.1315
2.564777,31,81,-0.1310754,-0.09692539,0.1639428,0.264,-0.6536835,0.2716394,75,0,0.6911315,62.5,0,0,0,0,0,0.6911315,691.1315
2.567944,31,81,-0.1310754,-0.09692539,0.1639428,0.264,-0.6536835,0.2716394,75,0,0.6911315,62.5,0,0,0,0,0,0.6911315,691.1315
2.570168,31,81,-0.1310754,-0.09692539,0.1639428,0.264,-0.6536835,0.2716394,75,0,0.6911315,62.5,0,0,0,0,0,0.6911315,691.1315
2.572311,31,81,-0.1310754,-0.09692539,0.1639428,0.264,-0.6536835,0.2716394,75,0,0.6911315,62.5,0,0,0,0,0,0.6911315,691.1315
2.574417,31,81,-0.1310754,-0.09692539,0.1639428,0.264,-0.6536835,0.2716394,75,0,0.6911315,62.5,0,0,0,0,0,0.6911315,691.1315
2.576813,31,81,-0.1310754,-0.09692539,0.1639428,0.264,-0.6536835,0.2716394,75,0,0.6911315,62.5,0,0,0,0,0,0.6911315,691.1315
2.57914,31,81,-0.1310754,-0.09692539,0.1639428,0.264,-0.6536835,0.2716394,75,0,0.6911315,62.5,0,0,0,0,0,0.6911315,691.1315
2.581299,31,81,-0.1310754,-0.09692539,0.1639428,0.264,-0.6536835,0.2716394,75,0,0.6911315,62.5,0,0,0,0,0,0.6911315,691.1315
2.583786,31,81,-0.1310754,-0.09692539,0.1639428,0.264,-0.6536835,0.2716394,75,0,0.6911315,62.5,0,0,0,0,0,0.6911315,691.1315
2.58646,31,81,-0.1310754,-0.09692539,0.1639428,0.264,-0.6536835,0.2716394,75,0,0.6911315,62.5,0,0,0,0,0,0.6911315,691.1315
2.588699,31,81,-0.1310754,-0.09692539,0.1639428,0.264,-0.6536835,0.2716394,75,0,0.6911315,62.5,0,0,0,0,0,0.6911315,691.1315
2.590961,31,81,-0.1310754,-0.09692539,0.1639428,0.264,-0.6536835,0.2716394,75,0,0.6911315,62.5,0,0,0,0,0,0.6911315,691.1315
2.593254,31,81,-0.1310754,-0.09692539,0.1639428,0.264,-0.6536835,0.2716394,75,0,0.6911315,62.5,0,0,0,0,0,0.6911315,691.1315
2.596382,31,81,-0.1310754,-0.09692539,0.1639428,0.264,-0.6536835,0.2716394,75,0,0.6911315,62.5,0,0,0,0,0,0.6911315,691.1315
2.598541,31,81,-0.1310754,-0.09692539,0.1639428,0.264,-0.6536835,0.2716394,75,0,0.6911315,62.5,0,0,0,0,0,0.6911315,691.1315
2.600956,31,81,-0.1310754,-0.09692539,0.1639428,0.264,-0.6536835,0.2716394,75,0,0.6911315,62.5,0,0,0,0,0,0.6911315,691.1315
2.604473,31,81,-0.1310754,-0.09692539,0.1639428,0.264,-0.6536835,0.2716394,75,0,0.6911315,62.5,0,0,0,0,0,0.6911315,691.1315
2.612362,31,81,-0.1310754,-0.09692539,0.1639428,0.264,-0.6536835,0.2716394,75,0,0.6911315,62.5,0,0,0,0,0,0.6911315,691.1315
2.614777,31,81,-0.1310754,-0.09692539,0.1639428,0.264,-0.6536835,0.2716394,75,0,0.6911315,62.5,0,0,0,0,0,0.6911315,691.1315
2.618099,31,81,-0.1310754,-0.09692539,0.1639428,0.264,-0.6536835,0.2716394,75,0,0.6911315,62.5,0,0,0,0,0,0.6911315,691.1315
2.621731,31,81,-0.1310754,-0.09692539,0.1639428,0.264,-0.6536835,0.2716394,75,0,0.6911315,62.5,0,0,0,0,0,0.6911315,691.1315
2.625259,31,81,-0.1310754,-0.09692539,0.1639428,0.264,-0.6536835,0.2716394,75,0,0.6911315,62.5,0,0,0,0,0,0.6911315,691.1315
2.627789,31,81,-0.1310754,-0.09692539,0.1639428,0.264,-0.6536835,0.2716394,75,0,0.6911315,62.5,0,0,0,0,0,0.6911315,691.1315
2.630947,31,81,-0.1310754,-0.09692539,0.1639428,0.264,-0.6536835,0.2716394,75,0,0.6911315,62.5,0,0,0,0,0,0.6911315,691.1315
2.634731,31,81,-0.1310754,-0.09692539,0.1639428,0.264,-0.6536835,0.2716394,75,0,0.6911315,62.5,0,0,0,0,0,0.6911315,691.1315
2.641514,31,81,-0.1310754,-0.09692539,0.1639428,0.264,-0.6536835,0.2716394,75,0,0.6911315,62.5,0,0,0,0,0,0.6911315,691.1315
2.644905,31,81,-0.1310754,-0.09692539,0.1639428,0.264,-0.6536835,0.2716394,75,0,0.6911315,62.5,0,0,0,0,0,0.6911315,691.1315
2.647335,31,81,-0.1310754,-0.09692539,0.1639428,0.264,-0.6536835,0.2716394,75,0,0.6911315,62.5,0,0,0,0,0,0.6911315,691.1315
2.649395,31,81,-0.1310754,-0.09692539,0.1639428,0.264,-0.6536835,0.2716394,75,0,0.6911315,62.5,0,0,0,0,0,0.6911315,691.1315
2.653133,31,81,-0.1310754,-0.09692539,0.1639428,0.264,-0.6536835,0.2716394,75,0,0.6911315,62.5,0,0,0,0,0,0.6911315,691.1315
2.655457,31,81,-0.1310754,-0.09692539,0.1639428,0.264,-0.6536835,0.2716394,75,0,0.6911315,62.5,0,0,0,0,0,0.6911315,691.1315
2.657513,31,81,-0.1310754,-0.09692539,0.1639428,0.264,-0.6536835,0.2716394,75,0,0.6911315,62.5,0,0,0,0,0,0.6911315,691.1315
2.659618,31,81,-0.1310754,-0.09692539,0.1639428,0.264,-0.6536835,0.2716394,75,0,0.6911315,62.5,0,0,0,0,0,0.6911315,691.1315
2.661785,31,81,-0.1310754,-0.09692539,0.1639428,0.264,-0.6536835,0.2716394,75,0,0.6911315,62.5,0,0,0,0,0,0.6911315,691.1315
2.665047,31,81,-0.1310754,-0.09692539,0.1639428,0.264,-0.6536835,0.2716394,75,0,0.6911315,62.5,0,0,0,0,0,0.6911315,691.1315
2.66782,31,81,-0.1310754,-0.09692539,0.1639428,0.264,-0.6536835,0.2716394,75,0,0.6911315,62.5,0,0,0,0,0,0.6911315,691.1315
2.670166,31,81,-0.1310754,-0.09692539,0.1639428,0.264,-0.6536835,0.2716394,75,0,0.6911315,62.5,0,0,0,0,0,0.6911315,691.1315
2.67226,31,81,-0.1310754,-0.09692539,0.1639428,0.264,-0.6536835,0.2716394,75,0,0.6911315,62.5,0,0,0,0,0,0.6911315,691.1315
2.676361,31,81,-0.1310754,-0.09692539,0.1639428,0.264,-0.6536835,0.2716394,75,0,0.6911315,62.5,0,0,0,0,0,0.6911315,691.1315
2.681709,31,81,-0.1310754,-0.09692539,0.1639428,0.264,-0.6536835,0.2716394,75,0,0.6911315,62.5,0,0,0,0,0,0.6911315,691.1315
2.687843,31,81,-0.1310754,-0.09692539,0.1639428,0.264,-0.6536835,0.2716394,75,0,0.6911315,62.5,0,0,0,0,0,0.6911315,691.1315
2.691483,31,81,-0.1310754,-0.09692539,0.1639428,0.264,-0.6536835,0.2716394,75,0,0.6911315,62.5,0,0,0,0,0,0.6911315,691.1315
2.693653,31,81,-0.1310754,-0.09692539,0.1639428,0.264,-0.6536835,0.2716394,75,0,0.6911315,62.5,0,0,0,0,0,0.6911315,691.1315
2.69595,31,81,-0.1310754,-0.09692539,0.1639428,0.264,-0.6536835,0.2716394,75,0,0.6911315,62.5,0,0,0,0,0,0.6911315,691.1315
2.69799,31,81,-0.1310754,-0.09692539,0.1639428,0.264,-0.6536835,0.2716394,75,0,0.6911315,62.5,0,0,0,0,0,0.6911315,691.1315
2.70211,31,81,-0.1310754,-0.09692539,0.1639428,0.264,-0.6536835,0.2716394,75,0,0.6911315,62.5,0,0,0,0,0,0.6911315,691.1315
2.704269,31,81,-0.1310754,-0.09692539,0.1639428,0.264,-0.6536835,0.2716394,75,0,0.6911315,62.5,0,0,0,0,0,0.6911315,691.1315
2.706905,31,81,-0.1310754,-0.09692539,0.1639428,0.264,-0.6536835,0.2716394,75,0,0.6911315,62.5,0,0,0,0,0,0.6911315,691.1315
2.709061,31,81,-0.1310754,-0.09692539,0.1639428,0.264,-0.6536835,0.2716394,75,0,0.6911315,62.5,0,0,0,0,0,0.6911315,691.1315
2.713299,31,81,-0.1310754,-0.09692539,0.1639428,0.264,-0.6536835,0.2716394,75,0,0.6911315,62.5,0,0,0,0,0,0.6911315,691.1315
2.71611,31,81,-0.1310754,-0.09692539,0.1639428,0.264,-0.6536835,0.2716394,75,0,0.6911315,62.5,0,0,0,0,0,0.6911315,691.1315
2.718998,31,81,-0.1310754,-0.09692539,0.1639428,0.264,-0.6536835,0.2716394,75,0,0.6911315,62.5,0,0,0,0,0,0.6911315,691.1315
2.721504,31,81,-0.1310754,-0.09692539,0.1639428,0.264,-0.6536835,0.2716394,75,0,0.6911315,62.5,0,0,0,0,0,0.6911315,691.1315
2.723766,31,81,-0.1310754,-0.09692539,0.1639428,0.264,-0.6536835,0.2716394,75,0,0.6911315,62.5,0,0,0,0,0,0.6911315,691.1315
2.727554,31,81,-0.1310754,-0.09692539,0.1639428,0.264,-0.6536835,0.2716394,75,0,0.6911315,62.5,0,0,0,0,0,0.6911315,691.1315
2.730724,31,81,-0.1310754,-0.09692539,0.1639428,0.264,-0.6536835,0.2716394,75,0,0.6911315,62.5,0,0,0,0,0,0.6911315,691.1315
2.733944,31,81,-0.1310754,-0.09692539,0.1639428,0.264,-0.6536835,0.2716394,75,0,0.6911315,62.5,0,0,0,0,0,0.6911315,691.1315
2.736275,31,81,-0.1310754,-0.09692539,0.1639428,0.264,-0.6536835,0.2716394,75,0,0.6911315,62.5,0,0,0,0,0,0.6911315,691.1315
2.738659,31,81,-0.1310754,-0.09692539,0.1639428,0.264,-0.6536835,0.2716394,75,0,0.6911315,62.5,0,0,0,0,0,0.6911315,691.1315
2.741104,31,81,-0.1310754,-0.09692539,0.1639428,0.264,-0.6536835,0.2716394,75,0,0.6911315,62.5,0,0,0,0,0,0.6911315,691.1315
2.743343,31,81,-0.1310754,-0.09692539,0.1639428,0.264,-0.6536835,0.2716394,75,0,0.6911315,62.5,0,0,0,0,0,0.6911315,691.1315
2.745869,31,81,-0.1310754,-0.09692539,0.1639428,0.264,-0.6536835,0.2716394,75,0,0.6911315,62.5,0,0,0,0,0,0.6911315,691.1315
2.748764,31,81,-0.1310754,-0.09692539,0.1639428,0.264,-0.6536835,0.2716394,75,0,0.6911315,62.5,0,0,0,0,0,0.6911315,691.1315
2.751858,31,81,-0.1310754,-0.09692539,0.1639428,0.264,-0.6536835,0.2716394,75,0,0.6911315,62.5,0,0,0,0,0,0.6911315,691.1315
2.754173,31,81,-0.1310754,-0.09692539,0.1639428,0.264,-0.6536835,0.2716394,75,0,0.6911315,62.5,0,0,0,0,0,0.6911315,691.1315
2.756496,31,81,-0.1310754,-0.09692539,0.1639428,0.264,-0.6536835,0.2716394,75,0,0.6911315,62.5,0,0,0,0,0,0.6911315,691.1315
2.758564,31,81,-0.1310754,-0.09692539,0.1639428,0.264,-0.6536835,0.2716394,75,0,0.6911315,62.5,0,0,0,0,0,0.6911315,691.1315
2.760681,31,81,-0.1310754,-0.09692539,0.1639428,0.264,-0.6536835,0.2716394,75,0,0.6911315,62.5,0,0,0,0,0,0.6911315,691.1315
2.762867,31,81,-0.1310754,-0.09692539,0.1639428,0.264,-0.6536835,0.2716394,75,0,0.6911315,62.5,0,0,0,0,0,0.6911315,691.1315
2.765324,31,81,-0.1310754,-0.09692539,0.1639428,0.264,-0.6536835,0.2716394,75,0,0.6911315,62.5,0,0,0,0,0,0.6911315,691.1315
2.768127,31,81,-0.1310754,-0.09692539,0.1639428,0.264,-0.6536835,0.2716394,75,0,0.6911315,62.5,0,0,0,0,0,0.6911315,691.1315
2.770309,31,81,-0.1310754,-0.09692539,0.1639428,0.264,-0.6536835,0.2716394,75,0,0.6911315,62.5,0,0,0,0,0,0.6911315,691.1315
2.772469,31,81,-0.1310754,-0.09692539,0.1639428,0.264,-0.6536835,0.2716394,75,0,0.6911315,62.5,0,0,0,0,0,0.6911315,691.1315
2.774666,31,81,-0.1310754,-0.09692539,0.1639428,0.264,-0.6536835,0.2716394,75,0,0.6911315,62.5,0,0,0,0,0,0.6911315,691.1315
2.776794,31,81,-0.1310754,-0.09692539,0.1639428,0.264,-0.6536835,0.2716394,75,0,0.6911315,62.5,0,0,0,0,0,0.6911315,691.1315
2.779003,31,81,-0.1310754,-0.09692539,0.1639428,0.264,-0.6536835,0.2716394,75,0,0.6911315,62.5,0,0,0,0,0,0.6911315,691.1315
2.781555,31,81,-0.1310754,-0.09692539,0.1639428,0.264,-0.6536835,0.2716394,75,0,0.6911315,62.5,0,0,0,0,0,0.6911315,691.1315
2.784035,31,81,-0.1310754,-0.09692539,0.1639428,0.264,-0.6536835,0.2716394,75,0,0.6911315,62.5,0,0,0,0,0,0.6911315,691.1315
2.786797,31,81,-0.1310754,-0.09692539,0.1639428,0.264,-0.6536835,0.2716394,75,0,0.6911315,62.5,0,0,0,0,0,0.6911315,691.1315
2.789131,31,81,-0.1310754,-0.09692539,0.1639428,0.264,-0.6536835,0.2716394,75,0,0.6911315,62.5,0,0,0,0,0,0.6911315,691.1315
2.79166,31,81,-0.1310754,-0.09692539,0.1639428,0.264,-0.6536835,0.2716394,75,0,0.6911315,62.5,0,0,0,0,0,0.6911315,691.1315
2.795216,31,81,-0.1310754,-0.09692539,0.1639428,0.264,-0.6536835,0.2716394,75,0,0.6911315,62.5,0,0,0,0,0,0.6911315,691.1315
2.797451,31,81,-0.1310754,-0.09692539,0.1639428,0.264,-0.6536835,0.2716394,75,0,0.6911315,62.5,0,0,0,0,0,0.6911315,691.1315
2.799896,31,81,-0.1310754,-0.09692539,0.1639428,0.264,-0.6536835,0.2716394,75,0,0.6911315,62.5,0,0,0,0,0,0.6911315,691.1315
2.803883,31,81,-0.1310754,-0.09692539,0.1639428,0.264,-0.6536835,0.2716394,75,0,0.6911315,62.5,0,0,0,0,0,0.6911315,691.1315
2.806793,31,81,-0.1310754,-0.09692539,0.1639428,0.264,-0.6536835,0.2716394,75,0,0.6911315,62.5,0,0,0,0,0,0.6911315,691.1315
2.809086,31,81,-0.1310754,-0.09692539,0.1639428,0.264,-0.6536835,0.2716394,75,0,0.6911315,62.5,0,0,0,0,0,0.6911315,691.1315
2.811668,31,81,-0.1310754,-0.09692539,0.1639428,0.264,-0.6536835,0.2716394,75,0,0.6911315,62.5,0,0,0,0,0,0.6911315,691.1315
2.814014,31,81,-0.1310754,-0.09692539,0.1639428,0.264,-0.6536835,0.2716394,75,0,0.6911315,62.5,0,0,0,0,0,0.6911315,691.1315
2.816319,31,81,-0.1310754,-0.09692539,0.1639428,0.264,-0.6536835,0.2716394,75,0,0.6911315,62.5,0,0,0,0,0,0.6911315,691.1315
2.819771,31,81,-0.1310754,-0.09692539,0.1639428,0.264,-0.6536835,0.2716394,75,0,0.6911315,62.5,0,0,0,0,0,0.6911315,691.1315
2.821888,31,81,-0.1310754,-0.09692539,0.1639428,0.264,-0.6536835,0.2716394,75,0,0.6911315,62.5,0,0,0,0,0,0.6911315,691.1315
2.823952,31,81,-0.1310754,-0.09692539,0.1639428,0.264,-0.6536835,0.2716394,75,0,0.6911315,62.5,0,0,0,0,0,0.6911315,691.1315
2.82682,31,81,-0.1310754,-0.09692539,0.1639428,0.264,-0.6536835,0.2716394,75,0,0.6911315,62.5,0,0,0,0,0,0.6911315,691.1315
2.828995,31,81,-0.1310754,-0.09692539,0.1639428,0.264,-0.6536835,0.2716394,75,0,0.6911315,62.5,0,0,0,0,0,0.6911315,691.1315
2.831192,31,81,-0.1310754,-0.09692539,0.1639428,0.264,-0.6536835,0.2716394,75,0,0.6911315,62.5,0,0,0,0,0,0.6911315,691.1315
2.833515,31,81,-0.1310754,-0.09692539,0.1639428,0.264,-0.6536835,0.2716394,75,0,0.6911315,62.5,0,0,0,0,0,0.6911315,691.1315
2.83577,31,81,-0.1310754,-0.09692539,0.1639428,0.264,-0.6536835,0.2716394,75,0,0.6911315,62.5,0,0,0,0,0,0.6911315,691.1315
2.837982,31,81,-0.1310754,-0.09692539,0.1639428,0.264,-0.6536835,0.2716394,75,0,0.6911315,62.5,0,0,0,0,0,0.6911315,691.1315
2.840443,31,81,-0.1310754,-0.09692539,0.1639428,0.264,-0.6536835,0.2716394,75,0,0.6911315,62.5,0,0,0,0,0,0.6911315,691.1315
2.842945,31,81,-0.1310754,-0.09692539,0.1639428,0.264,-0.6536835,0.2716394,75,0,0.6911315,62.5,0,0,0,0,0,0.6911315,691.1315
2.845692,31,81,-0.1310754,-0.09692539,0.1639428,0.264,-0.6536835,0.2716394,75,0,0.6911315,62.5,0,0,0,0,0,0.6911315,691.1315
2.848633,31,81,-0.1310754,-0.09692539,0.1639428,0.264,-0.6536835,0.2716394,75,0,0.6911315,62.5,0,0,0,0,0,0.6911315,691.1315
2.851288,31,81,-0.1310754,-0.09692539,0.1639428,0.264,-0.6536835,0.2716394,75,0,0.6911315,62.5,0,0,0,0,0,0.6911315,691.1315
2.853535,31,81,-0.1310754,-0.09692539,0.1639428,0.264,-0.6536835,0.2716394,75,0,0.6911315,62.5,0,0,0,0,0,0.6911315,691.1315
2.855549,31,81,-0.1310754,-0.09692539,0.1639428,0.264,-0.6536835,0.2716394,75,0,0.6911315,62.5,0,0,0,0,0,0.6911315,691.1315
2.858318,31,81,-0.1310754,-0.09692539,0.1639428,0.264,-0.6536835,0.2716394,75,0,0.6911315,62.5,0,0,0,0,0,0.6911315,691.1315
2.860653,31,81,-0.1310754,-0.09692539,0.1639428,0.264,-0.6536835,0.2716394,75,0,0.6911315,62.5,0,0,0,0,0,0.6911315,691.1315
2.862774,31,81,-0.1310754,-0.09692539,0.1639428,0.264,-0.6536835,0.2716394,75,0,0.6911315,62.5,0,0,0,0,0,0.6911315,691.1315
2.864952,31,81,-0.1310754,-0.09692539,0.1639428,0.264,-0.6536835,0.2716394,75,0,0.6911315,62.5,0,0,0,0,0,0.6911315,691.1315
2.867882,31,81,-0.1310754,-0.09692539,0.1639428,0.264,-0.6536835,0.2716394,75,0,0.6911315,62.5,0,0,0,0,0,0.6911315,691.1315
2.870255,31,81,-0.1310754,-0.09692539,0.1639428,0.264,-0.6536835,0.2716394,75,0,0.6911315,62.5,0,0,0,0,0,0.6911315,691.1315
2.872791,31,81,-0.1310754,-0.09692539,0.1639428,0.264,-0.6536835,0.2716394,75,0,0.6911315,62.5,0,0,0,0,0,0.6911315,691.1315
2.874989,31,81,-0.1310754,-0.09692539,0.1639428,0.264,-0.6536835,0.2716394,75,0,0.6911315,62.5,0,0,0,0,0,0.6911315,691.1315
2.877113,31,81,-0.1310754,-0.09692539,0.1639428,0.264,-0.6536835,0.2716394,75,0,0.6911315,62.5,0,0,0,0,0,0.6911315,691.1315
2.879124,31,81,-0.1310754,-0.09692539,0.1639428,0.264,-0.6536835,0.2716394,75,0,0.6911315,62.5,0,0,0,0,0,0.6911315,691.1315
2.881519,31,81,-0.1310754,-0.09692539,0.1639428,0.264,-0.6536835,0.2716394,75,0,0.6911315,62.5,0,0,0,0,0,0.6911315,691.1315
2.883846,31,81,-0.1310754,-0.09692539,0.1639428,0.264,-0.6536835,0.2716394,75,0,0.6911315,62.5,0,0,0,0,0,0.6911315,691.1315
2.886417,31,81,-0.1310754,-0.09692539,0.1639428,0.264,-0.6536835,0.2716394,75,0,0.6911315,62.5,0,0,0,0,0,0.6911315,691.1315
2.888641,31,81,-0.1310754,-0.09692539,0.1639428,0.264,-0.6536835,0.2716394,75,0,0.6911315,62.5,0,0,0,0,0,0.6911315,691.1315
2.890842,31,81,-0.1310754,-0.09692539,0.1639428,0.264,-0.6536835,0.2716394,75,0,0.6911315,62.5,0,0,0,0,0,0.6911315,691.1315
2.89307,31,81,-0.1310754,-0.09692539,0.1639428,0.264,-0.6536835,0.2716394,75,0,0.6911315,62.5,0,0,0,0,0,0.6911315,691.1315
2.895073,31,81,-0.1310754,-0.09692539,0.1639428,0.264,-0.6536835,0.2716394,75,0,0.6911315,62.5,0,0,0,0,0,0.6911315,691.1315
2.897194,31,81,-0.1310754,-0.09692539,0.1639428,0.264,-0.6536835,0.2716394,75,0,0.6911315,62.5,0,0,0,0,0,0.6911315,691.1315
2.899307,31,81,-0.1310754,-0.09692539,0.1639428,0.264,-0.6536835,0.2716394,75,0,0.6911315,62.5,0,0,0,0,0,0.6911315,691.1315
2.902084,31,81,-0.1310754,-0.09692539,0.1639428,0.264,-0.6536835,0.2716394,75,0,0.6911315,62.5,0,0,0,0,0,0.6911315,691.1315
2.905334,31,81,-0.1310754,-0.09692539,0.1639428,0.264,-0.6536835,0.2716394,75,0,0.6911315,62.5,0,0,0,0,0,0.6911315,691.1315
2.908466,31,81,-0.1310754,-0.09692539,0.1639428,0.264,-0.6536835,0.2716394,75,0,0.6911315,62.5,0,0,0,0,0,0.6911315,691.1315
2.911564,31,81,-0.1310754,-0.09692539,0.1639428,0.264,-0.6536835,0.2716394,75,0,0.6911315,62.5,0,0,0,0,0,0.6911315,691.1315
2.914509,31,81,-0.1310754,-0.09692539,0.1639428,0.264,-0.6536835,0.2716394,75,0,0.6911315,62.5,0,0,0,0,0,0.6911315,691.1315
2.917511,31,81,-0.1310754,-0.09692539,0.1639428,0.264,-0.6536835,0.2716394,75,0,0.6911315,62.5,0,0,0,0,0,0.6911315,691.1315
2.920311,31,81,-0.1310754,-0.09692539,0.1639428,0.264,-0.6536835,0.2716394,75,0,0.6911315,62.5,0,0,0,0,0,0.6911315,691.1315
2.922752,31,81,-0.1310754,-0.09692539,0.1639428,0.264,-0.6536835,0.2716394,75,0,0.6911315,62.5,0,0,0,0,0,0.6911315,691.1315
2.925232,31,81,-0.1310754,-0.09692539,0.1639428,0.264,-0.6536835,0.2716394,75,0,0.6911315,62.5,0,0,0,0,0,0.6911315,691.1315
2.927765,31,81,-0.1310754,-0.09692539,0.1639428,0.264,-0.6536835,0.2716394,75,0,0.6911315,62.5,0,0,0,0,0,0.6911315,691.1315
2.929943,31,81,-0.1310754,-0.09692539,0.1639428,0.264,-0.6536835,0.2716394,75,0,0.6911315,62.5,0,0,0,0,0,0.6911315,691.1315
2.932007,31,81,-0.1310754,-0.09692539,0.1639428,0.264,-0.6536835,0.2716394,75,0,0.6911315,62.5,0,0,0,0,0,0.6911315,691.1315
2.934841,31,81,-0.1310754,-0.09692539,0.1639428,0.264,-0.6536835,0.2716394,75,0,0.6911315,62.5,0,0,0,0,0,0.6911315,691.1315
2.937576,31,81,-0.1310754,-0.09692539,0.1639428,0.264,-0.6536835,0.2716394,75,0,0.6911315,62.5,0,0,0,0,0,0.6911315,691.1315
2.939945,31,81,-0.1310754,-0.09692539,0.1639428,0.264,-0.6536835,0.2716394,75,0,0.6911315,62.5,0,0,0,0,0,0.6911315,691.1315
2.942307,31,81,-0.1310754,-0.09692539,0.1639428,0.264,-0.6536835,0.2716394,75,0,0.6911315,62.5,0,0,0,0,0,0.6911315,691.1315
2.944515,31,81,-0.1310754,-0.09692539,0.1639428,0.264,-0.6536835,0.2716394,75,0,0.6911315,62.5,0,0,0,0,0,0.6911315,691.1315
2.94717,31,81,-0.1310754,-0.09692539,0.1639428,0.264,-0.6536835,0.2716394,75,0,0.6911315,62.5,0,0,0,0,0,0.6911315,691.1315
2.94986,31,81,-0.1310754,-0.09692539,0.1639428,0.264,-0.6536835,0.2716394,75,0,0.6911315,62.5,0,0,0,0,0,0.6911315,691.1315
2.953018,31,81,-0.1310754,-0.09692539,0.1639428,0.264,-0.6536835,0.2716394,75,0,0.6911315,62.5,0,0,0,0,0,0.6911315,691.1315
2.955261,31,81,-0.1310754,-0.09692539,0.1639428,0.264,-0.6536835,0.2716394,75,0,0.6911315,62.5,0,0,0,0,0,0.6911315,691.1315
2.957546,31,81,-0.1310754,-0.09692539,0.1639428,0.264,-0.6536835,0.2716394,75,0,0.6911315,62.5,0,0,0,0,0,0.6911315,691.1315
2.959824,31,81,-0.1310754,-0.09692539,0.1639428,0.264,-0.6536835,0.2716394,75,0,0.6911315,62.5,0,0,0,0,0,0.6911315,691.1315
2.962009,31,81,-0.1310754,-0.09692539,0.1639428,0.264,-0.6536835,0.2716394,75,0,0.6911315,62.5,0,0,0,0,0,0.6911315,691.1315
2.965076,31,81,-0.1310754,-0.09692539,0.1639428,0.264,-0.6536835,0.2716394,75,0,0.6911315,62.5,0,0,0,0,0,0.6911315,691.1315
2.968388,31,81,-0.1310754,-0.09692539,0.1639428,0.264,-0.6536835,0.2716394,75,0,0.6911315,62.5,0,0,0,0,0,0.6911315,691.1315
2.971275,31,81,-0.1310754,-0.09692539,0.1639428,0.264,-0.6536835,0.2716394,75,0,0.6911315,62.5,0,0,0,0,0,0.6911315,691.1315
2.974091,31,81,-0.1310754,-0.09692539,0.1639428,0.264,-0.6536835,0.2716394,75,0,0.6911315,62.5,0,0,0,0,0,0.6911315,691.1315
2.976734,31,81,-0.1310754,-0.09692539,0.1639428,0.264,-0.6536835,0.2716394,75,0,0.6911315,62.5,0,0,0,0,0,0.6911315,691.1315
2.97958,31,81,-0.1310754,-0.09692539,0.1639428,0.264,-0.6536835,0.2716394,75,0,0.6911315,62.5,0,0,0,0,0,0.6911315,691.1315
2.982239,31,81,-0.1310754,-0.09692539,0.1639428,0.264,-0.6536835,0.2716394,75,0,0.6911315,62.5,0,0,0,0,0,0.6911315,691.1315
2.985798,31,81,-0.1310754,-0.09692539,0.1639428,0.264,-0.6536835,0.2716394,75,0,0.6911315,62.5,0,0,0,0,0,0.6911315,691.1315
2.988899,31,81,-0.1310754,-0.09692539,0.1639428,0.264,-0.6536835,0.2716394,75,0,0.6911315,62.5,0,0,0,0,0,0.6911315,691.1315
2.991928,31,81,-0.1310754,-0.09692539,0.1639428,0.264,-0.6536835,0.2716394,75,0,0.6911315,62.5,0,0,0,0,0,0.6911315,691.1315
2.994595,31,81,-0.1310754,-0.09692539,0.1639428,0.264,-0.6536835,0.2716394,75,0,0.6911315,62.5,0,0,0,0,0,0.6911315,691.1315
2.997337,31,81,-0.1310754,-0.09692539,0.1639428,0.264,-0.6536835,0.2716394,75,0,0.6911315,62.5,0,0,0,0,0,0.6911315,691.1315
3.000599,31,81,-0.1310754,-0.09692539,0.1639428,0.264,-0.6536835,0.2716394,75,0,0.6911315,62.5,0,0,0,0,0,0.6911315,691.1315
3.003052,31,81,-0.1310754,-0.09692539,0.1639428,0.264,-0.6536835,0.2716394,75,0,0.6911315,62.5,0,0,0,0,0,0.6911315,691.1315
3.005245,31,81,-0.1310754,-0.09692539,0.1639428,0.264,-0.6536835,0.2716394,75,0,0.6911315,62.5,0,0,0,0,0,0.6911315,691.1315
3.007862,31,81,-0.1310754,-0.09692539,0.1639428,0.264,-0.6536835,0.2716394,75,0,0.6911315,62.5,0,0,0,0,0,0.6911315,691.1315
3.010017,31,81,-0.1310754,-0.09692539,0.1639428,0.264,-0.6536835,0.2716394,75,0,0.6911315,62.5,0,0,0,0,0,0.6911315,691.1315
3.012329,31,81,-0.1310754,-0.09692539,0.1639428,0.264,-0.6536835,0.2716394,75,0,0.6911315,62.5,0,0,0,0,0,0.6911315,691.1315
3.014633,31,81,-0.1310754,-0.09692539,0.1639428,0.264,-0.6536835,0.2716394,75,0,0.6911315,62.5,0,0,0,0,0,0.6911315,691.1315
3.017723,31,81,-0.1310754,-0.09692539,0.1639428,0.264,-0.6536835,0.2716394,75,0,0.6911315,62.5,0,0,0,0,0,0.6911315,691.1315
3.020004,31,81,-0.1310754,-0.09692539,0.1639428,0.264,-0.6536835,0.2716394,75,0,0.6911315,62.5,0,0,0,0,0,0.6911315,691.1315
3.022274,31,81,-0.1310754,-0.09692539,0.1639428,0.264,-0.6536835,0.2716394,75,0,0.6911315,62.5,0,0,0,0,0,0.6911315,691.1315
3.024555,31,81,-0.1310754,-0.09692539,0.1639428,0.264,-0.6536835,0.2716394,75,0,0.6911315,62.5,0,0,0,0,0,0.6911315,691.1315
3.027248,31,81,-0.1310754,-0.09692539,0.1639428,0.264,-0.6536835,0.2716394,75,0,0.6911315,62.5,0,0,0,0,0,0.6911315,691.1315
3.029377,31,81,-0.1310754,-0.09692539,0.1639428,0.264,-0.6536835,0.2716394,75,0,0.6911315,62.5,0,0,0,0,0,0.6911315,691.1315
3.031422,31,81,-0.1310754,-0.09692539,0.1639428,0.264,-0.6536835,0.2716394,75,0,0.6911315,62.5,0,0,0,0,0,0.6911315,691.1315
3.034096,31,81,-0.1310754,-0.09692539,0.1639428,0.264,-0.6536835,0.2716394,75,0,0.6911315,62.5,0,0,0,0,0,0.6911315,691.1315
3.036713,31,81,-0.1310754,-0.09692539,0.1639428,0.264,-0.6536835,0.2716394,75,0,0.6911315,62.5,0,0,0,0,0,0.6911315,691.1315
3.038982,31,81,-0.1310754,-0.09692539,0.1639428,0.264,-0.6536835,0.2716394,75,0,0.6911315,62.5,0,0,0,0,0,0.6911315,691.1315
3.041016,31,81,-0.1310754,-0.09692539,0.1639428,0.264,-0.6536835,0.2716394,75,0,0.6911315,62.5,0,0,0,0,0,0.6911315,691.1315
3.043892,31,81,-0.1310754,-0.09692539,0.1639428,0.264,-0.6536835,0.2716394,75,0,0.6911315,62.5,0,0,0,0,0,0.6911315,691.1315
3.046516,31,81,-0.1310754,-0.09692539,0.1639428,0.264,-0.6536835,0.2716394,75,0,0.6911315,62.5,0,0,0,0,0,0.6911315,691.1315
3.048836,31,81,-0.1310754,-0.09692539,0.1639428,0.264,-0.6536835,0.2716394,75,0,0.6911315,62.5,0,0,0,0,0,0.6911315,691.1315
3.051682,31,81,-0.1310754,-0.09692539,0.1639428,0.264,-0.6536835,0.2716394,75,0,0.6911315,62.5,0,0,0,0,0,0.6911315,691.1315
3.053719,31,81,-0.1310754,-0.09692539,0.1639428,0.264,-0.6536835,0.2716394,75,0,0.6911315,62.5,0,0,0,0,0,0.6911315,691.1315
3.055828,31,81,-0.1310754,-0.09692539,0.1639428,0.264,-0.6536835,0.2716394,75,0,0.6911315,62.5,0,0,0,0,0,0.6911315,691.1315
3.058239,31,81,-0.1310754,-0.09692539,0.1639428,0.264,-0.6536835,0.2716394,75,0,0.6911315,62.5,0,0,0,0,0,0.6911315,691.1315
3.06039,31,81,-0.1310754,-0.09692539,0.1639428,0.264,-0.6536835,0.2716394,75,0,0.6911315,62.5,0,0,0,0,0,0.6911315,691.1315
3.062508,31,81,-0.1310754,-0.09692539,0.1639428,0.264,-0.6536835,0.2716394,75,0,0.6911315,62.5,0,0,0,0,0,0.6911315,691.1315
3.064949,31,81,-0.1310754,-0.09692539,0.1639428,0.264,-0.6536835,0.2716394,75,0,0.6911315,62.5,0,0,0,0,0,0.6911315,691.1315
3.068172,31,81,-0.1310754,-0.09692539,0.1639428,0.264,-0.6536835,0.2716394,75,0,0.6911315,62.5,0,0,0,0,0,0.6911315,691.1315
3.070629,31,81,-0.1310754,-0.09692539,0.1639428,0.264,-0.6536835,0.2716394,75,0,0.6911315,62.5,0,0,0,0,0,0.6911315,691.1315
3.072918,31,81,-0.1310754,-0.09692539,0.1639428,0.264,-0.6536835,0.2716394,75,0,0.6911315,62.5,0,0,0,0,0,0.6911315,691.1315
3.075481,31,81,-0.1310754,-0.09692539,0.1639428,0.264,-0.6536835,0.2716394,75,0,0.6911315,62.5,0,0,0,0,0,0.6911315,691.1315
3.077595,31,81,-0.1310754,-0.09692539,0.1639428,0.264,-0.6536835,0.2716394,75,0,0.6911315,62.5,0,0,0,0,0,0.6911315,691.1315
3.079773,31,81,-0.1310754,-0.09692539,0.1639428,0.264,-0.6536835,0.2716394,75,0,0.6911315,62.5,0,0,0,0,0,0.6911315,691.1315
3.082016,31,81,-0.1310754,-0.09692539,0.1639428,0.264,-0.6536835,0.2716394,75,0,0.6911315,62.5,0,0,0,0,0,0.6911315,691.1315
3.084705,31,81,-0.1310754,-0.09692539,0.1639428,0.264,-0.6536835,0.2716394,75,0,0.6911315,62.5,0,0,0,0,0,0.6911315,691.1315
3.087315,31,81,-0.1310754,-0.09692539,0.1639428,0.264,-0.6536835,0.2716394,75,0,0.6911315,62.5,0,0,0,0,0,0.6911315,691.1315
3.089642,31,81,-0.1310754,-0.09692539,0.1639428,0.264,-0.6536835,0.2716394,75,0,0.6911315,62.5,0,0,0,0,0,0.6911315,691.1315
3.091888,31,81,-0.1310754,-0.09692539,0.1639428,0.264,-0.6536835,0.2716394,75,0,0.6911315,62.5,0,0,0,0,0,0.6911315,691.1315
3.094158,31,81,-0.1310754,-0.09692539,0.1639428,0.264,-0.6536835,0.2716394,75,0,0.6911315,62.5,0,0,0,0,0,0.6911315,691.1315
3.096279,31,81,-0.1310754,-0.09692539,0.1639428,0.264,-0.6536835,0.2716394,75,0,0.6911315,62.5,0,0,0,0,0,0.6911315,691.1315
3.098335,31,81,-0.1310754,-0.09692539,0.1639428,0.264,-0.6536835,0.2716394,75,0,0.6911315,62.5,0,0,0,0,0,0.6911315,691.1315
3.10088,31,81,-0.1310754,-0.09692539,0.1639428,0.264,-0.6536835,0.2716394,75,0,0.6911315,62.5,0,0,0,0,0,0.6911315,691.1315
3.103054,31,81,-0.1310754,-0.09692539,0.1639428,0.264,-0.6536835,0.2716394,75,0,0.6911315,62.5,0,0,0,0,0,0.6911315,691.1315
3.105793,31,81,-0.1310754,-0.09692539,0.1639428,0.264,-0.6536835,0.2716394,75,0,0.6911315,62.5,0,0,0,0,0,0.6911315,691.1315
3.108463,31,81,-0.1310754,-0.09692539,0.1639428,0.264,-0.6536835,0.2716394,75,0,0.6911315,62.5,0,0,0,0,0,0.6911315,691.1315
3.110706,31,81,-0.1310754,-0.09692539,0.1639428,0.264,-0.6536835,0.2716394,75,0,0.6911315,62.5,0,0,0,0,0,0.6911315,691.1315
3.112919,31,81,-0.1310754,-0.09692539,0.1639428,0.264,-0.6536835,0.2716394,75,0,0.6911315,62.5,0,0,0,0,0,0.6911315,691.1315
3.115059,31,81,-0.1310754,-0.09692539,0.1639428,0.264,-0.6536835,0.2716394,75,0,0.6911315,62.5,0,0,0,0,0,0.6911315,691.1315
3.117752,31,81,-0.1310754,-0.09692539,0.1639428,0.264,-0.6536835,0.2716394,75,0,0.6911315,62.5,0,0,0,0,0,0.6911315,691.1315
3.120186,31,81,-0.1310754,-0.09692539,0.1639428,0.264,-0.6536835,0.2716394,75,0,0.6911315,62.5,0,0,0,0,0,0.6911315,691.1315
3.122383,31,81,-0.1310754,-0.09692539,0.1639428,0.264,-0.6536835,0.2716394,75,0,0.6911315,62.5,0,0,0,0,0,0.6911315,691.1315
3.124565,31,81,-0.1310754,-0.09692539,0.1639428,0.264,-0.6536835,0.2716394,75,0,0.6911315,62.5,0,0,0,0,0,0.6911315,691.1315
3.127251,31,81,-0.1310754,-0.09692539,0.1639428,0.264,-0.6536835,0.2716394,75,0,0.6911315,62.5,0,0,0,0,0,0.6911315,691.1315
3.129402,31,81,-0.1310754,-0.09692539,0.1639428,0.264,-0.6536835,0.2716394,75,0,0.6911315,62.5,0,0,0,0,0,0.6911315,691.1315
3.131599,31,81,-0.1310754,-0.09692539,0.1639428,0.264,-0.6536835,0.2716394,75,0,0.6911315,62.5,0,0,0,0,0,0.6911315,691.1315
3.134022,31,81,-0.1310754,-0.09692539,0.1639428,0.264,-0.6536835,0.2716394,75,0,0.6911315,62.5,0,0,0,0,0,0.6911315,691.1315
3.136444,31,81,-0.1310754,-0.09692539,0.1639428,0.264,-0.6536835,0.2716394,75,0,0.6911315,62.5,0,0,0,0,0,0.6911315,691.1315
3.138683,31,81,-0.1310754,-0.09692539,0.1639428,0.264,-0.6536835,0.2716394,75,0,0.6911315,62.5,0,0,0,0,0,0.6911315,691.1315
3.140839,31,81,-0.1310754,-0.09692539,0.1639428,0.264,-0.6536835,0.2716394,75,0,0.6911315,62.5,0,0,0,0,0,0.6911315,691.1315
3.142979,31,81,-0.1310754,-0.09692539,0.1639428,0.264,-0.6536835,0.2716394,75,0,0.6911315,62.5,0,0,0,0,0,0.6911315,691.1315
3.145134,31,81,-0.1310754,-0.09692539,0.1639428,0.264,-0.6536835,0.2716394,75,0,0.6911315,62.5,0,0,0,0,0,0.6911315,691.1315
3.147827,31,81,-0.1310754,-0.09692539,0.1639428,0.264,-0.6536835,0.2716394,75,0,0.6911315,62.5,0,0,0,0,0,0.6911315,691.1315
3.150681,31,81,-0.1310754,-0.09692539,0.1639428,0.264,-0.6536835,0.2716394,75,0,0.6911315,62.5,0,0,0,0,0,0.6911315,691.1315
3.153481,31,81,-0.1310754,-0.09692539,0.1639428,0.264,-0.6536835,0.2716394,75,0,0.6911315,62.5,0,0,0,0,0,0.6911315,691.1315
3.155582,31,81,-0.1310754,-0.09692539,0.1639428,0.264,-0.6536835,0.2716394,75,0,0.6911315,62.5,0,0,0,0,0,0.6911315,691.1315
3.157768,31,81,-0.1310754,-0.09692539,0.1639428,0.264,-0.6536835,0.2716394,75,0,0.6911315,62.5,0,0,0,0,0,0.6911315,691.1315
3.159885,31,81,-0.1310754,-0.09692539,0.1639428,0.264,-0.6536835,0.2716394,75,0,0.6911315,62.5,0,0,0,0,0,0.6911315,691.1315
3.16198,31,81,-0.1310754,-0.09692539,0.1639428,0.264,-0.6536835,0.2716394,75,0,0.6911315,62.5,0,0,0,0,0,0.6911315,691.1315
3.164017,31,81,-0.1310754,-0.09692539,0.1639428,0.264,-0.6536835,0.2716394,75,0,0.6911315,62.5,0,0,0,0,0,0.6911315,691.1315
3.167042,31,81,-0.1310754,-0.09692539,0.1639428,0.264,-0.6536835,0.2716394,75,0,0.6911315,62.5,0,0,0,0,0,0.6911315,691.1315
3.169594,31,81,-0.1310754,-0.09692539,0.1639428,0.264,-0.6536835,0.2716394,75,0,0.6911315,62.5,0,0,0,0,0,0.6911315,691.1315
3.171631,31,81,-0.1310754,-0.09692539,0.1639428,0.264,-0.6536835,0.2716394,75,0,0.6911315,62.5,0,0,0,0,0,0.6911315,691.1315
3.173775,31,81,-0.1310754,-0.09692539,0.1639428,0.264,-0.6536835,0.2716394,75,0,0.6911315,62.5,0,0,0,0,0,0.6911315,691.1315
3.176094,31,81,-0.1310754,-0.09692539,0.1639428,0.264,-0.6536835,0.2716394,75,0,0.6911315,62.5,0,0,0,0,0,0.6911315,691.1315
3.178196,31,81,-0.1310754,-0.09692539,0.1639428,0.264,-0.6536835,0.2716394,75,0,0.6911315,62.5,0,0,0,0,0,0.6911315,691.1315
3.180477,31,81,-0.1310754,-0.09692539,0.1639428,0.264,-0.6536835,0.2716394,75,0,0.6911315,62.5,0,0,0,0,0,0.6911315,691.1315
3.183033,31,81,-0.1310754,-0.09692539,0.1639428,0.264,-0.6536835,0.2716394,75,0,0.6911315,62.5,0,0,0,0,0,0.6911315,691.1315
3.185574,31,81,-0.1310754,-0.09692539,0.1639428,0.264,-0.6536835,0.2716394,75,0,0.6911315,62.5,0,0,0,0,0,0.6911315,691.1315
3.188091,31,81,-0.1310754,-0.09692539,0.1639428,0.264,-0.6536835,0.2716394,75,0,0.6911315,62.5,0,0,0,0,0,0.6911315,691.1315
3.190163,31,81,-0.1310754,-0.09692539,0.1639428,0.264,-0.6536835,0.2716394,75,0,0.6911315,62.5,0,0,0,0,0,0.6911315,691.1315
3.192135,31,81,-0.1310754,-0.09692539,0.1639428,0.264,-0.6536835,0.2716394,75,0,0.6911315,62.5,0,0,0,0,0,0.6911315,691.1315
3.194168,31,81,-0.1310754,-0.09692539,0.1639428,0.264,-0.6536835,0.2716394,75,0,0.6911315,62.5,0,0,0,0,0,0.6911315,691.1315
3.196381,31,81,-0.1310754,-0.09692539,0.1639428,0.264,-0.6536835,0.2716394,75,0,0.6911315,62.5,0,0,0,0,0,0.6911315,691.1315
3.198856,31,81,-0.1310754,-0.09692539,0.1639428,0.264,-0.6536835,0.2716394,75,0,0.6911315,62.5,0,0,0,0,0,0.6911315,691.1315
3.202534,31,81,-0.1310754,-0.09692539,0.1639428,0.264,-0.6536835,0.2716394,75,0,0.6911315,62.5,0,0,0,0,0,0.6911315,691.1315
3.205086,31,81,-0.1310754,-0.09692539,0.1639428,0.264,-0.6536835,0.2716394,75,0,0.6911315,62.5,0,0,0,0,0,0.6911315,691.1315
3.20982,31,81,-0.1310754,-0.09692539,0.1639428,0.264,-0.6536835,0.2716394,75,0,0.6911315,62.5,0,0,0,0,0,0.6911315,691.1315
3.215385,31,81,-0.1310754,-0.09692539,0.1639428,0.264,-0.6536835,0.2716394,75,0,0.6911315,62.5,0,0,0,0,0,0.6911315,691.1315
3.218925,31,81,-0.1310754,-0.09692539,0.1639428,0.264,-0.6536835,0.2716394,75,0,0.6911315,62.5,0,0,0,0,0,0.6911315,691.1315
3.222343,31,81,-0.1310754,-0.09692539,0.1639428,0.264,-0.6536835,0.2716394,75,0,0.6911315,62.5,0,0,0,0,0,0.6911315,691.1315
3.232197,31,81,-0.1310754,-0.09692539,0.1639428,0.264,-0.6536835,0.2716394,75,0,0.6911315,62.5,0,0,0,0,0,0.6911315,691.1315
3.23983,31,81,-0.1310754,-0.09692539,0.1639428,0.264,-0.6536835,0.2716394,75,0,0.6911315,62.5,0,0,0,0,0,0.6911315,691.1315
3.249596,31,81,-0.1310754,-0.09692539,0.1639428,0.264,-0.6536835,0.2716394,75,0,0.6911315,62.5,0,0,0,0,0,0.6911315,691.1315
3.258202,31,81,-0.1310754,-0.09692539,0.1639428,0.264,-0.6536835,0.2716394,75,0,0.6911315,62.5,0,0,0,0,0,0.6911315,691.1315
3.267269,31,81,-0.1310754,-0.09692539,0.1639428,0.264,-0.6536835,0.2716394,75,0,0.6911315,62.5,0,0,0,0,0,0.6911315,691.1315
3.274666,31,81,-0.1310754,-0.09692539,0.1639428,0.264,-0.6536835,0.2716394,75,0,0.6911315,62.5,0,0,0,0,0,0.6911315,691.1315
3.282452,31,81,-0.1310754,-0.09692539,0.1639428,0.264,-0.6536835,0.2716394,75,0,0.6911315,62.5,0,0,0,0,0,0.6911315,691.1315
3.291561,31,81,-0.1310754,-0.09692539,0.1639428,0.264,-0.6536835,0.2716394,75,0,0.6911315,62.5,0,0,0,0,0,0.6911315,691.1315
3.301571,31,81,-0.1310754,-0.09692539,0.1639428,0.264,-0.6536835,0.2716394,75,0,0.6911315,62.5,0,0,0,0,0,0.6911315,691.1315
3.309338,31,81,-0.1310754,-0.09692539,0.1639428,0.264,-0.6536835,0.2716394,75,0,0.6911315,62.5,0,0,0,0,0,0.6911315,691.1315
3.315266,31,81,-0.1310754,-0.09692539,0.1639428,0.264,-0.6536835,0.2716394,75,0,0.6911315,62.5,0,0,0,0,0,0.6911315,691.1315
3.322056,31,81,-0.1310754,-0.09692539,0.1639428,0.264,-0.6536835,0.2716394,75,0,0.6911315,62.5,0,0,0,0,0,0.6911315,691.1315
3.330177,31,81,-0.1310754,-0.09692539,0.1639428,0.264,-0.6536835,0.2716394,75,0,0.6911315,62.5,0,0,0,0,0,0.6911315,691.1315
3.338421,31,81,-0.1310754,-0.09692539,0.1639428,0.264,-0.6536835,0.2716394,75,0,0.6911315,62.5,0,0,0,0,0,0.6911315,691.1315
3.346413,31,81,-0.1310754,-0.09692539,0.1639428,0.264,-0.6536835,0.2716394,75,0,0.6911315,62.5,0,0,0,0,0,0.6911315,691.1315
3.356327,31,81,-0.1310754,-0.09692539,0.1639428,0.264,-0.6536835,0.2716394,75,0,0.6911315,62.5,0,0,0,0,0,0.6911315,691.1315
3.364422,31,81,-0.1310754,-0.09692539,0.1639428,0.264,-0.6536835,0.2716394,75,0,0.6911315,62.5,0,0,0,0,0,0.6911315,691.1315
3.376141,31,81,-0.1310754,-0.09692539,0.1639428,0.264,-0.6536835,0.2716394,75,0,0.6911315,62.5,0,0,0,0,0,0.6911315,691.1315
3.383381,31,81,-0.1310754,-0.09692539,0.1639428,0.264,-0.6536835,0.2716394,75,0,0.6911315,62.5,0,0,0,0,0,0.6911315,691.1315
3.38921,31,81,-0.1310754,-0.09692539,0.1639428,0.264,-0.6536835,0.2716394,75,0,0.6911315,62.5,0,0,0,0,0,0.6911315,691.1315
3.395123,31,81,-0.1310754,-0.09692539,0.1639428,0.264,-0.6536835,0.2716394,75,0,0.6911315,62.5,0,0,0,0,0,0.6911315,691.1315
3.403267,31,81,-0.1310754,-0.09692539,0.1639428,0.264,-0.6536835,0.2716394,75,0,0.6911315,62.5,0,0,0,0,0,0.6911315,691.1315
3.410343,31,81,-0.1310754,-0.09692539,0.1639428,0.264,-0.6536835,0.2716394,75,0,0.6911315,62.5,0,0,0,0,0,0.6911315,691.1315
3.420155,31,81,-0.1310754,-0.09692539,0.1639428,0.264,-0.6536835,0.2716394,75,0,0.6911315,62.5,0,0,0,0,0,0.6911315,691.1315
3.432861,31,81,-0.1310754,-0.09692539,0.1639428,0.264,-0.6536835,0.2716394,75,0,0.6911315,62.5,0,0,0,0,0,0.6911315,691.1315
3.448231,31,81,-0.1310754,-0.09692539,0.1639428,0.264,-0.6536835,0.2716394,75,0,0.6911315,62.5,0,0,0,0,0,0.6911315,691.1315
3.453415,31,81,-0.1310754,-0.09692539,0.1639428,0.264,-0.6536835,0.2716394,75,0,0.6911315,62.5,0,0,0,0,0,0.6911315,691.1315
3.456249,31,81,-0.1310754,-0.09692539,0.1639428,0.264,-0.6536835,0.2716394,75,0,0.6911315,62.5,0,0,0,0,0,0.6911315,691.1315
3.459824,31,81,-0.1310754,-0.09692539,0.1639428,0.264,-0.6536835,0.2716394,75,0,0.6911315,62.5,0,0,0,0,0,0.6911315,691.1315
3.461937,31,81,-0.1310754,-0.09692539,0.1639428,0.264,-0.6536835,0.2716394,75,0,0.6911315,62.5,0,0,0,0,0,0.6911315,691.1315
3.464077,31,81,-0.1310754,-0.09692539,0.1639428,0.264,-0.6536835,0.2716394,75,0,0.6911315,62.5,0,0,0,0,0,0.6911315,691.1315
3.467102,31,81,-0.1310754,-0.09692539,0.1639428,0.264,-0.6536835,0.2716394,75,0,0.6911315,62.5,0,0,0,0,0,0.6911315,691.1315
3.469463,31,81,-0.1310754,-0.09692539,0.1639428,0.264,-0.6536835,0.2716394,75,0,0.6911315,62.5,0,0,0,0,0,0.6911315,691.1315
3.471634,31,81,-0.1310754,-0.09692539,0.1639428,0.264,-0.6536835,0.2716394,75,0,0.6911315,62.5,0,0,0,0,0,0.6911315,691.1315
3.473904,31,81,-0.1310754,-0.09692539,0.1639428,0.264,-0.6536835,0.2716394,75,0,0.6911315,62.5,0,0,0,0,0,0.6911315,691.1315
3.476135,31,81,-0.1310754,-0.09692539,0.1639428,0.264,-0.6536835,0.2716394,75,0,0.6911315,62.5,0,0,0,0,0,0.6911315,691.1315
3.478344,31,81,-0.1310754,-0.09692539,0.1639428,0.264,-0.6536835,0.2716394,75,0,0.6911315,62.5,0,0,0,0,0,0.6911315,691.1315
3.481091,31,81,-0.1310754,-0.09692539,0.1639428,0.264,-0.6536835,0.2716394,75,0,0.6911315,62.5,0,0,0,0,0,0.6911315,691.1315
3.483864,31,81,-0.1310754,-0.09692539,0.1639428,0.264,-0.6536835,0.2716394,75,0,0.6911315,62.5,0,0,0,0,0,0.6911315,691.1315
3.486633,31,81,-0.1310754,-0.09692539,0.1639428,0.264,-0.6536835,0.2716394,75,0,0.6911315,62.5,0,0,0,0,0,0.6911315,691.1315
3.488827,31,81,-0.1310754,-0.09692539,0.1639428,0.264,-0.6536835,0.2716394,75,0,0.6911315,62.5,0,0,0,0,0,0.6911315,691.1315
3.490971,31,81,-0.1310754,-0.09692539,0.1639428,0.264,-0.6536835,0.2716394,75,0,0.6911315,62.5,0,0,0,0,0,0.6911315,691.1315
3.493134,31,81,-0.1310754,-0.09692539,0.1639428,0.264,-0.6536835,0.2716394,75,0,0.6911315,62.5,0,0,0,0,0,0.6911315,691.1315
3.495426,31,81,-0.1310754,-0.09692539,0.1639428,0.264,-0.6536835,0.2716394,75,0,0.6911315,62.5,0,0,0,0,0,0.6911315,691.1315
3.497604,31,81,-0.1310754,-0.09692539,0.1639428,0.264,-0.6536835,0.2716394,75,0,0.6911315,62.5,0,0,0,0,0,0.6911315,691.1315
3.500107,31,81,-0.1310754,-0.09692539,0.1639428,0.264,-0.6536835,0.2716394,75,0,0.6911315,62.5,0,0,0,0,0,0.6911315,691.1315
3.50238,31,81,-0.1310754,-0.09692539,0.1639428,0.264,-0.6536835,0.2716394,75,0,0.6911315,62.5,0,0,0,0,0,0.6911315,691.1315
3.504524,31,81,-0.1310754,-0.09692539,0.1639428,0.264,-0.6536835,0.2716394,75,0,0.6911315,62.5,0,0,0,0,0,0.6911315,691.1315
3.508453,31,81,-0.1310754,-0.09692539,0.1639428,0.264,-0.6536835,0.2716394,75,0,0.6911315,62.5,0,0,0,0,0,0.6911315,691.1315
3.510906,31,81,-0.1310754,-0.09692539,0.1639428,0.264,-0.6536835,0.2716394,75,0,0.6911315,62.5,0,0,0,0,0,0.6911315,691.1315
3.514431,31,81,-0.1310754,-0.09692539,0.1639428,0.264,-0.6536835,0.2716394,75,0,0.6911315,62.5,0,0,0,0,0,0.6911315,691.1315
3.519222,31,81,-0.1310754,-0.09692539,0.1639428,0.264,-0.6536835,0.2716394,75,0,0.6911315,62.5,0,0,0,0,0,0.6911315,691.1315
3.522835,31,81,-0.1310754,-0.09692539,0.1639428,0.264,-0.6536835,0.2716394,75,0,0.6911315,62.5,0,0,0,0,0,0.6911315,691.1315
3.525299,31,81,-0.1310754,-0.09692539,0.1639428,0.264,-0.6536835,0.2716394,75,0,0.6911315,62.5,0,0,0,0,0,0.6911315,691.1315
3.530415,31,81,-0.1310754,-0.09692539,0.1639428,0.264,-0.6536835,0.2716394,75,0,0.6911315,62.5,0,0,0,0,0,0.6911315,691.1315
3.533939,31,81,-0.1310754,-0.09692539,0.1639428,0.264,-0.6536835,0.2716394,75,0,0.6911315,62.5,0,0,0,0,0,0.6911315,691.1315
3.537189,31,81,-0.1310754,-0.09692539,0.1639428,0.264,-0.6536835,0.2716394,75,0,0.6911315,62.5,0,0,0,0,0,0.6911315,691.1315
3.540615,31,81,-0.1310754,-0.09692539,0.1639428,0.264,-0.6536835,0.2716394,75,0,0.6911315,62.5,0,0,0,0,0,0.6911315,691.1315
3.546181,31,81,-0.1310754,-0.09692539,0.1639428,0.264,-0.6536835,0.2716394,75,0,0.6911315,62.5,0,0,0,0,0,0.6911315,691.1315
3.55331,31,81,-0.1310754,-0.09692539,0.1639428,0.264,-0.6536835,0.2716394,75,0,0.6911315,62.5,0,0,0,0,0,0.6911315,691.1315
3.560787,31,81,-0.1310754,-0.09692539,0.1639428,0.264,-0.6536835,0.2716394,75,0,0.6911315,62.5,0,0,0,0,0,0.6911315,691.1315
3.565296,31,81,-0.1310754,-0.09692539,0.1639428,0.264,-0.6536835,0.2716394,75,0,0.6911315,62.5,0,0,0,0,0,0.6911315,691.1315
3.56953,31,81,-0.1310754,-0.09692539,0.1639428,0.264,-0.6536835,0.2716394,75,0,0.6911315,62.5,0,0,0,0,0,0.6911315,691.1315
3.574581,31,81,-0.1310754,-0.09692539,0.1639428,0.264,-0.6536835,0.2716394,75,0,0.6911315,62.5,0,0,0,0,0,0.6911315,691.1315
3.579304,31,81,-0.1310754,-0.09692539,0.1639428,0.264,-0.6536835,0.2716394,75,0,0.6911315,62.5,0,0,0,0,0,0.6911315,691.1315
3.585167,31,81,-0.1310754,-0.09692539,0.1639428,0.264,-0.6536835,0.2716394,75,0,0.6911315,62.5,0,0,0,0,0,0.6911315,691.1315
3.591454,31,81,-0.1310754,-0.09692539,0.1639428,0.264,-0.6536835,0.2716394,75,0,0.6911315,62.5,0,0,0,0,0,0.6911315,691.1315
3.600769,31,81,-0.1310754,-0.09692539,0.1639428,0.264,-0.6536835,0.2716394,75,0,0.6911315,62.5,0,0,0,0,0,0.6911315,691.1315
3.605869,31,81,-0.1310754,-0.09692539,0.1639428,0.264,-0.6536835,0.2716394,75,0,0.6911315,62.5,0,0,0,0,0,0.6911315,691.1315
3.610828,31,81,-0.1310754,-0.09692539,0.1639428,0.264,-0.6536835,0.2716394,75,0,0.6911315,62.5,0,0,0,0,0,0.6911315,691.1315
3.615818,31,81,-0.1310754,-0.09692539,0.1639428,0.264,-0.6536835,0.2716394,75,0,0.6911315,62.5,0,0,0,0,0,0.6911315,691.1315
3.620647,31,81,-0.1310754,-0.09692539,0.1639428,0.264,-0.6536835,0.2716394,75,0,0.6911315,62.5,0,0,0,0,0,0.6911315,691.1315
3.625797,31,81,-0.1310754,-0.09692539,0.1639428,0.264,-0.6536835,0.2716394,75,0,0.6911315,62.5,0,0,0,0,0,0.6911315,691.1315
3.633198,31,81,-0.1310754,-0.09692539,0.1639428,0.264,-0.6536835,0.2716394,75,0,0.6911315,62.5,0,0,0,0,0,0.6911315,691.1315
3.641438,31,81,-0.1310754,-0.09692539,0.1639428,0.264,-0.6536835,0.2716394,75,0,0.6911315,62.5,0,0,0,0,0,0.6911315,691.1315
3.646881,31,81,-0.1310754,-0.09692539,0.1639428,0.264,-0.6536835,0.2716394,75,0,0.6911315,62.5,0,0,0,0,0,0.6911315,691.1315
3.649593,31,81,-0.1310754,-0.09692539,0.1639428,0.264,-0.6536835,0.2716394,75,0,0.6911315,62.5,0,0,0,0,0,0.6911315,691.1315
3.652203,31,81,-0.1310754,-0.09692539,0.1639428,0.264,-0.6536835,0.2716394,75,0,0.6911315,62.5,0,0,0,0,0,0.6911315,691.1315
3.654297,31,81,-0.1310754,-0.09692539,0.1639428,0.264,-0.6536835,0.2716394,75,0,0.6911315,62.5,0,0,0,0,0,0.6911315,691.1315
3.657623,31,81,-0.1310754,-0.09692539,0.1639428,0.264,-0.6536835,0.2716394,75,0,0.6911315,62.5,0,0,0,0,0,0.6911315,691.1315
3.659893,31,81,-0.1310754,-0.09692539,0.1639428,0.264,-0.6536835,0.2716394,75,0,0.6911315,62.5,0,0,0,0,0,0.6911315,691.1315
3.662029,31,81,-0.1310754,-0.09692539,0.1639428,0.264,-0.6536835,0.2716394,75,0,0.6911315,62.5,0,0,0,0,0,0.6911315,691.1315
3.664207,31,81,-0.1310754,-0.09692539,0.1639428,0.264,-0.6536835,0.2716394,75,0,0.6911315,62.5,0,0,0,0,0,0.6911315,691.1315
3.667477,31,81,-0.1310754,-0.09692539,0.1639428,0.264,-0.6536835,0.2716394,75,0,0.6911315,62.5,0,0,0,0,0,0.6911315,691.1315
3.669765,31,81,-0.1310754,-0.09692539,0.1639428,0.264,-0.6536835,0.2716394,75,0,0.6911315,62.5,0,0,0,0,0,0.6911315,691.1315
3.671799,31,81,-0.1310754,-0.09692539,0.1639428,0.264,-0.6536835,0.2716394,75,0,0.6911315,62.5,0,0,0,0,0,0.6911315,691.1315
3.673965,31,81,-0.1310754,-0.09692539,0.1639428,0.264,-0.6536835,0.2716394,75,0,0.6911315,62.5,0,0,0,0,0,0.6911315,691.1315
3.676105,31,81,-0.1310754,-0.09692539,0.1639428,0.264,-0.6536835,0.2716394,75,0,0.6911315,62.5,0,0,0,0,0,0.6911315,691.1315
3.678234,31,81,-0.1310754,-0.09692539,0.1639428,0.264,-0.6536835,0.2716394,75,0,0.6911315,62.5,0,0,0,0,0,0.6911315,691.1315
3.680485,31,81,-0.1310754,-0.09692539,0.1639428,0.264,-0.6536835,0.2716394,75,0,0.6911315,62.5,0,0,0,0,0,0.6911315,691.1315
3.683563,31,81,-0.1310754,-0.09692539,0.1639428,0.264,-0.6536835,0.2716394,75,0,0.6911315,62.5,0,0,0,0,0,0.6911315,691.1315
3.685936,31,81,-0.1310754,-0.09692539,0.1639428,0.264,-0.6536835,0.2716394,75,0,0.6911315,62.5,0,0,0,0,0,0.6911315,691.1315
3.68856,31,81,-0.1310754,-0.09692539,0.1639428,0.264,-0.6536835,0.2716394,75,0,0.6911315,62.5,0,0,0,0,0,0.6911315,691.1315
3.690712,31,81,-0.1310754,-0.09692539,0.1639428,0.264,-0.6536835,0.2716394,75,0,0.6911315,62.5,0,0,0,0,0,0.6911315,691.1315
3.692841,31,81,-0.1310754,-0.09692539,0.1639428,0.264,-0.6536835,0.2716394,75,0,0.6911315,62.5,0,0,0,0,0,0.6911315,691.1315
3.695168,31,81,-0.1310754,-0.09692539,0.1639428,0.264,-0.6536835,0.2716394,75,0,0.6911315,62.5,0,0,0,0,0,0.6911315,691.1315
3.697311,31,81,-0.1310754,-0.09692539,0.1639428,0.264,-0.6536835,0.2716394,75,0,0.6911315,62.5,0,0,0,0,0,0.6911315,691.1315
3.700493,31,81,-0.1310754,-0.09692539,0.1639428,0.264,-0.6536835,0.2716394,75,0,0.6911315,62.5,0,0,0,0,0,0.6911315,691.1315
3.70311,31,81,-0.1310754,-0.09692539,0.1639428,0.264,-0.6536835,0.2716394,75,0,0.6911315,62.5,0,0,0,0,0,0.6911315,691.1315
3.705456,31,81,-0.1310754,-0.09692539,0.1639428,0.264,-0.6536835,0.2716394,75,0,0.6911315,62.5,0,0,0,0,0,0.6911315,691.1315
3.708138,31,81,-0.1310754,-0.09692539,0.1639428,0.264,-0.6536835,0.2716394,75,0,0.6911315,62.5,0,0,0,0,0,0.6911315,691.1315
3.710342,31,81,-0.1310754,-0.09692539,0.1639428,0.264,-0.6536835,0.2716394,75,0,0.6911315,62.5,0,0,0,0,0,0.6911315,691.1315
3.712406,31,81,-0.1310754,-0.09692539,0.1639428,0.264,-0.6536835,0.2716394,75,0,0.6911315,62.5,0,0,0,0,0,0.6911315,691.1315
3.714706,31,81,-0.1310754,-0.09692539,0.1639428,0.264,-0.6536835,0.2716394,75,0,0.6911315,62.5,0,0,0,0,0,0.6911315,691.1315
3.717583,31,81,-0.1310754,-0.09692539,0.1639428,0.264,-0.6536835,0.2716394,75,0,0.6911315,62.5,0,0,0,0,0,0.6911315,691.1315
3.720257,31,81,-0.1310754,-0.09692539,0.1639428,0.264,-0.6536835,0.2716394,75,0,0.6911315,62.5,0,0,0,0,0,0.6911315,691.1315
3.722698,31,81,-0.1310754,-0.09692539,0.1639428,0.264,-0.6536835,0.2716394,75,0,0.6911315,62.5,0,0,0,0,0,0.6911315,691.1315
3.725426,31,81,-0.1310754,-0.09692539,0.1639428,0.264,-0.6536835,0.2716394,75,0,0.6911315,62.5,0,0,0,0,0,0.6911315,691.1315
3.728073,31,81,-0.1310754,-0.09692539,0.1639428,0.264,-0.6536835,0.2716394,75,0,0.6911315,62.5,0,0,0,0,0,0.6911315,691.1315
3.730484,31,81,-0.1310754,-0.09692539,0.1639428,0.264,-0.6536835,0.2716394,75,0,0.6911315,62.5,0,0,0,0,0,0.6911315,691.1315
3.732887,31,81,-0.1310754,-0.09692539,0.1639428,0.264,-0.6536835,0.2716394,75,0,0.6911315,62.5,0,0,0,0,0,0.6911315,691.1315
3.735271,31,81,-0.1310754,-0.09692539,0.1639428,0.264,-0.6536835,0.2716394,75,0,0.6911315,62.5,0,0,0,0,0,0.6911315,691.1315
3.737442,31,81,-0.1310754,-0.09692539,0.1639428,0.264,-0.6536835,0.2716394,75,0,0.6911315,62.5,0,0,0,0,0,0.6911315,691.1315
3.739548,31,81,-0.1310754,-0.09692539,0.1639428,0.264,-0.6536835,0.2716394,75,0,0.6911315,62.5,0,0,0,0,0,0.6911315,691.1315
3.741562,31,81,-0.1310754,-0.09692539,0.1639428,0.264,-0.6536835,0.2716394,75,0,0.6911315,62.5,0,0,0,0,0,0.6911315,691.1315
3.743664,31,81,-0.1310754,-0.09692539,0.1639428,0.264,-0.6536835,0.2716394,75,0,0.6911315,62.5,0,0,0,0,0,0.6911315,691.1315
3.747826,31,81,-0.1310754,-0.09692539,0.1639428,0.264,-0.6536835,0.2716394,75,0,0.6911315,62.5,0,0,0,0,0,0.6911315,691.1315
3.752495,31,81,-0.1310754,-0.09692539,0.1639428,0.264,-0.6536835,0.2716394,75,0,0.6911315,62.5,0,0,0,0,0,0.6911315,691.1315
3.757454,31,81,-0.1310754,-0.09692539,0.1639428,0.264,-0.6536835,0.2716394,75,0,0.6911315,62.5,0,0,0,0,0,0.6911315,691.1315
3.762337,31,81,-0.1310754,-0.09692539,0.1639428,0.264,-0.6536835,0.2716394,75,0,0.6911315,62.5,0,0,0,0,0,0.6911315,691.1315
3.765198,31,81,-0.1310754,-0.09692539,0.1639428,0.264,-0.6536835,0.2716394,75,0,0.6911315,62.5,0,0,0,0,0,0.6911315,691.1315
3.768822,31,81,-0.1310754,-0.09692539,0.1639428,0.264,-0.6536835,0.2716394,75,0,0.6911315,62.5,0,0,0,0,0,0.6911315,691.1315
3.7724,31,81,-0.1310754,-0.09692539,0.1639428,0.264,-0.6536835,0.2716394,75,0,0.6911315,62.5,0,0,0,0,0,0.6911315,691.1315
3.776081,31,81,-0.1310754,-0.09692539,0.1639428,0.264,-0.6536835,0.2716394,75,0,0.6911315,62.5,0,0,0,0,0,0.6911315,691.1315
3.77869,31,81,-0.1310754,-0.09692539,0.1639428,0.264,-0.6536835,0.2716394,75,0,0.6911315,62.5,0,0,0,0,0,0.6911315,691.1315
3.78138,31,81,-0.1310754,-0.09692539,0.1639428,0.264,-0.6536835,0.2716394,75,0,0.6911315,62.5,0,0,0,0,0,0.6911315,691.1315
3.783947,31,81,-0.1310754,-0.09692539,0.1639428,0.264,-0.6536835,0.2716394,75,0,0.6911315,62.5,0,0,0,0,0,0.6911315,691.1315
3.786629,31,81,-0.1310754,-0.09692539,0.1639428,0.264,-0.6536835,0.2716394,75,0,0.6911315,62.5,0,0,0,0,0,0.6911315,691.1315
3.788754,31,81,-0.1310754,-0.09692539,0.1639428,0.264,-0.6536835,0.2716394,75,0,0.6911315,62.5,0,0,0,0,0,0.6911315,691.1315
3.790981,31,81,-0.1310754,-0.09692539,0.1639428,0.264,-0.6536835,0.2716394,75,0,0.6911315,62.5,0,0,0,0,0,0.6911315,691.1315
3.793171,31,81,-0.1310754,-0.09692539,0.1639428,0.264,-0.6536835,0.2716394,75,0,0.6911315,62.5,0,0,0,0,0,0.6911315,691.1315
3.795319,31,81,-0.1310754,-0.09692539,0.1639428,0.264,-0.6536835,0.2716394,75,0,0.6911315,62.5,0,0,0,0,0,0.6911315,691.1315
3.797482,31,81,-0.1310754,-0.09692539,0.1639428,0.264,-0.6536835,0.2716394,75,0,0.6911315,62.5,0,0,0,0,0,0.6911315,691.1315
3.799988,31,81,-0.1310754,-0.09692539,0.1639428,0.264,-0.6536835,0.2716394,75,0,0.6911315,62.5,0,0,0,0,0,0.6911315,691.1315
3.802616,31,81,-0.1310754,-0.09692539,0.1639428,0.264,-0.6536835,0.2716394,75,0,0.6911315,62.5,0,0,0,0,0,0.6911315,691.1315
3.805244,31,81,-0.1310754,-0.09692539,0.1639428,0.264,-0.6536835,0.2716394,75,0,0.6911315,62.5,0,0,0,0,0,0.6911315,691.1315
3.809559,31,81,-0.1310754,-0.09692539,0.1639428,0.264,-0.6536835,0.2716394,75,0,0.6911315,62.5,0,0,0,0,0,0.6911315,691.1315
3.811962,31,81,-0.1310754,-0.09692539,0.1639428,0.264,-0.6536835,0.2716394,75,0,0.6911315,62.5,0,0,0,0,0,0.6911315,691.1315
3.814186,31,81,-0.1310754,-0.09692539,0.1639428,0.264,-0.6536835,0.2716394,75,0,0.6911315,62.5,0,0,0,0,0,0.6911315,691.1315
3.816719,31,81,-0.1310754,-0.09692539,0.1639428,0.264,-0.6536835,0.2716394,75,0,0.6911315,62.5,0,0,0,0,0,0.6911315,691.1315
3.819145,31,81,-0.1310754,-0.09692539,0.1639428,0.264,-0.6536835,0.2716394,75,0,0.6911315,62.5,0,0,0,0,0,0.6911315,691.1315
3.821514,31,81,-0.1310754,-0.09692539,0.1639428,0.264,-0.6536835,0.2716394,75,0,0.6911315,62.5,0,0,0,0,0,0.6911315,691.1315
3.823986,31,81,-0.1310754,-0.09692539,0.1639428,0.264,-0.6536835,0.2716394,75,0,0.6911315,62.5,0,0,0,0,0,0.6911315,691.1315
3.826469,31,81,-0.1310754,-0.09692539,0.1639428,0.264,-0.6536835,0.2716394,75,0,0.6911315,62.5,0,0,0,0,0,0.6911315,691.1315
3.828819,31,81,-0.1310754,-0.09692539,0.1639428,0.264,-0.6536835,0.2716394,75,0,0.6911315,62.5,0,0,0,0,0,0.6911315,691.1315
3.831043,31,81,-0.1310754,-0.09692539,0.1639428,0.264,-0.6536835,0.2716394,75,0,0.6911315,62.5,0,0,0,0,0,0.6911315,691.1315
3.833656,31,81,-0.1310754,-0.09692539,0.1639428,0.264,-0.6536835,0.2716394,75,0,0.6911315,62.5,0,0,0,0,0,0.6911315,691.1315
3.836269,31,81,-0.1310754,-0.09692539,0.1639428,0.264,-0.6536835,0.2716394,75,0,0.6911315,62.5,0,0,0,0,0,0.6911315,691.1315
3.838505,31,81,-0.1310754,-0.09692539,0.1639428,0.264,-0.6536835,0.2716394,75,0,0.6911315,62.5,0,0,0,0,0,0.6911315,691.1315
3.841629,31,81,-0.1310754,-0.09692539,0.1639428,0.264,-0.6536835,0.2716394,75,0,0.6911315,62.5,0,0,0,0,0,0.6911315,691.1315
3.84404,31,81,-0.1310754,-0.09692539,0.1639428,0.264,-0.6536835,0.2716394,75,0,0.6911315,62.5,0,0,0,0,0,0.6911315,691.1315
3.846767,31,81,-0.1310754,-0.09692539,0.1639428,0.264,-0.6536835,0.2716394,75,0,0.6911315,62.5,0,0,0,0,0,0.6911315,691.1315
3.84914,31,81,-0.1310754,-0.09692539,0.1639428,0.264,-0.6536835,0.2716394,75,0,0.6911315,62.5,0,0,0,0,0,0.6911315,691.1315
3.852745,31,81,-0.1310754,-0.09692539,0.1639428,0.264,-0.6536835,0.2716394,75,0,0.6911315,62.5,0,0,0,0,0,0.6911315,691.1315
3.855129,31,81,-0.1310754,-0.09692539,0.1639428,0.264,-0.6536835,0.2716394,75,0,0.6911315,62.5,0,0,0,0,0,0.6911315,691.1315
3.857483,31,81,-0.1310754,-0.09692539,0.1639428,0.264,-0.6536835,0.2716394,75,0,0.6911315,62.5,0,0,0,0,0,0.6911315,691.1315
3.859676,31,81,-0.1310754,-0.09692539,0.1639428,0.264,-0.6536835,0.2716394,75,0,0.6911315,62.5,0,0,0,0,0,0.6911315,691.1315
3.861885,31,81,-0.1310754,-0.09692539,0.1639428,0.264,-0.6536835,0.2716394,75,0,0.6911315,62.5,0,0,0,0,0,0.6911315,691.1315
3.864071,31,81,-0.1310754,-0.09692539,0.1639428,0.264,-0.6536835,0.2716394,75,0,0.6911315,62.5,0,0,0,0,0,0.6911315,691.1315
3.866863,31,81,-0.1310754,-0.09692539,0.1639428,0.264,-0.6536835,0.2716394,75,0,0.6911315,62.5,0,0,0,0,0,0.6911315,691.1315
3.869171,31,81,-0.1310754,-0.09692539,0.1639428,0.264,-0.6536835,0.2716394,75,0,0.6911315,62.5,0,0,0,0,0,0.6911315,691.1315
3.871452,31,81,-0.1310754,-0.09692539,0.1639428,0.264,-0.6536835,0.2716394,75,0,0.6911315,62.5,0,0,0,0,0,0.6911315,691.1315
3.873764,31,81,-0.1310754,-0.09692539,0.1639428,0.264,-0.6536835,0.2716394,75,0,0.6911315,62.5,0,0,0,0,0,0.6911315,691.1315
3.875904,31,81,-0.1310754,-0.09692539,0.1639428,0.264,-0.6536835,0.2716394,75,0,0.6911315,62.5,0,0,0,0,0,0.6911315,691.1315
3.878181,31,81,-0.1310754,-0.09692539,0.1639428,0.264,-0.6536835,0.2716394,75,0,0.6911315,62.5,0,0,0,0,0,0.6911315,691.1315
3.880436,31,81,-0.1310754,-0.09692539,0.1639428,0.264,-0.6536835,0.2716394,75,0,0.6911315,62.5,0,0,0,0,0,0.6911315,691.1315
3.882629,31,81,-0.1310754,-0.09692539,0.1639428,0.264,-0.6536835,0.2716394,75,0,0.6911315,62.5,0,0,0,0,0,0.6911315,691.1315
3.885391,31,81,-0.1310754,-0.09692539,0.1639428,0.264,-0.6536835,0.2716394,75,0,0.6911315,62.5,0,0,0,0,0,0.6911315,691.1315
3.888107,31,81,-0.1310754,-0.09692539,0.1639428,0.264,-0.6536835,0.2716394,75,0,0.6911315,62.5,0,0,0,0,0,0.6911315,691.1315
3.890308,31,81,-0.1310754,-0.09692539,0.1639428,0.264,-0.6536835,0.2716394,75,0,0.6911315,62.5,0,0,0,0,0,0.6911315,691.1315
3.892372,31,81,-0.1310754,-0.09692539,0.1639428,0.264,-0.6536835,0.2716394,75,0,0.6911315,62.5,0,0,0,0,0,0.6911315,691.1315
3.897911,31,81,-0.1310754,-0.09692539,0.1639428,0.264,-0.6536835,0.2716394,75,0,0.6911315,62.5,0,0,0,0,0,0.6911315,691.1315
3.907291,31,81,-0.1310754,-0.09692539,0.1639428,0.264,0.07597173,0.4834273,18.3,0,0.5367013,46.85,-6045.614,0,0,0,0.7597703,0.6911315,0.9096584
3.910854,31,81,-0.1310754,-0.09692539,0.1639428,0.264,0.07597173,0.4834273,18.3,0,0.5367013,46.85,0,0,0,0,0.7597703,0.6911315,0.9096584
3.913906,31,81,-0.1310754,-0.09692539,0.1639428,0.264,0.07597173,0.4834273,18.3,0,0.5367013,46.85,0,0,0,0,0.7597703,0.6911315,0.9096584
3.916584,31,81,-0.1310754,-0.09692539,0.1639428,0.264,0.07597173,0.4834273,18.3,0,0.5367013,46.85,0,0,0,0,0.7597703,0.6911315,0.9096584
3.921619,31,81,-0.1310754,-0.09692539,0.1639428,0.264,0.07597173,0.4834273,18.3,0,0.5367013,46.85,0,0,0,0,0.7597703,0.6911315,0.9096584
3.924477,31,81,-0.1310754,-0.09692539,0.1639428,0.264,0.07597173,0.4834273,18.3,0,0.5367013,46.85,0,0,0,0,0.7597703,0.6911315,0.9096584
3.927376,31,81,-0.1310754,-0.09692539,0.1639428,0.264,0.07597173,0.4834273,18.3,0,0.5367013,46.85,0,0,0,0,0.7597703,0.6911315,0.9096584
3.929699,31,81,-0.1310754,-0.09692539,0.1639428,0.264,0.07597173,0.4834273,18.3,0,0.5367013,46.85,0,0,0,0,0.7597703,0.6911315,0.9096584
3.932228,31,81,-0.1310754,-0.09692539,0.1639428,0.264,0.07597173,0.4834273,18.3,0,0.5367013,46.85,0,0,0,0,0.7597703,0.6911315,0.9096584
3.935322,31,81,-0.1310754,-0.09692539,0.1639428,0.264,0.07597173,0.4834273,18.3,0,0.5367013,46.85,0,0,0,0,0.7597703,0.6911315,0.9096584
3.937504,31,81,-0.1310754,-0.09692539,0.1639428,0.264,0.07597173,0.4834273,18.3,0,0.5367013,46.85,0,0,0,0,0.7597703,0.6911315,0.9096584
3.939983,31,81,-0.1310754,-0.09692539,0.1639428,0.264,0.07597173,0.4834273,18.3,0,0.5367013,46.85,0,0,0,0,0.7597703,0.6911315,0.9096584
3.942795,31,81,-0.1310754,-0.09692539,0.1639428,0.264,0.07597173,0.4834273,18.3,0,0.5367013,46.85,0,0,0,0,0.7597703,0.6911315,0.9096584
3.945057,31,81,-0.1310754,-0.09692539,0.1639428,0.264,0.07597173,0.4834273,18.3,0,0.5367013,46.85,0,0,0,0,0.7597703,0.6911315,0.9096584
3.947655,31,81,-0.1310754,-0.09692539,0.1639428,0.264,0.07597173,0.4834273,18.3,0,0.5367013,46.85,0,0,0,0,0.7597703,0.6911315,0.9096584
3.950798,31,81,-0.1310754,-0.09692539,0.1639428,0.264,0.07597173,0.4834273,18.3,0,0.5367013,46.85,0,0,0,0,0.7597703,0.6911315,0.9096584
3.95327,31,81,-0.1310754,-0.09692539,0.1639428,0.264,0.07597173,0.4834273,18.3,0,0.5367013,46.85,0,0,0,0,0.7597703,0.6911315,0.9096584
3.955498,31,81,-0.1310754,-0.09692539,0.1639428,0.264,0.07597173,0.4834273,18.3,0,0.5367013,46.85,0,0,0,0,0.7597703,0.6911315,0.9096584
3.957676,31,81,-0.1310754,-0.09692539,0.1639428,0.264,0.07597173,0.4834273,18.3,0,0.5367013,46.85,0,0,0,0,0.7597703,0.6911315,0.9096584
3.959988,31,81,-0.1310754,-0.09692539,0.1639428,0.264,0.07597173,0.4834273,18.3,0,0.5367013,46.85,0,0,0,0,0.7597703,0.6911315,0.9096584
3.962509,31,81,-0.1310754,-0.09692539,0.1639428,0.264,0.07597173,0.4834273,18.3,0,0.5367013,46.85,0,0,0,0,0.7597703,0.6911315,0.9096584
3.965267,31,81,-0.1310754,-0.09692539,0.1639428,0.264,0.07597173,0.4834273,18.3,0,0.5367013,46.85,0,0,0,0,0.7597703,0.6911315,0.9096584
3.969372,31,81,-0.1310754,-0.09692539,0.1639428,0.264,0.07597173,0.4834273,18.3,0,0.5367013,46.85,0,0,0,0,0.7597703,0.6911315,0.9096584
3.980701,31,81,-0.1310754,-0.09692539,0.1639428,0.264,0.07597173,0.4834273,18.3,0,0.5367013,46.85,0,0,0,0,0.7597703,0.6911315,0.9096584
3.992439,31,81,-0.1310754,-0.09692539,0.1639428,0.264,0.07597173,0.4834273,18.3,0,0.5367013,46.85,0,0,0,0,0.7597703,0.6911315,0.9096584
4.003807,31,81,-0.1310754,-0.09692539,0.1639428,0.264,0.07597173,0.4834273,18.3,0,0.5367013,46.85,0,0,0,0,0.7597703,0.6911315,0.9096584
4.008011,31,81,-0.1310754,-0.09692539,0.1639428,0.264,0.07597173,0.4834273,18.3,0,0.5367013,46.85,0,0,0,0,0.7597703,0.6911315,0.9096584
4.015404,31,81,-0.1310754,-0.09692539,0.1639428,0.264,0.07597173,0.4834273,18.3,0,0.5367013,46.85,0,0,0,0,0.7597703,0.6911315,0.9096584
4.017948,31,81,-0.1310754,-0.09692539,0.1639428,0.264,0.07597173,0.4834273,18.3,0,0.5367013,46.85,0,0,0,0,0.7597703,0.6911315,0.9096584
4.020176,31,81,-0.1310754,-0.09692539,0.1639428,0.264,0.07597173,0.4834273,18.3,0,0.5367013,46.85,0,0,0,0,0.7597703,0.6911315,0.9096584
4.0224,31,81,-0.1310754,-0.09692539,0.1639428,0.264,0.07597173,0.4834273,18.3,0,0.5367013,46.85,0,0,0,0,0.7597703,0.6911315,0.9096584
4.024502,31,81,-0.1310754,-0.09692539,0.1639428,0.264,0.07597173,0.4834273,18.3,0,0.5367013,46.85,0,0,0,0,0.7597703,0.6911315,0.9096584
4.027344,31,81,-0.1310754,-0.09692539,0.1639428,0.264,0.07597173,0.4834273,18.3,0,0.5367013,46.85,0,0,0,0,0.7597703,0.6911315,0.9096584
4.029736,31,81,-0.1310754,-0.09692539,0.1639428,0.264,0.07597173,0.4834273,18.3,0,0.5367013,46.85,0,0,0,0,0.7597703,0.6911315,0.9096584
4.03199,31,81,-0.1310754,-0.09692539,0.1639428,0.264,0.07597173,0.4834273,18.3,0,0.5367013,46.85,0,0,0,0,0.7597703,0.6911315,0.9096584
4.034855,31,81,-0.1310754,-0.09692539,0.1639428,0.264,0.07597173,0.4834273,18.3,0,0.5367013,46.85,0,0,0,0,0.7597703,0.6911315,0.9096584
4.037476,31,81,-0.1310754,-0.09692539,0.1639428,0.264,0.07597173,0.4834273,18.3,0,0.5367013,46.85,0,0,0,0,0.7597703,0.6911315,0.9096584
4.039631,31,81,-0.1310754,-0.09692539,0.1639428,0.264,0.07597173,0.4834273,18.3,0,0.5367013,46.85,0,0,0,0,0.7597703,0.6911315,0.9096584
4.041874,31,81,-0.1310754,-0.09692539,0.1639428,0.264,0.07597173,0.4834273,18.3,0,0.5367013,46.85,0,0,0,0,0.7597703,0.6911315,0.9096584
4.044346,31,81,-0.1310754,-0.09692539,0.1639428,0.264,0.07597173,0.4834273,18.3,0,0.5367013,46.85,0,0,0,0,0.7597703,0.6911315,0.9096584
4.047005,31,81,-0.1310754,-0.09692539,0.1639428,0.264,0.07597173,0.4834273,18.3,0,0.5367013,46.85,0,0,0,0,0.7597703,0.6911315,0.9096584
4.049339,31,81,-0.1310754,-0.09692539,0.1639428,0.264,0.07597173,0.4834273,18.3,0,0.5367013,46.85,0,0,0,0,0.7597703,0.6911315,0.9096584
4.051899,31,81,-0.1310754,-0.09692539,0.1639428,0.264,0.07597173,0.4834273,18.3,0,0.5367013,46.85,0,0,0,0,0.7597703,0.6911315,0.9096584
4.054047,31,81,-0.1310754,-0.09692539,0.1639428,0.264,0.07597173,0.4834273,18.3,0,0.5367013,46.85,0,0,0,0,0.7597703,0.6911315,0.9096584
4.05621,31,81,-0.1310754,-0.09692539,0.1639428,0.264,0.07597173,0.4834273,18.3,0,0.5367013,46.85,0,0,0,0,0.7597703,0.6911315,0.9096584
4.05867,31,81,-0.1310754,-0.09692539,0.1639428,0.264,0.07597173,0.4834273,18.3,0,0.5367013,46.85,0,0,0,0,0.7597703,0.6911315,0.9096584
4.060871,31,81,-0.1310754,-0.09692539,0.1639428,0.264,0.07597173,0.4834273,18.3,0,0.5367013,46.85,0,0,0,0,0.7597703,0.6911315,0.9096584
4.062916,31,81,-0.1310754,-0.09692539,0.1639428,0.264,0.07597173,0.4834273,18.3,0,0.5367013,46.85,0,0,0,0,0.7597703,0.6911315,0.9096584
4.06501,31,81,-0.1310754,-0.09692539,0.1639428,0.264,0.07597173,0.4834273,18.3,0,0.5367013,46.85,0,0,0,0,0.7597703,0.6911315,0.9096584
4.068233,31,81,-0.1310754,-0.09692539,0.1639428,0.264,0.07597173,0.4834273,18.3,0,0.5367013,46.85,0,0,0,0,0.7597703,0.6911315,0.9096584
4.07077,31,81,-0.1310754,-0.09692539,0.1639428,0.264,0.07597173,0.4834273,18.3,0,0.5367013,46.85,0,0,0,0,0.7597703,0.6911315,0.9096584
4.073528,31,81,-0.1310754,-0.09692539,0.1639428,0.264,0.07597173,0.4834273,18.3,0,0.5367013,46.85,0,0,0,0,0.7597703,0.6911315,0.9096584
4.075783,31,81,-0.1310754,-0.09692539,0.1639428,0.264,0.07597173,0.4834273,18.3,0,0.5367013,46.85,0,0,0,0,0.7597703,0.6911315,0.9096584
4.078194,31,81,-0.1310754,-0.09692539,0.1639428,0.264,0.07597173,0.4834273,18.3,0,0.5367013,46.85,0,0,0,0,0.7597703,0.6911315,0.9096584
4.080643,31,81,-0.1310754,-0.09692539,0.1639428,0.264,0.07597173,0.4834273,18.3,0,0.5367013,46.85,0,0,0,0,0.7597703,0.6911315,0.9096584
4.083179,31,81,-0.1310754,-0.09692539,0.1639428,0.264,0.07597173,0.4834273,18.3,0,0.5367013,46.85,0,0,0,0,0.7597703,0.6911315,0.9096584
4.085915,31,81,-0.1310754,-0.09692539,0.1639428,0.264,0.07597173,0.4834273,18.3,0,0.5367013,46.85,0,0,0,0,0.7597703,0.6911315,0.9096584
4.088764,31,81,-0.1310754,-0.09692539,0.1639428,0.264,0.07597173,0.4834273,18.3,0,0.5367013,46.85,0,0,0,0,0.7597703,0.6911315,0.9096584
4.091099,31,81,-0.1310754,-0.09692539,0.1639428,0.264,0.07597173,0.4834273,18.3,0,0.5367013,46.85,0,0,0,0,0.7597703,0.6911315,0.9096584
4.093201,31,81,-0.1310754,-0.09692539,0.1639428,0.264,0.07597173,0.4834273,18.3,0,0.5367013,46.85,0,0,0,0,0.7597703,0.6911315,0.9096584
4.095493,31,81,-0.1310754,-0.09692539,0.1639428,0.264,0.07597173,0.4834273,18.3,0,0.5367013,46.85,0,0,0,0,0.7597703,0.6911315,0.9096584
4.097614,31,81,-0.1310754,-0.09692539,0.1639428,0.264,0.07597173,0.4834273,18.3,0,0.5367013,46.85,0,0,0,0,0.7597703,0.6911315,0.9096584
4.101276,31,81,-0.1310754,-0.09692539,0.1639428,0.264,0.07597173,0.4834273,18.3,0,0.5367013,46.85,0,0,0,0,0.7597703,0.6911315,0.9096584
4.103813,31,81,-0.1310754,-0.09692539,0.1639428,0.264,0.07597173,0.4834273,18.3,0,0.5367013,46.85,0,0,0,0,0.7597703,0.6911315,0.9096584
4.106487,31,81,-0.1310754,-0.09692539,0.1639428,0.264,0.07597173,0.4834273,18.3,0,0.5367013,46.85,0,0,0,0,0.7597703,0.6911315,0.9096584
4.108624,31,81,-0.1310754,-0.09692539,0.1639428,0.264,0.07597173,0.4834273,18.3,0,0.5367013,46.85,0,0,0,0,0.7597703,0.6911315,0.9096584
4.110725,31,81,-0.1310754,-0.09692539,0.1639428,0.264,0.07597173,0.4834273,18.3,0,0.5367013,46.85,0,0,0,0,0.7597703,0.6911315,0.9096584
4.113136,31,81,-0.1310754,-0.09692539,0.1639428,0.264,0.07597173,0.4834273,18.3,0,0.5367013,46.85,0,0,0,0,0.7597703,0.6911315,0.9096584
4.11541,31,81,-0.1310754,-0.09692539,0.1639428,0.264,0.07597173,0.4834273,18.3,0,0.5367013,46.85,0,0,0,0,0.7597703,0.6911315,0.9096584
4.118183,31,81,-0.1310754,-0.09692539,0.1639428,0.264,0.07597173,0.4834273,18.3,0,0.5367013,46.85,0,0,0,0,0.7597703,0.6911315,0.9096584
4.120567,31,81,-0.1310754,-0.09692539,0.1639428,0.264,0.07597173,0.4834273,18.3,0,0.5367013,46.85,0,0,0,0,0.7597703,0.6911315,0.9096584
4.122704,31,81,-0.1310754,-0.09692539,0.1639428,0.264,0.07597173,0.4834273,18.3,0,0.5367013,46.85,0,0,0,0,0.7597703,0.6911315,0.9096584
4.124889,31,81,-0.1310754,-0.09692539,0.1639428,0.264,0.07597173,0.4834273,18.3,0,0.5367013,46.85,0,0,0,0,0.7597703,0.6911315,0.9096584
4.127464,31,81,-0.1310754,-0.09692539,0.1639428,0.264,0.07597173,0.4834273,18.3,0,0.5367013,46.85,0,0,0,0,0.7597703,0.6911315,0.9096584
4.129608,31,81,-0.1310754,-0.09692539,0.1639428,0.264,0.07597173,0.4834273,18.3,0,0.5367013,46.85,0,0,0,0,0.7597703,0.6911315,0.9096584
4.13176,31,81,-0.1310754,-0.09692539,0.1639428,0.264,0.07597173,0.4834273,18.3,0,0.5367013,46.85,0,0,0,0,0.7597703,0.6911315,0.9096584
4.134727,31,81,-0.1310754,-0.09692539,0.1639428,0.264,0.07597173,0.4834273,18.3,0,0.5367013,46.85,0,0,0,0,0.7597703,0.6911315,0.9096584
4.137348,31,81,-0.1310754,-0.09692539,0.1639428,0.264,0.07597173,0.4834273,18.3,0,0.5367013,46.85,0,0,0,0,0.7597703,0.6911315,0.9096584
4.139469,31,81,-0.1310754,-0.09692539,0.1639428,0.264,0.07597173,0.4834273,18.3,0,0.5367013,46.85,0,0,0,0,0.7597703,0.6911315,0.9096584
4.141663,31,81,-0.1310754,-0.09692539,0.1639428,0.264,0.07597173,0.4834273,18.3,0,0.5367013,46.85,0,0,0,0,0.7597703,0.6911315,0.9096584
4.143822,31,81,-0.1310754,-0.09692539,0.1639428,0.264,0.07597173,0.4834273,18.3,0,0.5367013,46.85,0,0,0,0,0.7597703,0.6911315,0.9096584
4.146416,31,81,-0.1310754,-0.09692539,0.1639428,0.264,0.07597173,0.4834273,18.3,0,0.5367013,46.85,0,0,0,0,0.7597703,0.6911315,0.9096584
4.148533,31,81,-0.1310754,-0.09692539,0.1639428,0.264,0.07597173,0.4834273,18.3,0,0.5367013,46.85,0,0,0,0,0.7597703,0.6911315,0.9096584
4.151104,31,81,-0.1310754,-0.09692539,0.1639428,0.264,0.07597173,0.4834273,18.3,0,0.5367013,46.85,0,0,0,0,0.7597703,0.6911315,0.9096584
4.153225,31,81,-0.1310754,-0.09692539,0.1639428,0.264,0.07597173,0.4834273,18.3,0,0.5367013,46.85,0,0,0,0,0.7597703,0.6911315,0.9096584
4.155483,31,81,-0.1310754,-0.09692539,0.1639428,0.264,0.07597173,0.4834273,18.3,0,0.5367013,46.85,0,0,0,0,0.7597703,0.6911315,0.9096584
4.157593,31,81,-0.1310754,-0.09692539,0.1639428,0.264,0.07597173,0.4834273,18.3,0,0.5367013,46.85,0,0,0,0,0.7597703,0.6911315,0.9096584
4.159645,31,81,-0.1310754,-0.09692539,0.1639428,0.264,0.07597173,0.4834273,18.3,0,0.5367013,46.85,0,0,0,0,0.7597703,0.6911315,0.9096584
4.161617,31,81,-0.1310754,-0.09692539,0.1639428,0.264,0.07597173,0.4834273,18.3,0,0.5367013,46.85,0,0,0,0,0.7597703,0.6911315,0.9096584
4.163746,31,81,-0.1310754,-0.09692539,0.1639428,0.264,0.07597173,0.4834273,18.3,0,0.5367013,46.85,0,0,0,0,0.7597703,0.6911315,0.9096584
4.167286,31,81,-0.1310754,-0.09692539,0.1639428,0.264,0.07597173,0.4834273,18.3,0,0.5367013,46.85,0,0,0,0,0.7597703,0.6911315,0.9096584
4.169624,31,81,-0.1310754,-0.09692539,0.1639428,0.264,0.07597173,0.4834273,18.3,0,0.5367013,46.85,0,0,0,0,0.7597703,0.6911315,0.9096584
4.171825,31,81,-0.1310754,-0.09692539,0.1639428,0.264,0.07597173,0.4834273,18.3,0,0.5367013,46.85,0,0,0,0,0.7597703,0.6911315,0.9096584
4.174221,31,81,-0.1310754,-0.09692539,0.1639428,0.264,0.07597173,0.4834273,18.3,0,0.5367013,46.85,0,0,0,0,0.7597703,0.6911315,0.9096584
4.176353,31,81,-0.1310754,-0.09692539,0.1639428,0.264,0.07597173,0.4834273,18.3,0,0.5367013,46.85,0,0,0,0,0.7597703,0.6911315,0.9096584
4.178699,31,81,-0.1310754,-0.09692539,0.1639428,0.264,0.07597173,0.4834273,18.3,0,0.5367013,46.85,0,0,0,0,0.7597703,0.6911315,0.9096584
4.180714,31,81,-0.1310754,-0.09692539,0.1639428,0.264,0.07597173,0.4834273,18.3,0,0.5367013,46.85,0,0,0,0,0.7597703,0.6911315,0.9096584
4.184143,31,81,-0.1310754,-0.09692539,0.1639428,0.264,0.07597173,0.4834273,18.3,0,0.5367013,46.85,0,0,0,0,0.7597703,0.6911315,0.9096584
4.187126,31,81,-0.1310754,-0.09692539,0.1639428,0.264,0.07597173,0.4834273,18.3,0,0.5367013,46.85,0,0,0,0,0.7597703,0.6911315,0.9096584
4.189369,31,81,-0.1310754,-0.09692539,0.1639428,0.264,0.07597173,0.4834273,18.3,0,0.5367013,46.85,0,0,0,0,0.7597703,0.6911315,0.9096584
4.191536,31,81,-0.1310754,-0.09692539,0.1639428,0.264,0.07597173,0.4834273,18.3,0,0.5367013,46.85,0,0,0,0,0.7597703,0.6911315,0.9096584
4.193714,31,81,-0.1310754,-0.09692539,0.1639428,0.264,0.07597173,0.4834273,18.3,0,0.5367013,46.85,0,0,0,0,0.7597703,0.6911315,0.9096584
4.195786,31,81,-0.1310754,-0.09692539,0.1639428,0.264,0.07597173,0.4834273,18.3,0,0.5367013,46.85,0,0,0,0,0.7597703,0.6911315,0.9096584
4.198349,31,81,-0.1310754,-0.09692539,0.1639428,0.264,0.07597173,0.4834273,18.3,0,0.5367013,46.85,0,0,0,0,0.7597703,0.6911315,0.9096584
4.201496,31,81,-0.1310754,-0.09692539,0.1639428,0.264,0.07597173,0.4834273,18.3,0,0.5367013,46.85,0,0,0,0,0.7597703,0.6911315,0.9096584
4.203861,31,81,-0.1310754,-0.09692539,0.1639428,0.264,0.07597173,0.4834273,18.3,0,0.5367013,46.85,0,0,0,0,0.7597703,0.6911315,0.9096584
4.206295,31,81,-0.1310754,-0.09692539,0.1639428,0.264,0.07597173,0.4834273,18.3,0,0.5367013,46.85,0,0,0,0,0.7597703,0.6911315,0.9096584
4.208385,31,81,-0.1310754,-0.09692539,0.1639428,0.264,0.07597173,0.4834273,18.3,0,0.5367013,46.85,0,0,0,0,0.7597703,0.6911315,0.9096584
4.210373,31,81,-0.1310754,-0.09692539,0.1639428,0.264,0.07597173,0.4834273,18.3,0,0.5367013,46.85,0,0,0,0,0.7597703,0.6911315,0.9096584
4.212738,31,81,-0.1310754,-0.09692539,0.1639428,0.264,0.07597173,0.4834273,18.3,0,0.5367013,46.85,0,0,0,0,0.7597703,0.6911315,0.9096584
4.21513,31,81,-0.1310754,-0.09692539,0.1639428,0.264,0.07597173,0.4834273,18.3,0,0.5367013,46.85,0,0,0,0,0.7597703,0.6911315,0.9096584
4.218197,31,81,-0.1310754,-0.09692539,0.1639428,0.264,0.07597173,0.4834273,18.3,0,0.5367013,46.85,0,0,0,0,0.7597703,0.6911315,0.9096584
4.22081,31,81,-0.1310754,-0.09692539,0.1639428,0.264,0.07597173,0.4834273,18.3,0,0.5367013,46.85,0,0,0,0,0.7597703,0.6911315,0.9096584
4.223595,31,81,-0.1310754,-0.09692539,0.1639428,0.264,0.07597173,0.4834273,18.3,0,0.5367013,46.85,0,0,0,0,0.7597703,0.6911315,0.9096584
4.225853,31,81,-0.1310754,-0.09692539,0.1639428,0.264,0.07597173,0.4834273,18.3,0,0.5367013,46.85,0,0,0,0,0.7597703,0.6911315,0.9096584
4.228657,31,81,-0.1310754,-0.09692539,0.1639428,0.264,0.07597173,0.4834273,18.3,0,0.5367013,46.85,0,0,0,0,0.7597703,0.6911315,0.9096584
4.231239,31,81,-0.1310754,-0.09692539,0.1639428,0.264,0.07597173,0.4834273,18.3,0,0.5367013,46.85,0,0,0,0,0.7597703,0.6911315,0.9096584
4.233685,31,81,-0.1310754,-0.09692539,0.1639428,0.264,0.07597173,0.4834273,18.3,0,0.5367013,46.85,0,0,0,0,0.7597703,0.6911315,0.9096584
4.236073,31,81,-0.1310754,-0.09692539,0.1639428,0.264,0.07597173,0.4834273,18.3,0,0.5367013,46.85,0,0,0,0,0.7597703,0.6911315,0.9096584
4.23819,31,81,-0.1310754,-0.09692539,0.1639428,0.264,0.07597173,0.4834273,18.3,0,0.5367013,46.85,0,0,0,0,0.7597703,0.6911315,0.9096584
4.240429,31,81,-0.1310754,-0.09692539,0.1639428,0.264,0.07597173,0.4834273,18.3,0,0.5367013,46.85,0,0,0,0,0.7597703,0.6911315,0.9096584
4.242702,31,81,-0.1310754,-0.09692539,0.1639428,0.264,0.07597173,0.4834273,18.3,0,0.5367013,46.85,0,0,0,0,0.7597703,0.6911315,0.9096584
4.245529,31,81,-0.1310754,-0.09692539,0.1639428,0.264,0.07597173,0.4834273,18.3,0,0.5367013,46.85,0,0,0,0,0.7597703,0.6911315,0.9096584
4.248196,31,81,-0.1310754,-0.09692539,0.1639428,0.264,0.07597173,0.4834273,18.3,0,0.5367013,46.85,0,0,0,0,0.7597703,0.6911315,0.9096584
4.250645,31,81,-0.1310754,-0.09692539,0.1639428,0.264,0.07597173,0.4834273,18.3,0,0.5367013,46.85,0,0,0,0,0.7597703,0.6911315,0.9096584
4.252975,31,81,-0.1310754,-0.09692539,0.1639428,0.264,0.07597173,0.4834273,18.3,0,0.5367013,46.85,0,0,0,0,0.7597703,0.6911315,0.9096584
4.255394,31,81,-0.1310754,-0.09692539,0.1639428,0.264,0.07597173,0.4834273,18.3,0,0.5367013,46.85,0,0,0,0,0.7597703,0.6911315,0.9096584
4.257725,31,81,-0.1310754,-0.09692539,0.1639428,0.264,0.07597173,0.4834273,18.3,0,0.5367013,46.85,0,0,0,0,0.7597703,0.6911315,0.9096584
4.259762,31,81,-0.1310754,-0.09692539,0.1639428,0.264,0.07597173,0.4834273,18.3,0,0.5367013,46.85,0,0,0,0,0.7597703,0.6911315,0.9096584
4.262486,31,81,-0.1310754,-0.09692539,0.1639428,0.264,0.07597173,0.4834273,18.3,0,0.5367013,46.85,0,0,0,0,0.7597703,0.6911315,0.9096584
4.264542,31,81,-0.1310754,-0.09692539,0.1639428,0.264,0.07597173,0.4834273,18.3,0,0.5367013,46.85,0,0,0,0,0.7597703,0.6911315,0.9096584
4.267628,31,81,-0.1310754,-0.09692539,0.1639428,0.264,0.07597173,0.4834273,18.3,0,0.5367013,46.85,0,0,0,0,0.7597703,0.6911315,0.9096584
4.26984,31,81,-0.1310754,-0.09692539,0.1639428,0.264,0.07597173,0.4834273,18.3,0,0.5367013,46.85,0,0,0,0,0.7597703,0.6911315,0.9096584
4.271885,31,81,-0.1310754,-0.09692539,0.1639428,0.264,0.07597173,0.4834273,18.3,0,0.5367013,46.85,0,0,0,0,0.7597703,0.6911315,0.9096584
4.273975,31,81,-0.1310754,-0.09692539,0.1639428,0.264,0.07597173,0.4834273,18.3,0,0.5367013,46.85,0,0,0,0,0.7597703,0.6911315,0.9096584
4.277035,31,81,-0.1310754,-0.09692539,0.1639428,0.264,0.07597173,0.4834273,18.3,0,0.5367013,46.85,0,0,0,0,0.7597703,0.6911315,0.9096584
4.279282,31,81,-0.1310754,-0.09692539,0.1639428,0.264,0.07597173,0.4834273,18.3,0,0.5367013,46.85,0,0,0,0,0.7597703,0.6911315,0.9096584
4.281376,31,81,-0.1310754,-0.09692539,0.1639428,0.264,0.07597173,0.4834273,18.3,0,0.5367013,46.85,0,0,0,0,0.7597703,0.6911315,0.9096584
4.283642,31,81,-0.1310754,-0.09692539,0.1639428,0.264,0.07597173,0.4834273,18.3,0,0.5367013,46.85,0,0,0,0,0.7597703,0.6911315,0.9096584
4.285824,31,81,-0.1310754,-0.09692539,0.1639428,0.264,0.07597173,0.4834273,18.3,0,0.5367013,46.85,0,0,0,0,0.7597703,0.6911315,0.9096584
4.28849,31,81,-0.1310754,-0.09692539,0.1639428,0.264,0.07597173,0.4834273,18.3,0,0.5367013,46.85,0,0,0,0,0.7597703,0.6911315,0.9096584
4.29089,31,81,-0.1310754,-0.09692539,0.1639428,0.264,0.07597173,0.4834273,18.3,0,0.5367013,46.85,0,0,0,0,0.7597703,0.6911315,0.9096584
4.293137,31,81,-0.1310754,-0.09692539,0.1639428,0.264,0.07597173,0.4834273,18.3,0,0.5367013,46.85,0,0,0,0,0.7597703,0.6911315,0.9096584
4.295322,31,81,-0.1310754,-0.09692539,0.1639428,0.264,0.07597173,0.4834273,18.3,0,0.5367013,46.85,0,0,0,0,0.7597703,0.6911315,0.9096584
4.2976,31,81,-0.1310754,-0.09692539,0.1639428,0.264,0.07597173,0.4834273,18.3,0,0.5367013,46.85,0,0,0,0,0.7597703,0.6911315,0.9096584
4.300457,31,81,-0.1310754,-0.09692539,0.1639428,0.264,0.07597173,0.4834273,18.3,0,0.5367013,46.85,0,0,0,0,0.7597703,0.6911315,0.9096584
4.302837,31,81,-0.1310754,-0.09692539,0.1639428,0.264,0.07597173,0.4834273,18.3,0,0.5367013,46.85,0,0,0,0,0.7597703,0.6911315,0.9096584
4.305038,31,81,-0.1310754,-0.09692539,0.1639428,0.264,0.07597173,0.4834273,18.3,0,0.5367013,46.85,0,0,0,0,0.7597703,0.6911315,0.9096584
4.307697,31,81,-0.1310754,-0.09692539,0.1639428,0.264,0.07597173,0.4834273,18.3,0,0.5367013,46.85,0,0,0,0,0.7597703,0.6911315,0.9096584
4.310062,31,81,-0.1310754,-0.09692539,0.1639428,0.264,0.07597173,0.4834273,18.3,0,0.5367013,46.85,0,0,0,0,0.7597703,0.6911315,0.9096584
4.312283,31,81,-0.1310754,-0.09692539,0.1639428,0.264,0.07597173,0.4834273,18.3,0,0.5367013,46.85,0,0,0,0,0.7597703,0.6911315,0.9096584
4.314663,31,81,-0.1310754,-0.09692539,0.1639428,0.264,0.07597173,0.4834273,18.3,0,0.5367013,46.85,0,0,0,0,0.7597703,0.6911315,0.9096584
4.31741,31,81,-0.1310754,-0.09692539,0.1639428,0.264,0.07597173,0.4834273,18.3,0,0.5367013,46.85,0,0,0,0,0.7597703,0.6911315,0.9096584
4.32011,31,81,-0.1310754,-0.09692539,0.1639428,0.264,0.07597173,0.4834273,18.3,0,0.5367013,46.85,0,0,0,0,0.7597703,0.6911315,0.9096584
4.322632,31,81,-0.1310754,-0.09692539,0.1639428,0.264,0.07597173,0.4834273,18.3,0,0.5367013,46.85,0,0,0,0,0.7597703,0.6911315,0.9096584
4.325211,31,81,-0.1310754,-0.09692539,0.1639428,0.264,0.07597173,0.4834273,18.3,0,0.5367013,46.85,0,0,0,0,0.7597703,0.6911315,0.9096584
4.327744,31,81,-0.1310754,-0.09692539,0.1639428,0.264,0.07597173,0.4834273,18.3,0,0.5367013,46.85,0,0,0,0,0.7597703,0.6911315,0.9096584
4.33007,31,81,-0.1310754,-0.09692539,0.1639428,0.264,0.07597173,0.4834273,18.3,0,0.5367013,46.85,0,0,0,0,0.7597703,0.6911315,0.9096584
4.332302,31,81,-0.1310754,-0.09692539,0.1639428,0.264,0.07597173,0.4834273,18.3,0,0.5367013,46.85,0,0,0,0,0.7597703,0.6911315,0.9096584
4.334984,31,81,-0.1310754,-0.09692539,0.1639428,0.264,0.07597173,0.4834273,18.3,0,0.5367013,46.85,0,0,0,0,0.7597703,0.6911315,0.9096584
4.337406,31,81,-0.1310754,-0.09692539,0.1639428,0.264,0.07597173,0.4834273,18.3,0,0.5367013,46.85,0,0,0,0,0.7597703,0.6911315,0.9096584
4.339634,31,81,-0.1310754,-0.09692539,0.1639428,0.264,0.07597173,0.4834273,18.3,0,0.5367013,46.85,0,0,0,0,0.7597703,0.6911315,0.9096584
4.341824,31,81,-0.1310754,-0.09692539,0.1639428,0.264,0.07597173,0.4834273,18.3,0,0.5367013,46.85,0,0,0,0,0.7597703,0.6911315,0.9096584
4.343861,31,81,-0.1310754,-0.09692539,0.1639428,0.264,0.07597173,0.4834273,18.3,0,0.5367013,46.85,0,0,0,0,0.7597703,0.6911315,0.9096584
4.346462,31,81,-0.1310754,-0.09692539,0.1639428,0.264,0.07597173,0.4834273,18.3,0,0.5367013,46.85,0,0,0,0,0.7597703,0.6911315,0.9096584
4.348663,31,81,-0.1310754,-0.09692539,0.1639428,0.264,0.07597173,0.4834273,18.3,0,0.5367013,46.85,0,0,0,0,0.7597703,0.6911315,0.9096584
4.351524,31,81,-0.1310754,-0.09692539,0.1639428,0.264,0.07597173,0.4834273,18.3,0,0.5367013,46.85,0,0,0,0,0.7597703,0.6911315,0.9096584
4.35458,31,81,-0.1310754,-0.09692539,0.1639428,0.264,0.07597173,0.4834273,18.3,0,0.5367013,46.85,0,0,0,0,0.7597703,0.6911315,0.9096584
4.356998,31,81,-0.1310754,-0.09692539,0.1639428,0.264,0.07597173,0.4834273,18.3,0,0.5367013,46.85,0,0,0,0,0.7597703,0.6911315,0.9096584
4.359486,31,81,-0.1310754,-0.09692539,0.1639428,0.264,0.07597173,0.4834273,18.3,0,0.5367013,46.85,0,0,0,0,0.7597703,0.6911315,0.9096584
4.361656,31,81,-0.1310754,-0.09692539,0.1639428,0.264,0.07597173,0.4834273,18.3,0,0.5367013,46.85,0,0,0,0,0.7597703,0.6911315,0.9096584
4.363976,31,81,-0.1310754,-0.09692539,0.1639428,0.264,0.07597173,0.4834273,18.3,0,0.5367013,46.85,0,0,0,0,0.7597703,0.6911315,0.9096584
4.366833,31,81,-0.1310754,-0.09692539,0.1639428,0.264,0.07597173,0.4834273,18.3,0,0.5367013,46.85,0,0,0,0,0.7597703,0.6911315,0.9096584
4.369385,31,81,-0.1310754,-0.09692539,0.1639428,0.264,0.07597173,0.4834273,18.3,0,0.5367013,46.85,0,0,0,0,0.7597703,0.6911315,0.9096584
4.371552,31,81,-0.1310754,-0.09692539,0.1639428,0.264,0.07597173,0.4834273,18.3,0,0.5367013,46.85,0,0,0,0,0.7597703,0.6911315,0.9096584
4.37373,31,81,-0.1310754,-0.09692539,0.1639428,0.264,0.07597173,0.4834273,18.3,0,0.5367013,46.85,0,0,0,0,0.7597703,0.6911315,0.9096584
4.37598,31,81,-0.1310754,-0.09692539,0.1639428,0.264,0.07597173,0.4834273,18.3,0,0.5367013,46.85,0,0,0,0,0.7597703,0.6911315,0.9096584
4.378002,31,81,-0.1310754,-0.09692539,0.1639428,0.264,0.07597173,0.4834273,18.3,0,0.5367013,46.85,0,0,0,0,0.7597703,0.6911315,0.9096584
4.380077,31,81,-0.1310754,-0.09692539,0.1639428,0.264,0.07597173,0.4834273,18.3,0,0.5367013,46.85,0,0,0,0,0.7597703,0.6911315,0.9096584
4.382221,31,81,-0.1310754,-0.09692539,0.1639428,0.264,0.07597173,0.4834273,18.3,0,0.5367013,46.85,0,0,0,0,0.7597703,0.6911315,0.9096584
4.385075,31,81,-0.1310754,-0.09692539,0.1639428,0.264,0.07597173,0.4834273,18.3,0,0.5367013,46.85,0,0,0,0,0.7597703,0.6911315,0.9096584
4.387695,31,81,-0.1310754,-0.09692539,0.1639428,0.264,0.07597173,0.4834273,18.3,0,0.5367013,46.85,0,0,0,0,0.7597703,0.6911315,0.9096584
4.389771,31,81,-0.1310754,-0.09692539,0.1639428,0.264,0.07597173,0.4834273,18.3,0,0.5367013,46.85,0,0,0,0,0.7597703,0.6911315,0.9096584
4.391991,31,81,-0.1310754,-0.09692539,0.1639428,0.264,0.07597173,0.4834273,18.3,0,0.5367013,46.85,0,0,0,0,0.7597703,0.6911315,0.9096584
4.394108,31,81,-0.1310754,-0.09692539,0.1639428,0.264,0.07597173,0.4834273,18.3,0,0.5367013,46.85,0,0,0,0,0.7597703,0.6911315,0.9096584
4.396168,31,81,-0.1310754,-0.09692539,0.1639428,0.264,0.07597173,0.4834273,18.3,0,0.5367013,46.85,0,0,0,0,0.7597703,0.6911315,0.9096584
4.398331,31,81,-0.1310754,-0.09692539,0.1639428,0.264,0.07597173,0.4834273,18.3,0,0.5367013,46.85,0,0,0,0,0.7597703,0.6911315,0.9096584
4.401085,31,81,-0.1310754,-0.09692539,0.1639428,0.264,0.07597173,0.4834273,18.3,0,0.5367013,46.85,0,0,0,0,0.7597703,0.6911315,0.9096584
4.403233,31,81,-0.1310754,-0.09692539,0.1639428,0.264,0.07597173,0.4834273,18.3,0,0.5367013,46.85,0,0,0,0,0.7597703,0.6911315,0.9096584
4.405449,31,81,-0.1310754,-0.09692539,0.1639428,0.264,0.07597173,0.4834273,18.3,0,0.5367013,46.85,0,0,0,0,0.7597703,0.6911315,0.9096584
4.407936,31,81,-0.1310754,-0.09692539,0.1639428,0.264,0.07597173,0.4834273,18.3,0,0.5367013,46.85,0,0,0,0,0.7597703,0.6911315,0.9096584
4.409985,31,81,-0.1310754,-0.09692539,0.1639428,0.264,0.07597173,0.4834273,18.3,0,0.5367013,46.85,0,0,0,0,0.7597703,0.6911315,0.9096584
4.412094,31,81,-0.1310754,-0.09692539,0.1639428,0.264,0.07597173,0.4834273,18.3,0,0.5367013,46.85,0,0,0,0,0.7597703,0.6911315,0.9096584
4.414192,31,81,-0.1310754,-0.09692539,0.1639428,0.264,0.07597173,0.4834273,18.3,0,0.5367013,46.85,0,0,0,0,0.7597703,0.6911315,0.9096584
4.41663,31,81,-0.1310754,-0.09692539,0.1639428,0.264,0.07597173,0.4834273,18.3,0,0.5367013,46.85,0,0,0,0,0.7597703,0.6911315,0.9096584
4.418842,31,81,-0.1310754,-0.09692539,0.1639428,0.264,0.07597173,0.4834273,18.3,0,0.5367013,46.85,0,0,0,0,0.7597703,0.6911315,0.9096584
4.420883,31,81,-0.1310754,-0.09692539,0.1639428,0.264,0.07597173,0.4834273,18.3,0,0.5367013,46.85,0,0,0,0,0.7597703,0.6911315,0.9096584
4.423023,31,81,-0.1310754,-0.09692539,0.1639428,0.264,0.07597173,0.4834273,18.3,0,0.5367013,46.85,0,0,0,0,0.7597703,0.6911315,0.9096584
4.42514,31,81,-0.1310754,-0.09692539,0.1639428,0.264,0.07597173,0.4834273,18.3,0,0.5367013,46.85,0,0,0,0,0.7597703,0.6911315,0.9096584
4.427685,31,81,-0.1310754,-0.09692539,0.1639428,0.264,0.07597173,0.4834273,18.3,0,0.5367013,46.85,0,0,0,0,0.7597703,0.6911315,0.9096584
4.430122,31,81,-0.1310754,-0.09692539,0.1639428,0.264,0.07597173,0.4834273,18.3,0,0.5367013,46.85,0,0,0,0,0.7597703,0.6911315,0.9096584
4.432251,31,81,-0.1310754,-0.09692539,0.1639428,0.264,0.07597173,0.4834273,18.3,0,0.5367013,46.85,0,0,0,0,0.7597703,0.6911315,0.9096584
4.434822,31,81,-0.1310754,-0.09692539,0.1639428,0.264,0.07597173,0.4834273,18.3,0,0.5367013,46.85,0,0,0,0,0.7597703,0.6911315,0.9096584
4.437035,31,81,-0.1310754,-0.09692539,0.1639428,0.264,0.07597173,0.4834273,18.3,0,0.5367013,46.85,0,0,0,0,0.7597703,0.6911315,0.9096584
4.439137,31,81,-0.1310754,-0.09692539,0.1639428,0.264,0.07597173,0.4834273,18.3,0,0.5367013,46.85,0,0,0,0,0.7597703,0.6911315,0.9096584
4.441322,31,81,-0.1310754,-0.09692539,0.1639428,0.264,0.07597173,0.4834273,18.3,0,0.5367013,46.85,0,0,0,0,0.7597703,0.6911315,0.9096584
4.443512,31,81,-0.1310754,-0.09692539,0.1639428,0.264,0.07597173,0.4834273,18.3,0,0.5367013,46.85,0,0,0,0,0.7597703,0.6911315,0.9096584
4.445854,31,81,-0.1310754,-0.09692539,0.1639428,0.264,0.07597173,0.4834273,18.3,0,0.5367013,46.85,0,0,0,0,0.7597703,0.6911315,0.9096584
4.449368,31,81,-0.1310754,-0.09692539,0.1639428,0.264,0.07597173,0.4834273,18.3,0,0.5367013,46.85,0,0,0,0,0.7597703,0.6911315,0.9096584
4.451797,31,81,-0.1310754,-0.09692539,0.1639428,0.264,0.07597173,0.4834273,18.3,0,0.5367013,46.85,0,0,0,0,0.7597703,0.6911315,0.9096584
4.453972,31,81,-0.1310754,-0.09692539,0.1639428,0.264,0.07597173,0.4834273,18.3,0,0.5367013,46.85,0,0,0,0,0.7597703,0.6911315,0.9096584
4.456085,31,81,-0.1310754,-0.09692539,0.1639428,0.264,0.07597173,0.4834273,18.3,0,0.5367013,46.85,0,0,0,0,0.7597703,0.6911315,0.9096584
4.458233,31,81,-0.1310754,-0.09692539,0.1639428,0.264,0.07597173,0.4834273,18.3,0,0.5367013,46.85,0,0,0,0,0.7597703,0.6911315,0.9096584
4.460598,31,81,-0.1310754,-0.09692539,0.1639428,0.264,0.07597173,0.4834273,18.3,0,0.5367013,46.85,0,0,0,0,0.7597703,0.6911315,0.9096584
4.46339,31,81,-0.1310754,-0.09692539,0.1639428,0.264,0.07597173,0.4834273,18.3,0,0.5367013,46.85,0,0,0,0,0.7597703,0.6911315,0.9096584
4.465591,31,81,-0.1310754,-0.09692539,0.1639428,0.264,0.07597173,0.4834273,18.3,0,0.5367013,46.85,0,0,0,0,0.7597703,0.6911315,0.9096584
4.468441,31,81,-0.1310754,-0.09692539,0.1639428,0.264,0.07597173,0.4834273,18.3,0,0.5367013,46.85,0,0,0,0,0.7597703,0.6911315,0.9096584
4.470634,31,81,-0.1310754,-0.09692539,0.1639428,0.264,0.07597173,0.4834273,18.3,0,0.5367013,46.85,0,0,0,0,0.7597703,0.6911315,0.9096584
4.472794,31,81,-0.1310754,-0.09692539,0.1639428,0.264,0.07597173,0.4834273,18.3,0,0.5367013,46.85,0,0,0,0,0.7597703,0.6911315,0.9096584
4.475021,31,81,-0.1310754,-0.09692539,0.1639428,0.264,0.07597173,0.4834273,18.3,0,0.5367013,46.85,0,0,0,0,0.7597703,0.6911315,0.9096584
4.477272,31,81,-0.1310754,-0.09692539,0.1639428,0.264,0.07597173,0.4834273,18.3,0,0.5367013,46.85,0,0,0,0,0.7597703,0.6911315,0.9096584
4.479542,31,81,-0.1310754,-0.09692539,0.1639428,0.264,0.07597173,0.4834273,18.3,0,0.5367013,46.85,0,0,0,0,0.7597703,0.6911315,0.9096584
4.481991,31,81,-0.1310754,-0.09692539,0.1639428,0.264,0.07597173,0.4834273,18.3,0,0.5367013,46.85,0,0,0,0,0.7597703,0.6911315,0.9096584
4.484425,31,81,-0.1310754,-0.09692539,0.1639428,0.264,0.07597173,0.4834273,18.3,0,0.5367013,46.85,0,0,0,0,0.7597703,0.6911315,0.9096584
4.487183,31,81,-0.1310754,-0.09692539,0.1639428,0.264,0.07597173,0.4834273,18.3,0,0.5367013,46.85,0,0,0,0,0.7597703,0.6911315,0.9096584
4.489525,31,81,-0.1310754,-0.09692539,0.1639428,0.264,0.07597173,0.4834273,18.3,0,0.5367013,46.85,0,0,0,0,0.7597703,0.6911315,0.9096584
4.491585,31,81,-0.1310754,-0.09692539,0.1639428,0.264,0.07597173,0.4834273,18.3,0,0.5367013,46.85,0,0,0,0,0.7597703,0.6911315,0.9096584
4.493931,31,81,-0.1310754,-0.09692539,0.1639428,0.264,0.07597173,0.4834273,18.3,0,0.5367013,46.85,0,0,0,0,0.7597703,0.6911315,0.9096584
4.496078,31,81,-0.1310754,-0.09692539,0.1639428,0.264,0.07597173,0.4834273,18.3,0,0.5367013,46.85,0,0,0,0,0.7597703,0.6911315,0.9096584
4.498199,31,81,-0.1310754,-0.09692539,0.1639428,0.264,0.07597173,0.4834273,18.3,0,0.5367013,46.85,0,0,0,0,0.7597703,0.6911315,0.9096584
4.500961,31,81,-0.1310754,-0.09692539,0.1639428,0.264,0.07597173,0.4834273,18.3,0,0.5367013,46.85,0,0,0,0,0.7597703,0.6911315,0.9096584
4.503536,31,81,-0.1310754,-0.09692539,0.1639428,0.264,0.07597173,0.4834273,18.3,0,0.5367013,46.85,0,0,0,0,0.7597703,0.6911315,0.9096584
4.505928,31,81,-0.1310754,-0.09692539,0.1639428,0.264,0.07597173,0.4834273,18.3,0,0.5367013,46.85,0,0,0,0,0.7597703,0.6911315,0.9096584
4.508648,31,81,-0.1310754,-0.09692539,0.1639428,0.264,0.07597173,0.4834273,18.3,0,0.5367013,46.85,0,0,0,0,0.7597703,0.6911315,0.9096584
4.511539,31,81,-0.1310754,-0.09692539,0.1639428,0.264,0.07597173,0.4834273,18.3,0,0.5367013,46.85,0,0,0,0,0.7597703,0.6911315,0.9096584
4.514141,31,81,-0.1310754,-0.09692539,0.1639428,0.264,0.07597173,0.4834273,18.3,0,0.5367013,46.85,0,0,0,0,0.7597703,0.6911315,0.9096584
4.516579,31,81,-0.1310754,-0.09692539,0.1639428,0.264,0.07597173,0.4834273,18.3,0,0.5367013,46.85,0,0,0,0,0.7597703,0.6911315,0.9096584
4.518822,31,81,-0.1310754,-0.09692539,0.1639428,0.264,0.07597173,0.4834273,18.3,0,0.5367013,46.85,0,0,0,0,0.7597703,0.6911315,0.9096584
4.520973,31,81,-0.1310754,-0.09692539,0.1639428,0.264,0.07597173,0.4834273,18.3,0,0.5367013,46.85,0,0,0,0,0.7597703,0.6911315,0.9096584
4.52306,31,81,-0.1310754,-0.09692539,0.1639428,0.264,0.07597173,0.4834273,18.3,0,0.5367013,46.85,0,0,0,0,0.7597703,0.6911315,0.9096584
4.525673,31,81,-0.1310754,-0.09692539,0.1639428,0.264,0.07597173,0.4834273,18.3,0,0.5367013,46.85,0,0,0,0,0.7597703,0.6911315,0.9096584
4.52824,31,81,-0.1310754,-0.09692539,0.1639428,0.264,0.07597173,0.4834273,18.3,0,0.5367013,46.85,0,0,0,0,0.7597703,0.6911315,0.9096584
4.530392,31,81,-0.1310754,-0.09692539,0.1639428,0.264,0.07597173,0.4834273,18.3,0,0.5367013,46.85,0,0,0,0,0.7597703,0.6911315,0.9096584
4.532482,31,81,-0.1310754,-0.09692539,0.1639428,0.264,0.07597173,0.4834273,18.3,0,0.5367013,46.85,0,0,0,0,0.7597703,0.6911315,0.9096584
4.535362,31,81,-0.1310754,-0.09692539,0.1639428,0.264,0.07597173,0.4834273,18.3,0,0.5367013,46.85,0,0,0,0,0.7597703,0.6911315,0.9096584
4.537518,31,81,-0.1310754,-0.09692539,0.1639428,0.264,0.07597173,0.4834273,18.3,0,0.5367013,46.85,0,0,0,0,0.7597703,0.6911315,0.9096584
4.539917,31,81,-0.1310754,-0.09692539,0.1639428,0.264,0.07597173,0.4834273,18.3,0,0.5367013,46.85,0,0,0,0,0.7597703,0.6911315,0.9096584
4.542126,31,81,-0.1310754,-0.09692539,0.1639428,0.264,0.07597173,0.4834273,18.3,0,0.5367013,46.85,0,0,0,0,0.7597703,0.6911315,0.9096584
4.544193,31,81,-0.1310754,-0.09692539,0.1639428,0.264,0.07597173,0.4834273,18.3,0,0.5367013,46.85,0,0,0,0,0.7597703,0.6911315,0.9096584
4.546589,31,81,-0.1310754,-0.09692539,0.1639428,0.264,0.07597173,0.4834273,18.3,0,0.5367013,46.85,0,0,0,0,0.7597703,0.6911315,0.9096584
4.548607,31,81,-0.1310754,-0.09692539,0.1639428,0.264,0.07597173,0.4834273,18.3,0,0.5367013,46.85,0,0,0,0,0.7597703,0.6911315,0.9096584
4.551094,31,81,-0.1310754,-0.09692539,0.1639428,0.264,0.07597173,0.4834273,18.3,0,0.5367013,46.85,0,0,0,0,0.7597703,0.6911315,0.9096584
4.55328,31,81,-0.1310754,-0.09692539,0.1639428,0.264,0.07597173,0.4834273,18.3,0,0.5367013,46.85,0,0,0,0,0.7597703,0.6911315,0.9096584
4.555519,31,81,-0.1310754,-0.09692539,0.1639428,0.264,0.07597173,0.4834273,18.3,0,0.5367013,46.85,0,0,0,0,0.7597703,0.6911315,0.9096584
4.557583,31,81,-0.1310754,-0.09692539,0.1639428,0.264,0.07597173,0.4834273,18.3,0,0.5367013,46.85,0,0,0,0,0.7597703,0.6911315,0.9096584
4.5597,31,81,-0.1310754,-0.09692539,0.1639428,0.264,0.07597173,0.4834273,18.3,0,0.5367013,46.85,0,0,0,0,0.7597703,0.6911315,0.9096584
4.562035,31,81,-0.1310754,-0.09692539,0.1639428,0.264,0.07597173,0.4834273,18.3,0,0.5367013,46.85,0,0,0,0,0.7597703,0.6911315,0.9096584
4.564137,31,81,-0.1310754,-0.09692539,0.1639428,0.264,0.07597173,0.4834273,18.3,0,0.5367013,46.85,0,0,0,0,0.7597703,0.6911315,0.9096584
4.567089,31,81,-0.1310754,-0.09692539,0.1639428,0.264,0.07597173,0.4834273,18.3,0,0.5367013,46.85,0,0,0,0,0.7597703,0.6911315,0.9096584
4.569378,31,81,-0.1310754,-0.09692539,0.1639428,0.264,0.07597173,0.4834273,18.3,0,0.5367013,46.85,0,0,0,0,0.7597703,0.6911315,0.9096584
4.572128,31,81,-0.1310754,-0.09692539,0.1639428,0.264,0.07597173,0.4834273,18.3,0,0.5367013,46.85,0,0,0,0,0.7597703,0.6911315,0.9096584
4.574547,31,81,-0.1310754,-0.09692539,0.1639428,0.264,0.07597173,0.4834273,18.3,0,0.5367013,46.85,0,0,0,0,0.7597703,0.6911315,0.9096584
4.576511,31,81,-0.1310754,-0.09692539,0.1639428,0.264,0.07597173,0.4834273,18.3,0,0.5367013,46.85,0,0,0,0,0.7597703,0.6911315,0.9096584
4.578514,31,81,-0.1310754,-0.09692539,0.1639428,0.264,0.07597173,0.4834273,18.3,0,0.5367013,46.85,0,0,0,0,0.7597703,0.6911315,0.9096584
4.58073,31,81,-0.1310754,-0.09692539,0.1639428,0.264,0.07597173,0.4834273,18.3,0,0.5367013,46.85,0,0,0,0,0.7597703,0.6911315,0.9096584
4.583267,31,81,-0.1310754,-0.09692539,0.1639428,0.264,0.07597173,0.4834273,18.3,0,0.5367013,46.85,0,0,0,0,0.7597703,0.6911315,0.9096584
4.586796,31,81,-0.1310754,-0.09692539,0.1639428,0.264,0.07597173,0.4834273,18.3,0,0.5367013,46.85,0,0,0,0,0.7597703,0.6911315,0.9096584
4.590134,31,81,-0.1310754,-0.09692539,0.1639428,0.264,0.07597173,0.4834273,18.3,0,0.5367013,46.85,0,0,0,0,0.7597703,0.6911315,0.9096584
4.592422,31,81,-0.1310754,-0.09692539,0.1639428,0.264,0.07597173,0.4834273,18.3,0,0.5367013,46.85,0,0,0,0,0.7597703,0.6911315,0.9096584
4.59491,31,81,-0.1310754,-0.09692539,0.1639428,0.264,0.07597173,0.4834273,18.3,0,0.5367013,46.85,0,0,0,0,0.7597703,0.6911315,0.9096584
4.597191,31,81,-0.1310754,-0.09692539,0.1639428,0.264,0.07597173,0.4834273,18.3,0,0.5367013,46.85,0,0,0,0,0.7597703,0.6911315,0.9096584
4.599911,31,81,-0.1310754,-0.09692539,0.1639428,0.264,0.07597173,0.4834273,18.3,0,0.5367013,46.85,0,0,0,0,0.7597703,0.6911315,0.9096584
4.602493,31,81,-0.1310754,-0.09692539,0.1639428,0.264,0.07597173,0.4834273,18.3,0,0.5367013,46.85,0,0,0,0,0.7597703,0.6911315,0.9096584
4.604809,31,81,-0.1310754,-0.09692539,0.1639428,0.264,0.07597173,0.4834273,18.3,0,0.5367013,46.85,0,0,0,0,0.7597703,0.6911315,0.9096584
4.60743,31,81,-0.1310754,-0.09692539,0.1639428,0.264,0.07597173,0.4834273,18.3,0,0.5367013,46.85,0,0,0,0,0.7597703,0.6911315,0.9096584
4.609474,31,81,-0.1310754,-0.09692539,0.1639428,0.264,0.07597173,0.4834273,18.3,0,0.5367013,46.85,0,0,0,0,0.7597703,0.6911315,0.9096584
4.611675,31,81,-0.1310754,-0.09692539,0.1639428,0.264,0.07597173,0.4834273,18.3,0,0.5367013,46.85,0,0,0,0,0.7597703,0.6911315,0.9096584
4.613724,31,81,-0.1310754,-0.09692539,0.1639428,0.264,0.07597173,0.4834273,18.3,0,0.5367013,46.85,0,0,0,0,0.7597703,0.6911315,0.9096584
4.615852,31,81,-0.1310754,-0.09692539,0.1639428,0.264,0.07597173,0.4834273,18.3,0,0.5367013,46.85,0,0,0,0,0.7597703,0.6911315,0.9096584
4.618668,31,81,-0.1310754,-0.09692539,0.1639428,0.264,0.07597173,0.4834273,18.3,0,0.5367013,46.85,0,0,0,0,0.7597703,0.6911315,0.9096584
4.620834,31,81,-0.1310754,-0.09692539,0.1639428,0.264,0.07597173,0.4834273,18.3,0,0.5367013,46.85,0,0,0,0,0.7597703,0.6911315,0.9096584
4.623005,31,81,-0.1310754,-0.09692539,0.1639428,0.264,0.07597173,0.4834273,18.3,0,0.5367013,46.85,0,0,0,0,0.7597703,0.6911315,0.9096584
4.625252,31,81,-0.1310754,-0.09692539,0.1639428,0.264,0.07597173,0.4834273,18.3,0,0.5367013,46.85,0,0,0,0,0.7597703,0.6911315,0.9096584
4.627747,31,81,-0.1310754,-0.09692539,0.1639428,0.264,0.07597173,0.4834273,18.3,0,0.5367013,46.85,0,0,0,0,0.7597703,0.6911315,0.9096584
4.629742,31,81,-0.1310754,-0.09692539,0.1639428,0.264,0.07597173,0.4834273,18.3,0,0.5367013,46.85,0,0,0,0,0.7597703,0.6911315,0.9096584
4.63179,31,81,-0.1310754,-0.09692539,0.1639428,0.264,0.07597173,0.4834273,18.3,0,0.5367013,46.85,0,0,0,0,0.7597703,0.6911315,0.9096584
4.634804,31,81,-0.1310754,-0.09692539,0.1639428,0.264,0.07597173,0.4834273,18.3,0,0.5367013,46.85,0,0,0,0,0.7597703,0.6911315,0.9096584
4.637028,31,81,-0.1310754,-0.09692539,0.1639428,0.264,0.07597173,0.4834273,18.3,0,0.5367013,46.85,0,0,0,0,0.7597703,0.6911315,0.9096584
4.639248,31,81,-0.1310754,-0.09692539,0.1639428,0.264,0.07597173,0.4834273,18.3,0,0.5367013,46.85,0,0,0,0,0.7597703,0.6911315,0.9096584
4.641438,31,81,-0.1310754,-0.09692539,0.1639428,0.264,0.07597173,0.4834273,18.3,0,0.5367013,46.85,0,0,0,0,0.7597703,0.6911315,0.9096584
4.643551,31,81,-0.1310754,-0.09692539,0.1639428,0.264,0.07597173,0.4834273,18.3,0,0.5367013,46.85,0,0,0,0,0.7597703,0.6911315,0.9096584
4.645752,31,81,-0.1310754,-0.09692539,0.1639428,0.264,0.07597173,0.4834273,18.3,0,0.5367013,46.85,0,0,0,0,0.7597703,0.6911315,0.9096584
4.648392,31,81,-0.1310754,-0.09692539,0.1639428,0.264,0.07597173,0.4834273,18.3,0,0.5367013,46.85,0,0,0,0,0.7597703,0.6911315,0.9096584
4.650974,31,81,-0.1310754,-0.09692539,0.1639428,0.264,0.07597173,0.4834273,18.3,0,0.5367013,46.85,0,0,0,0,0.7597703,0.6911315,0.9096584
4.653267,31,81,-0.1310754,-0.09692539,0.1639428,0.264,0.07597173,0.4834273,18.3,0,0.5367013,46.85,0,0,0,0,0.7597703,0.6911315,0.9096584
4.655384,31,81,-0.1310754,-0.09692539,0.1639428,0.264,0.07597173,0.4834273,18.3,0,0.5367013,46.85,0,0,0,0,0.7597703,0.6911315,0.9096584
4.657551,31,81,-0.1310754,-0.09692539,0.1639428,0.264,0.07597173,0.4834273,18.3,0,0.5367013,46.85,0,0,0,0,0.7597703,0.6911315,0.9096584
4.659756,31,81,-0.1310754,-0.09692539,0.1639428,0.264,0.07597173,0.4834273,18.3,0,0.5367013,46.85,0,0,0,0,0.7597703,0.6911315,0.9096584
4.661861,31,81,-0.1310754,-0.09692539,0.1639428,0.264,0.07597173,0.4834273,18.3,0,0.5367013,46.85,0,0,0,0,0.7597703,0.6911315,0.9096584
4.664581,31,81,-0.1310754,-0.09692539,0.1639428,0.264,0.07597173,0.4834273,18.3,0,0.5367013,46.85,0,0,0,0,0.7597703,0.6911315,0.9096584
4.66774,31,81,-0.1310754,-0.09692539,0.1639428,0.264,0.07597173,0.4834273,18.3,0,0.5367013,46.85,0,0,0,0,0.7597703,0.6911315,0.9096584
4.669987,31,81,-0.1310754,-0.09692539,0.1639428,0.264,0.07597173,0.4834273,18.3,0,0.5367013,46.85,0,0,0,0,0.7597703,0.6911315,0.9096584
4.672081,31,81,-0.1310754,-0.09692539,0.1639428,0.264,0.07597173,0.4834273,18.3,0,0.5367013,46.85,0,0,0,0,0.7597703,0.6911315,0.9096584
4.674232,31,81,-0.1310754,-0.09692539,0.1639428,0.264,0.07597173,0.4834273,18.3,0,0.5367013,46.85,0,0,0,0,0.7597703,0.6911315,0.9096584
4.676361,31,81,-0.1310754,-0.09692539,0.1639428,0.264,0.07597173,0.4834273,18.3,0,0.5367013,46.85,0,0,0,0,0.7597703,0.6911315,0.9096584
4.678425,31,81,-0.1310754,-0.09692539,0.1639428,0.264,0.07597173,0.4834273,18.3,0,0.5367013,46.85,0,0,0,0,0.7597703,0.6911315,0.9096584
4.681183,31,81,-0.1310754,-0.09692539,0.1639428,0.264,0.07597173,0.4834273,18.3,0,0.5367013,46.85,0,0,0,0,0.7597703,0.6911315,0.9096584
4.683628,31,81,-0.1310754,-0.09692539,0.1639428,0.264,0.07597173,0.4834273,18.3,0,0.5367013,46.85,0,0,0,0,0.7597703,0.6911315,0.9096584
4.685932,31,81,-0.1310754,-0.09692539,0.1639428,0.264,0.07597173,0.4834273,18.3,0,0.5367013,46.85,0,0,0,0,0.7597703,0.6911315,0.9096584
4.688557,31,81,-0.1310754,-0.09692539,0.1639428,0.264,0.07597173,0.4834273,18.3,0,0.5367013,46.85,0,0,0,0,0.7597703,0.6911315,0.9096584
4.690819,31,81,-0.1310754,-0.09692539,0.1639428,0.264,0.07597173,0.4834273,18.3,0,0.5367013,46.85,0,0,0,0,0.7597703,0.6911315,0.9096584
4.692982,31,81,-0.1310754,-0.09692539,0.1639428,0.264,0.07597173,0.4834273,18.3,0,0.5367013,46.85,0,0,0,0,0.7597703,0.6911315,0.9096584
4.696159,31,81,-0.1310754,-0.09692539,0.1639428,0.264,0.07597173,0.4834273,18.3,0,0.5367013,46.85,0,0,0,0,0.7597703,0.6911315,0.9096584
4.698841,31,81,-0.1310754,-0.09692539,0.1639428,0.264,0.07597173,0.4834273,18.3,0,0.5367013,46.85,0,0,0,0,0.7597703,0.6911315,0.9096584
4.701591,31,81,-0.1310754,-0.09692539,0.1639428,0.264,0.07597173,0.4834273,18.3,0,0.5367013,46.85,0,0,0,0,0.7597703,0.6911315,0.9096584
4.703888,31,81,-0.1310754,-0.09692539,0.1639428,0.264,0.07597173,0.4834273,18.3,0,0.5367013,46.85,0,0,0,0,0.7597703,0.6911315,0.9096584
4.706501,31,81,-0.1310754,-0.09692539,0.1639428,0.264,0.07597173,0.4834273,18.3,0,0.5367013,46.85,0,0,0,0,0.7597703,0.6911315,0.9096584
4.70858,31,81,-0.1310754,-0.09692539,0.1639428,0.264,0.07597173,0.4834273,18.3,0,0.5367013,46.85,0,0,0,0,0.7597703,0.6911315,0.9096584
4.710911,31,81,-0.1310754,-0.09692539,0.1639428,0.264,0.07597173,0.4834273,18.3,0,0.5367013,46.85,0,0,0,0,0.7597703,0.6911315,0.9096584
4.713074,31,81,-0.1310754,-0.09692539,0.1639428,0.264,0.07597173,0.4834273,18.3,0,0.5367013,46.85,0,0,0,0,0.7597703,0.6911315,0.9096584
4.715107,31,81,-0.1310754,-0.09692539,0.1639428,0.264,0.07597173,0.4834273,18.3,0,0.5367013,46.85,0,0,0,0,0.7597703,0.6911315,0.9096584
4.717651,31,81,-0.1310754,-0.09692539,0.1639428,0.264,0.07597173,0.4834273,18.3,0,0.5367013,46.85,0,0,0,0,0.7597703,0.6911315,0.9096584
4.720024,31,81,-0.1310754,-0.09692539,0.1639428,0.264,0.07597173,0.4834273,18.3,0,0.5367013,46.85,0,0,0,0,0.7597703,0.6911315,0.9096584
4.722206,31,81,-0.1310754,-0.09692539,0.1639428,0.264,0.07597173,0.4834273,18.3,0,0.5367013,46.85,0,0,0,0,0.7597703,0.6911315,0.9096584
4.724335,31,81,-0.1310754,-0.09692539,0.1639428,0.264,0.07597173,0.4834273,18.3,0,0.5367013,46.85,0,0,0,0,0.7597703,0.6911315,0.9096584
4.727211,31,81,-0.1310754,-0.09692539,0.1639428,0.264,0.07597173,0.4834273,18.3,0,0.5367013,46.85,0,0,0,0,0.7597703,0.6911315,0.9096584
4.729359,31,81,-0.1310754,-0.09692539,0.1639428,0.264,0.07597173,0.4834273,18.3,0,0.5367013,46.85,0,0,0,0,0.7597703,0.6911315,0.9096584
4.731438,31,81,-0.1310754,-0.09692539,0.1639428,0.264,0.07597173,0.4834273,18.3,0,0.5367013,46.85,0,0,0,0,0.7597703,0.6911315,0.9096584
4.733646,31,81,-0.1310754,-0.09692539,0.1639428,0.264,0.07597173,0.4834273,18.3,0,0.5367013,46.85,0,0,0,0,0.7597703,0.6911315,0.9096584
4.735851,31,81,-0.1310754,-0.09692539,0.1639428,0.264,0.07597173,0.4834273,18.3,0,0.5367013,46.85,0,0,0,0,0.7597703,0.6911315,0.9096584
4.737854,31,81,-0.1310754,-0.09692539,0.1639428,0.264,0.07597173,0.4834273,18.3,0,0.5367013,46.85,0,0,0,0,0.7597703,0.6911315,0.9096584
4.740089,31,81,-0.1310754,-0.09692539,0.1639428,0.264,0.07597173,0.4834273,18.3,0,0.5367013,46.85,0,0,0,0,0.7597703,0.6911315,0.9096584
4.742386,31,81,-0.1310754,-0.09692539,0.1639428,0.264,0.07597173,0.4834273,18.3,0,0.5367013,46.85,0,0,0,0,0.7597703,0.6911315,0.9096584
4.744553,31,81,-0.1310754,-0.09692539,0.1639428,0.264,0.07597173,0.4834273,18.3,0,0.5367013,46.85,0,0,0,0,0.7597703,0.6911315,0.9096584
4.747055,31,81,-0.1310754,-0.09692539,0.1639428,0.264,0.07597173,0.4834273,18.3,0,0.5367013,46.85,0,0,0,0,0.7597703,0.6911315,0.9096584
4.749138,31,81,-0.1310754,-0.09692539,0.1639428,0.264,0.07597173,0.4834273,18.3,0,0.5367013,46.85,0,0,0,0,0.7597703,0.6911315,0.9096584
4.75206,31,81,-0.1310754,-0.09692539,0.1639428,0.264,0.07597173,0.4834273,18.3,0,0.5367013,46.85,0,0,0,0,0.7597703,0.6911315,0.9096584
4.754364,31,81,-0.1310754,-0.09692539,0.1639428,0.264,0.07597173,0.4834273,18.3,0,0.5367013,46.85,0,0,0,0,0.7597703,0.6911315,0.9096584
4.756718,31,81,-0.1310754,-0.09692539,0.1639428,0.264,0.07597173,0.4834273,18.3,0,0.5367013,46.85,0,0,0,0,0.7597703,0.6911315,0.9096584
4.759193,31,81,-0.1310754,-0.09692539,0.1639428,0.264,0.07597173,0.4834273,18.3,0,0.5367013,46.85,0,0,0,0,0.7597703,0.6911315,0.9096584
4.761333,31,81,-0.1310754,-0.09692539,0.1639428,0.264,0.07597173,0.4834273,18.3,0,0.5367013,46.85,0,0,0,0,0.7597703,0.6911315,0.9096584
4.770279,31,81,-0.1310754,-0.09692539,0.1639428,0.264,0.07597173,0.4834273,18.3,0,0.5367013,46.85,0,0,0,0,0.7597703,0.6911315,0.9096584
4.780842,31,81,-0.1310754,-0.09692539,0.1639428,0.264,0.07597173,0.4834273,18.3,0,0.5367013,46.85,0,0,0,0,0.7597703,0.6911315,0.9096584
4.783943,31,81,-0.1310754,-0.09692539,0.1639428,0.264,0.07597173,0.4834273,18.3,0,0.5367013,46.85,0,0,0,0,0.7597703,0.6911315,0.9096584
4.78754,31,81,-0.1310754,-0.09692539,0.1639428,0.264,0.07597173,0.4834273,18.3,0,0.5367013,46.85,0,0,0,0,0.7597703,0.6911315,0.9096584
4.79089,31,81,-0.1310754,-0.09692539,0.1639428,0.264,0.07597173,0.4834273,18.3,0,0.5367013,46.85,0,0,0,0,0.7597703,0.6911315,0.9096584
4.793289,31,81,-0.1310754,-0.09692539,0.1639428,0.264,0.07597173,0.4834273,18.3,0,0.5367013,46.85,0,0,0,0,0.7597703,0.6911315,0.9096584
4.795391,31,81,-0.1310754,-0.09692539,0.1639428,0.264,0.07597173,0.4834273,18.3,0,0.5367013,46.85,0,0,0,0,0.7597703,0.6911315,0.9096584
4.797424,31,81,-0.1310754,-0.09692539,0.1639428,0.264,0.07597173,0.4834273,18.3,0,0.5367013,46.85,0,0,0,0,0.7597703,0.6911315,0.9096584
4.799759,31,81,-0.1310754,-0.09692539,0.1639428,0.264,0.07597173,0.4834273,18.3,0,0.5367013,46.85,0,0,0,0,0.7597703,0.6911315,0.9096584
4.802586,31,81,-0.1310754,-0.09692539,0.1639428,0.264,0.07597173,0.4834273,18.3,0,0.5367013,46.85,0,0,0,0,0.7597703,0.6911315,0.9096584
4.805126,31,81,-0.1310754,-0.09692539,0.1639428,0.264,0.07597173,0.4834273,18.3,0,0.5367013,46.85,0,0,0,0,0.7597703,0.6911315,0.9096584
4.808151,31,81,-0.1310754,-0.09692539,0.1639428,0.264,0.07597173,0.4834273,18.3,0,0.5367013,46.85,0,0,0,0,0.7597703,0.6911315,0.9096584
4.810516,31,81,-0.1310754,-0.09692539,0.1639428,0.264,0.07597173,0.4834273,18.3,0,0.5367013,46.85,0,0,0,0,0.7597703,0.6911315,0.9096584
4.812698,31,81,-0.1310754,-0.09692539,0.1639428,0.264,0.07597173,0.4834273,18.3,0,0.5367013,46.85,0,0,0,0,0.7597703,0.6911315,0.9096584
4.814869,31,81,-0.1310754,-0.09692539,0.1639428,0.264,0.07597173,0.4834273,18.3,0,0.5367013,46.85,0,0,0,0,0.7597703,0.6911315,0.9096584
4.817455,31,81,-0.1310754,-0.09692539,0.1639428,0.264,0.07597173,0.4834273,18.3,0,0.5367013,46.85,0,0,0,0,0.7597703,0.6911315,0.9096584
4.819714,31,81,-0.1310754,-0.09692539,0.1639428,0.264,0.07597173,0.4834273,18.3,0,0.5367013,46.85,0,0,0,0,0.7597703,0.6911315,0.9096584
4.821842,31,81,-0.1310754,-0.09692539,0.1639428,0.264,0.07597173,0.4834273,18.3,0,0.5367013,46.85,0,0,0,0,0.7597703,0.6911315,0.9096584
4.824104,31,81,-0.1310754,-0.09692539,0.1639428,0.264,0.07597173,0.4834273,18.3,0,0.5367013,46.85,0,0,0,0,0.7597703,0.6911315,0.9096584
4.826832,31,81,-0.1310754,-0.09692539,0.1639428,0.264,0.07597173,0.4834273,18.3,0,0.5367013,46.85,0,0,0,0,0.7597703,0.6911315,0.9096584
4.829048,31,81,-0.1310754,-0.09692539,0.1639428,0.264,0.07597173,0.4834273,18.3,0,0.5367013,46.85,0,0,0,0,0.7597703,0.6911315,0.9096584
4.831242,31,81,-0.1310754,-0.09692539,0.1639428,0.264,0.07597173,0.4834273,18.3,0,0.5367013,46.85,0,0,0,0,0.7597703,0.6911315,0.9096584
4.833885,31,81,-0.1310754,-0.09692539,0.1639428,0.264,0.07597173,0.4834273,18.3,0,0.5367013,46.85,0,0,0,0,0.7597703,0.6911315,0.9096584
4.836536,31,81,-0.1310754,-0.09692539,0.1639428,0.264,0.07597173,0.4834273,18.3,0,0.5367013,46.85,0,0,0,0,0.7597703,0.6911315,0.9096584
4.838676,31,81,-0.1310754,-0.09692539,0.1639428,0.264,0.07597173,0.4834273,18.3,0,0.5367013,46.85,0,0,0,0,0.7597703,0.6911315,0.9096584
4.840889,31,81,-0.1310754,-0.09692539,0.1639428,0.264,0.07597173,0.4834273,18.3,0,0.5367013,46.85,0,0,0,0,0.7597703,0.6911315,0.9096584
4.843102,31,81,-0.1310754,-0.09692539,0.1639428,0.264,0.07597173,0.4834273,18.3,0,0.5367013,46.85,0,0,0,0,0.7597703,0.6911315,0.9096584
4.84539,31,81,-0.1310754,-0.09692539,0.1639428,0.264,0.07597173,0.4834273,18.3,0,0.5367013,46.85,0,0,0,0,0.7597703,0.6911315,0.9096584
4.848122,31,81,-0.1310754,-0.09692539,0.1639428,0.264,0.07597173,0.4834273,18.3,0,0.5367013,46.85,0,0,0,0,0.7597703,0.6911315,0.9096584
4.851315,31,81,-0.1310754,-0.09692539,0.1639428,0.264,0.07597173,0.4834273,18.3,0,0.5367013,46.85,0,0,0,0,0.7597703,0.6911315,0.9096584
4.853951,31,81,-0.1310754,-0.09692539,0.1639428,0.264,0.07597173,0.4834273,18.3,0,0.5367013,46.85,0,0,0,0,0.7597703,0.6911315,0.9096584
4.85622,31,81,-0.1310754,-0.09692539,0.1639428,0.264,0.07597173,0.4834273,18.3,0,0.5367013,46.85,0,0,0,0,0.7597703,0.6911315,0.9096584
4.85844,31,81,-0.1310754,-0.09692539,0.1639428,0.264,0.07597173,0.4834273,18.3,0,0.5367013,46.85,0,0,0,0,0.7597703,0.6911315,0.9096584
4.860554,31,81,-0.1310754,-0.09692539,0.1639428,0.264,0.07597173,0.4834273,18.3,0,0.5367013,46.85,0,0,0,0,0.7597703,0.6911315,0.9096584
4.862656,31,81,-0.1310754,-0.09692539,0.1639428,0.264,0.07597173,0.4834273,18.3,0,0.5367013,46.85,0,0,0,0,0.7597703,0.6911315,0.9096584
4.864716,31,81,-0.1310754,-0.09692539,0.1639428,0.264,0.07597173,0.4834273,18.3,0,0.5367013,46.85,0,0,0,0,0.7597703,0.6911315,0.9096584
4.867897,31,81,-0.1310754,-0.09692539,0.1639428,0.264,0.07597173,0.4834273,18.3,0,0.5367013,46.85,0,0,0,0,0.7597703,0.6911315,0.9096584
4.870323,31,81,-0.1310754,-0.09692539,0.1639428,0.264,0.07597173,0.4834273,18.3,0,0.5367013,46.85,0,0,0,0,0.7597703,0.6911315,0.9096584
4.872444,31,81,-0.1310754,-0.09692539,0.1639428,0.264,0.07597173,0.4834273,18.3,0,0.5367013,46.85,0,0,0,0,0.7597703,0.6911315,0.9096584
4.874538,31,81,-0.1310754,-0.09692539,0.1639428,0.264,0.07597173,0.4834273,18.3,0,0.5367013,46.85,0,0,0,0,0.7597703,0.6911315,0.9096584
4.876774,31,81,-0.1310754,-0.09692539,0.1639428,0.264,0.07597173,0.4834273,18.3,0,0.5367013,46.85,0,0,0,0,0.7597703,0.6911315,0.9096584
4.878841,31,81,-0.1310754,-0.09692539,0.1639428,0.264,0.07597173,0.4834273,18.3,0,0.5367013,46.85,0,0,0,0,0.7597703,0.6911315,0.9096584
4.880936,31,81,-0.1310754,-0.09692539,0.1639428,0.264,0.07597173,0.4834273,18.3,0,0.5367013,46.85,0,0,0,0,0.7597703,0.6911315,0.9096584
4.883942,31,81,-0.1310754,-0.09692539,0.1639428,0.264,0.07597173,0.4834273,18.3,0,0.5367013,46.85,0,0,0,0,0.7597703,0.6911315,0.9096584
4.886517,31,81,-0.1310754,-0.09692539,0.1639428,0.264,0.07597173,0.4834273,18.3,0,0.5367013,46.85,0,0,0,0,0.7597703,0.6911315,0.9096584
4.888588,31,81,-0.1310754,-0.09692539,0.1639428,0.264,0.07597173,0.4834273,18.3,0,0.5367013,46.85,0,0,0,0,0.7597703,0.6911315,0.9096584
4.8908,31,81,-0.1310754,-0.09692539,0.1639428,0.264,0.07597173,0.4834273,18.3,0,0.5367013,46.85,0,0,0,0,0.7597703,0.6911315,0.9096584
4.893028,31,81,-0.1310754,-0.09692539,0.1639428,0.264,0.07597173,0.4834273,18.3,0,0.5367013,46.85,0,0,0,0,0.7597703,0.6911315,0.9096584
4.895275,31,81,-0.1310754,-0.09692539,0.1639428,0.264,0.07597173,0.4834273,18.3,0,0.5367013,46.85,0,0,0,0,0.7597703,0.6911315,0.9096584
4.897903,31,81,-0.1310754,-0.09692539,0.1639428,0.264,0.07597173,0.4834273,18.3,0,0.5367013,46.85,0,0,0,0,0.7597703,0.6911315,0.9096584
4.901051,31,81,-0.1310754,-0.09692539,0.1639428,0.264,0.07597173,0.4834273,18.3,0,0.5367013,46.85,0,0,0,0,0.7597703,0.6911315,0.9096584
4.903442,31,81,-0.1310754,-0.09692539,0.1639428,0.264,0.07597173,0.4834273,18.3,0,0.5367013,46.85,0,0,0,0,0.7597703,0.6911315,0.9096584
4.906601,31,81,-0.1310754,-0.09692539,0.1639428,0.264,0.07597173,0.4834273,18.3,0,0.5367013,46.85,0,0,0,0,0.7597703,0.6911315,0.9096584
4.909664,31,81,-0.1310754,-0.09692539,0.1639428,0.264,0.07597173,0.4834273,18.3,0,0.5367013,46.85,0,0,0,0,0.7597703,0.6911315,0.9096584
4.912148,31,81,-0.1310754,-0.09692539,0.1639428,0.264,0.07597173,0.4834273,18.3,0,0.5367013,46.85,0,0,0,0,0.7597703,0.6911315,0.9096584
4.915855,31,81,-0.1310754,-0.09692539,0.1639428,0.264,0.07597173,0.4834273,18.3,0,0.5367013,46.85,0,0,0,0,0.7597703,0.6911315,0.9096584
4.919292,31,81,-0.1310754,-0.09692539,0.1639428,0.264,0.07597173,0.4834273,18.3,0,0.5367013,46.85,0,0,0,0,0.7597703,0.6911315,0.9096584
4.921555,31,81,-0.1310754,-0.09692539,0.1639428,0.264,0.07597173,0.4834273,18.3,0,0.5367013,46.85,0,0,0,0,0.7597703,0.6911315,0.9096584
4.924122,31,81,-0.1310754,-0.09692539,0.1639428,0.264,0.07597173,0.4834273,18.3,0,0.5367013,46.85,0,0,0,0,0.7597703,0.6911315,0.9096584
4.926559,31,81,-0.1310754,-0.09692539,0.1639428,0.264,0.07597173,0.4834273,18.3,0,0.5367013,46.85,0,0,0,0,0.7597703,0.6911315,0.9096584
4.9291,31,81,-0.1310754,-0.09692539,0.1639428,0.264,0.07597173,0.4834273,18.3,0,0.5367013,46.85,0,0,0,0,0.7597703,0.6911315,0.9096584
4.931679,31,81,-0.1310754,-0.09692539,0.1639428,0.264,0.07597173,0.4834273,18.3,0,0.5367013,46.85,0,0,0,0,0.7597703,0.6911315,0.9096584
4.934593,31,81,-0.1310754,-0.09692539,0.1639428,0.264,0.07597173,0.4834273,18.3,0,0.5367013,46.85,0,0,0,0,0.7597703,0.6911315,0.9096584
4.93681,31,81,-0.1310754,-0.09692539,0.1639428,0.264,0.07597173,0.4834273,18.3,0,0.5367013,46.85,0,0,0,0,0.7597703,0.6911315,0.9096584
4.939152,31,81,-0.1310754,-0.09692539,0.1639428,0.264,0.07597173,0.4834273,18.3,0,0.5367013,46.85,0,0,0,0,0.7597703,0.6911315,0.9096584
4.941917,31,81,-0.1310754,-0.09692539,0.1639428,0.264,0.07597173,0.4834273,18.3,0,0.5367013,46.85,0,0,0,0,0.7597703,0.6911315,0.9096584
4.9445,31,81,-0.1310754,-0.09692539,0.1639428,0.264,0.07597173,0.4834273,18.3,0,0.5367013,46.85,0,0,0,0,0.7597703,0.6911315,0.9096584
4.947582,31,81,-0.1310754,-0.09692539,0.1639428,0.264,0.07597173,0.4834273,18.3,0,0.5367013,46.85,0,0,0,0,0.7597703,0.6911315,0.9096584
4.950039,31,81,-0.1310754,-0.09692539,0.1639428,0.264,0.07597173,0.4834273,18.3,0,0.5367013,46.85,0,0,0,0,0.7597703,0.6911315,0.9096584
4.952656,31,81,-0.1310754,-0.09692539,0.1639428,0.264,0.07597173,0.4834273,18.3,0,0.5367013,46.85,0,0,0,0,0.7597703,0.6911315,0.9096584
4.955311,31,81,-0.1310754,-0.09692539,0.1639428,0.264,0.07597173,0.4834273,18.3,0,0.5367013,46.85,0,0,0,0,0.7597703,0.6911315,0.9096584
4.957504,31,81,-0.1310754,-0.09692539,0.1639428,0.264,0.07597173,0.4834273,18.3,0,0.5367013,46.85,0,0,0,0,0.7597703,0.6911315,0.9096584
4.960396,31,81,-0.1310754,-0.09692539,0.1639428,0.264,0.07597173,0.4834273,18.3,0,0.5367013,46.85,0,0,0,0,0.7597703,0.6911315,0.9096584
4.963345,31,81,-0.1310754,-0.09692539,0.1639428,0.264,0.07597173,0.4834273,18.3,0,0.5367013,46.85,0,0,0,0,0.7597703,0.6911315,0.9096584
4.96563,31,81,-0.1310754,-0.09692539,0.1639428,0.264,0.07597173,0.4834273,18.3,0,0.5367013,46.85,0,0,0,0,0.7597703,0.6911315,0.9096584
4.968555,31,81,-0.1310754,-0.09692539,0.1639428,0.264,0.07597173,0.4834273,18.3,0,0.5367013,46.85,0,0,0,0,0.7597703,0.6911315,0.9096584
4.971752,31,81,-0.1310754,-0.09692539,0.1639428,0.264,0.07597173,0.4834273,18.3,0,0.5367013,46.85,0,0,0,0,0.7597703,0.6911315,0.9096584
4.974529,31,81,-0.1310754,-0.09692539,0.1639428,0.264,0.07597173,0.4834273,18.3,0,0.5367013,46.85,0,0,0,0,0.7597703,0.6911315,0.9096584
4.978199,31,81,-0.1310754,-0.09692539,0.1639428,0.264,0.07597173,0.4834273,18.3,0,0.5367013,46.85,0,0,0,0,0.7597703,0.6911315,0.9096584
4.980751,31,81,-0.1310754,-0.09692539,0.1639428,0.264,0.07597173,0.4834273,18.3,0,0.5367013,46.85,0,0,0,0,0.7597703,0.6911315,0.9096584
4.983597,31,81,-0.1310754,-0.09692539,0.1639428,0.264,0.07597173,0.4834273,18.3,0,0.5367013,46.85,0,0,0,0,0.7597703,0.6911315,0.9096584
4.986092,31,81,-0.1310754,-0.09692539,0.1639428,0.264,0.07597173,0.4834273,18.3,0,0.5367013,46.85,0,0,0,0,0.7597703,0.6911315,0.9096584
4.988522,31,81,-0.1310754,-0.09692539,0.1639428,0.264,0.07597173,0.4834273,18.3,0,0.5367013,46.85,0,0,0,0,0.7597703,0.6911315,0.9096584
4.991238,31,81,-0.1310754,-0.09692539,0.1639428,0.264,0.07597173,0.4834273,18.3,0,0.5367013,46.85,0,0,0,0,0.7597703,0.6911315,0.9096584
4.994225,31,81,-0.1310754,-0.09692539,0.1639428,0.264,0.07597173,0.4834273,18.3,0,0.5367013,46.85,0,0,0,0,0.7597703,0.6911315,0.9096584
4.996628,31,81,-0.1310754,-0.09692539,0.1639428,0.264,0.07597173,0.4834273,18.3,0,0.5367013,46.85,0,0,0,0,0.7597703,0.6911315,0.9096584
4.99884,31,81,-0.1310754,-0.09692539,0.1639428,0.264,0.07597173,0.4834273,18.3,0,0.5367013,46.85,0,0,0,0,0.7597703,0.6911315,0.9096584
