Timestamp,TargetShoulderPitch,TargetElbowAngle,TargetPosX,TargetPosY,TargetPosZ,ActualPosX,ActualPosY,ActualPosZ,ActualShoulderPitch,ActualElbowAngle,PositionError,JointSpaceError,ShoulderPitchVel,ElbowVel,ShoulderPitchJerk,ElbowJerk,PathLength,OptimalPathLength,PathEfficiency
0.009731293,18,5,0.2291377,0.0797355,0.4810478,0.264,-0.2635122,0.4829192,42.8,0,0.3450187,14.89999,5445.952,0,0,0,0.4437035,0.7635252,1.720801
0.01879883,18,5,0.2291377,0.0797355,0.4810478,0.264,-0.2566856,0.4843808,42.3,0,0.3382391,14.64999,-55.14625,0,0,0,0.4506848,0.7635252,1.694144
0.02792358,18,5,0.2291377,0.0797355,0.4810478,0.264,-0.2539516,0.4849489,42.1,0,0.335526,14.55,-21.92005,0,0,0,0.4534772,0.7635252,1.683712
0.03826141,18,5,0.2291377,0.0797355,0.4810478,0.264,-0.2402519,0.4876454,41.1,0,0.3219485,14.05,-96.72864,0,0,0,0.4674398,0.7635252,1.633419
0.04732513,18,5,0.2291377,0.0797355,0.4810478,0.264,-0.2237536,0.4905652,39.9,0,0.3056332,13.45,-132.4105,0,0,0,0.4841945,0.7635252,1.576898
0.05614853,18,5,0.2291377,0.0797355,0.4810478,0.264,-0.204433,0.493534,38.5,0,0.2865712,12.75,-158.6782,0,0,0,0.5037418,0.7635252,1.515707
0.06429291,18,5,0.2291377,0.0797355,0.4810478,0.264,-0.1878191,0.4957024,37.3,0,0.270214,12.14999,-147.3135,0,0,0,0.5204967,0.7635252,1.466917
0.07327652,18,5,0.2291377,0.0797355,0.4810478,0.264,-0.1711634,0.4975222,36.1,0,0.2538445,11.55,-133.5917,0,0,0,0.5372515,0.7635252,1.421169
0.08197784,18,5,0.2291377,0.0797355,0.4810478,0.264,-0.157257,0.4987722,35.1,0,0.2401978,11.05,-114.9174,0,0,0,0.5512139,0.7635252,1.38517
0.09093475,18,5,0.2291377,0.0797355,0.4810478,0.264,-0.1447241,0.4996894,34.2,0,0.2279145,10.60001,-100.4708,0,0,0,0.5637802,0.7635252,1.354296
0.09990692,18,5,0.2291377,0.0797355,0.4810478,0.264,-0.1377558,0.5001138,33.7,0,0.2210913,10.35001,-55.74012,0,0,0,0.5707614,0.7635252,1.337731
0.1087723,18,5,0.2291377,0.0797355,0.4810478,0.264,-0.1279945,0.5006059,33,0,0.2115411,10,-78.94627,0,0,0,0.5805352,0.7635252,1.315209
0.1173706,18,5,0.2291377,0.0797355,0.4810478,0.264,-0.1210188,0.5008844,32.5,0,0.2047221,9.75,-58.14359,0,0,0,0.5875165,0.7635252,1.299581
0.1258621,18,5,0.2291377,0.0797355,0.4810478,0.264,-0.1168321,0.5010222,32.2,0,0.200632,9.600006,-35.32977,0,0,0,0.5917054,0.7635252,1.290381
0.1360245,18,5,0.2291377,0.0797355,0.4810478,0.264,-0.1140409,0.5011019,32,0,0.1979062,9.5,-19.6855,0,0,0,0.5944977,0.7635252,1.28432
0.142643,18,5,0.2291377,0.0797355,0.4810478,0.264,-0.1098533,0.5012032,31.7,0,0.1938183,9.350006,-45.31916,0,0,0,0.5986866,0.7635252,1.275334
0.1453514,18,5,0.2291377,0.0797355,0.4810478,0.264,-0.1098533,0.5012032,31.7,0,0.1938183,9.350006,0,0,0,0,0.5986866,0.7635252,1.275334
0.1475487,18,5,0.2291377,0.0797355,0.4810478,0.264,-0.1098533,0.5012032,31.7,0,0.1938183,9.350006,0,0,0,0,0.5986866,0.7635252,1.275334
0.1497459,18,5,0.2291377,0.0797355,0.4810478,0.264,-0.1098533,0.5012032,31.7,0,0.1938183,9.350006,0,0,0,0,0.5986866,0.7635252,1.275334
0.1524429,18,5,0.2291377,0.0797355,0.4810478,0.264,-0.1098533,0.5012032,31.7,0,0.1938183,9.350006,0,0,0,0,0.5986866,0.7635252,1.275334
0.1547546,18,5,0.2291377,0.0797355,0.4810478,0.264,-0.1098533,0.5012032,31.7,0,0.1938183,9.350006,0,0,0,0,0.5986866,0.7635252,1.275334
0.15728,18,5,0.2291377,0.0797355,0.4810478,0.264,-0.1098533,0.5012032,31.7,0,0.1938183,9.350006,0,0,0,0,0.5986866,0.7635252,1.275334
0.1598015,18,5,0.2291377,0.0797355,0.4810478,0.264,-0.1098533,0.5012032,31.7,0,0.1938183,9.350006,0,0,0,0,0.5986866,0.7635252,1.275334
0.162178,18,5,0.2291377,0.0797355,0.4810478,0.264,-0.1098533,0.5012032,31.7,0,0.1938183,9.350006,0,0,0,0,0.5986866,0.7635252,1.275334
0.1650162,18,5,0.2291377,0.0797355,0.4810478,0.264,-0.1098533,0.5012032,31.7,0,0.1938183,9.350006,0,0,0,0,0.5986866,0.7635252,1.275334
0.1675568,18,5,0.2291377,0.0797355,0.4810478,0.264,-0.1098533,0.5012032,31.7,0,0.1938183,9.350006,0,0,0,0,0.5986866,0.7635252,1.275334
0.1712685,18,5,0.2291377,0.0797355,0.4810478,0.264,-0.1098533,0.5012032,31.7,0,0.1938183,9.350006,0,0,0,0,0.5986866,0.7635252,1.275334
0.1743279,18,5,0.2291377,0.0797355,0.4810478,0.264,-0.1098533,0.5012032,31.7,0,0.1938183,9.350006,0,0,0,0,0.5986866,0.7635252,1.275334
0.1768608,18,5,0.2291377,0.0797355,0.4810478,0.264,-0.1098533,0.5012032,31.7,0,0.1938183,9.350006,0,0,0,0,0.5986866,0.7635252,1.275334
0.1794739,18,5,0.2291377,0.0797355,0.4810478,0.264,-0.1098533,0.5012032,31.7,0,0.1938183,9.350006,0,0,0,0,0.5986866,0.7635252,1.275334
0.1819572,18,5,0.2291377,0.0797355,0.4810478,0.264,-0.1098533,0.5012032,31.7,0,0.1938183,9.350006,0,0,0,0,0.5986866,0.7635252,1.275334
0.1849785,18,5,0.2291377,0.0797355,0.4810478,0.264,-0.1098533,0.5012032,31.7,0,0.1938183,9.350006,0,0,0,0,0.5986866,0.7635252,1.275334
0.1874161,18,5,0.2291377,0.0797355,0.4810478,0.264,-0.1098533,0.5012032,31.7,0,0.1938183,9.350006,0,0,0,0,0.5986866,0.7635252,1.275334
0.1902962,18,5,0.2291377,0.0797355,0.4810478,0.264,-0.1098533,0.5012032,31.7,0,0.1938183,9.350006,0,0,0,0,0.5986866,0.7635252,1.275334
0.1929245,18,5,0.2291377,0.0797355,0.4810478,0.264,-0.1098533,0.5012032,31.7,0,0.1938183,9.350006,0,0,0,0,0.5986866,0.7635252,1.275334
0.1957016,18,5,0.2291377,0.0797355,0.4810478,0.264,-0.1098533,0.5012032,31.7,0,0.1938183,9.350006,0,0,0,0,0.5986866,0.7635252,1.275334
0.1984406,18,5,0.2291377,0.0797355,0.4810478,0.264,-0.1098533,0.5012032,31.7,0,0.1938183,9.350006,0,0,0,0,0.5986866,0.7635252,1.275334
0.2043686,18,5,0.2291377,0.0797355,0.4810478,0.264,-0.1098533,0.5012032,31.7,0,0.1938183,9.350006,0,0,0,0,0.5986866,0.7635252,1.275334
0.2073441,18,5,0.2291377,0.0797355,0.4810478,0.264,-0.1098533,0.5012032,31.7,0,0.1938183,9.350006,0,0,0,0,0.5986866,0.7635252,1.275334
0.2094688,18,5,0.2291377,0.0797355,0.4810478,0.264,-0.1098533,0.5012032,31.7,0,0.1938183,9.350006,0,0,0,0,0.5986866,0.7635252,1.275334
0.2117958,18,5,0.2291377,0.0797355,0.4810478,0.264,-0.1098533,0.5012032,31.7,0,0.1938183,9.350006,0,0,0,0,0.5986866,0.7635252,1.275334
0.2139969,18,5,0.2291377,0.0797355,0.4810478,0.264,-0.1098533,0.5012032,31.7,0,0.1938183,9.350006,0,0,0,0,0.5986866,0.7635252,1.275334
0.2162895,18,5,0.2291377,0.0797355,0.4810478,0.264,-0.1098533,0.5012032,31.7,0,0.1938183,9.350006,0,0,0,0,0.5986866,0.7635252,1.275334
0.2209816,18,5,0.2291377,0.0797355,0.4810478,0.264,-0.1098533,0.5012032,31.7,0,0.1938183,9.350006,0,0,0,0,0.5986866,0.7635252,1.275334
0.2237968,18,5,0.2291377,0.0797355,0.4810478,0.264,-0.1098533,0.5012032,31.7,0,0.1938183,9.350006,0,0,0,0,0.5986866,0.7635252,1.275334
0.2269478,18,5,0.2291377,0.0797355,0.4810478,0.264,-0.1098533,0.5012032,31.7,0,0.1938183,9.350006,0,0,0,0,0.5986866,0.7635252,1.275334
0.2298164,18,5,0.2291377,0.0797355,0.4810478,0.264,-0.1098533,0.5012032,31.7,0,0.1938183,9.350006,0,0,0,0,0.5986866,0.7635252,1.275334
0.232502,18,5,0.2291377,0.0797355,0.4810478,0.264,-0.1098533,0.5012032,31.7,0,0.1938183,9.350006,0,0,0,0,0.5986866,0.7635252,1.275334
0.2358322,18,5,0.2291377,0.0797355,0.4810478,0.264,-0.1098533,0.5012032,31.7,0,0.1938183,9.350006,0,0,0,0,0.5986866,0.7635252,1.275334
0.2392044,18,5,0.2291377,0.0797355,0.4810478,0.264,-0.1098533,0.5012032,31.7,0,0.1938183,9.350006,0,0,0,0,0.5986866,0.7635252,1.275334
0.242115,18,5,0.2291377,0.0797355,0.4810478,0.264,-0.1098533,0.5012032,31.7,0,0.1938183,9.350006,0,0,0,0,0.5986866,0.7635252,1.275334
0.2448311,18,5,0.2291377,0.0797355,0.4810478,0.264,-0.1098533,0.5012032,31.7,0,0.1938183,9.350006,0,0,0,0,0.5986866,0.7635252,1.275334
0.2469559,18,5,0.2291377,0.0797355,0.4810478,0.264,-0.1098533,0.5012032,31.7,0,0.1938183,9.350006,0,0,0,0,0.5986866,0.7635252,1.275334
0.2492065,18,5,0.2291377,0.0797355,0.4810478,0.264,-0.1098533,0.5012032,31.7,0,0.1938183,9.350006,0,0,0,0,0.5986866,0.7635252,1.275334
0.251915,18,5,0.2291377,0.0797355,0.4810478,0.264,-0.1098533,0.5012032,31.7,0,0.1938183,9.350006,0,0,0,0,0.5986866,0.7635252,1.275334
0.2543907,18,5,0.2291377,0.0797355,0.4810478,0.264,-0.1098533,0.5012032,31.7,0,0.1938183,9.350006,0,0,0,0,0.5986866,0.7635252,1.275334
0.2566681,18,5,0.2291377,0.0797355,0.4810478,0.264,-0.1098533,0.5012032,31.7,0,0.1938183,9.350006,0,0,0,0,0.5986866,0.7635252,1.275334
0.2589149,18,5,0.2291377,0.0797355,0.4810478,0.264,-0.1098533,0.5012032,31.7,0,0.1938183,9.350006,0,0,0,0,0.5986866,0.7635252,1.275334
0.2612305,18,5,0.2291377,0.0797355,0.4810478,0.264,-0.1098533,0.5012032,31.7,0,0.1938183,9.350006,0,0,0,0,0.5986866,0.7635252,1.275334
0.263546,18,5,0.2291377,0.0797355,0.4810478,0.264,-0.1098533,0.5012032,31.7,0,0.1938183,9.350006,0,0,0,0,0.5986866,0.7635252,1.275334
0.2667236,18,5,0.2291377,0.0797355,0.4810478,0.264,-0.1098533,0.5012032,31.7,0,0.1938183,9.350006,0,0,0,0,0.5986866,0.7635252,1.275334
0.2700119,18,5,0.2291377,0.0797355,0.4810478,0.264,-0.1098533,0.5012032,31.7,0,0.1938183,9.350006,0,0,0,0,0.5986866,0.7635252,1.275334
0.2723618,18,5,0.2291377,0.0797355,0.4810478,0.264,-0.1098533,0.5012032,31.7,0,0.1938183,9.350006,0,0,0,0,0.5986866,0.7635252,1.275334
0.2747231,18,5,0.2291377,0.0797355,0.4810478,0.264,-0.1098533,0.5012032,31.7,0,0.1938183,9.350006,0,0,0,0,0.5986866,0.7635252,1.275334
0.277092,18,5,0.2291377,0.0797355,0.4810478,0.264,-0.1098533,0.5012032,31.7,0,0.1938183,9.350006,0,0,0,0,0.5986866,0.7635252,1.275334
0.2792397,18,5,0.2291377,0.0797355,0.4810478,0.264,-0.1098533,0.5012032,31.7,0,0.1938183,9.350006,0,0,0,0,0.5986866,0.7635252,1.275334
0.2814789,18,5,0.2291377,0.0797355,0.4810478,0.264,-0.1098533,0.5012032,31.7,0,0.1938183,9.350006,0,0,0,0,0.5986866,0.7635252,1.275334
0.2842674,18,5,0.2291377,0.0797355,0.4810478,0.264,-0.1098533,0.5012032,31.7,0,0.1938183,9.350006,0,0,0,0,0.5986866,0.7635252,1.275334
0.2870789,18,5,0.2291377,0.0797355,0.4810478,0.264,-0.1098533,0.5012032,31.7,0,0.1938183,9.350006,0,0,0,0,0.5986866,0.7635252,1.275334
0.2893753,18,5,0.2291377,0.0797355,0.4810478,0.264,-0.1098533,0.5012032,31.7,0,0.1938183,9.350006,0,0,0,0,0.5986866,0.7635252,1.275334
0.2916946,18,5,0.2291377,0.0797355,0.4810478,0.264,-0.1098533,0.5012032,31.7,0,0.1938183,9.350006,0,0,0,0,0.5986866,0.7635252,1.275334
0.2941399,18,5,0.2291377,0.0797355,0.4810478,0.264,-0.1098533,0.5012032,31.7,0,0.1938183,9.350006,0,0,0,0,0.5986866,0.7635252,1.275334
0.2965088,18,5,0.2291377,0.0797355,0.4810478,0.264,-0.1098533,0.5012032,31.7,0,0.1938183,9.350006,0,0,0,0,0.5986866,0.7635252,1.275334
0.2993622,18,5,0.2291377,0.0797355,0.4810478,0.264,-0.1098533,0.5012032,31.7,0,0.1938183,9.350006,0,0,0,0,0.5986866,0.7635252,1.275334
0.3019714,18,5,0.2291377,0.0797355,0.4810478,0.264,-0.1098533,0.5012032,31.7,0,0.1938183,9.350006,0,0,0,0,0.5986866,0.7635252,1.275334
0.3066177,18,5,0.2291377,0.0797355,0.4810478,0.264,-0.1098533,0.5012032,31.7,0,0.1938183,9.350006,0,0,0,0,0.5986866,0.7635252,1.275334
0.3132095,18,5,0.2291377,0.0797355,0.4810478,0.264,-0.1070613,0.5012584,31.5,0,0.1910939,9.25,-30.3367,0,0,0,0.6014792,0.7635252,1.269413
0.3184013,18,5,0.2291377,0.0797355,0.4810478,0.264,-0.1070613,0.5012584,31.5,0,0.1910939,9.25,0,0,0,0,0.6014792,0.7635252,1.269413
0.3262939,18,5,0.2291377,0.0797355,0.4810478,0.264,-0.1000806,0.5013542,31,0,0.1842867,9,-63.33604,0,0,0,0.6084604,0.7635252,1.254848
0.3348846,18,5,0.2291377,0.0797355,0.4810478,0.264,-0.0972882,0.5013756,30.8,0,0.1815654,8.899994,-23.28514,0,0,0,0.611253,0.7635252,1.249115
0.3432159,18,5,0.2291377,0.0797355,0.4810478,0.264,-0.09030687,0.501386,30.3,0,0.1747668,8.649994,-60.02689,0,0,0,0.6182343,0.7635252,1.23501
0.3526421,18,5,0.2291377,0.0797355,0.4810478,0.264,-0.08332578,0.5013354,29.8,0,0.1679761,8.399994,-53.03408,0,0,0,0.6252155,0.7635252,1.221219
0.3609047,18,5,0.2291377,0.0797355,0.4810478,0.264,-0.08053348,0.5012982,29.6,0,0.1652623,8.300003,-24.20795,0,0,0,0.6280081,0.7635252,1.215789
0.3699417,18,5,0.2291377,0.0797355,0.4810478,0.264,-0.07076194,0.5010912,28.9,0,0.1557774,7.949997,-77.46285,0,0,0,0.6377818,0.7635252,1.197158
0.3788872,18,5,0.2291377,0.0797355,0.4810478,0.264,-0.06378404,0.50087,28.4,0,0.1490173,7.699997,-55.8934,0,0,0,0.6447632,0.7635252,1.184195
0.387249,18,5,0.2291377,0.0797355,0.4810478,0.264,-0.05959847,0.5007082,28.1,0,0.1449685,7.550003,-35.86663,0,0,0,0.6489519,0.7635252,1.176551
0.3955193,18,5,0.2291377,0.0797355,0.4810478,0.264,-0.054019,0.5004584,27.7,0,0.1395794,7.350006,-48.37574,0,0,0,0.654537,0.7635252,1.166512
0.403965,18,5,0.2291377,0.0797355,0.4810478,0.264,-0.04704744,0.5000914,27.2,0,0.1328607,7.100006,-59.19752,0,0,0,0.6615182,0.7635252,1.154201
0.413662,18,5,0.2291377,0.0797355,0.4810478,0.264,-0.04007918,0.4996634,26.7,0,0.1261645,6.850006,-51.56021,0,0,0,0.6684996,0.7635252,1.142148
0.4225121,18,5,0.2291377,0.0797355,0.4810478,0.264,-0.03311507,0.4991747,26.2,0,0.1194957,6.600006,-56.48951,0,0,0,0.6754808,0.7635252,1.130343
0.4310036,18,5,0.2291377,0.0797355,0.4810478,0.264,-0.0261554,0.4986251,25.7,0,0.1128593,6.350006,-58.89074,0,0,0,0.6824622,0.7635252,1.11878
0.4393768,18,5,0.2291377,0.0797355,0.4810478,0.264,-0.01920082,0.498015,25.2,0,0.1062622,6.100006,-59.71219,0,0,0,0.6894435,0.7635252,1.107452
0.4477577,18,5,0.2291377,0.0797355,0.4810478,0.264,-0.009473868,0.4970587,24.5,0,0.09710841,5.75,-83.53232,0,0,0,0.6992173,0.7635252,1.091971
0.4567604,18,5,0.2291377,0.0797355,0.4810478,0.264,-0.002533741,0.4963031,24,0,0.09064399,5.5,-55.53581,0,0,0,0.7061985,0.7635252,1.081177
0.4646721,18,5,0.2291377,0.0797355,0.4810478,0.264,0.0002404973,0.4959839,23.8,0,0.08807907,5.399994,-25.28391,0,0,0,0.708991,0.7635252,1.076918
0.4719772,18,5,0.2291377,0.0797355,0.4810478,0.264,0.003013641,0.495655,23.6,0,0.08552774,5.300003,-27.3746,0,0,0,0.7117836,0.7635252,1.072693
0.4741707,18,5,0.2291377,0.0797355,0.4810478,0.264,0.003013641,0.495655,23.6,0,0.08552774,5.300003,0,0,0,0,0.7117836,0.7635252,1.072693
0.4764481,18,5,0.2291377,0.0797355,0.4810478,0.264,0.003013641,0.495655,23.6,0,0.08552774,5.300003,0,0,0,0,0.7117836,0.7635252,1.072693
0.4786301,18,5,0.2291377,0.0797355,0.4810478,0.264,0.003013641,0.495655,23.6,0,0.08552774,5.300003,0,0,0,0,0.7117836,0.7635252,1.072693
0.4807396,18,5,0.2291377,0.0797355,0.4810478,0.264,0.003013641,0.495655,23.6,0,0.08552774,5.300003,0,0,0,0,0.7117836,0.7635252,1.072693
0.4834442,18,5,0.2291377,0.0797355,0.4810478,0.264,0.003013641,0.495655,23.6,0,0.08552774,5.300003,0,0,0,0,0.7117836,0.7635252,1.072693
0.4869347,18,5,0.2291377,0.0797355,0.4810478,0.264,0.003013641,0.495655,23.6,0,0.08552774,5.300003,0,0,0,0,0.7117836,0.7635252,1.072693
0.4895134,18,5,0.2291377,0.0797355,0.4810478,0.264,0.003013641,0.495655,23.6,0,0.08552774,5.300003,0,0,0,0,0.7117836,0.7635252,1.072693
0.4922409,18,5,0.2291377,0.0797355,0.4810478,0.264,0.003013641,0.495655,23.6,0,0.08552774,5.300003,0,0,0,0,0.7117836,0.7635252,1.072693
0.4946289,18,5,0.2291377,0.0797355,0.4810478,0.264,0.003013641,0.495655,23.6,0,0.08552774,5.300003,0,0,0,0,0.7117836,0.7635252,1.072693
0.4969063,18,5,0.2291377,0.0797355,0.4810478,0.264,0.003013641,0.495655,23.6,0,0.08552774,5.300003,0,0,0,0,0.7117836,0.7635252,1.072693
0.4995117,18,5,0.2291377,0.0797355,0.4810478,0.264,0.003013641,0.495655,23.6,0,0.08552774,5.300003,0,0,0,0,0.7117836,0.7635252,1.072693
0.5020866,18,5,0.2291377,0.0797355,0.4810478,0.264,0.003013641,0.495655,23.6,0,0.08552774,5.300003,0,0,0,0,0.7117836,0.7635252,1.072693
0.505043,18,5,0.2291377,0.0797355,0.4810478,0.264,0.003013641,0.495655,23.6,0,0.08552774,5.300003,0,0,0,0,0.7117836,0.7635252,1.072693
0.5109291,18,5,0.2291377,0.0797355,0.4810478,0.264,0.003013641,0.495655,23.6,0,0.08552774,5.300003,0,0,0,0,0.7117836,0.7635252,1.072693
0.5132904,18,5,0.2291377,0.0797355,0.4810478,0.264,0.003013641,0.495655,23.6,0,0.08552774,5.300003,0,0,0,0,0.7117836,0.7635252,1.072693
0.5162888,18,5,0.2291377,0.0797355,0.4810478,0.264,0.003013641,0.495655,23.6,0,0.08552774,5.300003,0,0,0,0,0.7117836,0.7635252,1.072693
0.5190582,18,5,0.2291377,0.0797355,0.4810478,0.264,0.003013641,0.495655,23.6,0,0.08552774,5.300003,0,0,0,0,0.7117836,0.7635252,1.072693
0.521843,18,5,0.2291377,0.0797355,0.4810478,0.264,0.003013641,0.495655,23.6,0,0.08552774,5.300003,0,0,0,0,0.7117836,0.7635252,1.072693
0.5241165,18,5,0.2291377,0.0797355,0.4810478,0.264,0.003013641,0.495655,23.6,0,0.08552774,5.300003,0,0,0,0,0.7117836,0.7635252,1.072693
0.5267754,18,5,0.2291377,0.0797355,0.4810478,0.264,0.003013641,0.495655,23.6,0,0.08552774,5.300003,0,0,0,0,0.7117836,0.7635252,1.072693
0.5290756,18,5,0.2291377,0.0797355,0.4810478,0.264,0.003013641,0.495655,23.6,0,0.08552774,5.300003,0,0,0,0,0.7117836,0.7635252,1.072693
0.5318069,18,5,0.2291377,0.0797355,0.4810478,0.264,0.003013641,0.495655,23.6,0,0.08552774,5.300003,0,0,0,0,0.7117836,0.7635252,1.072693
0.5340424,18,5,0.2291377,0.0797355,0.4810478,0.264,0.003013641,0.495655,23.6,0,0.08552774,5.300003,0,0,0,0,0.7117836,0.7635252,1.072693
0.5366936,18,5,0.2291377,0.0797355,0.4810478,0.264,0.003013641,0.495655,23.6,0,0.08552774,5.300003,0,0,0,0,0.7117836,0.7635252,1.072693
0.5389786,18,5,0.2291377,0.0797355,0.4810478,0.264,0.003013641,0.495655,23.6,0,0.08552774,5.300003,0,0,0,0,0.7117836,0.7635252,1.072693
0.5412636,18,5,0.2291377,0.0797355,0.4810478,0.264,0.003013641,0.495655,23.6,0,0.08552774,5.300003,0,0,0,0,0.7117836,0.7635252,1.072693
0.5435181,18,5,0.2291377,0.0797355,0.4810478,0.264,0.003013641,0.495655,23.6,0,0.08552774,5.300003,0,0,0,0,0.7117836,0.7635252,1.072693
0.5464478,18,5,0.2291377,0.0797355,0.4810478,0.264,0.003013641,0.495655,23.6,0,0.08552774,5.300003,0,0,0,0,0.7117836,0.7635252,1.072693
0.5489578,18,5,0.2291377,0.0797355,0.4810478,0.264,0.003013641,0.495655,23.6,0,0.08552774,5.300003,0,0,0,0,0.7117836,0.7635252,1.072693
0.5514107,18,5,0.2291377,0.0797355,0.4810478,0.264,0.003013641,0.495655,23.6,0,0.08552774,5.300003,0,0,0,0,0.7117836,0.7635252,1.072693
0.5538788,18,5,0.2291377,0.0797355,0.4810478,0.264,0.003013641,0.495655,23.6,0,0.08552774,5.300003,0,0,0,0,0.7117836,0.7635252,1.072693
0.5561523,18,5,0.2291377,0.0797355,0.4810478,0.264,0.003013641,0.495655,23.6,0,0.08552774,5.300003,0,0,0,0,0.7117836,0.7635252,1.072693
0.5583611,18,5,0.2291377,0.0797355,0.4810478,0.264,0.003013641,0.495655,23.6,0,0.08552774,5.300003,0,0,0,0,0.7117836,0.7635252,1.072693
0.5606613,18,5,0.2291377,0.0797355,0.4810478,0.264,0.003013641,0.495655,23.6,0,0.08552774,5.300003,0,0,0,0,0.7117836,0.7635252,1.072693
0.5648994,18,5,0.2291377,0.0797355,0.4810478,0.264,0.003013641,0.495655,23.6,0,0.08552774,5.300003,0,0,0,0,0.7117836,0.7635252,1.072693
0.5741043,18,5,0.2291377,0.0797355,0.4810478,0.264,0.007171087,0.4951435,23.3,0,0.0817292,5.149994,-32.59075,0,0,0,0.7159724,0.7635252,1.066417
0.5825958,18,5,0.2291377,0.0797355,0.4810478,0.264,0.01409405,0.4942425,22.8,0,0.07548697,4.899994,-58.87964,0,0,0,0.7229537,0.7635252,1.056119
0.5924454,18,5,0.2291377,0.0797355,0.4810478,0.264,0.01686089,0.4938653,22.6,0,0.0730266,4.800003,-20.30672,0,0,0,0.7257461,0.7635252,1.052056
0.6025505,18,5,0.2291377,0.0797355,0.4810478,0.264,0.02653445,0.4924689,21.9,0,0.06462333,4.449997,-69.27066,0,0,0,0.7355199,0.7635252,1.038076
0.6114693,18,5,0.2291377,0.0797355,0.4810478,0.264,0.03756803,0.4907284,21.1,0,0.0555625,4.050003,-89.69506,0,0,0,0.7466899,0.7635252,1.022547
0.6301117,18,5,0.2291377,0.0797355,0.4810478,0.264,0.04032252,0.4902692,20.9,0,0.05342096,3.949997,-10.72977,0,0,0,0.7494825,0.7635252,1.018737
0.6470032,18,5,0.2291377,0.0797355,0.4810478,0.264,0.04720172,0.4890792,20.4,0,0.04835629,3.699997,-29.60086,0,0,0,0.7564638,0.7635252,1.009335
0.6581917,18,5,0.2291377,0.0797355,0.4810478,0.264,0.04995044,0.4885864,20.2,0,0.04646892,3.600006,-17.87396,0,0,0,0.7592564,0.7635252,1.005623
0.6648827,18,5,0.2291377,0.0797355,0.4810478,0.264,0.05681447,0.4873125,19.7,0,0.04219006,3.350006,-74.72166,0,0,0,0.7662376,0.7635252,0.9964601
0.667717,18,5,0.2291377,0.0797355,0.4810478,0.264,0.05681447,0.4873125,19.7,0,0.04219006,3.350006,0,0,0,0,0.7662376,0.7635252,0.9964601
0.6721382,18,5,0.2291377,0.0797355,0.4810478,0.264,0.05681447,0.4873125,19.7,0,0.04219006,3.350006,0,0,0,0,0.7662376,0.7635252,0.9964601
0.6796455,18,5,0.2291377,0.0797355,0.4810478,0.264,0.05955685,0.4867862,19.5,0,0.04068768,3.25,-26.64226,0,0,0,0.76903,0.7635252,0.9928419
0.6881485,18,5,0.2291377,0.0797355,0.4810478,0.264,0.06366714,0.4859787,19.2,0,0.03870254,3.100006,-35.27535,0,0,0,0.7732189,0.7635252,0.9874633
0.6961823,18,5,0.2291377,0.0797355,0.4810478,0.264,0.06640495,0.4854284,19,0,0.03758023,3,-24.89677,0,0,0,0.7760114,0.7635252,0.9839098
0.7043419,18,5,0.2291377,0.0797355,0.4810478,0.264,0.07050798,0.4845851,18.7,0,0.0362359,2.850006,-36.75785,0,0,0,0.7802002,0.7635252,0.9786274
0.7124977,18,5,0.2291377,0.0797355,0.4810478,0.264,0.07324079,0.484011,18.5,0,0.03558571,2.75,-24.52793,0,0,0,0.7829927,0.7635252,0.9751372
0.7200012,18,5,0.2291377,0.0797355,0.4810478,0.264,0.07597173,0.4834273,18.3,0,0.03514554,2.649994,-26.64936,0,0,0,0.7857853,0.7635252,0.9716716
0.7232628,18,5,0.2291377,0.0797355,0.4810478,0.264,0.07597173,0.4834273,18.3,0,0.03514554,2.649994,0,0,0,0,0.7857853,0.7635252,0.9716716
0.7271614,18,5,0.2291377,0.0797355,0.4810478,0.264,0.07597173,0.4834273,18.3,0,0.03514554,2.649994,0,0,0,0,0.7857853,0.7635252,0.9716716
0.7311668,18,5,0.2291377,0.0797355,0.4810478,0.264,0.07597173,0.4834273,18.3,0,0.03514554,2.649994,0,0,0,0,0.7857853,0.7635252,0.9716716
0.7345886,18,5,0.2291377,0.0797355,0.4810478,0.264,0.07597173,0.4834273,18.3,0,0.03514554,2.649994,0,0,0,0,0.7857853,0.7635252,0.9716716
0.7380791,18,5,0.2291377,0.0797355,0.4810478,0.264,0.07597173,0.4834273,18.3,0,0.03514554,2.649994,0,0,0,0,0.7857853,0.7635252,0.9716716
0.7404823,18,5,0.2291377,0.0797355,0.4810478,0.264,0.07597173,0.4834273,18.3,0,0.03514554,2.649994,0,0,0,0,0.7857853,0.7635252,0.9716716
0.7428818,18,5,0.2291377,0.0797355,0.4810478,0.264,0.07597173,0.4834273,18.3,0,0.03514554,2.649994,0,0,0,0,0.7857853,0.7635252,0.9716716
0.7459068,18,5,0.2291377,0.0797355,0.4810478,0.264,0.07597173,0.4834273,18.3,0,0.03514554,2.649994,0,0,0,0,0.7857853,0.7635252,0.9716716
0.7484589,18,5,0.2291377,0.0797355,0.4810478,0.264,0.07597173,0.4834273,18.3,0,0.03514554,2.649994,0,0,0,0,0.7857853,0.7635252,0.9716716
0.750843,18,5,0.2291377,0.0797355,0.4810478,0.264,0.07597173,0.4834273,18.3,0,0.03514554,2.649994,0,0,0,0,0.7857853,0.7635252,0.9716716
0.7536278,18,5,0.2291377,0.0797355,0.4810478,0.264,0.07597173,0.4834273,18.3,0,0.03514554,2.649994,0,0,0,0,0.7857853,0.7635252,0.9716716
0.7567101,18,5,0.2291377,0.0797355,0.4810478,0.264,0.07597173,0.4834273,18.3,0,0.03514554,2.649994,0,0,0,0,0.7857853,0.7635252,0.9716716
0.7589645,18,5,0.2291377,0.0797355,0.4810478,0.264,0.07597173,0.4834273,18.3,0,0.03514554,2.649994,0,0,0,0,0.7857853,0.7635252,0.9716716
0.7612152,18,5,0.2291377,0.0797355,0.4810478,0.264,0.07597173,0.4834273,18.3,0,0.03514554,2.649994,0,0,0,0,0.7857853,0.7635252,0.9716716
0.7639961,18,5,0.2291377,0.0797355,0.4810478,0.264,0.07597173,0.4834273,18.3,0,0.03514554,2.649994,0,0,0,0,0.7857853,0.7635252,0.9716716
0.7668304,18,5,0.2291377,0.0797355,0.4810478,0.264,0.07597173,0.4834273,18.3,0,0.03514554,2.649994,0,0,0,0,0.7857853,0.7635252,0.9716716
0.7697678,18,5,0.2291377,0.0797355,0.4810478,0.264,0.07597173,0.4834273,18.3,0,0.03514554,2.649994,0,0,0,0,0.7857853,0.7635252,0.9716716
0.7726288,18,5,0.2291377,0.0797355,0.4810478,0.264,0.07597173,0.4834273,18.3,0,0.03514554,2.649994,0,0,0,0,0.7857853,0.7635252,0.9716716
0.7749939,18,5,0.2291377,0.0797355,0.4810478,0.264,0.07597173,0.4834273,18.3,0,0.03514554,2.649994,0,0,0,0,0.7857853,0.7635252,0.9716716
0.7772446,18,5,0.2291377,0.0797355,0.4810478,0.264,0.07597173,0.4834273,18.3,0,0.03514554,2.649994,0,0,0,0,0.7857853,0.7635252,0.9716716
0.7795715,18,5,0.2291377,0.0797355,0.4810478,0.264,0.07597173,0.4834273,18.3,0,0.03514554,2.649994,0,0,0,0,0.7857853,0.7635252,0.9716716
0.781971,18,5,0.2291377,0.0797355,0.4810478,0.264,0.07597173,0.4834273,18.3,0,0.03514554,2.649994,0,0,0,0,0.7857853,0.7635252,0.9716716
0.785099,18,5,0.2291377,0.0797355,0.4810478,0.264,0.07597173,0.4834273,18.3,0,0.03514554,2.649994,0,0,0,0,0.7857853,0.7635252,0.9716716
0.7874832,18,5,0.2291377,0.0797355,0.4810478,0.264,0.07597173,0.4834273,18.3,0,0.03514554,2.649994,0,0,0,0,0.7857853,0.7635252,0.9716716
0.789814,18,5,0.2291377,0.0797355,0.4810478,0.264,0.07597173,0.4834273,18.3,0,0.03514554,2.649994,0,0,0,0,0.7857853,0.7635252,0.9716716
0.7922325,18,5,0.2291377,0.0797355,0.4810478,0.264,0.07597173,0.4834273,18.3,0,0.03514554,2.649994,0,0,0,0,0.7857853,0.7635252,0.9716716
0.7947006,18,5,0.2291377,0.0797355,0.4810478,0.264,0.07597173,0.4834273,18.3,0,0.03514554,2.649994,0,0,0,0,0.7857853,0.7635252,0.9716716
0.797123,18,5,0.2291377,0.0797355,0.4810478,0.264,0.07597173,0.4834273,18.3,0,0.03514554,2.649994,0,0,0,0,0.7857853,0.7635252,0.9716716
0.7995148,18,5,0.2291377,0.0797355,0.4810478,0.264,0.07597173,0.4834273,18.3,0,0.03514554,2.649994,0,0,0,0,0.7857853,0.7635252,0.9716716
0.8027954,18,5,0.2291377,0.0797355,0.4810478,0.264,0.07597173,0.4834273,18.3,0,0.03514554,2.649994,0,0,0,0,0.7857853,0.7635252,0.9716716
0.8056908,18,5,0.2291377,0.0797355,0.4810478,0.264,0.07597173,0.4834273,18.3,0,0.03514554,2.649994,0,0,0,0,0.7857853,0.7635252,0.9716716
0.8081665,18,5,0.2291377,0.0797355,0.4810478,0.264,0.07597173,0.4834273,18.3,0,0.03514554,2.649994,0,0,0,0,0.7857853,0.7635252,0.9716716
0.8140373,18,5,0.2291377,0.0797355,0.4810478,0.264,0.07597173,0.4834273,18.3,0,0.03514554,2.649994,0,0,0,0,0.7857853,0.7635252,0.9716716
0.8163567,18,5,0.2291377,0.0797355,0.4810478,0.264,0.07597173,0.4834273,18.3,0,0.03514554,2.649994,0,0,0,0,0.7857853,0.7635252,0.9716716
0.8187218,18,5,0.2291377,0.0797355,0.4810478,0.264,0.07597173,0.4834273,18.3,0,0.03514554,2.649994,0,0,0,0,0.7857853,0.7635252,0.9716716
0.8210831,18,5,0.2291377,0.0797355,0.4810478,0.264,0.07597173,0.4834273,18.3,0,0.03514554,2.649994,0,0,0,0,0.7857853,0.7635252,0.9716716
0.8233261,18,5,0.2291377,0.0797355,0.4810478,0.264,0.07597173,0.4834273,18.3,0,0.03514554,2.649994,0,0,0,0,0.7857853,0.7635252,0.9716716
0.8265305,18,5,0.2291377,0.0797355,0.4810478,0.264,0.07597173,0.4834273,18.3,0,0.03514554,2.649994,0,0,0,0,0.7857853,0.7635252,0.9716716
0.8288574,18,5,0.2291377,0.0797355,0.4810478,0.264,0.07597173,0.4834273,18.3,0,0.03514554,2.649994,0,0,0,0,0.7857853,0.7635252,0.9716716
0.8313904,18,5,0.2291377,0.0797355,0.4810478,0.264,0.07597173,0.4834273,18.3,0,0.03514554,2.649994,0,0,0,0,0.7857853,0.7635252,0.9716716
0.833931,18,5,0.2291377,0.0797355,0.4810478,0.264,0.07597173,0.4834273,18.3,0,0.03514554,2.649994,0,0,0,0,0.7857853,0.7635252,0.9716716
0.8370514,18,5,0.2291377,0.0797355,0.4810478,0.264,0.07597173,0.4834273,18.3,0,0.03514554,2.649994,0,0,0,0,0.7857853,0.7635252,0.9716716
0.8397064,18,5,0.2291377,0.0797355,0.4810478,0.264,0.07597173,0.4834273,18.3,0,0.03514554,2.649994,0,0,0,0,0.7857853,0.7635252,0.9716716
0.8429222,18,5,0.2291377,0.0797355,0.4810478,0.264,0.07597173,0.4834273,18.3,0,0.03514554,2.649994,0,0,0,0,0.7857853,0.7635252,0.9716716
0.8461342,18,5,0.2291377,0.0797355,0.4810478,0.264,0.07597173,0.4834273,18.3,0,0.03514554,2.649994,0,0,0,0,0.7857853,0.7635252,0.9716716
0.8484802,18,5,0.2291377,0.0797355,0.4810478,0.264,0.07597173,0.4834273,18.3,0,0.03514554,2.649994,0,0,0,0,0.7857853,0.7635252,0.9716716
0.8506775,18,5,0.2291377,0.0797355,0.4810478,0.264,0.07597173,0.4834273,18.3,0,0.03514554,2.649994,0,0,0,0,0.7857853,0.7635252,0.9716716
0.8533173,18,5,0.2291377,0.0797355,0.4810478,0.264,0.07597173,0.4834273,18.3,0,0.03514554,2.649994,0,0,0,0,0.7857853,0.7635252,0.9716716
0.8557549,18,5,0.2291377,0.0797355,0.4810478,0.264,0.07597173,0.4834273,18.3,0,0.03514554,2.649994,0,0,0,0,0.7857853,0.7635252,0.9716716
0.8580551,18,5,0.2291377,0.0797355,0.4810478,0.264,0.07597173,0.4834273,18.3,0,0.03514554,2.649994,0,0,0,0,0.7857853,0.7635252,0.9716716
0.8603592,18,5,0.2291377,0.0797355,0.4810478,0.264,0.07597173,0.4834273,18.3,0,0.03514554,2.649994,0,0,0,0,0.7857853,0.7635252,0.9716716
0.8626022,18,5,0.2291377,0.0797355,0.4810478,0.264,0.07597173,0.4834273,18.3,0,0.03514554,2.649994,0,0,0,0,0.7857853,0.7635252,0.9716716
0.8655167,18,5,0.2291377,0.0797355,0.4810478,0.264,0.07597173,0.4834273,18.3,0,0.03514554,2.649994,0,0,0,0,0.7857853,0.7635252,0.9716716
0.868103,18,5,0.2291377,0.0797355,0.4810478,0.264,0.07597173,0.4834273,18.3,0,0.03514554,2.649994,0,0,0,0,0.7857853,0.7635252,0.9716716
0.8707199,18,5,0.2291377,0.0797355,0.4810478,0.264,0.07597173,0.4834273,18.3,0,0.03514554,2.649994,0,0,0,0,0.7857853,0.7635252,0.9716716
0.8734131,18,5,0.2291377,0.0797355,0.4810478,0.264,0.07597173,0.4834273,18.3,0,0.03514554,2.649994,0,0,0,0,0.7857853,0.7635252,0.9716716
0.8756256,18,5,0.2291377,0.0797355,0.4810478,0.264,0.07597173,0.4834273,18.3,0,0.03514554,2.649994,0,0,0,0,0.7857853,0.7635252,0.9716716
0.8778,18,5,0.2291377,0.0797355,0.4810478,0.264,0.07597173,0.4834273,18.3,0,0.03514554,2.649994,0,0,0,0,0.7857853,0.7635252,0.9716716
0.880024,18,5,0.2291377,0.0797355,0.4810478,0.264,0.07597173,0.4834273,18.3,0,0.03514554,2.649994,0,0,0,0,0.7857853,0.7635252,0.9716716
0.88237,18,5,0.2291377,0.0797355,0.4810478,0.264,0.07597173,0.4834273,18.3,0,0.03514554,2.649994,0,0,0,0,0.7857853,0.7635252,0.9716716
0.8852463,18,5,0.2291377,0.0797355,0.4810478,0.264,0.07597173,0.4834273,18.3,0,0.03514554,2.649994,0,0,0,0,0.7857853,0.7635252,0.9716716
0.8886719,18,5,0.2291377,0.0797355,0.4810478,0.264,0.07597173,0.4834273,18.3,0,0.03514554,2.649994,0,0,0,0,0.7857853,0.7635252,0.9716716
0.8922997,18,5,0.2291377,0.0797355,0.4810478,0.264,0.07597173,0.4834273,18.3,0,0.03514554,2.649994,0,0,0,0,0.7857853,0.7635252,0.9716716
0.8948746,18,5,0.2291377,0.0797355,0.4810478,0.264,0.07597173,0.4834273,18.3,0,0.03514554,2.649994,0,0,0,0,0.7857853,0.7635252,0.9716716
0.8972473,18,5,0.2291377,0.0797355,0.4810478,0.264,0.07597173,0.4834273,18.3,0,0.03514554,2.649994,0,0,0,0,0.7857853,0.7635252,0.9716716
0.8994408,18,5,0.2291377,0.0797355,0.4810478,0.264,0.07597173,0.4834273,18.3,0,0.03514554,2.649994,0,0,0,0,0.7857853,0.7635252,0.9716716
0.9022293,18,5,0.2291377,0.0797355,0.4810478,0.264,0.07597173,0.4834273,18.3,0,0.03514554,2.649994,0,0,0,0,0.7857853,0.7635252,0.9716716
0.9056587,18,5,0.2291377,0.0797355,0.4810478,0.264,0.07597173,0.4834273,18.3,0,0.03514554,2.649994,0,0,0,0,0.7857853,0.7635252,0.9716716
0.9087753,18,5,0.2291377,0.0797355,0.4810478,0.264,0.07597173,0.4834273,18.3,0,0.03514554,2.649994,0,0,0,0,0.7857853,0.7635252,0.9716716
0.913559,18,5,0.2291377,0.0797355,0.4810478,0.264,0.07597173,0.4834273,18.3,0,0.03514554,2.649994,0,0,0,0,0.7857853,0.7635252,0.9716716
0.9167137,18,5,0.2291377,0.0797355,0.4810478,0.264,0.07597173,0.4834273,18.3,0,0.03514554,2.649994,0,0,0,0,0.7857853,0.7635252,0.9716716
0.9205513,18,5,0.2291377,0.0797355,0.4810478,0.264,0.07597173,0.4834273,18.3,0,0.03514554,2.649994,0,0,0,0,0.7857853,0.7635252,0.9716716
0.9231834,18,5,0.2291377,0.0797355,0.4810478,0.264,0.07597173,0.4834273,18.3,0,0.03514554,2.649994,0,0,0,0,0.7857853,0.7635252,0.9716716
0.9264259,18,5,0.2291377,0.0797355,0.4810478,0.264,0.07597173,0.4834273,18.3,0,0.03514554,2.649994,0,0,0,0,0.7857853,0.7635252,0.9716716
0.9287262,18,5,0.2291377,0.0797355,0.4810478,0.264,0.07597173,0.4834273,18.3,0,0.03514554,2.649994,0,0,0,0,0.7857853,0.7635252,0.9716716
0.9312096,18,5,0.2291377,0.0797355,0.4810478,0.264,0.07597173,0.4834273,18.3,0,0.03514554,2.649994,0,0,0,0,0.7857853,0.7635252,0.9716716
0.9339676,18,5,0.2291377,0.0797355,0.4810478,0.264,0.07597173,0.4834273,18.3,0,0.03514554,2.649994,0,0,0,0,0.7857853,0.7635252,0.9716716
0.9365997,18,5,0.2291377,0.0797355,0.4810478,0.264,0.07597173,0.4834273,18.3,0,0.03514554,2.649994,0,0,0,0,0.7857853,0.7635252,0.9716716
0.9395409,18,5,0.2291377,0.0797355,0.4810478,0.264,0.07597173,0.4834273,18.3,0,0.03514554,2.649994,0,0,0,0,0.7857853,0.7635252,0.9716716
0.9420052,18,5,0.2291377,0.0797355,0.4810478,0.264,0.07597173,0.4834273,18.3,0,0.03514554,2.649994,0,0,0,0,0.7857853,0.7635252,0.9716716
0.9450607,18,5,0.2291377,0.0797355,0.4810478,0.264,0.07597173,0.4834273,18.3,0,0.03514554,2.649994,0,0,0,0,0.7857853,0.7635252,0.9716716
0.9477348,18,5,0.2291377,0.0797355,0.4810478,0.264,0.07597173,0.4834273,18.3,0,0.03514554,2.649994,0,0,0,0,0.7857853,0.7635252,0.9716716
0.9505119,18,5,0.2291377,0.0797355,0.4810478,0.264,0.07597173,0.4834273,18.3,0,0.03514554,2.649994,0,0,0,0,0.7857853,0.7635252,0.9716716
0.9536057,18,5,0.2291377,0.0797355,0.4810478,0.264,0.07597173,0.4834273,18.3,0,0.03514554,2.649994,0,0,0,0,0.7857853,0.7635252,0.9716716
0.9559746,18,5,0.2291377,0.0797355,0.4810478,0.264,0.07597173,0.4834273,18.3,0,0.03514554,2.649994,0,0,0,0,0.7857853,0.7635252,0.9716716
0.9583626,18,5,0.2291377,0.0797355,0.4810478,0.264,0.07597173,0.4834273,18.3,0,0.03514554,2.649994,0,0,0,0,0.7857853,0.7635252,0.9716716
0.960659,18,5,0.2291377,0.0797355,0.4810478,0.264,0.07597173,0.4834273,18.3,0,0.03514554,2.649994,0,0,0,0,0.7857853,0.7635252,0.9716716
0.9629402,18,5,0.2291377,0.0797355,0.4810478,0.264,0.07597173,0.4834273,18.3,0,0.03514554,2.649994,0,0,0,0,0.7857853,0.7635252,0.9716716
0.9656448,18,5,0.2291377,0.0797355,0.4810478,0.264,0.07597173,0.4834273,18.3,0,0.03514554,2.649994,0,0,0,0,0.7857853,0.7635252,0.9716716
0.9682007,18,5,0.2291377,0.0797355,0.4810478,0.264,0.07597173,0.4834273,18.3,0,0.03514554,2.649994,0,0,0,0,0.7857853,0.7635252,0.9716716
0.9709702,18,5,0.2291377,0.0797355,0.4810478,0.264,0.07597173,0.4834273,18.3,0,0.03514554,2.649994,0,0,0,0,0.7857853,0.7635252,0.9716716
0.9735756,18,5,0.2291377,0.0797355,0.4810478,0.264,0.07597173,0.4834273,18.3,0,0.03514554,2.649994,0,0,0,0,0.7857853,0.7635252,0.9716716
0.9764137,18,5,0.2291377,0.0797355,0.4810478,0.264,0.07597173,0.4834273,18.3,0,0.03514554,2.649994,0,0,0,0,0.7857853,0.7635252,0.9716716
0.9794235,18,5,0.2291377,0.0797355,0.4810478,0.264,0.07597173,0.4834273,18.3,0,0.03514554,2.649994,0,0,0,0,0.7857853,0.7635252,0.9716716
0.9831047,18,5,0.2291377,0.0797355,0.4810478,0.264,0.07597173,0.4834273,18.3,0,0.03514554,2.649994,0,0,0,0,0.7857853,0.7635252,0.9716716
0.9872932,18,5,0.2291377,0.0797355,0.4810478,0.264,0.07597173,0.4834273,18.3,0,0.03514554,2.649994,0,0,0,0,0.7857853,0.7635252,0.9716716
0.9909897,18,5,0.2291377,0.0797355,0.4810478,0.264,0.07597173,0.4834273,18.3,0,0.03514554,2.649994,0,0,0,0,0.7857853,0.7635252,0.9716716
0.9938202,18,5,0.2291377,0.0797355,0.4810478,0.264,0.07597173,0.4834273,18.3,0,0.03514554,2.649994,0,0,0,0,0.7857853,0.7635252,0.9716716
0.9967155,18,5,0.2291377,0.0797355,0.4810478,0.264,0.07597173,0.4834273,18.3,0,0.03514554,2.649994,0,0,0,0,0.7857853,0.7635252,0.9716716
0.9993095,18,5,0.2291377,0.0797355,0.4810478,0.264,0.07597173,0.4834273,18.3,0,0.03514554,2.649994,0,0,0,0,0.7857853,0.7635252,0.9716716
1.001862,18,5,0.2291377,0.0797355,0.4810478,0.264,0.07597173,0.4834273,18.3,0,0.03514554,2.649994,0,0,0,0,0.7857853,0.7635252,0.9716716
1.004139,18,5,0.2291377,0.0797355,0.4810478,0.264,0.07597173,0.4834273,18.3,0,0.03514554,2.649994,0,0,0,0,0.7857853,0.7635252,0.9716716
1.007088,18,5,0.2291377,0.0797355,0.4810478,0.264,0.07597173,0.4834273,18.3,0,0.03514554,2.649994,0,0,0,0,0.7857853,0.7635252,0.9716716
1.009613,18,5,0.2291377,0.0797355,0.4810478,0.264,0.07597173,0.4834273,18.3,0,0.03514554,2.649994,0,0,0,0,0.7857853,0.7635252,0.9716716
1.012524,18,5,0.2291377,0.0797355,0.4810478,0.264,0.07597173,0.4834273,18.3,0,0.03514554,2.649994,0,0,0,0,0.7857853,0.7635252,0.9716716
1.014973,18,5,0.2291377,0.0797355,0.4810478,0.264,0.07597173,0.4834273,18.3,0,0.03514554,2.649994,0,0,0,0,0.7857853,0.7635252,0.9716716
1.019474,18,5,0.2291377,0.0797355,0.4810478,0.264,0.07597173,0.4834273,18.3,0,0.03514554,2.649994,0,0,0,0,0.7857853,0.7635252,0.9716716
1.02916,18,5,0.2291377,0.0797355,0.4810478,0.264,0.07324079,0.484011,18.5,0,0.03558571,2.75,20.64737,0,0,0,0.7885779,0.7635252,0.9682307
1.037582,18,5,0.2291377,0.0797355,0.4810478,0.264,0.06640495,0.4854284,19,0,0.03758023,3,59.37537,0,0,0,0.7955591,0.7635252,0.9597341
1.044743,18,5,0.2291377,0.0797355,0.4810478,0.264,0.06366714,0.4859787,19.2,0,0.03870254,3.100006,27.92566,0,0,0,0.7983516,0.7635252,0.9563771
1.04929,18,5,0.2291377,0.0797355,0.4810478,0.264,0.06366714,0.4859787,19.2,0,0.03870254,3.100006,0,0,0,0,0.7983516,0.7635252,0.9563771
1.056656,18,5,0.2291377,0.0797355,0.4810478,0.264,0.05955685,0.4867862,19.5,0,0.04068768,3.25,40.72812,0,0,0,0.8025405,0.7635252,0.9513853
1.058933,18,5,0.2291377,0.0797355,0.4810478,0.264,0.05955685,0.4867862,19.5,0,0.04068768,3.25,0,0,0,0,0.8025405,0.7635252,0.9513853
1.062031,18,5,0.2291377,0.0797355,0.4810478,0.264,0.05955685,0.4867862,19.5,0,0.04068768,3.25,0,0,0,0,0.8025405,0.7635252,0.9513853
1.064804,18,5,0.2291377,0.0797355,0.4810478,0.264,0.05955685,0.4867862,19.5,0,0.04068768,3.25,0,0,0,0,0.8025405,0.7635252,0.9513853
1.067142,18,5,0.2291377,0.0797355,0.4810478,0.264,0.05955685,0.4867862,19.5,0,0.04068768,3.25,0,0,0,0,0.8025405,0.7635252,0.9513853
1.069756,18,5,0.2291377,0.0797355,0.4810478,0.264,0.05955685,0.4867862,19.5,0,0.04068768,3.25,0,0,0,0,0.8025405,0.7635252,0.9513853
1.073761,18,5,0.2291377,0.0797355,0.4810478,0.264,0.05955685,0.4867862,19.5,0,0.04068768,3.25,0,0,0,0,0.8025405,0.7635252,0.9513853
1.080334,18,5,0.2291377,0.0797355,0.4810478,0.264,0.05681447,0.4873125,19.7,0,0.04219006,3.350006,30.44105,0,0,0,0.805333,0.7635252,0.9480864
1.084297,18,5,0.2291377,0.0797355,0.4810478,0.264,0.05681447,0.4873125,19.7,0,0.04219006,3.350006,0,0,0,0,0.805333,0.7635252,0.9480864
1.091908,18,5,0.2291377,0.0797355,0.4810478,0.264,0.05407012,0.4878293,19.9,0,0.04381872,3.449997,26.27484,0,0,0,0.8081256,0.7635252,0.9448102
1.096111,18,5,0.2291377,0.0797355,0.4810478,0.264,0.05407012,0.4878293,19.9,0,0.04381872,3.449997,0,0,0,0,0.8081256,0.7635252,0.9448102
1.103573,18,5,0.2291377,0.0797355,0.4810478,0.264,0.04995044,0.4885864,20.2,0,0.04646892,3.600006,40.19577,0,0,0,0.8123142,0.7635252,0.9399383
1.106754,18,5,0.2291377,0.0797355,0.4810478,0.264,0.04995044,0.4885864,20.2,0,0.04646892,3.600006,0,0,0,0,0.8123142,0.7635252,0.9399383
1.109325,18,5,0.2291377,0.0797355,0.4810478,0.264,0.04995044,0.4885864,20.2,0,0.04646892,3.600006,0,0,0,0,0.8123142,0.7635252,0.9399383
1.115936,18,5,0.2291377,0.0797355,0.4810478,0.264,0.04995044,0.4885864,20.2,0,0.04646892,3.600006,0,0,0,0,0.8123142,0.7635252,0.9399383
1.122063,18,5,0.2291377,0.0797355,0.4810478,0.264,0.04995044,0.4885864,20.2,0,0.04646892,3.600006,0,0,0,0,0.8123142,0.7635252,0.9399383
1.12479,18,5,0.2291377,0.0797355,0.4810478,0.264,0.04995044,0.4885864,20.2,0,0.04646892,3.600006,0,0,0,0,0.8123142,0.7635252,0.9399383
1.127087,18,5,0.2291377,0.0797355,0.4810478,0.264,0.04995044,0.4885864,20.2,0,0.04646892,3.600006,0,0,0,0,0.8123142,0.7635252,0.9399383
1.129719,18,5,0.2291377,0.0797355,0.4810478,0.264,0.04995044,0.4885864,20.2,0,0.04646892,3.600006,0,0,0,0,0.8123142,0.7635252,0.9399383
1.13258,18,5,0.2291377,0.0797355,0.4810478,0.264,0.04995044,0.4885864,20.2,0,0.04646892,3.600006,0,0,0,0,0.8123142,0.7635252,0.9399383
1.137627,18,5,0.2291377,0.0797355,0.4810478,0.264,0.04995044,0.4885864,20.2,0,0.04646892,3.600006,0,0,0,0,0.8123142,0.7635252,0.9399383
1.144112,18,5,0.2291377,0.0797355,0.4810478,0.264,0.04720172,0.4890792,20.4,0,0.04835629,3.699997,30.84451,0,0,0,0.8151067,0.7635252,0.9367181
1.146873,18,5,0.2291377,0.0797355,0.4810478,0.264,0.04720172,0.4890792,20.4,0,0.04835629,3.699997,0,0,0,0,0.8151067,0.7635252,0.9367181
1.14941,18,5,0.2291377,0.0797355,0.4810478,0.264,0.04720172,0.4890792,20.4,0,0.04835629,3.699997,0,0,0,0,0.8151067,0.7635252,0.9367181
1.151798,18,5,0.2291377,0.0797355,0.4810478,0.264,0.04720172,0.4890792,20.4,0,0.04835629,3.699997,0,0,0,0,0.8151067,0.7635252,0.9367181
1.15427,18,5,0.2291377,0.0797355,0.4810478,0.264,0.04720172,0.4890792,20.4,0,0.04835629,3.699997,0,0,0,0,0.8151067,0.7635252,0.9367181
1.156586,18,5,0.2291377,0.0797355,0.4810478,0.264,0.04720172,0.4890792,20.4,0,0.04835629,3.699997,0,0,0,0,0.8151067,0.7635252,0.9367181
1.158806,18,5,0.2291377,0.0797355,0.4810478,0.264,0.04720172,0.4890792,20.4,0,0.04835629,3.699997,0,0,0,0,0.8151067,0.7635252,0.9367181
1.161095,18,5,0.2291377,0.0797355,0.4810478,0.264,0.04720172,0.4890792,20.4,0,0.04835629,3.699997,0,0,0,0,0.8151067,0.7635252,0.9367181
1.163303,18,5,0.2291377,0.0797355,0.4810478,0.264,0.04720172,0.4890792,20.4,0,0.04835629,3.699997,0,0,0,0,0.8151067,0.7635252,0.9367181
1.165974,18,5,0.2291377,0.0797355,0.4810478,0.264,0.04720172,0.4890792,20.4,0,0.04835629,3.699997,0,0,0,0,0.8151067,0.7635252,0.9367181
1.169525,18,5,0.2291377,0.0797355,0.4810478,0.264,0.04720172,0.4890792,20.4,0,0.04835629,3.699997,0,0,0,0,0.8151067,0.7635252,0.9367181
1.172314,18,5,0.2291377,0.0797355,0.4810478,0.264,0.04720172,0.4890792,20.4,0,0.04835629,3.699997,0,0,0,0,0.8151067,0.7635252,0.9367181
1.174881,18,5,0.2291377,0.0797355,0.4810478,0.264,0.04720172,0.4890792,20.4,0,0.04835629,3.699997,0,0,0,0,0.8151067,0.7635252,0.9367181
1.177372,18,5,0.2291377,0.0797355,0.4810478,0.264,0.04720172,0.4890792,20.4,0,0.04835629,3.699997,0,0,0,0,0.8151067,0.7635252,0.9367181
1.179745,18,5,0.2291377,0.0797355,0.4810478,0.264,0.04720172,0.4890792,20.4,0,0.04835629,3.699997,0,0,0,0,0.8151067,0.7635252,0.9367181
1.181957,18,5,0.2291377,0.0797355,0.4810478,0.264,0.04720172,0.4890792,20.4,0,0.04835629,3.699997,0,0,0,0,0.8151067,0.7635252,0.9367181
1.185375,18,5,0.2291377,0.0797355,0.4810478,0.264,0.04720172,0.4890792,20.4,0,0.04835629,3.699997,0,0,0,0,0.8151067,0.7635252,0.9367181
1.187744,18,5,0.2291377,0.0797355,0.4810478,0.264,0.04720172,0.4890792,20.4,0,0.04835629,3.699997,0,0,0,0,0.8151067,0.7635252,0.9367181
1.18998,18,5,0.2291377,0.0797355,0.4810478,0.264,0.04720172,0.4890792,20.4,0,0.04835629,3.699997,0,0,0,0,0.8151067,0.7635252,0.9367181
1.192333,18,5,0.2291377,0.0797355,0.4810478,0.264,0.04720172,0.4890792,20.4,0,0.04835629,3.699997,0,0,0,0,0.8151067,0.7635252,0.9367181
1.194523,18,5,0.2291377,0.0797355,0.4810478,0.264,0.04720172,0.4890792,20.4,0,0.04835629,3.699997,0,0,0,0,0.8151067,0.7635252,0.9367181
1.196762,18,5,0.2291377,0.0797355,0.4810478,0.264,0.04720172,0.4890792,20.4,0,0.04835629,3.699997,0,0,0,0,0.8151067,0.7635252,0.9367181
1.19923,18,5,0.2291377,0.0797355,0.4810478,0.264,0.04720172,0.4890792,20.4,0,0.04835629,3.699997,0,0,0,0,0.8151067,0.7635252,0.9367181
1.201874,18,5,0.2291377,0.0797355,0.4810478,0.264,0.04720172,0.4890792,20.4,0,0.04835629,3.699997,0,0,0,0,0.8151067,0.7635252,0.9367181
1.20467,18,5,0.2291377,0.0797355,0.4810478,0.264,0.04720172,0.4890792,20.4,0,0.04835629,3.699997,0,0,0,0,0.8151067,0.7635252,0.9367181
1.206917,18,5,0.2291377,0.0797355,0.4810478,0.264,0.04720172,0.4890792,20.4,0,0.04835629,3.699997,0,0,0,0,0.8151067,0.7635252,0.9367181
1.209595,18,5,0.2291377,0.0797355,0.4810478,0.264,0.04720172,0.4890792,20.4,0,0.04835629,3.699997,0,0,0,0,0.8151067,0.7635252,0.9367181
1.211849,18,5,0.2291377,0.0797355,0.4810478,0.264,0.04720172,0.4890792,20.4,0,0.04835629,3.699997,0,0,0,0,0.8151067,0.7635252,0.9367181
1.214188,18,5,0.2291377,0.0797355,0.4810478,0.264,0.04720172,0.4890792,20.4,0,0.04835629,3.699997,0,0,0,0,0.8151067,0.7635252,0.9367181
1.21682,18,5,0.2291377,0.0797355,0.4810478,0.264,0.04720172,0.4890792,20.4,0,0.04835629,3.699997,0,0,0,0,0.8151067,0.7635252,0.9367181
1.219681,18,5,0.2291377,0.0797355,0.4810478,0.264,0.04720172,0.4890792,20.4,0,0.04835629,3.699997,0,0,0,0,0.8151067,0.7635252,0.9367181
1.22229,18,5,0.2291377,0.0797355,0.4810478,0.264,0.04720172,0.4890792,20.4,0,0.04835629,3.699997,0,0,0,0,0.8151067,0.7635252,0.9367181
1.225121,18,5,0.2291377,0.0797355,0.4810478,0.264,0.04720172,0.4890792,20.4,0,0.04835629,3.699997,0,0,0,0,0.8151067,0.7635252,0.9367181
1.227364,18,5,0.2291377,0.0797355,0.4810478,0.264,0.04720172,0.4890792,20.4,0,0.04835629,3.699997,0,0,0,0,0.8151067,0.7635252,0.9367181
1.23024,18,5,0.2291377,0.0797355,0.4810478,0.264,0.04720172,0.4890792,20.4,0,0.04835629,3.699997,0,0,0,0,0.8151067,0.7635252,0.9367181
1.233326,18,5,0.2291377,0.0797355,0.4810478,0.264,0.04720172,0.4890792,20.4,0,0.04835629,3.699997,0,0,0,0,0.8151067,0.7635252,0.9367181
1.236443,18,5,0.2291377,0.0797355,0.4810478,0.264,0.04720172,0.4890792,20.4,0,0.04835629,3.699997,0,0,0,0,0.8151067,0.7635252,0.9367181
1.239365,18,5,0.2291377,0.0797355,0.4810478,0.264,0.04720172,0.4890792,20.4,0,0.04835629,3.699997,0,0,0,0,0.8151067,0.7635252,0.9367181
1.242153,18,5,0.2291377,0.0797355,0.4810478,0.264,0.04720172,0.4890792,20.4,0,0.04835629,3.699997,0,0,0,0,0.8151067,0.7635252,0.9367181
1.244934,18,5,0.2291377,0.0797355,0.4810478,0.264,0.04720172,0.4890792,20.4,0,0.04835629,3.699997,0,0,0,0,0.8151067,0.7635252,0.9367181
1.248013,18,5,0.2291377,0.0797355,0.4810478,0.264,0.04720172,0.4890792,20.4,0,0.04835629,3.699997,0,0,0,0,0.8151067,0.7635252,0.9367181
1.25037,18,5,0.2291377,0.0797355,0.4810478,0.264,0.04720172,0.4890792,20.4,0,0.04835629,3.699997,0,0,0,0,0.8151067,0.7635252,0.9367181
1.253326,18,5,0.2291377,0.0797355,0.4810478,0.264,0.04720172,0.4890792,20.4,0,0.04835629,3.699997,0,0,0,0,0.8151067,0.7635252,0.9367181
1.255547,18,5,0.2291377,0.0797355,0.4810478,0.264,0.04720172,0.4890792,20.4,0,0.04835629,3.699997,0,0,0,0,0.8151067,0.7635252,0.9367181
1.257702,18,5,0.2291377,0.0797355,0.4810478,0.264,0.04720172,0.4890792,20.4,0,0.04835629,3.699997,0,0,0,0,0.8151067,0.7635252,0.9367181
1.260017,18,5,0.2291377,0.0797355,0.4810478,0.264,0.04720172,0.4890792,20.4,0,0.04835629,3.699997,0,0,0,0,0.8151067,0.7635252,0.9367181
1.26593,18,5,0.2291377,0.0797355,0.4810478,0.264,0.04720172,0.4890792,20.4,0,0.04835629,3.699997,0,0,0,0,0.8151067,0.7635252,0.9367181
1.269222,18,5,0.2291377,0.0797355,0.4810478,0.264,0.04720172,0.4890792,20.4,0,0.04835629,3.699997,0,0,0,0,0.8151067,0.7635252,0.9367181
1.271679,18,5,0.2291377,0.0797355,0.4810478,0.264,0.04720172,0.4890792,20.4,0,0.04835629,3.699997,0,0,0,0,0.8151067,0.7635252,0.9367181
1.274014,18,5,0.2291377,0.0797355,0.4810478,0.264,0.04720172,0.4890792,20.4,0,0.04835629,3.699997,0,0,0,0,0.8151067,0.7635252,0.9367181
1.276123,18,5,0.2291377,0.0797355,0.4810478,0.264,0.04720172,0.4890792,20.4,0,0.04835629,3.699997,0,0,0,0,0.8151067,0.7635252,0.9367181
1.279015,18,5,0.2291377,0.0797355,0.4810478,0.264,0.04720172,0.4890792,20.4,0,0.04835629,3.699997,0,0,0,0,0.8151067,0.7635252,0.9367181
1.281368,18,5,0.2291377,0.0797355,0.4810478,0.264,0.04720172,0.4890792,20.4,0,0.04835629,3.699997,0,0,0,0,0.8151067,0.7635252,0.9367181
1.283714,18,5,0.2291377,0.0797355,0.4810478,0.264,0.04720172,0.4890792,20.4,0,0.04835629,3.699997,0,0,0,0,0.8151067,0.7635252,0.9367181
1.286961,18,5,0.2291377,0.0797355,0.4810478,0.264,0.04720172,0.4890792,20.4,0,0.04835629,3.699997,0,0,0,0,0.8151067,0.7635252,0.9367181
1.289169,18,5,0.2291377,0.0797355,0.4810478,0.264,0.04720172,0.4890792,20.4,0,0.04835629,3.699997,0,0,0,0,0.8151067,0.7635252,0.9367181
1.29142,18,5,0.2291377,0.0797355,0.4810478,0.264,0.04720172,0.4890792,20.4,0,0.04835629,3.699997,0,0,0,0,0.8151067,0.7635252,0.9367181
1.294395,18,5,0.2291377,0.0797355,0.4810478,0.264,0.04720172,0.4890792,20.4,0,0.04835629,3.699997,0,0,0,0,0.8151067,0.7635252,0.9367181
1.296799,18,5,0.2291377,0.0797355,0.4810478,0.264,0.04720172,0.4890792,20.4,0,0.04835629,3.699997,0,0,0,0,0.8151067,0.7635252,0.9367181
1.298962,18,5,0.2291377,0.0797355,0.4810478,0.264,0.04720172,0.4890792,20.4,0,0.04835629,3.699997,0,0,0,0,0.8151067,0.7635252,0.9367181
1.301422,18,5,0.2291377,0.0797355,0.4810478,0.264,0.04720172,0.4890792,20.4,0,0.04835629,3.699997,0,0,0,0,0.8151067,0.7635252,0.9367181
1.305477,18,5,0.2291377,0.0797355,0.4810478,0.264,0.04720172,0.4890792,20.4,0,0.04835629,3.699997,0,0,0,0,0.8151067,0.7635252,0.9367181
1.313259,18,5,0.2291377,0.0797355,0.4810478,0.264,0.04995044,0.4885864,20.2,0,0.04646892,3.600006,-25.7025,0,0,0,0.8178993,0.7635252,0.9335199
1.320377,18,5,0.2291377,0.0797355,0.4810478,0.264,0.04995044,0.4885864,20.2,0,0.04646892,3.600006,0,0,0,0,0.8178993,0.7635252,0.9335199
1.328583,18,5,0.2291377,0.0797355,0.4810478,0.264,0.05407012,0.4878293,19.9,0,0.04381872,3.449997,-36.56232,0,0,0,0.8220879,0.7635252,0.9287634
1.335587,18,5,0.2291377,0.0797355,0.4810478,0.264,0.05681447,0.4873125,19.7,0,0.04219006,3.350006,-28.56188,0,0,0,0.8248805,0.7635252,0.9256192
1.340595,18,5,0.2291377,0.0797355,0.4810478,0.264,0.05681447,0.4873125,19.7,0,0.04219006,3.350006,0,0,0,0,0.8248805,0.7635252,0.9256192
1.348419,18,5,0.2291377,0.0797355,0.4810478,0.264,0.05955685,0.4867862,19.5,0,0.04068768,3.25,-25.5677,0,0,0,0.827673,0.7635252,0.9224963
1.358822,18,5,0.2291377,0.0797355,0.4810478,0.264,0.06366714,0.4859787,19.2,0,0.03870254,3.100006,-28.83499,0,0,0,0.8318619,0.7635252,0.917851
1.368076,18,5,0.2291377,0.0797355,0.4810478,0.264,0.06640495,0.4854284,19,0,0.03758023,3,-21.61937,0,0,0,0.8346544,0.7635252,0.9147801
1.377033,18,5,0.2291377,0.0797355,0.4810478,0.264,0.07324079,0.484011,18.5,0,0.03558571,2.75,-55.81727,0,0,0,0.8416356,0.7635252,0.9071922
1.383675,18,5,0.2291377,0.0797355,0.4810478,0.264,0.07597173,0.4834273,18.3,0,0.03514554,2.649994,-30.10835,0,0,0,0.8444282,0.7635252,0.904192
1.389118,18,5,0.2291377,0.0797355,0.4810478,0.264,0.07597173,0.4834273,18.3,0,0.03514554,2.649994,0,0,0,0,0.8444282,0.7635252,0.904192
1.396969,18,5,0.2291377,0.0797355,0.4810478,0.264,0.08006399,0.4825341,18,0,0.03489552,2.5,-38.20673,0,0,0,0.8486168,0.7635252,0.8997291
1.405109,18,5,0.2291377,0.0797355,0.4810478,0.264,0.0827897,0.4819265,17.8,0,0.03500687,2.6,-24.56589,0,0,0,0.8514094,0.7635252,0.896778
1.413315,18,5,0.2291377,0.0797355,0.4810478,0.264,0.08687418,0.4809976,17.5,0,0.03558572,2.75,-36.56565,0,0,0,0.8555982,0.7635252,0.8923876
1.420902,18,5,0.2291377,0.0797355,0.4810478,0.264,0.08959449,0.4803662,17.3,0,0.03623596,2.85,-26.35924,0,0,0,0.8583908,0.7635252,0.8894844
1.425179,18,5,0.2291377,0.0797355,0.4810478,0.264,0.08959449,0.4803662,17.3,0,0.03623596,2.85,0,0,0,0,0.8583908,0.7635252,0.8894844
1.432053,18,5,0.2291377,0.0797355,0.4810478,0.264,0.09367058,0.4794016,17,0,0.03758027,3,-43.64387,0,0,0,0.8625795,0.7635252,0.8851651
1.435856,18,5,0.2291377,0.0797355,0.4810478,0.264,0.09367058,0.4794016,17,0,0.03758027,3,0,0,0,0,0.8625795,0.7635252,0.8851651
1.443104,18,5,0.2291377,0.0797355,0.4810478,0.264,0.09367058,0.4794016,17,0,0.03758027,3,0,0,0,0,0.8625795,0.7635252,0.8851651
1.449989,18,5,0.2291377,0.0797355,0.4810478,0.264,0.09638528,0.4787467,16.8,0,0.03870259,3.1,-29.04033,0,0,0,0.8653721,0.7635252,0.8823087
1.452629,18,5,0.2291377,0.0797355,0.4810478,0.264,0.09638528,0.4787467,16.8,0,0.03870259,3.1,0,0,0,0,0.8653721,0.7635252,0.8823087
1.454918,18,5,0.2291377,0.0797355,0.4810478,0.264,0.09638528,0.4787467,16.8,0,0.03870259,3.1,0,0,0,0,0.8653721,0.7635252,0.8823087
1.457317,18,5,0.2291377,0.0797355,0.4810478,0.264,0.09638528,0.4787467,16.8,0,0.03870259,3.1,0,0,0,0,0.8653721,0.7635252,0.8823087
1.459755,18,5,0.2291377,0.0797355,0.4810478,0.264,0.09638528,0.4787467,16.8,0,0.03870259,3.1,0,0,0,0,0.8653721,0.7635252,0.8823087
1.462029,18,5,0.2291377,0.0797355,0.4810478,0.264,0.09638528,0.4787467,16.8,0,0.03870259,3.1,0,0,0,0,0.8653721,0.7635252,0.8823087
1.465919,18,5,0.2291377,0.0797355,0.4810478,0.264,0.09638528,0.4787467,16.8,0,0.03870259,3.1,0,0,0,0,0.8653721,0.7635252,0.8823087
1.46928,18,5,0.2291377,0.0797355,0.4810478,0.264,0.09638528,0.4787467,16.8,0,0.03870259,3.1,0,0,0,0,0.8653721,0.7635252,0.8823087
1.472633,18,5,0.2291377,0.0797355,0.4810478,0.264,0.09638528,0.4787467,16.8,0,0.03870259,3.1,0,0,0,0,0.8653721,0.7635252,0.8823087
1.475498,18,5,0.2291377,0.0797355,0.4810478,0.264,0.09638528,0.4787467,16.8,0,0.03870259,3.1,0,0,0,0,0.8653721,0.7635252,0.8823087
1.47823,18,5,0.2291377,0.0797355,0.4810478,0.264,0.09638528,0.4787467,16.8,0,0.03870259,3.1,0,0,0,0,0.8653721,0.7635252,0.8823087
1.481495,18,5,0.2291377,0.0797355,0.4810478,0.264,0.09638528,0.4787467,16.8,0,0.03870259,3.1,0,0,0,0,0.8653721,0.7635252,0.8823087
1.484402,18,5,0.2291377,0.0797355,0.4810478,0.264,0.09638528,0.4787467,16.8,0,0.03870259,3.1,0,0,0,0,0.8653721,0.7635252,0.8823087
1.487698,18,5,0.2291377,0.0797355,0.4810478,0.264,0.09638528,0.4787467,16.8,0,0.03870259,3.1,0,0,0,0,0.8653721,0.7635252,0.8823087
1.490368,18,5,0.2291377,0.0797355,0.4810478,0.264,0.09638528,0.4787467,16.8,0,0.03870259,3.1,0,0,0,0,0.8653721,0.7635252,0.8823087
1.492691,18,5,0.2291377,0.0797355,0.4810478,0.264,0.09638528,0.4787467,16.8,0,0.03870259,3.1,0,0,0,0,0.8653721,0.7635252,0.8823087
1.496525,18,5,0.2291377,0.0797355,0.4810478,0.264,0.09638528,0.4787467,16.8,0,0.03870259,3.1,0,0,0,0,0.8653721,0.7635252,0.8823087
1.499031,18,5,0.2291377,0.0797355,0.4810478,0.264,0.09638528,0.4787467,16.8,0,0.03870259,3.1,0,0,0,0,0.8653721,0.7635252,0.8823087
1.502441,18,5,0.2291377,0.0797355,0.4810478,0.264,0.09638528,0.4787467,16.8,0,0.03870259,3.1,0,0,0,0,0.8653721,0.7635252,0.8823087
1.505314,18,5,0.2291377,0.0797355,0.4810478,0.264,0.09638528,0.4787467,16.8,0,0.03870259,3.1,0,0,0,0,0.8653721,0.7635252,0.8823087
1.507542,18,5,0.2291377,0.0797355,0.4810478,0.264,0.09638528,0.4787467,16.8,0,0.03870259,3.1,0,0,0,0,0.8653721,0.7635252,0.8823087
1.509834,18,5,0.2291377,0.0797355,0.4810478,0.264,0.09638528,0.4787467,16.8,0,0.03870259,3.1,0,0,0,0,0.8653721,0.7635252,0.8823087
1.512321,18,5,0.2291377,0.0797355,0.4810478,0.264,0.09638528,0.4787467,16.8,0,0.03870259,3.1,0,0,0,0,0.8653721,0.7635252,0.8823087
1.514832,18,5,0.2291377,0.0797355,0.4810478,0.264,0.09638528,0.4787467,16.8,0,0.03870259,3.1,0,0,0,0,0.8653721,0.7635252,0.8823087
1.516998,18,5,0.2291377,0.0797355,0.4810478,0.264,0.09638528,0.4787467,16.8,0,0.03870259,3.1,0,0,0,0,0.8653721,0.7635252,0.8823087
1.519615,18,5,0.2291377,0.0797355,0.4810478,0.264,0.09638528,0.4787467,16.8,0,0.03870259,3.1,0,0,0,0,0.8653721,0.7635252,0.8823087
1.521965,18,5,0.2291377,0.0797355,0.4810478,0.264,0.09638528,0.4787467,16.8,0,0.03870259,3.1,0,0,0,0,0.8653721,0.7635252,0.8823087
1.524715,18,5,0.2291377,0.0797355,0.4810478,0.264,0.09638528,0.4787467,16.8,0,0.03870259,3.1,0,0,0,0,0.8653721,0.7635252,0.8823087
1.527065,18,5,0.2291377,0.0797355,0.4810478,0.264,0.09638528,0.4787467,16.8,0,0.03870259,3.1,0,0,0,0,0.8653721,0.7635252,0.8823087
1.529232,18,5,0.2291377,0.0797355,0.4810478,0.264,0.09638528,0.4787467,16.8,0,0.03870259,3.1,0,0,0,0,0.8653721,0.7635252,0.8823087
1.531452,18,5,0.2291377,0.0797355,0.4810478,0.264,0.09638528,0.4787467,16.8,0,0.03870259,3.1,0,0,0,0,0.8653721,0.7635252,0.8823087
1.533543,18,5,0.2291377,0.0797355,0.4810478,0.264,0.09638528,0.4787467,16.8,0,0.03870259,3.1,0,0,0,0,0.8653721,0.7635252,0.8823087
1.536407,18,5,0.2291377,0.0797355,0.4810478,0.264,0.09638528,0.4787467,16.8,0,0.03870259,3.1,0,0,0,0,0.8653721,0.7635252,0.8823087
1.539028,18,5,0.2291377,0.0797355,0.4810478,0.264,0.09638528,0.4787467,16.8,0,0.03870259,3.1,0,0,0,0,0.8653721,0.7635252,0.8823087
1.542423,18,5,0.2291377,0.0797355,0.4810478,0.264,0.09638528,0.4787467,16.8,0,0.03870259,3.1,0,0,0,0,0.8653721,0.7635252,0.8823087
1.545803,18,5,0.2291377,0.0797355,0.4810478,0.264,0.09638528,0.4787467,16.8,0,0.03870259,3.1,0,0,0,0,0.8653721,0.7635252,0.8823087
1.548046,18,5,0.2291377,0.0797355,0.4810478,0.264,0.09638528,0.4787467,16.8,0,0.03870259,3.1,0,0,0,0,0.8653721,0.7635252,0.8823087
1.550316,18,5,0.2291377,0.0797355,0.4810478,0.264,0.09638528,0.4787467,16.8,0,0.03870259,3.1,0,0,0,0,0.8653721,0.7635252,0.8823087
1.553249,18,5,0.2291377,0.0797355,0.4810478,0.264,0.09638528,0.4787467,16.8,0,0.03870259,3.1,0,0,0,0,0.8653721,0.7635252,0.8823087
1.555756,18,5,0.2291377,0.0797355,0.4810478,0.264,0.09638528,0.4787467,16.8,0,0.03870259,3.1,0,0,0,0,0.8653721,0.7635252,0.8823087
1.558075,18,5,0.2291377,0.0797355,0.4810478,0.264,0.09638528,0.4787467,16.8,0,0.03870259,3.1,0,0,0,0,0.8653721,0.7635252,0.8823087
1.560276,18,5,0.2291377,0.0797355,0.4810478,0.264,0.09638528,0.4787467,16.8,0,0.03870259,3.1,0,0,0,0,0.8653721,0.7635252,0.8823087
1.562691,18,5,0.2291377,0.0797355,0.4810478,0.264,0.09638528,0.4787467,16.8,0,0.03870259,3.1,0,0,0,0,0.8653721,0.7635252,0.8823087
1.565586,18,5,0.2291377,0.0797355,0.4810478,0.264,0.09638528,0.4787467,16.8,0,0.03870259,3.1,0,0,0,0,0.8653721,0.7635252,0.8823087
1.571854,18,5,0.2291377,0.0797355,0.4810478,0.264,0.09638528,0.4787467,16.8,0,0.03870259,3.1,0,0,0,0,0.8653721,0.7635252,0.8823087
1.574211,18,5,0.2291377,0.0797355,0.4810478,0.264,0.09638528,0.4787467,16.8,0,0.03870259,3.1,0,0,0,0,0.8653721,0.7635252,0.8823087
1.576527,18,5,0.2291377,0.0797355,0.4810478,0.264,0.09638528,0.4787467,16.8,0,0.03870259,3.1,0,0,0,0,0.8653721,0.7635252,0.8823087
1.578762,18,5,0.2291377,0.0797355,0.4810478,0.264,0.09638528,0.4787467,16.8,0,0.03870259,3.1,0,0,0,0,0.8653721,0.7635252,0.8823087
1.581024,18,5,0.2291377,0.0797355,0.4810478,0.264,0.09638528,0.4787467,16.8,0,0.03870259,3.1,0,0,0,0,0.8653721,0.7635252,0.8823087
1.583206,18,5,0.2291377,0.0797355,0.4810478,0.264,0.09638528,0.4787467,16.8,0,0.03870259,3.1,0,0,0,0,0.8653721,0.7635252,0.8823087
1.587337,18,5,0.2291377,0.0797355,0.4810478,0.264,0.09638528,0.4787467,16.8,0,0.03870259,3.1,0,0,0,0,0.8653721,0.7635252,0.8823087
1.589973,18,5,0.2291377,0.0797355,0.4810478,0.264,0.09638528,0.4787467,16.8,0,0.03870259,3.1,0,0,0,0,0.8653721,0.7635252,0.8823087
1.592339,18,5,0.2291377,0.0797355,0.4810478,0.264,0.09638528,0.4787467,16.8,0,0.03870259,3.1,0,0,0,0,0.8653721,0.7635252,0.8823087
1.594563,18,5,0.2291377,0.0797355,0.4810478,0.264,0.09638528,0.4787467,16.8,0,0.03870259,3.1,0,0,0,0,0.8653721,0.7635252,0.8823087
1.596729,18,5,0.2291377,0.0797355,0.4810478,0.264,0.09638528,0.4787467,16.8,0,0.03870259,3.1,0,0,0,0,0.8653721,0.7635252,0.8823087
1.598896,18,5,0.2291377,0.0797355,0.4810478,0.264,0.09638528,0.4787467,16.8,0,0.03870259,3.1,0,0,0,0,0.8653721,0.7635252,0.8823087
1.601677,18,5,0.2291377,0.0797355,0.4810478,0.264,0.09638528,0.4787467,16.8,0,0.03870259,3.1,0,0,0,0,0.8653721,0.7635252,0.8823087
1.604481,18,5,0.2291377,0.0797355,0.4810478,0.264,0.09638528,0.4787467,16.8,0,0.03870259,3.1,0,0,0,0,0.8653721,0.7635252,0.8823087
1.607288,18,5,0.2291377,0.0797355,0.4810478,0.264,0.09638528,0.4787467,16.8,0,0.03870259,3.1,0,0,0,0,0.8653721,0.7635252,0.8823087
1.609657,18,5,0.2291377,0.0797355,0.4810478,0.264,0.09638528,0.4787467,16.8,0,0.03870259,3.1,0,0,0,0,0.8653721,0.7635252,0.8823087
1.61203,18,5,0.2291377,0.0797355,0.4810478,0.264,0.09638528,0.4787467,16.8,0,0.03870259,3.1,0,0,0,0,0.8653721,0.7635252,0.8823087
1.614697,18,5,0.2291377,0.0797355,0.4810478,0.264,0.09638528,0.4787467,16.8,0,0.03870259,3.1,0,0,0,0,0.8653721,0.7635252,0.8823087
1.617207,18,5,0.2291377,0.0797355,0.4810478,0.264,0.09638528,0.4787467,16.8,0,0.03870259,3.1,0,0,0,0,0.8653721,0.7635252,0.8823087
1.620243,18,5,0.2291377,0.0797355,0.4810478,0.264,0.09638528,0.4787467,16.8,0,0.03870259,3.1,0,0,0,0,0.8653721,0.7635252,0.8823087
1.622547,18,5,0.2291377,0.0797355,0.4810478,0.264,0.09638528,0.4787467,16.8,0,0.03870259,3.1,0,0,0,0,0.8653721,0.7635252,0.8823087
1.625381,18,5,0.2291377,0.0797355,0.4810478,0.264,0.09638528,0.4787467,16.8,0,0.03870259,3.1,0,0,0,0,0.8653721,0.7635252,0.8823087
1.62767,18,5,0.2291377,0.0797355,0.4810478,0.264,0.09638528,0.4787467,16.8,0,0.03870259,3.1,0,0,0,0,0.8653721,0.7635252,0.8823087
1.629898,18,5,0.2291377,0.0797355,0.4810478,0.264,0.09638528,0.4787467,16.8,0,0.03870259,3.1,0,0,0,0,0.8653721,0.7635252,0.8823087
1.632362,18,5,0.2291377,0.0797355,0.4810478,0.264,0.09638528,0.4787467,16.8,0,0.03870259,3.1,0,0,0,0,0.8653721,0.7635252,0.8823087
1.63483,18,5,0.2291377,0.0797355,0.4810478,0.264,0.09638528,0.4787467,16.8,0,0.03870259,3.1,0,0,0,0,0.8653721,0.7635252,0.8823087
1.637375,18,5,0.2291377,0.0797355,0.4810478,0.264,0.09638528,0.4787467,16.8,0,0.03870259,3.1,0,0,0,0,0.8653721,0.7635252,0.8823087
1.639778,18,5,0.2291377,0.0797355,0.4810478,0.264,0.09638528,0.4787467,16.8,0,0.03870259,3.1,0,0,0,0,0.8653721,0.7635252,0.8823087
1.642166,18,5,0.2291377,0.0797355,0.4810478,0.264,0.09638528,0.4787467,16.8,0,0.03870259,3.1,0,0,0,0,0.8653721,0.7635252,0.8823087
1.646004,18,5,0.2291377,0.0797355,0.4810478,0.264,0.09638528,0.4787467,16.8,0,0.03870259,3.1,0,0,0,0,0.8653721,0.7635252,0.8823087
1.648415,18,5,0.2291377,0.0797355,0.4810478,0.264,0.09638528,0.4787467,16.8,0,0.03870259,3.1,0,0,0,0,0.8653721,0.7635252,0.8823087
1.650761,18,5,0.2291377,0.0797355,0.4810478,0.264,0.09638528,0.4787467,16.8,0,0.03870259,3.1,0,0,0,0,0.8653721,0.7635252,0.8823087
1.653339,18,5,0.2291377,0.0797355,0.4810478,0.264,0.09638528,0.4787467,16.8,0,0.03870259,3.1,0,0,0,0,0.8653721,0.7635252,0.8823087
1.655624,18,5,0.2291377,0.0797355,0.4810478,0.264,0.09638528,0.4787467,16.8,0,0.03870259,3.1,0,0,0,0,0.8653721,0.7635252,0.8823087
1.657845,18,5,0.2291377,0.0797355,0.4810478,0.264,0.09638528,0.4787467,16.8,0,0.03870259,3.1,0,0,0,0,0.8653721,0.7635252,0.8823087
1.660198,18,5,0.2291377,0.0797355,0.4810478,0.264,0.09638528,0.4787467,16.8,0,0.03870259,3.1,0,0,0,0,0.8653721,0.7635252,0.8823087
1.662441,18,5,0.2291377,0.0797355,0.4810478,0.264,0.09638528,0.4787467,16.8,0,0.03870259,3.1,0,0,0,0,0.8653721,0.7635252,0.8823087
1.665489,18,5,0.2291377,0.0797355,0.4810478,0.264,0.09638528,0.4787467,16.8,0,0.03870259,3.1,0,0,0,0,0.8653721,0.7635252,0.8823087
1.667995,18,5,0.2291377,0.0797355,0.4810478,0.264,0.09638528,0.4787467,16.8,0,0.03870259,3.1,0,0,0,0,0.8653721,0.7635252,0.8823087
1.671074,18,5,0.2291377,0.0797355,0.4810478,0.264,0.09638528,0.4787467,16.8,0,0.03870259,3.1,0,0,0,0,0.8653721,0.7635252,0.8823087
1.67347,18,5,0.2291377,0.0797355,0.4810478,0.264,0.09638528,0.4787467,16.8,0,0.03870259,3.1,0,0,0,0,0.8653721,0.7635252,0.8823087
1.675919,18,5,0.2291377,0.0797355,0.4810478,0.264,0.09638528,0.4787467,16.8,0,0.03870259,3.1,0,0,0,0,0.8653721,0.7635252,0.8823087
1.679123,18,5,0.2291377,0.0797355,0.4810478,0.264,0.09638528,0.4787467,16.8,0,0.03870259,3.1,0,0,0,0,0.8653721,0.7635252,0.8823087
1.681667,18,5,0.2291377,0.0797355,0.4810478,0.264,0.09638528,0.4787467,16.8,0,0.03870259,3.1,0,0,0,0,0.8653721,0.7635252,0.8823087
1.684113,18,5,0.2291377,0.0797355,0.4810478,0.264,0.09638528,0.4787467,16.8,0,0.03870259,3.1,0,0,0,0,0.8653721,0.7635252,0.8823087
1.686909,18,5,0.2291377,0.0797355,0.4810478,0.264,0.09638528,0.4787467,16.8,0,0.03870259,3.1,0,0,0,0,0.8653721,0.7635252,0.8823087
1.68911,18,5,0.2291377,0.0797355,0.4810478,0.264,0.09638528,0.4787467,16.8,0,0.03870259,3.1,0,0,0,0,0.8653721,0.7635252,0.8823087
1.691269,18,5,0.2291377,0.0797355,0.4810478,0.264,0.09638528,0.4787467,16.8,0,0.03870259,3.1,0,0,0,0,0.8653721,0.7635252,0.8823087
1.695576,18,5,0.2291377,0.0797355,0.4810478,0.264,0.09638528,0.4787467,16.8,0,0.03870259,3.1,0,0,0,0,0.8653721,0.7635252,0.8823087
1.703991,18,5,0.2291377,0.0797355,0.4810478,0.264,0.09367058,0.4794016,17,0,0.03758027,3,23.76406,0,0,0,0.8681647,0.7635252,0.8794705
1.712952,18,5,0.2291377,0.0797355,0.4810478,0.264,0.08959449,0.4803662,17.3,0,0.03623596,2.85,33.48019,0,0,0,0.8723533,0.7635252,0.8752477
1.721355,18,5,0.2291377,0.0797355,0.4810478,0.264,0.08687418,0.4809976,17.5,0,0.03558572,2.75,23.80026,0,0,0,0.8751459,0.7635252,0.8724548
1.729004,18,5,0.2291377,0.0797355,0.4810478,0.264,0.0827897,0.4819265,17.8,0,0.03500687,2.6,39.22123,0,0,0,0.8793347,0.7635252,0.8682988
1.73489,18,5,0.2291377,0.0797355,0.4810478,0.264,0.0827897,0.4819265,17.8,0,0.03500687,2.6,0,0,0,0,0.8793347,0.7635252,0.8682988
1.739735,18,5,0.2291377,0.0797355,0.4810478,0.264,0.0827897,0.4819265,17.8,0,0.03500687,2.6,0,0,0,0,0.8793347,0.7635252,0.8682988
1.746983,18,5,0.2291377,0.0797355,0.4810478,0.264,0.08006399,0.4825341,18,0,0.03489552,2.5,27.59202,0,0,0,0.8821273,0.7635252,0.86555
1.749649,18,5,0.2291377,0.0797355,0.4810478,0.264,0.08006399,0.4825341,18,0,0.03489552,2.5,0,0,0,0,0.8821273,0.7635252,0.86555
1.753021,18,5,0.2291377,0.0797355,0.4810478,0.264,0.08006399,0.4825341,18,0,0.03489552,2.5,0,0,0,0,0.8821273,0.7635252,0.86555
1.755856,18,5,0.2291377,0.0797355,0.4810478,0.264,0.08006399,0.4825341,18,0,0.03489552,2.5,0,0,0,0,0.8821273,0.7635252,0.86555
1.759167,18,5,0.2291377,0.0797355,0.4810478,0.264,0.08006399,0.4825341,18,0,0.03489552,2.5,0,0,0,0,0.8821273,0.7635252,0.86555
1.761578,18,5,0.2291377,0.0797355,0.4810478,0.264,0.08006399,0.4825341,18,0,0.03489552,2.5,0,0,0,0,0.8821273,0.7635252,0.86555
1.764198,18,5,0.2291377,0.0797355,0.4810478,0.264,0.08006399,0.4825341,18,0,0.03489552,2.5,0,0,0,0,0.8821273,0.7635252,0.86555
1.767063,18,5,0.2291377,0.0797355,0.4810478,0.264,0.08006399,0.4825341,18,0,0.03489552,2.5,0,0,0,0,0.8821273,0.7635252,0.86555
1.769886,18,5,0.2291377,0.0797355,0.4810478,0.264,0.08006399,0.4825341,18,0,0.03489552,2.5,0,0,0,0,0.8821273,0.7635252,0.86555
1.772568,18,5,0.2291377,0.0797355,0.4810478,0.264,0.08006399,0.4825341,18,0,0.03489552,2.5,0,0,0,0,0.8821273,0.7635252,0.86555
1.774918,18,5,0.2291377,0.0797355,0.4810478,0.264,0.08006399,0.4825341,18,0,0.03489552,2.5,0,0,0,0,0.8821273,0.7635252,0.86555
1.777611,18,5,0.2291377,0.0797355,0.4810478,0.264,0.08006399,0.4825341,18,0,0.03489552,2.5,0,0,0,0,0.8821273,0.7635252,0.86555
1.779816,18,5,0.2291377,0.0797355,0.4810478,0.264,0.08006399,0.4825341,18,0,0.03489552,2.5,0,0,0,0,0.8821273,0.7635252,0.86555
1.782623,18,5,0.2291377,0.0797355,0.4810478,0.264,0.08006399,0.4825341,18,0,0.03489552,2.5,0,0,0,0,0.8821273,0.7635252,0.86555
1.785885,18,5,0.2291377,0.0797355,0.4810478,0.264,0.08006399,0.4825341,18,0,0.03489552,2.5,0,0,0,0,0.8821273,0.7635252,0.86555
1.788765,18,5,0.2291377,0.0797355,0.4810478,0.264,0.08006399,0.4825341,18,0,0.03489552,2.5,0,0,0,0,0.8821273,0.7635252,0.86555
1.791046,18,5,0.2291377,0.0797355,0.4810478,0.264,0.08006399,0.4825341,18,0,0.03489552,2.5,0,0,0,0,0.8821273,0.7635252,0.86555
1.793316,18,5,0.2291377,0.0797355,0.4810478,0.264,0.08006399,0.4825341,18,0,0.03489552,2.5,0,0,0,0,0.8821273,0.7635252,0.86555
1.79557,18,5,0.2291377,0.0797355,0.4810478,0.264,0.08006399,0.4825341,18,0,0.03489552,2.5,0,0,0,0,0.8821273,0.7635252,0.86555
1.797802,18,5,0.2291377,0.0797355,0.4810478,0.264,0.08006399,0.4825341,18,0,0.03489552,2.5,0,0,0,0,0.8821273,0.7635252,0.86555
1.800117,18,5,0.2291377,0.0797355,0.4810478,0.264,0.08006399,0.4825341,18,0,0.03489552,2.5,0,0,0,0,0.8821273,0.7635252,0.86555
1.803768,18,5,0.2291377,0.0797355,0.4810478,0.264,0.08006399,0.4825341,18,0,0.03489552,2.5,0,0,0,0,0.8821273,0.7635252,0.86555
1.806606,18,5,0.2291377,0.0797355,0.4810478,0.264,0.08006399,0.4825341,18,0,0.03489552,2.5,0,0,0,0,0.8821273,0.7635252,0.86555
1.808933,18,5,0.2291377,0.0797355,0.4810478,0.264,0.08006399,0.4825341,18,0,0.03489552,2.5,0,0,0,0,0.8821273,0.7635252,0.86555
1.811169,18,5,0.2291377,0.0797355,0.4810478,0.264,0.08006399,0.4825341,18,0,0.03489552,2.5,0,0,0,0,0.8821273,0.7635252,0.86555
1.813538,18,5,0.2291377,0.0797355,0.4810478,0.264,0.08006399,0.4825341,18,0,0.03489552,2.5,0,0,0,0,0.8821273,0.7635252,0.86555
1.81591,18,5,0.2291377,0.0797355,0.4810478,0.264,0.08006399,0.4825341,18,0,0.03489552,2.5,0,0,0,0,0.8821273,0.7635252,0.86555
1.818348,18,5,0.2291377,0.0797355,0.4810478,0.264,0.08006399,0.4825341,18,0,0.03489552,2.5,0,0,0,0,0.8821273,0.7635252,0.86555
1.821991,18,5,0.2291377,0.0797355,0.4810478,0.264,0.08006399,0.4825341,18,0,0.03489552,2.5,0,0,0,0,0.8821273,0.7635252,0.86555
1.824661,18,5,0.2291377,0.0797355,0.4810478,0.264,0.08006399,0.4825341,18,0,0.03489552,2.5,0,0,0,0,0.8821273,0.7635252,0.86555
1.827301,18,5,0.2291377,0.0797355,0.4810478,0.264,0.08006399,0.4825341,18,0,0.03489552,2.5,0,0,0,0,0.8821273,0.7635252,0.86555
1.829605,18,5,0.2291377,0.0797355,0.4810478,0.264,0.08006399,0.4825341,18,0,0.03489552,2.5,0,0,0,0,0.8821273,0.7635252,0.86555
1.831882,18,5,0.2291377,0.0797355,0.4810478,0.264,0.08006399,0.4825341,18,0,0.03489552,2.5,0,0,0,0,0.8821273,0.7635252,0.86555
1.834103,18,5,0.2291377,0.0797355,0.4810478,0.264,0.08006399,0.4825341,18,0,0.03489552,2.5,0,0,0,0,0.8821273,0.7635252,0.86555
1.837471,18,5,0.2291377,0.0797355,0.4810478,0.264,0.08006399,0.4825341,18,0,0.03489552,2.5,0,0,0,0,0.8821273,0.7635252,0.86555
1.839874,18,5,0.2291377,0.0797355,0.4810478,0.264,0.08006399,0.4825341,18,0,0.03489552,2.5,0,0,0,0,0.8821273,0.7635252,0.86555
1.842197,18,5,0.2291377,0.0797355,0.4810478,0.264,0.08006399,0.4825341,18,0,0.03489552,2.5,0,0,0,0,0.8821273,0.7635252,0.86555
1.845024,18,5,0.2291377,0.0797355,0.4810478,0.264,0.08006399,0.4825341,18,0,0.03489552,2.5,0,0,0,0,0.8821273,0.7635252,0.86555
1.847599,18,5,0.2291377,0.0797355,0.4810478,0.264,0.08006399,0.4825341,18,0,0.03489552,2.5,0,0,0,0,0.8821273,0.7635252,0.86555
1.849884,18,5,0.2291377,0.0797355,0.4810478,0.264,0.08006399,0.4825341,18,0,0.03489552,2.5,0,0,0,0,0.8821273,0.7635252,0.86555
1.854603,18,5,0.2291377,0.0797355,0.4810478,0.264,0.08006399,0.4825341,18,0,0.03489552,2.5,0,0,0,0,0.8821273,0.7635252,0.86555
1.861275,18,5,0.2291377,0.0797355,0.4810478,0.264,0.07597173,0.4834273,18.3,0,0.03514554,2.649994,44.98212,0,0,0,0.8863159,0.7635252,0.8614595
1.864098,18,5,0.2291377,0.0797355,0.4810478,0.264,0.07597173,0.4834273,18.3,0,0.03514554,2.649994,0,0,0,0,0.8863159,0.7635252,0.8614595
1.867245,18,5,0.2291377,0.0797355,0.4810478,0.264,0.07597173,0.4834273,18.3,0,0.03514554,2.649994,0,0,0,0,0.8863159,0.7635252,0.8614595
1.870247,18,5,0.2291377,0.0797355,0.4810478,0.264,0.07597173,0.4834273,18.3,0,0.03514554,2.649994,0,0,0,0,0.8863159,0.7635252,0.8614595
1.872662,18,5,0.2291377,0.0797355,0.4810478,0.264,0.07597173,0.4834273,18.3,0,0.03514554,2.649994,0,0,0,0,0.8863159,0.7635252,0.8614595
1.884617,18,5,0.2291377,0.0797355,0.4810478,0.264,0.07597173,0.4834273,18.3,0,0.03514554,2.649994,0,0,0,0,0.8863159,0.7635252,0.8614595
1.895115,18,5,0.2291377,0.0797355,0.4810478,0.264,0.07597173,0.4834273,18.3,0,0.03514554,2.649994,0,0,0,0,0.8863159,0.7635252,0.8614595
1.897915,18,5,0.2291377,0.0797355,0.4810478,0.264,0.07597173,0.4834273,18.3,0,0.03514554,2.649994,0,0,0,0,0.8863159,0.7635252,0.8614595
1.901688,18,5,0.2291377,0.0797355,0.4810478,0.264,0.07597173,0.4834273,18.3,0,0.03514554,2.649994,0,0,0,0,0.8863159,0.7635252,0.8614595
1.905102,18,5,0.2291377,0.0797355,0.4810478,0.264,0.07597173,0.4834273,18.3,0,0.03514554,2.649994,0,0,0,0,0.8863159,0.7635252,0.8614595
1.908718,18,5,0.2291377,0.0797355,0.4810478,0.264,0.07597173,0.4834273,18.3,0,0.03514554,2.649994,0,0,0,0,0.8863159,0.7635252,0.8614595
1.911686,18,5,0.2291377,0.0797355,0.4810478,0.264,0.07597173,0.4834273,18.3,0,0.03514554,2.649994,0,0,0,0,0.8863159,0.7635252,0.8614595
1.914528,18,5,0.2291377,0.0797355,0.4810478,0.264,0.07597173,0.4834273,18.3,0,0.03514554,2.649994,0,0,0,0,0.8863159,0.7635252,0.8614595
1.917164,18,5,0.2291377,0.0797355,0.4810478,0.264,0.07597173,0.4834273,18.3,0,0.03514554,2.649994,0,0,0,0,0.8863159,0.7635252,0.8614595
1.920467,18,5,0.2291377,0.0797355,0.4810478,0.264,0.07597173,0.4834273,18.3,0,0.03514554,2.649994,0,0,0,0,0.8863159,0.7635252,0.8614595
1.922981,18,5,0.2291377,0.0797355,0.4810478,0.264,0.07597173,0.4834273,18.3,0,0.03514554,2.649994,0,0,0,0,0.8863159,0.7635252,0.8614595
1.925671,18,5,0.2291377,0.0797355,0.4810478,0.264,0.07597173,0.4834273,18.3,0,0.03514554,2.649994,0,0,0,0,0.8863159,0.7635252,0.8614595
1.928017,18,5,0.2291377,0.0797355,0.4810478,0.264,0.07597173,0.4834273,18.3,0,0.03514554,2.649994,0,0,0,0,0.8863159,0.7635252,0.8614595
1.931217,18,5,0.2291377,0.0797355,0.4810478,0.264,0.07597173,0.4834273,18.3,0,0.03514554,2.649994,0,0,0,0,0.8863159,0.7635252,0.8614595
1.935051,18,5,0.2291377,0.0797355,0.4810478,0.264,0.07597173,0.4834273,18.3,0,0.03514554,2.649994,0,0,0,0,0.8863159,0.7635252,0.8614595
1.938393,18,5,0.2291377,0.0797355,0.4810478,0.264,0.07597173,0.4834273,18.3,0,0.03514554,2.649994,0,0,0,0,0.8863159,0.7635252,0.8614595
1.94091,18,5,0.2291377,0.0797355,0.4810478,0.264,0.07597173,0.4834273,18.3,0,0.03514554,2.649994,0,0,0,0,0.8863159,0.7635252,0.8614595
1.943615,18,5,0.2291377,0.0797355,0.4810478,0.264,0.07597173,0.4834273,18.3,0,0.03514554,2.649994,0,0,0,0,0.8863159,0.7635252,0.8614595
1.946529,18,5,0.2291377,0.0797355,0.4810478,0.264,0.07597173,0.4834273,18.3,0,0.03514554,2.649994,0,0,0,0,0.8863159,0.7635252,0.8614595
1.949867,18,5,0.2291377,0.0797355,0.4810478,0.264,0.07597173,0.4834273,18.3,0,0.03514554,2.649994,0,0,0,0,0.8863159,0.7635252,0.8614595
1.95401,18,5,0.2291377,0.0797355,0.4810478,0.264,0.07597173,0.4834273,18.3,0,0.03514554,2.649994,0,0,0,0,0.8863159,0.7635252,0.8614595
1.957928,18,5,0.2291377,0.0797355,0.4810478,0.264,0.07597173,0.4834273,18.3,0,0.03514554,2.649994,0,0,0,0,0.8863159,0.7635252,0.8614595
1.960575,18,5,0.2291377,0.0797355,0.4810478,0.264,0.07597173,0.4834273,18.3,0,0.03514554,2.649994,0,0,0,0,0.8863159,0.7635252,0.8614595
1.96352,18,5,0.2291377,0.0797355,0.4810478,0.264,0.07597173,0.4834273,18.3,0,0.03514554,2.649994,0,0,0,0,0.8863159,0.7635252,0.8614595
1.966885,18,5,0.2291377,0.0797355,0.4810478,0.264,0.07597173,0.4834273,18.3,0,0.03514554,2.649994,0,0,0,0,0.8863159,0.7635252,0.8614595
1.97068,18,5,0.2291377,0.0797355,0.4810478,0.264,0.07597173,0.4834273,18.3,0,0.03514554,2.649994,0,0,0,0,0.8863159,0.7635252,0.8614595
1.973862,18,5,0.2291377,0.0797355,0.4810478,0.264,0.07597173,0.4834273,18.3,0,0.03514554,2.649994,0,0,0,0,0.8863159,0.7635252,0.8614595
1.977158,18,5,0.2291377,0.0797355,0.4810478,0.264,0.07597173,0.4834273,18.3,0,0.03514554,2.649994,0,0,0,0,0.8863159,0.7635252,0.8614595
1.980297,18,5,0.2291377,0.0797355,0.4810478,0.264,0.07597173,0.4834273,18.3,0,0.03514554,2.649994,0,0,0,0,0.8863159,0.7635252,0.8614595
1.983856,18,5,0.2291377,0.0797355,0.4810478,0.264,0.07597173,0.4834273,18.3,0,0.03514554,2.649994,0,0,0,0,0.8863159,0.7635252,0.8614595
1.98772,18,5,0.2291377,0.0797355,0.4810478,0.264,0.07597173,0.4834273,18.3,0,0.03514554,2.649994,0,0,0,0,0.8863159,0.7635252,0.8614595
1.991932,18,5,0.2291377,0.0797355,0.4810478,0.264,0.07597173,0.4834273,18.3,0,0.03514554,2.649994,0,0,0,0,0.8863159,0.7635252,0.8614595
1.995571,18,5,0.2291377,0.0797355,0.4810478,0.264,0.07597173,0.4834273,18.3,0,0.03514554,2.649994,0,0,0,0,0.8863159,0.7635252,0.8614595
1.999496,18,5,0.2291377,0.0797355,0.4810478,0.264,0.07597173,0.4834273,18.3,0,0.03514554,2.649994,0,0,0,0,0.8863159,0.7635252,0.8614595
2.003315,18,5,0.2291377,0.0797355,0.4810478,0.264,0.07597173,0.4834273,18.3,0,0.03514554,2.649994,0,0,0,0,0.8863159,0.7635252,0.8614595
2.006859,18,5,0.2291377,0.0797355,0.4810478,0.264,0.07597173,0.4834273,18.3,0,0.03514554,2.649994,0,0,0,0,0.8863159,0.7635252,0.8614595
2.010201,18,5,0.2291377,0.0797355,0.4810478,0.264,0.07597173,0.4834273,18.3,0,0.03514554,2.649994,0,0,0,0,0.8863159,0.7635252,0.8614595
2.013466,18,5,0.2291377,0.0797355,0.4810478,0.264,0.07597173,0.4834273,18.3,0,0.03514554,2.649994,0,0,0,0,0.8863159,0.7635252,0.8614595
2.016125,18,5,0.2291377,0.0797355,0.4810478,0.264,0.07597173,0.4834273,18.3,0,0.03514554,2.649994,0,0,0,0,0.8863159,0.7635252,0.8614595
2.01944,18,5,0.2291377,0.0797355,0.4810478,0.264,0.07597173,0.4834273,18.3,0,0.03514554,2.649994,0,0,0,0,0.8863159,0.7635252,0.8614595
2.02206,18,5,0.2291377,0.0797355,0.4810478,0.264,0.07597173,0.4834273,18.3,0,0.03514554,2.649994,0,0,0,0,0.8863159,0.7635252,0.8614595
2.024864,18,5,0.2291377,0.0797355,0.4810478,0.264,0.07597173,0.4834273,18.3,0,0.03514554,2.649994,0,0,0,0,0.8863159,0.7635252,0.8614595
2.027248,18,5,0.2291377,0.0797355,0.4810478,0.264,0.07597173,0.4834273,18.3,0,0.03514554,2.649994,0,0,0,0,0.8863159,0.7635252,0.8614595
2.029831,18,5,0.2291377,0.0797355,0.4810478,0.264,0.07597173,0.4834273,18.3,0,0.03514554,2.649994,0,0,0,0,0.8863159,0.7635252,0.8614595
2.033455,18,5,0.2291377,0.0797355,0.4810478,0.264,0.07597173,0.4834273,18.3,0,0.03514554,2.649994,0,0,0,0,0.8863159,0.7635252,0.8614595
2.036427,18,5,0.2291377,0.0797355,0.4810478,0.264,0.07597173,0.4834273,18.3,0,0.03514554,2.649994,0,0,0,0,0.8863159,0.7635252,0.8614595
2.0392,18,5,0.2291377,0.0797355,0.4810478,0.264,0.07597173,0.4834273,18.3,0,0.03514554,2.649994,0,0,0,0,0.8863159,0.7635252,0.8614595
2.041981,18,5,0.2291377,0.0797355,0.4810478,0.264,0.07597173,0.4834273,18.3,0,0.03514554,2.649994,0,0,0,0,0.8863159,0.7635252,0.8614595
2.044525,18,5,0.2291377,0.0797355,0.4810478,0.264,0.07597173,0.4834273,18.3,0,0.03514554,2.649994,0,0,0,0,0.8863159,0.7635252,0.8614595
2.046616,18,5,0.2291377,0.0797355,0.4810478,0.264,0.07597173,0.4834273,18.3,0,0.03514554,2.649994,0,0,0,0,0.8863159,0.7635252,0.8614595
2.048672,18,5,0.2291377,0.0797355,0.4810478,0.264,0.07597173,0.4834273,18.3,0,0.03514554,2.649994,0,0,0,0,0.8863159,0.7635252,0.8614595
2.050797,18,5,0.2291377,0.0797355,0.4810478,0.264,0.07597173,0.4834273,18.3,0,0.03514554,2.649994,0,0,0,0,0.8863159,0.7635252,0.8614595
2.055092,18,5,0.2291377,0.0797355,0.4810478,0.264,0.07597173,0.4834273,18.3,0,0.03514554,2.649994,0,0,0,0,0.8863159,0.7635252,0.8614595
2.057354,18,5,0.2291377,0.0797355,0.4810478,0.264,0.07597173,0.4834273,18.3,0,0.03514554,2.649994,0,0,0,0,0.8863159,0.7635252,0.8614595
2.059753,18,5,0.2291377,0.0797355,0.4810478,0.264,0.07597173,0.4834273,18.3,0,0.03514554,2.649994,0,0,0,0,0.8863159,0.7635252,0.8614595
2.062065,18,5,0.2291377,0.0797355,0.4810478,0.264,0.07597173,0.4834273,18.3,0,0.03514554,2.649994,0,0,0,0,0.8863159,0.7635252,0.8614595
2.064758,18,5,0.2291377,0.0797355,0.4810478,0.264,0.07597173,0.4834273,18.3,0,0.03514554,2.649994,0,0,0,0,0.8863159,0.7635252,0.8614595
2.067562,18,5,0.2291377,0.0797355,0.4810478,0.264,0.07597173,0.4834273,18.3,0,0.03514554,2.649994,0,0,0,0,0.8863159,0.7635252,0.8614595
2.070576,18,5,0.2291377,0.0797355,0.4810478,0.264,0.07597173,0.4834273,18.3,0,0.03514554,2.649994,0,0,0,0,0.8863159,0.7635252,0.8614595
2.073067,18,5,0.2291377,0.0797355,0.4810478,0.264,0.07597173,0.4834273,18.3,0,0.03514554,2.649994,0,0,0,0,0.8863159,0.7635252,0.8614595
2.075489,18,5,0.2291377,0.0797355,0.4810478,0.264,0.07597173,0.4834273,18.3,0,0.03514554,2.649994,0,0,0,0,0.8863159,0.7635252,0.8614595
2.077824,18,5,0.2291377,0.0797355,0.4810478,0.264,0.07597173,0.4834273,18.3,0,0.03514554,2.649994,0,0,0,0,0.8863159,0.7635252,0.8614595
2.08007,18,5,0.2291377,0.0797355,0.4810478,0.264,0.07597173,0.4834273,18.3,0,0.03514554,2.649994,0,0,0,0,0.8863159,0.7635252,0.8614595
2.082233,18,5,0.2291377,0.0797355,0.4810478,0.264,0.07597173,0.4834273,18.3,0,0.03514554,2.649994,0,0,0,0,0.8863159,0.7635252,0.8614595
2.08567,18,5,0.2291377,0.0797355,0.4810478,0.264,0.07597173,0.4834273,18.3,0,0.03514554,2.649994,0,0,0,0,0.8863159,0.7635252,0.8614595
2.08836,18,5,0.2291377,0.0797355,0.4810478,0.264,0.07597173,0.4834273,18.3,0,0.03514554,2.649994,0,0,0,0,0.8863159,0.7635252,0.8614595
2.090839,18,5,0.2291377,0.0797355,0.4810478,0.264,0.07597173,0.4834273,18.3,0,0.03514554,2.649994,0,0,0,0,0.8863159,0.7635252,0.8614595
2.093262,18,5,0.2291377,0.0797355,0.4810478,0.264,0.07597173,0.4834273,18.3,0,0.03514554,2.649994,0,0,0,0,0.8863159,0.7635252,0.8614595
2.095589,18,5,0.2291377,0.0797355,0.4810478,0.264,0.07597173,0.4834273,18.3,0,0.03514554,2.649994,0,0,0,0,0.8863159,0.7635252,0.8614595
2.097786,18,5,0.2291377,0.0797355,0.4810478,0.264,0.07597173,0.4834273,18.3,0,0.03514554,2.649994,0,0,0,0,0.8863159,0.7635252,0.8614595
2.100067,18,5,0.2291377,0.0797355,0.4810478,0.264,0.07597173,0.4834273,18.3,0,0.03514554,2.649994,0,0,0,0,0.8863159,0.7635252,0.8614595
2.10323,18,5,0.2291377,0.0797355,0.4810478,0.264,0.07597173,0.4834273,18.3,0,0.03514554,2.649994,0,0,0,0,0.8863159,0.7635252,0.8614595
2.106361,18,5,0.2291377,0.0797355,0.4810478,0.264,0.07597173,0.4834273,18.3,0,0.03514554,2.649994,0,0,0,0,0.8863159,0.7635252,0.8614595
2.108624,18,5,0.2291377,0.0797355,0.4810478,0.264,0.07597173,0.4834273,18.3,0,0.03514554,2.649994,0,0,0,0,0.8863159,0.7635252,0.8614595
2.110943,18,5,0.2291377,0.0797355,0.4810478,0.264,0.07597173,0.4834273,18.3,0,0.03514554,2.649994,0,0,0,0,0.8863159,0.7635252,0.8614595
2.113678,18,5,0.2291377,0.0797355,0.4810478,0.264,0.07597173,0.4834273,18.3,0,0.03514554,2.649994,0,0,0,0,0.8863159,0.7635252,0.8614595
2.11647,18,5,0.2291377,0.0797355,0.4810478,0.264,0.07597173,0.4834273,18.3,0,0.03514554,2.649994,0,0,0,0,0.8863159,0.7635252,0.8614595
2.118778,18,5,0.2291377,0.0797355,0.4810478,0.264,0.07597173,0.4834273,18.3,0,0.03514554,2.649994,0,0,0,0,0.8863159,0.7635252,0.8614595
2.120941,18,5,0.2291377,0.0797355,0.4810478,0.264,0.07597173,0.4834273,18.3,0,0.03514554,2.649994,0,0,0,0,0.8863159,0.7635252,0.8614595
2.12307,18,5,0.2291377,0.0797355,0.4810478,0.264,0.07597173,0.4834273,18.3,0,0.03514554,2.649994,0,0,0,0,0.8863159,0.7635252,0.8614595
2.125675,18,5,0.2291377,0.0797355,0.4810478,0.264,0.07597173,0.4834273,18.3,0,0.03514554,2.649994,0,0,0,0,0.8863159,0.7635252,0.8614595
2.127949,18,5,0.2291377,0.0797355,0.4810478,0.264,0.07597173,0.4834273,18.3,0,0.03514554,2.649994,0,0,0,0,0.8863159,0.7635252,0.8614595
2.130257,18,5,0.2291377,0.0797355,0.4810478,0.264,0.07597173,0.4834273,18.3,0,0.03514554,2.649994,0,0,0,0,0.8863159,0.7635252,0.8614595
2.13269,18,5,0.2291377,0.0797355,0.4810478,0.264,0.07597173,0.4834273,18.3,0,0.03514554,2.649994,0,0,0,0,0.8863159,0.7635252,0.8614595
2.1353,18,5,0.2291377,0.0797355,0.4810478,0.264,0.07597173,0.4834273,18.3,0,0.03514554,2.649994,0,0,0,0,0.8863159,0.7635252,0.8614595
2.137745,18,5,0.2291377,0.0797355,0.4810478,0.264,0.07597173,0.4834273,18.3,0,0.03514554,2.649994,0,0,0,0,0.8863159,0.7635252,0.8614595
2.140228,18,5,0.2291377,0.0797355,0.4810478,0.264,0.07597173,0.4834273,18.3,0,0.03514554,2.649994,0,0,0,0,0.8863159,0.7635252,0.8614595
2.143055,18,5,0.2291377,0.0797355,0.4810478,0.264,0.07597173,0.4834273,18.3,0,0.03514554,2.649994,0,0,0,0,0.8863159,0.7635252,0.8614595
2.145897,18,5,0.2291377,0.0797355,0.4810478,0.264,0.07597173,0.4834273,18.3,0,0.03514554,2.649994,0,0,0,0,0.8863159,0.7635252,0.8614595
2.148746,18,5,0.2291377,0.0797355,0.4810478,0.264,0.07597173,0.4834273,18.3,0,0.03514554,2.649994,0,0,0,0,0.8863159,0.7635252,0.8614595
2.151505,18,5,0.2291377,0.0797355,0.4810478,0.264,0.07597173,0.4834273,18.3,0,0.03514554,2.649994,0,0,0,0,0.8863159,0.7635252,0.8614595
2.153809,18,5,0.2291377,0.0797355,0.4810478,0.264,0.07597173,0.4834273,18.3,0,0.03514554,2.649994,0,0,0,0,0.8863159,0.7635252,0.8614595
2.156025,18,5,0.2291377,0.0797355,0.4810478,0.264,0.07597173,0.4834273,18.3,0,0.03514554,2.649994,0,0,0,0,0.8863159,0.7635252,0.8614595
2.158195,18,5,0.2291377,0.0797355,0.4810478,0.264,0.07597173,0.4834273,18.3,0,0.03514554,2.649994,0,0,0,0,0.8863159,0.7635252,0.8614595
2.160252,18,5,0.2291377,0.0797355,0.4810478,0.264,0.07597173,0.4834273,18.3,0,0.03514554,2.649994,0,0,0,0,0.8863159,0.7635252,0.8614595
2.162788,18,5,0.2291377,0.0797355,0.4810478,0.264,0.07597173,0.4834273,18.3,0,0.03514554,2.649994,0,0,0,0,0.8863159,0.7635252,0.8614595
2.165417,18,5,0.2291377,0.0797355,0.4810478,0.264,0.07597173,0.4834273,18.3,0,0.03514554,2.649994,0,0,0,0,0.8863159,0.7635252,0.8614595
2.167625,18,5,0.2291377,0.0797355,0.4810478,0.264,0.07597173,0.4834273,18.3,0,0.03514554,2.649994,0,0,0,0,0.8863159,0.7635252,0.8614595
2.170403,18,5,0.2291377,0.0797355,0.4810478,0.264,0.07597173,0.4834273,18.3,0,0.03514554,2.649994,0,0,0,0,0.8863159,0.7635252,0.8614595
2.172653,18,5,0.2291377,0.0797355,0.4810478,0.264,0.07597173,0.4834273,18.3,0,0.03514554,2.649994,0,0,0,0,0.8863159,0.7635252,0.8614595
2.174988,18,5,0.2291377,0.0797355,0.4810478,0.264,0.07597173,0.4834273,18.3,0,0.03514554,2.649994,0,0,0,0,0.8863159,0.7635252,0.8614595
2.177181,18,5,0.2291377,0.0797355,0.4810478,0.264,0.07597173,0.4834273,18.3,0,0.03514554,2.649994,0,0,0,0,0.8863159,0.7635252,0.8614595
2.179535,18,5,0.2291377,0.0797355,0.4810478,0.264,0.07597173,0.4834273,18.3,0,0.03514554,2.649994,0,0,0,0,0.8863159,0.7635252,0.8614595
2.181698,18,5,0.2291377,0.0797355,0.4810478,0.264,0.07597173,0.4834273,18.3,0,0.03514554,2.649994,0,0,0,0,0.8863159,0.7635252,0.8614595
2.18383,18,5,0.2291377,0.0797355,0.4810478,0.264,0.07597173,0.4834273,18.3,0,0.03514554,2.649994,0,0,0,0,0.8863159,0.7635252,0.8614595
2.187199,18,5,0.2291377,0.0797355,0.4810478,0.264,0.07597173,0.4834273,18.3,0,0.03514554,2.649994,0,0,0,0,0.8863159,0.7635252,0.8614595
2.189392,18,5,0.2291377,0.0797355,0.4810478,0.264,0.07597173,0.4834273,18.3,0,0.03514554,2.649994,0,0,0,0,0.8863159,0.7635252,0.8614595
2.191605,18,5,0.2291377,0.0797355,0.4810478,0.264,0.07597173,0.4834273,18.3,0,0.03514554,2.649994,0,0,0,0,0.8863159,0.7635252,0.8614595
2.193874,18,5,0.2291377,0.0797355,0.4810478,0.264,0.07597173,0.4834273,18.3,0,0.03514554,2.649994,0,0,0,0,0.8863159,0.7635252,0.8614595
2.196667,18,5,0.2291377,0.0797355,0.4810478,0.264,0.07597173,0.4834273,18.3,0,0.03514554,2.649994,0,0,0,0,0.8863159,0.7635252,0.8614595
2.199356,18,5,0.2291377,0.0797355,0.4810478,0.264,0.07597173,0.4834273,18.3,0,0.03514554,2.649994,0,0,0,0,0.8863159,0.7635252,0.8614595
2.202118,18,5,0.2291377,0.0797355,0.4810478,0.264,0.07597173,0.4834273,18.3,0,0.03514554,2.649994,0,0,0,0,0.8863159,0.7635252,0.8614595
2.204895,18,5,0.2291377,0.0797355,0.4810478,0.264,0.07597173,0.4834273,18.3,0,0.03514554,2.649994,0,0,0,0,0.8863159,0.7635252,0.8614595
2.207039,18,5,0.2291377,0.0797355,0.4810478,0.264,0.07597173,0.4834273,18.3,0,0.03514554,2.649994,0,0,0,0,0.8863159,0.7635252,0.8614595
2.209194,18,5,0.2291377,0.0797355,0.4810478,0.264,0.07597173,0.4834273,18.3,0,0.03514554,2.649994,0,0,0,0,0.8863159,0.7635252,0.8614595
2.211735,18,5,0.2291377,0.0797355,0.4810478,0.264,0.07597173,0.4834273,18.3,0,0.03514554,2.649994,0,0,0,0,0.8863159,0.7635252,0.8614595
2.214134,18,5,0.2291377,0.0797355,0.4810478,0.264,0.07597173,0.4834273,18.3,0,0.03514554,2.649994,0,0,0,0,0.8863159,0.7635252,0.8614595
2.216461,18,5,0.2291377,0.0797355,0.4810478,0.264,0.07597173,0.4834273,18.3,0,0.03514554,2.649994,0,0,0,0,0.8863159,0.7635252,0.8614595
2.218937,18,5,0.2291377,0.0797355,0.4810478,0.264,0.07597173,0.4834273,18.3,0,0.03514554,2.649994,0,0,0,0,0.8863159,0.7635252,0.8614595
2.221424,18,5,0.2291377,0.0797355,0.4810478,0.264,0.07597173,0.4834273,18.3,0,0.03514554,2.649994,0,0,0,0,0.8863159,0.7635252,0.8614595
2.223763,18,5,0.2291377,0.0797355,0.4810478,0.264,0.07597173,0.4834273,18.3,0,0.03514554,2.649994,0,0,0,0,0.8863159,0.7635252,0.8614595
2.2267,18,5,0.2291377,0.0797355,0.4810478,0.264,0.07597173,0.4834273,18.3,0,0.03514554,2.649994,0,0,0,0,0.8863159,0.7635252,0.8614595
2.228939,18,5,0.2291377,0.0797355,0.4810478,0.264,0.07597173,0.4834273,18.3,0,0.03514554,2.649994,0,0,0,0,0.8863159,0.7635252,0.8614595
2.231071,18,5,0.2291377,0.0797355,0.4810478,0.264,0.07597173,0.4834273,18.3,0,0.03514554,2.649994,0,0,0,0,0.8863159,0.7635252,0.8614595
2.233349,18,5,0.2291377,0.0797355,0.4810478,0.264,0.07597173,0.4834273,18.3,0,0.03514554,2.649994,0,0,0,0,0.8863159,0.7635252,0.8614595
2.236115,18,5,0.2291377,0.0797355,0.4810478,0.264,0.07597173,0.4834273,18.3,0,0.03514554,2.649994,0,0,0,0,0.8863159,0.7635252,0.8614595
2.239117,18,5,0.2291377,0.0797355,0.4810478,0.264,0.07597173,0.4834273,18.3,0,0.03514554,2.649994,0,0,0,0,0.8863159,0.7635252,0.8614595
2.241856,18,5,0.2291377,0.0797355,0.4810478,0.264,0.07597173,0.4834273,18.3,0,0.03514554,2.649994,0,0,0,0,0.8863159,0.7635252,0.8614595
2.24472,18,5,0.2291377,0.0797355,0.4810478,0.264,0.07597173,0.4834273,18.3,0,0.03514554,2.649994,0,0,0,0,0.8863159,0.7635252,0.8614595
2.24744,18,5,0.2291377,0.0797355,0.4810478,0.264,0.07597173,0.4834273,18.3,0,0.03514554,2.649994,0,0,0,0,0.8863159,0.7635252,0.8614595
2.249828,18,5,0.2291377,0.0797355,0.4810478,0.264,0.07597173,0.4834273,18.3,0,0.03514554,2.649994,0,0,0,0,0.8863159,0.7635252,0.8614595
2.252625,18,5,0.2291377,0.0797355,0.4810478,0.264,0.07597173,0.4834273,18.3,0,0.03514554,2.649994,0,0,0,0,0.8863159,0.7635252,0.8614595
2.255001,18,5,0.2291377,0.0797355,0.4810478,0.264,0.07597173,0.4834273,18.3,0,0.03514554,2.649994,0,0,0,0,0.8863159,0.7635252,0.8614595
2.257641,18,5,0.2291377,0.0797355,0.4810478,0.264,0.07597173,0.4834273,18.3,0,0.03514554,2.649994,0,0,0,0,0.8863159,0.7635252,0.8614595
2.260021,18,5,0.2291377,0.0797355,0.4810478,0.264,0.07597173,0.4834273,18.3,0,0.03514554,2.649994,0,0,0,0,0.8863159,0.7635252,0.8614595
2.262367,18,5,0.2291377,0.0797355,0.4810478,0.264,0.07597173,0.4834273,18.3,0,0.03514554,2.649994,0,0,0,0,0.8863159,0.7635252,0.8614595
2.26506,18,5,0.2291377,0.0797355,0.4810478,0.264,0.07597173,0.4834273,18.3,0,0.03514554,2.649994,0,0,0,0,0.8863159,0.7635252,0.8614595
2.267223,18,5,0.2291377,0.0797355,0.4810478,0.264,0.07597173,0.4834273,18.3,0,0.03514554,2.649994,0,0,0,0,0.8863159,0.7635252,0.8614595
2.270096,18,5,0.2291377,0.0797355,0.4810478,0.264,0.07597173,0.4834273,18.3,0,0.03514554,2.649994,0,0,0,0,0.8863159,0.7635252,0.8614595
2.27261,18,5,0.2291377,0.0797355,0.4810478,0.264,0.07597173,0.4834273,18.3,0,0.03514554,2.649994,0,0,0,0,0.8863159,0.7635252,0.8614595
2.274796,18,5,0.2291377,0.0797355,0.4810478,0.264,0.07597173,0.4834273,18.3,0,0.03514554,2.649994,0,0,0,0,0.8863159,0.7635252,0.8614595
2.276951,18,5,0.2291377,0.0797355,0.4810478,0.264,0.07597173,0.4834273,18.3,0,0.03514554,2.649994,0,0,0,0,0.8863159,0.7635252,0.8614595
2.279224,18,5,0.2291377,0.0797355,0.4810478,0.264,0.07597173,0.4834273,18.3,0,0.03514554,2.649994,0,0,0,0,0.8863159,0.7635252,0.8614595
2.281563,18,5,0.2291377,0.0797355,0.4810478,0.264,0.07597173,0.4834273,18.3,0,0.03514554,2.649994,0,0,0,0,0.8863159,0.7635252,0.8614595
2.283726,18,5,0.2291377,0.0797355,0.4810478,0.264,0.07597173,0.4834273,18.3,0,0.03514554,2.649994,0,0,0,0,0.8863159,0.7635252,0.8614595
2.286823,18,5,0.2291377,0.0797355,0.4810478,0.264,0.07597173,0.4834273,18.3,0,0.03514554,2.649994,0,0,0,0,0.8863159,0.7635252,0.8614595
2.28923,18,5,0.2291377,0.0797355,0.4810478,0.264,0.07597173,0.4834273,18.3,0,0.03514554,2.649994,0,0,0,0,0.8863159,0.7635252,0.8614595
2.291466,18,5,0.2291377,0.0797355,0.4810478,0.264,0.07597173,0.4834273,18.3,0,0.03514554,2.649994,0,0,0,0,0.8863159,0.7635252,0.8614595
2.293797,18,5,0.2291377,0.0797355,0.4810478,0.264,0.07597173,0.4834273,18.3,0,0.03514554,2.649994,0,0,0,0,0.8863159,0.7635252,0.8614595
2.296036,18,5,0.2291377,0.0797355,0.4810478,0.264,0.07597173,0.4834273,18.3,0,0.03514554,2.649994,0,0,0,0,0.8863159,0.7635252,0.8614595
2.298153,18,5,0.2291377,0.0797355,0.4810478,0.264,0.07597173,0.4834273,18.3,0,0.03514554,2.649994,0,0,0,0,0.8863159,0.7635252,0.8614595
2.300457,18,5,0.2291377,0.0797355,0.4810478,0.264,0.07597173,0.4834273,18.3,0,0.03514554,2.649994,0,0,0,0,0.8863159,0.7635252,0.8614595
2.303257,18,5,0.2291377,0.0797355,0.4810478,0.264,0.07597173,0.4834273,18.3,0,0.03514554,2.649994,0,0,0,0,0.8863159,0.7635252,0.8614595
2.306046,18,5,0.2291377,0.0797355,0.4810478,0.264,0.07597173,0.4834273,18.3,0,0.03514554,2.649994,0,0,0,0,0.8863159,0.7635252,0.8614595
2.308357,18,5,0.2291377,0.0797355,0.4810478,0.264,0.07597173,0.4834273,18.3,0,0.03514554,2.649994,0,0,0,0,0.8863159,0.7635252,0.8614595
2.310654,18,5,0.2291377,0.0797355,0.4810478,0.264,0.07597173,0.4834273,18.3,0,0.03514554,2.649994,0,0,0,0,0.8863159,0.7635252,0.8614595
2.312916,18,5,0.2291377,0.0797355,0.4810478,0.264,0.07597173,0.4834273,18.3,0,0.03514554,2.649994,0,0,0,0,0.8863159,0.7635252,0.8614595
2.315315,18,5,0.2291377,0.0797355,0.4810478,0.264,0.07597173,0.4834273,18.3,0,0.03514554,2.649994,0,0,0,0,0.8863159,0.7635252,0.8614595
2.318108,18,5,0.2291377,0.0797355,0.4810478,0.264,0.07597173,0.4834273,18.3,0,0.03514554,2.649994,0,0,0,0,0.8863159,0.7635252,0.8614595
2.321121,18,5,0.2291377,0.0797355,0.4810478,0.264,0.07597173,0.4834273,18.3,0,0.03514554,2.649994,0,0,0,0,0.8863159,0.7635252,0.8614595
2.323608,18,5,0.2291377,0.0797355,0.4810478,0.264,0.07597173,0.4834273,18.3,0,0.03514554,2.649994,0,0,0,0,0.8863159,0.7635252,0.8614595
2.326542,18,5,0.2291377,0.0797355,0.4810478,0.264,0.07597173,0.4834273,18.3,0,0.03514554,2.649994,0,0,0,0,0.8863159,0.7635252,0.8614595
2.328808,18,5,0.2291377,0.0797355,0.4810478,0.264,0.07597173,0.4834273,18.3,0,0.03514554,2.649994,0,0,0,0,0.8863159,0.7635252,0.8614595
2.331059,18,5,0.2291377,0.0797355,0.4810478,0.264,0.07597173,0.4834273,18.3,0,0.03514554,2.649994,0,0,0,0,0.8863159,0.7635252,0.8614595
2.333282,18,5,0.2291377,0.0797355,0.4810478,0.264,0.07597173,0.4834273,18.3,0,0.03514554,2.649994,0,0,0,0,0.8863159,0.7635252,0.8614595
2.336029,18,5,0.2291377,0.0797355,0.4810478,0.264,0.07597173,0.4834273,18.3,0,0.03514554,2.649994,0,0,0,0,0.8863159,0.7635252,0.8614595
2.338394,18,5,0.2291377,0.0797355,0.4810478,0.264,0.07597173,0.4834273,18.3,0,0.03514554,2.649994,0,0,0,0,0.8863159,0.7635252,0.8614595
2.340736,18,5,0.2291377,0.0797355,0.4810478,0.264,0.07597173,0.4834273,18.3,0,0.03514554,2.649994,0,0,0,0,0.8863159,0.7635252,0.8614595
2.34309,18,5,0.2291377,0.0797355,0.4810478,0.264,0.07597173,0.4834273,18.3,0,0.03514554,2.649994,0,0,0,0,0.8863159,0.7635252,0.8614595
2.345631,18,5,0.2291377,0.0797355,0.4810478,0.264,0.07597173,0.4834273,18.3,0,0.03514554,2.649994,0,0,0,0,0.8863159,0.7635252,0.8614595
2.347992,18,5,0.2291377,0.0797355,0.4810478,0.264,0.07597173,0.4834273,18.3,0,0.03514554,2.649994,0,0,0,0,0.8863159,0.7635252,0.8614595
2.350563,18,5,0.2291377,0.0797355,0.4810478,0.264,0.07597173,0.4834273,18.3,0,0.03514554,2.649994,0,0,0,0,0.8863159,0.7635252,0.8614595
2.353832,18,5,0.2291377,0.0797355,0.4810478,0.264,0.07597173,0.4834273,18.3,0,0.03514554,2.649994,0,0,0,0,0.8863159,0.7635252,0.8614595
2.356232,18,5,0.2291377,0.0797355,0.4810478,0.264,0.07597173,0.4834273,18.3,0,0.03514554,2.649994,0,0,0,0,0.8863159,0.7635252,0.8614595
2.358723,18,5,0.2291377,0.0797355,0.4810478,0.264,0.07597173,0.4834273,18.3,0,0.03514554,2.649994,0,0,0,0,0.8863159,0.7635252,0.8614595
2.361435,18,5,0.2291377,0.0797355,0.4810478,0.264,0.07597173,0.4834273,18.3,0,0.03514554,2.649994,0,0,0,0,0.8863159,0.7635252,0.8614595
2.364002,18,5,0.2291377,0.0797355,0.4810478,0.264,0.07597173,0.4834273,18.3,0,0.03514554,2.649994,0,0,0,0,0.8863159,0.7635252,0.8614595
2.367069,18,5,0.2291377,0.0797355,0.4810478,0.264,0.07597173,0.4834273,18.3,0,0.03514554,2.649994,0,0,0,0,0.8863159,0.7635252,0.8614595
2.369801,18,5,0.2291377,0.0797355,0.4810478,0.264,0.07597173,0.4834273,18.3,0,0.03514554,2.649994,0,0,0,0,0.8863159,0.7635252,0.8614595
2.372101,18,5,0.2291377,0.0797355,0.4810478,0.264,0.07597173,0.4834273,18.3,0,0.03514554,2.649994,0,0,0,0,0.8863159,0.7635252,0.8614595
2.374287,18,5,0.2291377,0.0797355,0.4810478,0.264,0.07597173,0.4834273,18.3,0,0.03514554,2.649994,0,0,0,0,0.8863159,0.7635252,0.8614595
2.376446,18,5,0.2291377,0.0797355,0.4810478,0.264,0.07597173,0.4834273,18.3,0,0.03514554,2.649994,0,0,0,0,0.8863159,0.7635252,0.8614595
2.37867,18,5,0.2291377,0.0797355,0.4810478,0.264,0.07597173,0.4834273,18.3,0,0.03514554,2.649994,0,0,0,0,0.8863159,0.7635252,0.8614595
2.381165,18,5,0.2291377,0.0797355,0.4810478,0.264,0.07597173,0.4834273,18.3,0,0.03514554,2.649994,0,0,0,0,0.8863159,0.7635252,0.8614595
2.383419,18,5,0.2291377,0.0797355,0.4810478,0.264,0.07597173,0.4834273,18.3,0,0.03514554,2.649994,0,0,0,0,0.8863159,0.7635252,0.8614595
2.386612,18,5,0.2291377,0.0797355,0.4810478,0.264,0.07597173,0.4834273,18.3,0,0.03514554,2.649994,0,0,0,0,0.8863159,0.7635252,0.8614595
2.388756,18,5,0.2291377,0.0797355,0.4810478,0.264,0.07597173,0.4834273,18.3,0,0.03514554,2.649994,0,0,0,0,0.8863159,0.7635252,0.8614595
2.391064,18,5,0.2291377,0.0797355,0.4810478,0.264,0.07597173,0.4834273,18.3,0,0.03514554,2.649994,0,0,0,0,0.8863159,0.7635252,0.8614595
2.393246,18,5,0.2291377,0.0797355,0.4810478,0.264,0.07597173,0.4834273,18.3,0,0.03514554,2.649994,0,0,0,0,0.8863159,0.7635252,0.8614595
2.395443,18,5,0.2291377,0.0797355,0.4810478,0.264,0.07597173,0.4834273,18.3,0,0.03514554,2.649994,0,0,0,0,0.8863159,0.7635252,0.8614595
2.397808,18,5,0.2291377,0.0797355,0.4810478,0.264,0.07597173,0.4834273,18.3,0,0.03514554,2.649994,0,0,0,0,0.8863159,0.7635252,0.8614595
2.399971,18,5,0.2291377,0.0797355,0.4810478,0.264,0.07597173,0.4834273,18.3,0,0.03514554,2.649994,0,0,0,0,0.8863159,0.7635252,0.8614595
2.402374,18,5,0.2291377,0.0797355,0.4810478,0.264,0.07597173,0.4834273,18.3,0,0.03514554,2.649994,0,0,0,0,0.8863159,0.7635252,0.8614595
2.405144,18,5,0.2291377,0.0797355,0.4810478,0.264,0.07597173,0.4834273,18.3,0,0.03514554,2.649994,0,0,0,0,0.8863159,0.7635252,0.8614595
2.407265,18,5,0.2291377,0.0797355,0.4810478,0.264,0.07597173,0.4834273,18.3,0,0.03514554,2.649994,0,0,0,0,0.8863159,0.7635252,0.8614595
2.409435,18,5,0.2291377,0.0797355,0.4810478,0.264,0.07597173,0.4834273,18.3,0,0.03514554,2.649994,0,0,0,0,0.8863159,0.7635252,0.8614595
2.413097,18,5,0.2291377,0.0797355,0.4810478,0.264,0.07597173,0.4834273,18.3,0,0.03514554,2.649994,0,0,0,0,0.8863159,0.7635252,0.8614595
2.415627,18,5,0.2291377,0.0797355,0.4810478,0.264,0.07597173,0.4834273,18.3,0,0.03514554,2.649994,0,0,0,0,0.8863159,0.7635252,0.8614595
2.418186,18,5,0.2291377,0.0797355,0.4810478,0.264,0.07597173,0.4834273,18.3,0,0.03514554,2.649994,0,0,0,0,0.8863159,0.7635252,0.8614595
2.421234,18,5,0.2291377,0.0797355,0.4810478,0.264,0.07597173,0.4834273,18.3,0,0.03514554,2.649994,0,0,0,0,0.8863159,0.7635252,0.8614595
2.42358,18,5,0.2291377,0.0797355,0.4810478,0.264,0.07597173,0.4834273,18.3,0,0.03514554,2.649994,0,0,0,0,0.8863159,0.7635252,0.8614595
2.4263,18,5,0.2291377,0.0797355,0.4810478,0.264,0.07597173,0.4834273,18.3,0,0.03514554,2.649994,0,0,0,0,0.8863159,0.7635252,0.8614595
2.42878,18,5,0.2291377,0.0797355,0.4810478,0.264,0.07597173,0.4834273,18.3,0,0.03514554,2.649994,0,0,0,0,0.8863159,0.7635252,0.8614595
2.43129,18,5,0.2291377,0.0797355,0.4810478,0.264,0.07597173,0.4834273,18.3,0,0.03514554,2.649994,0,0,0,0,0.8863159,0.7635252,0.8614595
2.433479,18,5,0.2291377,0.0797355,0.4810478,0.264,0.07597173,0.4834273,18.3,0,0.03514554,2.649994,0,0,0,0,0.8863159,0.7635252,0.8614595
2.436245,18,5,0.2291377,0.0797355,0.4810478,0.264,0.07597173,0.4834273,18.3,0,0.03514554,2.649994,0,0,0,0,0.8863159,0.7635252,0.8614595
2.43861,18,5,0.2291377,0.0797355,0.4810478,0.264,0.07597173,0.4834273,18.3,0,0.03514554,2.649994,0,0,0,0,0.8863159,0.7635252,0.8614595
2.441025,18,5,0.2291377,0.0797355,0.4810478,0.264,0.07597173,0.4834273,18.3,0,0.03514554,2.649994,0,0,0,0,0.8863159,0.7635252,0.8614595
2.44347,18,5,0.2291377,0.0797355,0.4810478,0.264,0.07597173,0.4834273,18.3,0,0.03514554,2.649994,0,0,0,0,0.8863159,0.7635252,0.8614595
2.446259,18,5,0.2291377,0.0797355,0.4810478,0.264,0.07597173,0.4834273,18.3,0,0.03514554,2.649994,0,0,0,0,0.8863159,0.7635252,0.8614595
2.448456,18,5,0.2291377,0.0797355,0.4810478,0.264,0.07597173,0.4834273,18.3,0,0.03514554,2.649994,0,0,0,0,0.8863159,0.7635252,0.8614595
2.450699,18,5,0.2291377,0.0797355,0.4810478,0.264,0.07597173,0.4834273,18.3,0,0.03514554,2.649994,0,0,0,0,0.8863159,0.7635252,0.8614595
2.45364,18,5,0.2291377,0.0797355,0.4810478,0.264,0.07597173,0.4834273,18.3,0,0.03514554,2.649994,0,0,0,0,0.8863159,0.7635252,0.8614595
2.455891,18,5,0.2291377,0.0797355,0.4810478,0.264,0.07597173,0.4834273,18.3,0,0.03514554,2.649994,0,0,0,0,0.8863159,0.7635252,0.8614595
2.458279,18,5,0.2291377,0.0797355,0.4810478,0.264,0.07597173,0.4834273,18.3,0,0.03514554,2.649994,0,0,0,0,0.8863159,0.7635252,0.8614595
2.46056,18,5,0.2291377,0.0797355,0.4810478,0.264,0.07597173,0.4834273,18.3,0,0.03514554,2.649994,0,0,0,0,0.8863159,0.7635252,0.8614595
2.462852,18,5,0.2291377,0.0797355,0.4810478,0.264,0.07597173,0.4834273,18.3,0,0.03514554,2.649994,0,0,0,0,0.8863159,0.7635252,0.8614595
2.465538,18,5,0.2291377,0.0797355,0.4810478,0.264,0.07597173,0.4834273,18.3,0,0.03514554,2.649994,0,0,0,0,0.8863159,0.7635252,0.8614595
2.467773,18,5,0.2291377,0.0797355,0.4810478,0.264,0.07597173,0.4834273,18.3,0,0.03514554,2.649994,0,0,0,0,0.8863159,0.7635252,0.8614595
2.470242,18,5,0.2291377,0.0797355,0.4810478,0.264,0.07597173,0.4834273,18.3,0,0.03514554,2.649994,0,0,0,0,0.8863159,0.7635252,0.8614595
2.473198,18,5,0.2291377,0.0797355,0.4810478,0.264,0.07597173,0.4834273,18.3,0,0.03514554,2.649994,0,0,0,0,0.8863159,0.7635252,0.8614595
2.475574,18,5,0.2291377,0.0797355,0.4810478,0.264,0.07597173,0.4834273,18.3,0,0.03514554,2.649994,0,0,0,0,0.8863159,0.7635252,0.8614595
2.478252,18,5,0.2291377,0.0797355,0.4810478,0.264,0.07597173,0.4834273,18.3,0,0.03514554,2.649994,0,0,0,0,0.8863159,0.7635252,0.8614595
2.48045,18,5,0.2291377,0.0797355,0.4810478,0.264,0.07597173,0.4834273,18.3,0,0.03514554,2.649994,0,0,0,0,0.8863159,0.7635252,0.8614595
2.482666,18,5,0.2291377,0.0797355,0.4810478,0.264,0.07597173,0.4834273,18.3,0,0.03514554,2.649994,0,0,0,0,0.8863159,0.7635252,0.8614595
2.48576,18,5,0.2291377,0.0797355,0.4810478,0.264,0.07597173,0.4834273,18.3,0,0.03514554,2.649994,0,0,0,0,0.8863159,0.7635252,0.8614595
2.488888,18,5,0.2291377,0.0797355,0.4810478,0.264,0.07597173,0.4834273,18.3,0,0.03514554,2.649994,0,0,0,0,0.8863159,0.7635252,0.8614595
2.491295,18,5,0.2291377,0.0797355,0.4810478,0.264,0.07597173,0.4834273,18.3,0,0.03514554,2.649994,0,0,0,0,0.8863159,0.7635252,0.8614595
2.493526,18,5,0.2291377,0.0797355,0.4810478,0.264,0.07597173,0.4834273,18.3,0,0.03514554,2.649994,0,0,0,0,0.8863159,0.7635252,0.8614595
2.495827,18,5,0.2291377,0.0797355,0.4810478,0.264,0.07597173,0.4834273,18.3,0,0.03514554,2.649994,0,0,0,0,0.8863159,0.7635252,0.8614595
2.498001,18,5,0.2291377,0.0797355,0.4810478,0.264,0.07597173,0.4834273,18.3,0,0.03514554,2.649994,0,0,0,0,0.8863159,0.7635252,0.8614595
2.500237,18,5,0.2291377,0.0797355,0.4810478,0.264,0.07597173,0.4834273,18.3,0,0.03514554,2.649994,0,0,0,0,0.8863159,0.7635252,0.8614595
2.503189,18,5,0.2291377,0.0797355,0.4810478,0.264,0.07597173,0.4834273,18.3,0,0.03514554,2.649994,0,0,0,0,0.8863159,0.7635252,0.8614595
2.505852,18,5,0.2291377,0.0797355,0.4810478,0.264,0.07597173,0.4834273,18.3,0,0.03514554,2.649994,0,0,0,0,0.8863159,0.7635252,0.8614595
2.508057,18,5,0.2291377,0.0797355,0.4810478,0.264,0.07597173,0.4834273,18.3,0,0.03514554,2.649994,0,0,0,0,0.8863159,0.7635252,0.8614595
2.51033,18,5,0.2291377,0.0797355,0.4810478,0.264,0.07597173,0.4834273,18.3,0,0.03514554,2.649994,0,0,0,0,0.8863159,0.7635252,0.8614595
2.512539,18,5,0.2291377,0.0797355,0.4810478,0.264,0.07597173,0.4834273,18.3,0,0.03514554,2.649994,0,0,0,0,0.8863159,0.7635252,0.8614595
2.514759,18,5,0.2291377,0.0797355,0.4810478,0.264,0.07597173,0.4834273,18.3,0,0.03514554,2.649994,0,0,0,0,0.8863159,0.7635252,0.8614595
2.517044,18,5,0.2291377,0.0797355,0.4810478,0.264,0.07597173,0.4834273,18.3,0,0.03514554,2.649994,0,0,0,0,0.8863159,0.7635252,0.8614595
2.520123,18,5,0.2291377,0.0797355,0.4810478,0.264,0.07597173,0.4834273,18.3,0,0.03514554,2.649994,0,0,0,0,0.8863159,0.7635252,0.8614595
2.522621,18,5,0.2291377,0.0797355,0.4810478,0.264,0.07597173,0.4834273,18.3,0,0.03514554,2.649994,0,0,0,0,0.8863159,0.7635252,0.8614595
2.525333,18,5,0.2291377,0.0797355,0.4810478,0.264,0.07597173,0.4834273,18.3,0,0.03514554,2.649994,0,0,0,0,0.8863159,0.7635252,0.8614595
2.527637,18,5,0.2291377,0.0797355,0.4810478,0.264,0.07597173,0.4834273,18.3,0,0.03514554,2.649994,0,0,0,0,0.8863159,0.7635252,0.8614595
2.529888,18,5,0.2291377,0.0797355,0.4810478,0.264,0.07597173,0.4834273,18.3,0,0.03514554,2.649994,0,0,0,0,0.8863159,0.7635252,0.8614595
2.532246,18,5,0.2291377,0.0797355,0.4810478,0.264,0.07597173,0.4834273,18.3,0,0.03514554,2.649994,0,0,0,0,0.8863159,0.7635252,0.8614595
2.534653,18,5,0.2291377,0.0797355,0.4810478,0.264,0.07597173,0.4834273,18.3,0,0.03514554,2.649994,0,0,0,0,0.8863159,0.7635252,0.8614595
2.537365,18,5,0.2291377,0.0797355,0.4810478,0.264,0.07597173,0.4834273,18.3,0,0.03514554,2.649994,0,0,0,0,0.8863159,0.7635252,0.8614595
2.539589,18,5,0.2291377,0.0797355,0.4810478,0.264,0.07597173,0.4834273,18.3,0,0.03514554,2.649994,0,0,0,0,0.8863159,0.7635252,0.8614595
2.541885,18,5,0.2291377,0.0797355,0.4810478,0.264,0.07597173,0.4834273,18.3,0,0.03514554,2.649994,0,0,0,0,0.8863159,0.7635252,0.8614595
2.544529,18,5,0.2291377,0.0797355,0.4810478,0.264,0.07597173,0.4834273,18.3,0,0.03514554,2.649994,0,0,0,0,0.8863159,0.7635252,0.8614595
2.546711,18,5,0.2291377,0.0797355,0.4810478,0.264,0.07597173,0.4834273,18.3,0,0.03514554,2.649994,0,0,0,0,0.8863159,0.7635252,0.8614595
2.548916,18,5,0.2291377,0.0797355,0.4810478,0.264,0.07597173,0.4834273,18.3,0,0.03514554,2.649994,0,0,0,0,0.8863159,0.7635252,0.8614595
2.551903,18,5,0.2291377,0.0797355,0.4810478,0.264,0.07597173,0.4834273,18.3,0,0.03514554,2.649994,0,0,0,0,0.8863159,0.7635252,0.8614595
2.554672,18,5,0.2291377,0.0797355,0.4810478,0.264,0.07597173,0.4834273,18.3,0,0.03514554,2.649994,0,0,0,0,0.8863159,0.7635252,0.8614595
2.557106,18,5,0.2291377,0.0797355,0.4810478,0.264,0.07597173,0.4834273,18.3,0,0.03514554,2.649994,0,0,0,0,0.8863159,0.7635252,0.8614595
2.559563,18,5,0.2291377,0.0797355,0.4810478,0.264,0.07597173,0.4834273,18.3,0,0.03514554,2.649994,0,0,0,0,0.8863159,0.7635252,0.8614595
2.562065,18,5,0.2291377,0.0797355,0.4810478,0.264,0.07597173,0.4834273,18.3,0,0.03514554,2.649994,0,0,0,0,0.8863159,0.7635252,0.8614595
2.564709,18,5,0.2291377,0.0797355,0.4810478,0.264,0.07597173,0.4834273,18.3,0,0.03514554,2.649994,0,0,0,0,0.8863159,0.7635252,0.8614595
2.567318,18,5,0.2291377,0.0797355,0.4810478,0.264,0.07597173,0.4834273,18.3,0,0.03514554,2.649994,0,0,0,0,0.8863159,0.7635252,0.8614595
2.570305,18,5,0.2291377,0.0797355,0.4810478,0.264,0.07597173,0.4834273,18.3,0,0.03514554,2.649994,0,0,0,0,0.8863159,0.7635252,0.8614595
2.572624,18,5,0.2291377,0.0797355,0.4810478,0.264,0.07597173,0.4834273,18.3,0,0.03514554,2.649994,0,0,0,0,0.8863159,0.7635252,0.8614595
2.574856,18,5,0.2291377,0.0797355,0.4810478,0.264,0.07597173,0.4834273,18.3,0,0.03514554,2.649994,0,0,0,0,0.8863159,0.7635252,0.8614595
2.577034,18,5,0.2291377,0.0797355,0.4810478,0.264,0.07597173,0.4834273,18.3,0,0.03514554,2.649994,0,0,0,0,0.8863159,0.7635252,0.8614595
2.57922,18,5,0.2291377,0.0797355,0.4810478,0.264,0.07597173,0.4834273,18.3,0,0.03514554,2.649994,0,0,0,0,0.8863159,0.7635252,0.8614595
2.58213,18,5,0.2291377,0.0797355,0.4810478,0.264,0.07597173,0.4834273,18.3,0,0.03514554,2.649994,0,0,0,0,0.8863159,0.7635252,0.8614595
2.585621,18,5,0.2291377,0.0797355,0.4810478,0.264,0.07597173,0.4834273,18.3,0,0.03514554,2.649994,0,0,0,0,0.8863159,0.7635252,0.8614595
2.587978,18,5,0.2291377,0.0797355,0.4810478,0.264,0.07597173,0.4834273,18.3,0,0.03514554,2.649994,0,0,0,0,0.8863159,0.7635252,0.8614595
2.590275,18,5,0.2291377,0.0797355,0.4810478,0.264,0.07597173,0.4834273,18.3,0,0.03514554,2.649994,0,0,0,0,0.8863159,0.7635252,0.8614595
2.592487,18,5,0.2291377,0.0797355,0.4810478,0.264,0.07597173,0.4834273,18.3,0,0.03514554,2.649994,0,0,0,0,0.8863159,0.7635252,0.8614595
2.594669,18,5,0.2291377,0.0797355,0.4810478,0.264,0.07597173,0.4834273,18.3,0,0.03514554,2.649994,0,0,0,0,0.8863159,0.7635252,0.8614595
2.597301,18,5,0.2291377,0.0797355,0.4810478,0.264,0.07597173,0.4834273,18.3,0,0.03514554,2.649994,0,0,0,0,0.8863159,0.7635252,0.8614595
2.599648,18,5,0.2291377,0.0797355,0.4810478,0.264,0.07597173,0.4834273,18.3,0,0.03514554,2.649994,0,0,0,0,0.8863159,0.7635252,0.8614595
2.602249,18,5,0.2291377,0.0797355,0.4810478,0.264,0.07597173,0.4834273,18.3,0,0.03514554,2.649994,0,0,0,0,0.8863159,0.7635252,0.8614595
2.605042,18,5,0.2291377,0.0797355,0.4810478,0.264,0.07597173,0.4834273,18.3,0,0.03514554,2.649994,0,0,0,0,0.8863159,0.7635252,0.8614595
2.607483,18,5,0.2291377,0.0797355,0.4810478,0.264,0.07597173,0.4834273,18.3,0,0.03514554,2.649994,0,0,0,0,0.8863159,0.7635252,0.8614595
2.609798,18,5,0.2291377,0.0797355,0.4810478,0.264,0.07597173,0.4834273,18.3,0,0.03514554,2.649994,0,0,0,0,0.8863159,0.7635252,0.8614595
2.61261,18,5,0.2291377,0.0797355,0.4810478,0.264,0.07597173,0.4834273,18.3,0,0.03514554,2.649994,0,0,0,0,0.8863159,0.7635252,0.8614595
2.615055,18,5,0.2291377,0.0797355,0.4810478,0.264,0.07597173,0.4834273,18.3,0,0.03514554,2.649994,0,0,0,0,0.8863159,0.7635252,0.8614595
2.617538,18,5,0.2291377,0.0797355,0.4810478,0.264,0.07597173,0.4834273,18.3,0,0.03514554,2.649994,0,0,0,0,0.8863159,0.7635252,0.8614595
2.620449,18,5,0.2291377,0.0797355,0.4810478,0.264,0.07597173,0.4834273,18.3,0,0.03514554,2.649994,0,0,0,0,0.8863159,0.7635252,0.8614595
2.62281,18,5,0.2291377,0.0797355,0.4810478,0.264,0.07597173,0.4834273,18.3,0,0.03514554,2.649994,0,0,0,0,0.8863159,0.7635252,0.8614595
2.625618,18,5,0.2291377,0.0797355,0.4810478,0.264,0.07597173,0.4834273,18.3,0,0.03514554,2.649994,0,0,0,0,0.8863159,0.7635252,0.8614595
2.628284,18,5,0.2291377,0.0797355,0.4810478,0.264,0.07597173,0.4834273,18.3,0,0.03514554,2.649994,0,0,0,0,0.8863159,0.7635252,0.8614595
2.630558,18,5,0.2291377,0.0797355,0.4810478,0.264,0.07597173,0.4834273,18.3,0,0.03514554,2.649994,0,0,0,0,0.8863159,0.7635252,0.8614595
2.63279,18,5,0.2291377,0.0797355,0.4810478,0.264,0.07597173,0.4834273,18.3,0,0.03514554,2.649994,0,0,0,0,0.8863159,0.7635252,0.8614595
2.635162,18,5,0.2291377,0.0797355,0.4810478,0.264,0.07597173,0.4834273,18.3,0,0.03514554,2.649994,0,0,0,0,0.8863159,0.7635252,0.8614595
2.637615,18,5,0.2291377,0.0797355,0.4810478,0.264,0.07597173,0.4834273,18.3,0,0.03514554,2.649994,0,0,0,0,0.8863159,0.7635252,0.8614595
2.640099,18,5,0.2291377,0.0797355,0.4810478,0.264,0.07597173,0.4834273,18.3,0,0.03514554,2.649994,0,0,0,0,0.8863159,0.7635252,0.8614595
2.642498,18,5,0.2291377,0.0797355,0.4810478,0.264,0.07597173,0.4834273,18.3,0,0.03514554,2.649994,0,0,0,0,0.8863159,0.7635252,0.8614595
2.645458,18,5,0.2291377,0.0797355,0.4810478,0.264,0.07597173,0.4834273,18.3,0,0.03514554,2.649994,0,0,0,0,0.8863159,0.7635252,0.8614595
2.647812,18,5,0.2291377,0.0797355,0.4810478,0.264,0.07597173,0.4834273,18.3,0,0.03514554,2.649994,0,0,0,0,0.8863159,0.7635252,0.8614595
2.65015,18,5,0.2291377,0.0797355,0.4810478,0.264,0.07597173,0.4834273,18.3,0,0.03514554,2.649994,0,0,0,0,0.8863159,0.7635252,0.8614595
2.652824,18,5,0.2291377,0.0797355,0.4810478,0.264,0.07597173,0.4834273,18.3,0,0.03514554,2.649994,0,0,0,0,0.8863159,0.7635252,0.8614595
2.655075,18,5,0.2291377,0.0797355,0.4810478,0.264,0.07597173,0.4834273,18.3,0,0.03514554,2.649994,0,0,0,0,0.8863159,0.7635252,0.8614595
2.65731,18,5,0.2291377,0.0797355,0.4810478,0.264,0.07597173,0.4834273,18.3,0,0.03514554,2.649994,0,0,0,0,0.8863159,0.7635252,0.8614595
2.659897,18,5,0.2291377,0.0797355,0.4810478,0.264,0.07597173,0.4834273,18.3,0,0.03514554,2.649994,0,0,0,0,0.8863159,0.7635252,0.8614595
2.66259,18,5,0.2291377,0.0797355,0.4810478,0.264,0.07597173,0.4834273,18.3,0,0.03514554,2.649994,0,0,0,0,0.8863159,0.7635252,0.8614595
2.665321,18,5,0.2291377,0.0797355,0.4810478,0.264,0.07597173,0.4834273,18.3,0,0.03514554,2.649994,0,0,0,0,0.8863159,0.7635252,0.8614595
2.667568,18,5,0.2291377,0.0797355,0.4810478,0.264,0.07597173,0.4834273,18.3,0,0.03514554,2.649994,0,0,0,0,0.8863159,0.7635252,0.8614595
2.67038,18,5,0.2291377,0.0797355,0.4810478,0.264,0.07597173,0.4834273,18.3,0,0.03514554,2.649994,0,0,0,0,0.8863159,0.7635252,0.8614595
2.672722,18,5,0.2291377,0.0797355,0.4810478,0.264,0.07597173,0.4834273,18.3,0,0.03514554,2.649994,0,0,0,0,0.8863159,0.7635252,0.8614595
2.675522,18,5,0.2291377,0.0797355,0.4810478,0.264,0.07597173,0.4834273,18.3,0,0.03514554,2.649994,0,0,0,0,0.8863159,0.7635252,0.8614595
2.678291,18,5,0.2291377,0.0797355,0.4810478,0.264,0.07597173,0.4834273,18.3,0,0.03514554,2.649994,0,0,0,0,0.8863159,0.7635252,0.8614595
2.680584,18,5,0.2291377,0.0797355,0.4810478,0.264,0.07597173,0.4834273,18.3,0,0.03514554,2.649994,0,0,0,0,0.8863159,0.7635252,0.8614595
2.682789,18,5,0.2291377,0.0797355,0.4810478,0.264,0.07597173,0.4834273,18.3,0,0.03514554,2.649994,0,0,0,0,0.8863159,0.7635252,0.8614595
2.686031,18,5,0.2291377,0.0797355,0.4810478,0.264,0.07597173,0.4834273,18.3,0,0.03514554,2.649994,0,0,0,0,0.8863159,0.7635252,0.8614595
2.688377,18,5,0.2291377,0.0797355,0.4810478,0.264,0.07597173,0.4834273,18.3,0,0.03514554,2.649994,0,0,0,0,0.8863159,0.7635252,0.8614595
2.690693,18,5,0.2291377,0.0797355,0.4810478,0.264,0.07597173,0.4834273,18.3,0,0.03514554,2.649994,0,0,0,0,0.8863159,0.7635252,0.8614595
2.693745,18,5,0.2291377,0.0797355,0.4810478,0.264,0.07597173,0.4834273,18.3,0,0.03514554,2.649994,0,0,0,0,0.8863159,0.7635252,0.8614595
2.696472,18,5,0.2291377,0.0797355,0.4810478,0.264,0.07597173,0.4834273,18.3,0,0.03514554,2.649994,0,0,0,0,0.8863159,0.7635252,0.8614595
2.698975,18,5,0.2291377,0.0797355,0.4810478,0.264,0.07597173,0.4834273,18.3,0,0.03514554,2.649994,0,0,0,0,0.8863159,0.7635252,0.8614595
2.702045,18,5,0.2291377,0.0797355,0.4810478,0.264,0.07597173,0.4834273,18.3,0,0.03514554,2.649994,0,0,0,0,0.8863159,0.7635252,0.8614595
2.704891,18,5,0.2291377,0.0797355,0.4810478,0.264,0.07597173,0.4834273,18.3,0,0.03514554,2.649994,0,0,0,0,0.8863159,0.7635252,0.8614595
2.707504,18,5,0.2291377,0.0797355,0.4810478,0.264,0.07597173,0.4834273,18.3,0,0.03514554,2.649994,0,0,0,0,0.8863159,0.7635252,0.8614595
2.710064,18,5,0.2291377,0.0797355,0.4810478,0.264,0.07597173,0.4834273,18.3,0,0.03514554,2.649994,0,0,0,0,0.8863159,0.7635252,0.8614595
2.71236,18,5,0.2291377,0.0797355,0.4810478,0.264,0.07597173,0.4834273,18.3,0,0.03514554,2.649994,0,0,0,0,0.8863159,0.7635252,0.8614595
2.714661,18,5,0.2291377,0.0797355,0.4810478,0.264,0.07597173,0.4834273,18.3,0,0.03514554,2.649994,0,0,0,0,0.8863159,0.7635252,0.8614595
2.717072,18,5,0.2291377,0.0797355,0.4810478,0.264,0.07597173,0.4834273,18.3,0,0.03514554,2.649994,0,0,0,0,0.8863159,0.7635252,0.8614595
2.719631,18,5,0.2291377,0.0797355,0.4810478,0.264,0.07597173,0.4834273,18.3,0,0.03514554,2.649994,0,0,0,0,0.8863159,0.7635252,0.8614595
2.721909,18,5,0.2291377,0.0797355,0.4810478,0.264,0.07597173,0.4834273,18.3,0,0.03514554,2.649994,0,0,0,0,0.8863159,0.7635252,0.8614595
2.725121,18,5,0.2291377,0.0797355,0.4810478,0.264,0.07597173,0.4834273,18.3,0,0.03514554,2.649994,0,0,0,0,0.8863159,0.7635252,0.8614595
2.727459,18,5,0.2291377,0.0797355,0.4810478,0.264,0.07597173,0.4834273,18.3,0,0.03514554,2.649994,0,0,0,0,0.8863159,0.7635252,0.8614595
2.729797,18,5,0.2291377,0.0797355,0.4810478,0.264,0.07597173,0.4834273,18.3,0,0.03514554,2.649994,0,0,0,0,0.8863159,0.7635252,0.8614595
2.732231,18,5,0.2291377,0.0797355,0.4810478,0.264,0.07597173,0.4834273,18.3,0,0.03514554,2.649994,0,0,0,0,0.8863159,0.7635252,0.8614595
2.734749,18,5,0.2291377,0.0797355,0.4810478,0.264,0.07597173,0.4834273,18.3,0,0.03514554,2.649994,0,0,0,0,0.8863159,0.7635252,0.8614595
2.737331,18,5,0.2291377,0.0797355,0.4810478,0.264,0.07597173,0.4834273,18.3,0,0.03514554,2.649994,0,0,0,0,0.8863159,0.7635252,0.8614595
2.740437,18,5,0.2291377,0.0797355,0.4810478,0.264,0.07597173,0.4834273,18.3,0,0.03514554,2.649994,0,0,0,0,0.8863159,0.7635252,0.8614595
2.743111,18,5,0.2291377,0.0797355,0.4810478,0.264,0.07597173,0.4834273,18.3,0,0.03514554,2.649994,0,0,0,0,0.8863159,0.7635252,0.8614595
2.745686,18,5,0.2291377,0.0797355,0.4810478,0.264,0.07597173,0.4834273,18.3,0,0.03514554,2.649994,0,0,0,0,0.8863159,0.7635252,0.8614595
2.74791,18,5,0.2291377,0.0797355,0.4810478,0.264,0.07597173,0.4834273,18.3,0,0.03514554,2.649994,0,0,0,0,0.8863159,0.7635252,0.8614595
2.750004,18,5,0.2291377,0.0797355,0.4810478,0.264,0.07597173,0.4834273,18.3,0,0.03514554,2.649994,0,0,0,0,0.8863159,0.7635252,0.8614595
2.753078,18,5,0.2291377,0.0797355,0.4810478,0.264,0.07597173,0.4834273,18.3,0,0.03514554,2.649994,0,0,0,0,0.8863159,0.7635252,0.8614595
2.75544,18,5,0.2291377,0.0797355,0.4810478,0.264,0.07597173,0.4834273,18.3,0,0.03514554,2.649994,0,0,0,0,0.8863159,0.7635252,0.8614595
2.757721,18,5,0.2291377,0.0797355,0.4810478,0.264,0.07597173,0.4834273,18.3,0,0.03514554,2.649994,0,0,0,0,0.8863159,0.7635252,0.8614595
2.759907,18,5,0.2291377,0.0797355,0.4810478,0.264,0.07597173,0.4834273,18.3,0,0.03514554,2.649994,0,0,0,0,0.8863159,0.7635252,0.8614595
2.762157,18,5,0.2291377,0.0797355,0.4810478,0.264,0.07597173,0.4834273,18.3,0,0.03514554,2.649994,0,0,0,0,0.8863159,0.7635252,0.8614595
2.764744,18,5,0.2291377,0.0797355,0.4810478,0.264,0.07597173,0.4834273,18.3,0,0.03514554,2.649994,0,0,0,0,0.8863159,0.7635252,0.8614595
2.766834,18,5,0.2291377,0.0797355,0.4810478,0.264,0.07597173,0.4834273,18.3,0,0.03514554,2.649994,0,0,0,0,0.8863159,0.7635252,0.8614595
2.769512,18,5,0.2291377,0.0797355,0.4810478,0.264,0.07597173,0.4834273,18.3,0,0.03514554,2.649994,0,0,0,0,0.8863159,0.7635252,0.8614595
2.771935,18,5,0.2291377,0.0797355,0.4810478,0.264,0.07597173,0.4834273,18.3,0,0.03514554,2.649994,0,0,0,0,0.8863159,0.7635252,0.8614595
2.774021,18,5,0.2291377,0.0797355,0.4810478,0.264,0.07597173,0.4834273,18.3,0,0.03514554,2.649994,0,0,0,0,0.8863159,0.7635252,0.8614595
2.776127,18,5,0.2291377,0.0797355,0.4810478,0.264,0.07597173,0.4834273,18.3,0,0.03514554,2.649994,0,0,0,0,0.8863159,0.7635252,0.8614595
2.77829,18,5,0.2291377,0.0797355,0.4810478,0.264,0.07597173,0.4834273,18.3,0,0.03514554,2.649994,0,0,0,0,0.8863159,0.7635252,0.8614595
2.780411,18,5,0.2291377,0.0797355,0.4810478,0.264,0.07597173,0.4834273,18.3,0,0.03514554,2.649994,0,0,0,0,0.8863159,0.7635252,0.8614595
2.782616,18,5,0.2291377,0.0797355,0.4810478,0.264,0.07597173,0.4834273,18.3,0,0.03514554,2.649994,0,0,0,0,0.8863159,0.7635252,0.8614595
2.785343,18,5,0.2291377,0.0797355,0.4810478,0.264,0.07597173,0.4834273,18.3,0,0.03514554,2.649994,0,0,0,0,0.8863159,0.7635252,0.8614595
2.787994,18,5,0.2291377,0.0797355,0.4810478,0.264,0.07597173,0.4834273,18.3,0,0.03514554,2.649994,0,0,0,0,0.8863159,0.7635252,0.8614595
2.790245,18,5,0.2291377,0.0797355,0.4810478,0.264,0.07597173,0.4834273,18.3,0,0.03514554,2.649994,0,0,0,0,0.8863159,0.7635252,0.8614595
2.792858,18,5,0.2291377,0.0797355,0.4810478,0.264,0.07597173,0.4834273,18.3,0,0.03514554,2.649994,0,0,0,0,0.8863159,0.7635252,0.8614595
2.795277,18,5,0.2291377,0.0797355,0.4810478,0.264,0.07597173,0.4834273,18.3,0,0.03514554,2.649994,0,0,0,0,0.8863159,0.7635252,0.8614595
2.797508,18,5,0.2291377,0.0797355,0.4810478,0.264,0.07597173,0.4834273,18.3,0,0.03514554,2.649994,0,0,0,0,0.8863159,0.7635252,0.8614595
2.79974,18,5,0.2291377,0.0797355,0.4810478,0.264,0.07597173,0.4834273,18.3,0,0.03514554,2.649994,0,0,0,0,0.8863159,0.7635252,0.8614595
2.802746,18,5,0.2291377,0.0797355,0.4810478,0.264,0.07597173,0.4834273,18.3,0,0.03514554,2.649994,0,0,0,0,0.8863159,0.7635252,0.8614595
2.806332,18,5,0.2291377,0.0797355,0.4810478,0.264,0.07597173,0.4834273,18.3,0,0.03514554,2.649994,0,0,0,0,0.8863159,0.7635252,0.8614595
2.80875,18,5,0.2291377,0.0797355,0.4810478,0.264,0.07597173,0.4834273,18.3,0,0.03514554,2.649994,0,0,0,0,0.8863159,0.7635252,0.8614595
2.811268,18,5,0.2291377,0.0797355,0.4810478,0.264,0.07597173,0.4834273,18.3,0,0.03514554,2.649994,0,0,0,0,0.8863159,0.7635252,0.8614595
2.81377,18,5,0.2291377,0.0797355,0.4810478,0.264,0.07597173,0.4834273,18.3,0,0.03514554,2.649994,0,0,0,0,0.8863159,0.7635252,0.8614595
2.815968,18,5,0.2291377,0.0797355,0.4810478,0.264,0.07597173,0.4834273,18.3,0,0.03514554,2.649994,0,0,0,0,0.8863159,0.7635252,0.8614595
2.818775,18,5,0.2291377,0.0797355,0.4810478,0.264,0.07597173,0.4834273,18.3,0,0.03514554,2.649994,0,0,0,0,0.8863159,0.7635252,0.8614595
2.82119,18,5,0.2291377,0.0797355,0.4810478,0.264,0.07597173,0.4834273,18.3,0,0.03514554,2.649994,0,0,0,0,0.8863159,0.7635252,0.8614595
2.823715,18,5,0.2291377,0.0797355,0.4810478,0.264,0.07597173,0.4834273,18.3,0,0.03514554,2.649994,0,0,0,0,0.8863159,0.7635252,0.8614595
2.82634,18,5,0.2291377,0.0797355,0.4810478,0.264,0.07597173,0.4834273,18.3,0,0.03514554,2.649994,0,0,0,0,0.8863159,0.7635252,0.8614595
2.828609,18,5,0.2291377,0.0797355,0.4810478,0.264,0.07597173,0.4834273,18.3,0,0.03514554,2.649994,0,0,0,0,0.8863159,0.7635252,0.8614595
2.830795,18,5,0.2291377,0.0797355,0.4810478,0.264,0.07597173,0.4834273,18.3,0,0.03514554,2.649994,0,0,0,0,0.8863159,0.7635252,0.8614595
2.833431,18,5,0.2291377,0.0797355,0.4810478,0.264,0.07597173,0.4834273,18.3,0,0.03514554,2.649994,0,0,0,0,0.8863159,0.7635252,0.8614595
2.836483,18,5,0.2291377,0.0797355,0.4810478,0.264,0.07597173,0.4834273,18.3,0,0.03514554,2.649994,0,0,0,0,0.8863159,0.7635252,0.8614595
2.839024,18,5,0.2291377,0.0797355,0.4810478,0.264,0.07597173,0.4834273,18.3,0,0.03514554,2.649994,0,0,0,0,0.8863159,0.7635252,0.8614595
2.841324,18,5,0.2291377,0.0797355,0.4810478,0.264,0.07597173,0.4834273,18.3,0,0.03514554,2.649994,0,0,0,0,0.8863159,0.7635252,0.8614595
2.843674,18,5,0.2291377,0.0797355,0.4810478,0.264,0.07597173,0.4834273,18.3,0,0.03514554,2.649994,0,0,0,0,0.8863159,0.7635252,0.8614595
2.846298,18,5,0.2291377,0.0797355,0.4810478,0.264,0.07597173,0.4834273,18.3,0,0.03514554,2.649994,0,0,0,0,0.8863159,0.7635252,0.8614595
2.850376,18,5,0.2291377,0.0797355,0.4810478,0.264,0.07597173,0.4834273,18.3,0,0.03514554,2.649994,0,0,0,0,0.8863159,0.7635252,0.8614595
2.853432,18,5,0.2291377,0.0797355,0.4810478,0.264,0.07597173,0.4834273,18.3,0,0.03514554,2.649994,0,0,0,0,0.8863159,0.7635252,0.8614595
2.855709,18,5,0.2291377,0.0797355,0.4810478,0.264,0.07597173,0.4834273,18.3,0,0.03514554,2.649994,0,0,0,0,0.8863159,0.7635252,0.8614595
2.857948,18,5,0.2291377,0.0797355,0.4810478,0.264,0.07597173,0.4834273,18.3,0,0.03514554,2.649994,0,0,0,0,0.8863159,0.7635252,0.8614595
2.860218,18,5,0.2291377,0.0797355,0.4810478,0.264,0.07597173,0.4834273,18.3,0,0.03514554,2.649994,0,0,0,0,0.8863159,0.7635252,0.8614595
2.862644,18,5,0.2291377,0.0797355,0.4810478,0.264,0.07597173,0.4834273,18.3,0,0.03514554,2.649994,0,0,0,0,0.8863159,0.7635252,0.8614595
2.865707,18,5,0.2291377,0.0797355,0.4810478,0.264,0.07597173,0.4834273,18.3,0,0.03514554,2.649994,0,0,0,0,0.8863159,0.7635252,0.8614595
2.868214,18,5,0.2291377,0.0797355,0.4810478,0.264,0.07597173,0.4834273,18.3,0,0.03514554,2.649994,0,0,0,0,0.8863159,0.7635252,0.8614595
2.872444,18,5,0.2291377,0.0797355,0.4810478,0.264,0.07597173,0.4834273,18.3,0,0.03514554,2.649994,0,0,0,0,0.8863159,0.7635252,0.8614595
2.878609,18,5,0.2291377,0.0797355,0.4810478,0.264,0.07597173,0.4834273,18.3,0,0.03514554,2.649994,0,0,0,0,0.8863159,0.7635252,0.8614595
2.884296,18,5,0.2291377,0.0797355,0.4810478,0.264,0.07597173,0.4834273,18.3,0,0.03514554,2.649994,0,0,0,0,0.8863159,0.7635252,0.8614595
2.887581,18,5,0.2291377,0.0797355,0.4810478,0.264,0.07597173,0.4834273,18.3,0,0.03514554,2.649994,0,0,0,0,0.8863159,0.7635252,0.8614595
2.889786,18,5,0.2291377,0.0797355,0.4810478,0.264,0.07597173,0.4834273,18.3,0,0.03514554,2.649994,0,0,0,0,0.8863159,0.7635252,0.8614595
2.892086,18,5,0.2291377,0.0797355,0.4810478,0.264,0.07597173,0.4834273,18.3,0,0.03514554,2.649994,0,0,0,0,0.8863159,0.7635252,0.8614595
2.894306,18,5,0.2291377,0.0797355,0.4810478,0.264,0.07597173,0.4834273,18.3,0,0.03514554,2.649994,0,0,0,0,0.8863159,0.7635252,0.8614595
2.897953,18,5,0.2291377,0.0797355,0.4810478,0.264,0.07597173,0.4834273,18.3,0,0.03514554,2.649994,0,0,0,0,0.8863159,0.7635252,0.8614595
2.900852,18,5,0.2291377,0.0797355,0.4810478,0.264,0.07597173,0.4834273,18.3,0,0.03514554,2.649994,0,0,0,0,0.8863159,0.7635252,0.8614595
2.904068,18,5,0.2291377,0.0797355,0.4810478,0.264,0.07597173,0.4834273,18.3,0,0.03514554,2.649994,0,0,0,0,0.8863159,0.7635252,0.8614595
2.907661,18,5,0.2291377,0.0797355,0.4810478,0.264,0.07597173,0.4834273,18.3,0,0.03514554,2.649994,0,0,0,0,0.8863159,0.7635252,0.8614595
2.910172,18,5,0.2291377,0.0797355,0.4810478,0.264,0.07597173,0.4834273,18.3,0,0.03514554,2.649994,0,0,0,0,0.8863159,0.7635252,0.8614595
2.91346,18,5,0.2291377,0.0797355,0.4810478,0.264,0.07597173,0.4834273,18.3,0,0.03514554,2.649994,0,0,0,0,0.8863159,0.7635252,0.8614595
2.915886,18,5,0.2291377,0.0797355,0.4810478,0.264,0.07597173,0.4834273,18.3,0,0.03514554,2.649994,0,0,0,0,0.8863159,0.7635252,0.8614595
2.918423,18,5,0.2291377,0.0797355,0.4810478,0.264,0.07597173,0.4834273,18.3,0,0.03514554,2.649994,0,0,0,0,0.8863159,0.7635252,0.8614595
2.921329,18,5,0.2291377,0.0797355,0.4810478,0.264,0.07597173,0.4834273,18.3,0,0.03514554,2.649994,0,0,0,0,0.8863159,0.7635252,0.8614595
2.924042,18,5,0.2291377,0.0797355,0.4810478,0.264,0.07597173,0.4834273,18.3,0,0.03514554,2.649994,0,0,0,0,0.8863159,0.7635252,0.8614595
2.927345,18,5,0.2291377,0.0797355,0.4810478,0.264,0.07597173,0.4834273,18.3,0,0.03514554,2.649994,0,0,0,0,0.8863159,0.7635252,0.8614595
2.930367,18,5,0.2291377,0.0797355,0.4810478,0.264,0.07597173,0.4834273,18.3,0,0.03514554,2.649994,0,0,0,0,0.8863159,0.7635252,0.8614595
2.933365,18,5,0.2291377,0.0797355,0.4810478,0.264,0.07597173,0.4834273,18.3,0,0.03514554,2.649994,0,0,0,0,0.8863159,0.7635252,0.8614595
2.936253,18,5,0.2291377,0.0797355,0.4810478,0.264,0.07597173,0.4834273,18.3,0,0.03514554,2.649994,0,0,0,0,0.8863159,0.7635252,0.8614595
2.938637,18,5,0.2291377,0.0797355,0.4810478,0.264,0.07597173,0.4834273,18.3,0,0.03514554,2.649994,0,0,0,0,0.8863159,0.7635252,0.8614595
2.940937,18,5,0.2291377,0.0797355,0.4810478,0.264,0.07597173,0.4834273,18.3,0,0.03514554,2.649994,0,0,0,0,0.8863159,0.7635252,0.8614595
2.943359,18,5,0.2291377,0.0797355,0.4810478,0.264,0.07597173,0.4834273,18.3,0,0.03514554,2.649994,0,0,0,0,0.8863159,0.7635252,0.8614595
2.947056,18,5,0.2291377,0.0797355,0.4810478,0.264,0.07597173,0.4834273,18.3,0,0.03514554,2.649994,0,0,0,0,0.8863159,0.7635252,0.8614595
2.949986,18,5,0.2291377,0.0797355,0.4810478,0.264,0.07597173,0.4834273,18.3,0,0.03514554,2.649994,0,0,0,0,0.8863159,0.7635252,0.8614595
2.953007,18,5,0.2291377,0.0797355,0.4810478,0.264,0.07597173,0.4834273,18.3,0,0.03514554,2.649994,0,0,0,0,0.8863159,0.7635252,0.8614595
2.955425,18,5,0.2291377,0.0797355,0.4810478,0.264,0.07597173,0.4834273,18.3,0,0.03514554,2.649994,0,0,0,0,0.8863159,0.7635252,0.8614595
2.95771,18,5,0.2291377,0.0797355,0.4810478,0.264,0.07597173,0.4834273,18.3,0,0.03514554,2.649994,0,0,0,0,0.8863159,0.7635252,0.8614595
2.960114,18,5,0.2291377,0.0797355,0.4810478,0.264,0.07597173,0.4834273,18.3,0,0.03514554,2.649994,0,0,0,0,0.8863159,0.7635252,0.8614595
2.962502,18,5,0.2291377,0.0797355,0.4810478,0.264,0.07597173,0.4834273,18.3,0,0.03514554,2.649994,0,0,0,0,0.8863159,0.7635252,0.8614595
2.965485,18,5,0.2291377,0.0797355,0.4810478,0.264,0.07597173,0.4834273,18.3,0,0.03514554,2.649994,0,0,0,0,0.8863159,0.7635252,0.8614595
2.968784,18,5,0.2291377,0.0797355,0.4810478,0.264,0.07597173,0.4834273,18.3,0,0.03514554,2.649994,0,0,0,0,0.8863159,0.7635252,0.8614595
2.971462,18,5,0.2291377,0.0797355,0.4810478,0.264,0.07597173,0.4834273,18.3,0,0.03514554,2.649994,0,0,0,0,0.8863159,0.7635252,0.8614595
2.974258,18,5,0.2291377,0.0797355,0.4810478,0.264,0.07597173,0.4834273,18.3,0,0.03514554,2.649994,0,0,0,0,0.8863159,0.7635252,0.8614595
2.97739,18,5,0.2291377,0.0797355,0.4810478,0.264,0.07597173,0.4834273,18.3,0,0.03514554,2.649994,0,0,0,0,0.8863159,0.7635252,0.8614595
2.979935,18,5,0.2291377,0.0797355,0.4810478,0.264,0.07597173,0.4834273,18.3,0,0.03514554,2.649994,0,0,0,0,0.8863159,0.7635252,0.8614595
2.982643,18,5,0.2291377,0.0797355,0.4810478,0.264,0.07597173,0.4834273,18.3,0,0.03514554,2.649994,0,0,0,0,0.8863159,0.7635252,0.8614595
2.986866,18,5,0.2291377,0.0797355,0.4810478,0.264,0.07597173,0.4834273,18.3,0,0.03514554,2.649994,0,0,0,0,0.8863159,0.7635252,0.8614595
2.989746,18,5,0.2291377,0.0797355,0.4810478,0.264,0.07597173,0.4834273,18.3,0,0.03514554,2.649994,0,0,0,0,0.8863159,0.7635252,0.8614595
2.992756,18,5,0.2291377,0.0797355,0.4810478,0.264,0.07597173,0.4834273,18.3,0,0.03514554,2.649994,0,0,0,0,0.8863159,0.7635252,0.8614595
2.995155,18,5,0.2291377,0.0797355,0.4810478,0.264,0.07597173,0.4834273,18.3,0,0.03514554,2.649994,0,0,0,0,0.8863159,0.7635252,0.8614595
2.997498,18,5,0.2291377,0.0797355,0.4810478,0.264,0.07597173,0.4834273,18.3,0,0.03514554,2.649994,0,0,0,0,0.8863159,0.7635252,0.8614595
2.999813,18,5,0.2291377,0.0797355,0.4810478,0.264,0.07597173,0.4834273,18.3,0,0.03514554,2.649994,0,0,0,0,0.8863159,0.7635252,0.8614595
3.00351,18,5,0.2291377,0.0797355,0.4810478,0.264,0.07597173,0.4834273,18.3,0,0.03514554,2.649994,0,0,0,0,0.8863159,0.7635252,0.8614595
3.006523,18,5,0.2291377,0.0797355,0.4810478,0.264,0.07597173,0.4834273,18.3,0,0.03514554,2.649994,0,0,0,0,0.8863159,0.7635252,0.8614595
3.009106,18,5,0.2291377,0.0797355,0.4810478,0.264,0.07597173,0.4834273,18.3,0,0.03514554,2.649994,0,0,0,0,0.8863159,0.7635252,0.8614595
3.011425,18,5,0.2291377,0.0797355,0.4810478,0.264,0.07597173,0.4834273,18.3,0,0.03514554,2.649994,0,0,0,0,0.8863159,0.7635252,0.8614595
3.013969,18,5,0.2291377,0.0797355,0.4810478,0.264,0.07597173,0.4834273,18.3,0,0.03514554,2.649994,0,0,0,0,0.8863159,0.7635252,0.8614595
3.016144,18,5,0.2291377,0.0797355,0.4810478,0.264,0.07597173,0.4834273,18.3,0,0.03514554,2.649994,0,0,0,0,0.8863159,0.7635252,0.8614595
3.019012,18,5,0.2291377,0.0797355,0.4810478,0.264,0.07597173,0.4834273,18.3,0,0.03514554,2.649994,0,0,0,0,0.8863159,0.7635252,0.8614595
3.021275,18,5,0.2291377,0.0797355,0.4810478,0.264,0.07597173,0.4834273,18.3,0,0.03514554,2.649994,0,0,0,0,0.8863159,0.7635252,0.8614595
3.023964,18,5,0.2291377,0.0797355,0.4810478,0.264,0.07597173,0.4834273,18.3,0,0.03514554,2.649994,0,0,0,0,0.8863159,0.7635252,0.8614595
3.026749,18,5,0.2291377,0.0797355,0.4810478,0.264,0.07597173,0.4834273,18.3,0,0.03514554,2.649994,0,0,0,0,0.8863159,0.7635252,0.8614595
3.035271,18,5,0.2291377,0.0797355,0.4810478,0.264,0.07597173,0.4834273,18.3,0,0.03514554,2.649994,0,0,0,0,0.8863159,0.7635252,0.8614595
3.045296,18,5,0.2291377,0.0797355,0.4810478,0.264,0.07597173,0.4834273,18.3,0,0.03514554,2.649994,0,0,0,0,0.8863159,0.7635252,0.8614595
3.048401,18,5,0.2291377,0.0797355,0.4810478,0.264,0.07597173,0.4834273,18.3,0,0.03514554,2.649994,0,0,0,0,0.8863159,0.7635252,0.8614595
3.051235,18,5,0.2291377,0.0797355,0.4810478,0.264,0.07597173,0.4834273,18.3,0,0.03514554,2.649994,0,0,0,0,0.8863159,0.7635252,0.8614595
3.054497,18,5,0.2291377,0.0797355,0.4810478,0.264,0.07597173,0.4834273,18.3,0,0.03514554,2.649994,0,0,0,0,0.8863159,0.7635252,0.8614595
3.056946,18,5,0.2291377,0.0797355,0.4810478,0.264,0.07597173,0.4834273,18.3,0,0.03514554,2.649994,0,0,0,0,0.8863159,0.7635252,0.8614595
3.059349,18,5,0.2291377,0.0797355,0.4810478,0.264,0.07597173,0.4834273,18.3,0,0.03514554,2.649994,0,0,0,0,0.8863159,0.7635252,0.8614595
3.061733,18,5,0.2291377,0.0797355,0.4810478,0.264,0.07597173,0.4834273,18.3,0,0.03514554,2.649994,0,0,0,0,0.8863159,0.7635252,0.8614595
3.063965,18,5,0.2291377,0.0797355,0.4810478,0.264,0.07597173,0.4834273,18.3,0,0.03514554,2.649994,0,0,0,0,0.8863159,0.7635252,0.8614595
3.066509,18,5,0.2291377,0.0797355,0.4810478,0.264,0.07597173,0.4834273,18.3,0,0.03514554,2.649994,0,0,0,0,0.8863159,0.7635252,0.8614595
3.069347,18,5,0.2291377,0.0797355,0.4810478,0.264,0.07597173,0.4834273,18.3,0,0.03514554,2.649994,0,0,0,0,0.8863159,0.7635252,0.8614595
3.071953,18,5,0.2291377,0.0797355,0.4810478,0.264,0.07597173,0.4834273,18.3,0,0.03514554,2.649994,0,0,0,0,0.8863159,0.7635252,0.8614595
3.074203,18,5,0.2291377,0.0797355,0.4810478,0.264,0.07597173,0.4834273,18.3,0,0.03514554,2.649994,0,0,0,0,0.8863159,0.7635252,0.8614595
3.076572,18,5,0.2291377,0.0797355,0.4810478,0.264,0.07597173,0.4834273,18.3,0,0.03514554,2.649994,0,0,0,0,0.8863159,0.7635252,0.8614595
3.078724,18,5,0.2291377,0.0797355,0.4810478,0.264,0.07597173,0.4834273,18.3,0,0.03514554,2.649994,0,0,0,0,0.8863159,0.7635252,0.8614595
3.081009,18,5,0.2291377,0.0797355,0.4810478,0.264,0.07597173,0.4834273,18.3,0,0.03514554,2.649994,0,0,0,0,0.8863159,0.7635252,0.8614595
3.083321,18,5,0.2291377,0.0797355,0.4810478,0.264,0.07597173,0.4834273,18.3,0,0.03514554,2.649994,0,0,0,0,0.8863159,0.7635252,0.8614595
3.086761,18,5,0.2291377,0.0797355,0.4810478,0.264,0.07597173,0.4834273,18.3,0,0.03514554,2.649994,0,0,0,0,0.8863159,0.7635252,0.8614595
3.089211,18,5,0.2291377,0.0797355,0.4810478,0.264,0.07597173,0.4834273,18.3,0,0.03514554,2.649994,0,0,0,0,0.8863159,0.7635252,0.8614595
3.091419,18,5,0.2291377,0.0797355,0.4810478,0.264,0.07597173,0.4834273,18.3,0,0.03514554,2.649994,0,0,0,0,0.8863159,0.7635252,0.8614595
3.093777,18,5,0.2291377,0.0797355,0.4810478,0.264,0.07597173,0.4834273,18.3,0,0.03514554,2.649994,0,0,0,0,0.8863159,0.7635252,0.8614595
3.095947,18,5,0.2291377,0.0797355,0.4810478,0.264,0.07597173,0.4834273,18.3,0,0.03514554,2.649994,0,0,0,0,0.8863159,0.7635252,0.8614595
3.098232,18,5,0.2291377,0.0797355,0.4810478,0.264,0.07597173,0.4834273,18.3,0,0.03514554,2.649994,0,0,0,0,0.8863159,0.7635252,0.8614595
3.100586,18,5,0.2291377,0.0797355,0.4810478,0.264,0.07597173,0.4834273,18.3,0,0.03514554,2.649994,0,0,0,0,0.8863159,0.7635252,0.8614595
3.103252,18,5,0.2291377,0.0797355,0.4810478,0.264,0.07597173,0.4834273,18.3,0,0.03514554,2.649994,0,0,0,0,0.8863159,0.7635252,0.8614595
3.105934,18,5,0.2291377,0.0797355,0.4810478,0.264,0.07597173,0.4834273,18.3,0,0.03514554,2.649994,0,0,0,0,0.8863159,0.7635252,0.8614595
3.108231,18,5,0.2291377,0.0797355,0.4810478,0.264,0.07597173,0.4834273,18.3,0,0.03514554,2.649994,0,0,0,0,0.8863159,0.7635252,0.8614595
3.11055,18,5,0.2291377,0.0797355,0.4810478,0.264,0.07597173,0.4834273,18.3,0,0.03514554,2.649994,0,0,0,0,0.8863159,0.7635252,0.8614595
3.113232,18,5,0.2291377,0.0797355,0.4810478,0.264,0.07597173,0.4834273,18.3,0,0.03514554,2.649994,0,0,0,0,0.8863159,0.7635252,0.8614595
3.11573,18,5,0.2291377,0.0797355,0.4810478,0.264,0.07597173,0.4834273,18.3,0,0.03514554,2.649994,0,0,0,0,0.8863159,0.7635252,0.8614595
3.119305,18,5,0.2291377,0.0797355,0.4810478,0.264,0.07597173,0.4834273,18.3,0,0.03514554,2.649994,0,0,0,0,0.8863159,0.7635252,0.8614595
3.121838,18,5,0.2291377,0.0797355,0.4810478,0.264,0.07597173,0.4834273,18.3,0,0.03514554,2.649994,0,0,0,0,0.8863159,0.7635252,0.8614595
3.124168,18,5,0.2291377,0.0797355,0.4810478,0.264,0.07597173,0.4834273,18.3,0,0.03514554,2.649994,0,0,0,0,0.8863159,0.7635252,0.8614595
3.126854,18,5,0.2291377,0.0797355,0.4810478,0.264,0.07597173,0.4834273,18.3,0,0.03514554,2.649994,0,0,0,0,0.8863159,0.7635252,0.8614595
3.129292,18,5,0.2291377,0.0797355,0.4810478,0.264,0.07597173,0.4834273,18.3,0,0.03514554,2.649994,0,0,0,0,0.8863159,0.7635252,0.8614595
3.131527,18,5,0.2291377,0.0797355,0.4810478,0.264,0.07597173,0.4834273,18.3,0,0.03514554,2.649994,0,0,0,0,0.8863159,0.7635252,0.8614595
3.134224,18,5,0.2291377,0.0797355,0.4810478,0.264,0.07597173,0.4834273,18.3,0,0.03514554,2.649994,0,0,0,0,0.8863159,0.7635252,0.8614595
3.136761,18,5,0.2291377,0.0797355,0.4810478,0.264,0.07597173,0.4834273,18.3,0,0.03514554,2.649994,0,0,0,0,0.8863159,0.7635252,0.8614595
3.13895,18,5,0.2291377,0.0797355,0.4810478,0.264,0.07597173,0.4834273,18.3,0,0.03514554,2.649994,0,0,0,0,0.8863159,0.7635252,0.8614595
3.141171,18,5,0.2291377,0.0797355,0.4810478,0.264,0.07597173,0.4834273,18.3,0,0.03514554,2.649994,0,0,0,0,0.8863159,0.7635252,0.8614595
3.143295,18,5,0.2291377,0.0797355,0.4810478,0.264,0.07597173,0.4834273,18.3,0,0.03514554,2.649994,0,0,0,0,0.8863159,0.7635252,0.8614595
3.146019,18,5,0.2291377,0.0797355,0.4810478,0.264,0.07597173,0.4834273,18.3,0,0.03514554,2.649994,0,0,0,0,0.8863159,0.7635252,0.8614595
3.14819,18,5,0.2291377,0.0797355,0.4810478,0.264,0.07597173,0.4834273,18.3,0,0.03514554,2.649994,0,0,0,0,0.8863159,0.7635252,0.8614595
3.150597,18,5,0.2291377,0.0797355,0.4810478,0.264,0.07597173,0.4834273,18.3,0,0.03514554,2.649994,0,0,0,0,0.8863159,0.7635252,0.8614595
3.15358,18,5,0.2291377,0.0797355,0.4810478,0.264,0.07597173,0.4834273,18.3,0,0.03514554,2.649994,0,0,0,0,0.8863159,0.7635252,0.8614595
3.15591,18,5,0.2291377,0.0797355,0.4810478,0.264,0.07597173,0.4834273,18.3,0,0.03514554,2.649994,0,0,0,0,0.8863159,0.7635252,0.8614595
3.158169,18,5,0.2291377,0.0797355,0.4810478,0.264,0.07597173,0.4834273,18.3,0,0.03514554,2.649994,0,0,0,0,0.8863159,0.7635252,0.8614595
3.160442,18,5,0.2291377,0.0797355,0.4810478,0.264,0.07597173,0.4834273,18.3,0,0.03514554,2.649994,0,0,0,0,0.8863159,0.7635252,0.8614595
3.162651,18,5,0.2291377,0.0797355,0.4810478,0.264,0.07597173,0.4834273,18.3,0,0.03514554,2.649994,0,0,0,0,0.8863159,0.7635252,0.8614595
3.165756,18,5,0.2291377,0.0797355,0.4810478,0.264,0.07597173,0.4834273,18.3,0,0.03514554,2.649994,0,0,0,0,0.8863159,0.7635252,0.8614595
3.168465,18,5,0.2291377,0.0797355,0.4810478,0.264,0.07597173,0.4834273,18.3,0,0.03514554,2.649994,0,0,0,0,0.8863159,0.7635252,0.8614595
3.171852,18,5,0.2291377,0.0797355,0.4810478,0.264,0.07597173,0.4834273,18.3,0,0.03514554,2.649994,0,0,0,0,0.8863159,0.7635252,0.8614595
3.174221,18,5,0.2291377,0.0797355,0.4810478,0.264,0.07597173,0.4834273,18.3,0,0.03514554,2.649994,0,0,0,0,0.8863159,0.7635252,0.8614595
3.176617,18,5,0.2291377,0.0797355,0.4810478,0.264,0.07597173,0.4834273,18.3,0,0.03514554,2.649994,0,0,0,0,0.8863159,0.7635252,0.8614595
3.178734,18,5,0.2291377,0.0797355,0.4810478,0.264,0.07597173,0.4834273,18.3,0,0.03514554,2.649994,0,0,0,0,0.8863159,0.7635252,0.8614595
3.181271,18,5,0.2291377,0.0797355,0.4810478,0.264,0.07597173,0.4834273,18.3,0,0.03514554,2.649994,0,0,0,0,0.8863159,0.7635252,0.8614595
3.18372,18,5,0.2291377,0.0797355,0.4810478,0.264,0.07597173,0.4834273,18.3,0,0.03514554,2.649994,0,0,0,0,0.8863159,0.7635252,0.8614595
3.186699,18,5,0.2291377,0.0797355,0.4810478,0.264,0.07597173,0.4834273,18.3,0,0.03514554,2.649994,0,0,0,0,0.8863159,0.7635252,0.8614595
3.18903,18,5,0.2291377,0.0797355,0.4810478,0.264,0.07597173,0.4834273,18.3,0,0.03514554,2.649994,0,0,0,0,0.8863159,0.7635252,0.8614595
3.191265,18,5,0.2291377,0.0797355,0.4810478,0.264,0.07597173,0.4834273,18.3,0,0.03514554,2.649994,0,0,0,0,0.8863159,0.7635252,0.8614595
3.193451,18,5,0.2291377,0.0797355,0.4810478,0.264,0.07597173,0.4834273,18.3,0,0.03514554,2.649994,0,0,0,0,0.8863159,0.7635252,0.8614595
3.195675,18,5,0.2291377,0.0797355,0.4810478,0.264,0.07597173,0.4834273,18.3,0,0.03514554,2.649994,0,0,0,0,0.8863159,0.7635252,0.8614595
3.198074,18,5,0.2291377,0.0797355,0.4810478,0.264,0.07597173,0.4834273,18.3,0,0.03514554,2.649994,0,0,0,0,0.8863159,0.7635252,0.8614595
3.200275,18,5,0.2291377,0.0797355,0.4810478,0.264,0.07597173,0.4834273,18.3,0,0.03514554,2.649994,0,0,0,0,0.8863159,0.7635252,0.8614595
3.202847,18,5,0.2291377,0.0797355,0.4810478,0.264,0.07597173,0.4834273,18.3,0,0.03514554,2.649994,0,0,0,0,0.8863159,0.7635252,0.8614595
3.205505,18,5,0.2291377,0.0797355,0.4810478,0.264,0.07597173,0.4834273,18.3,0,0.03514554,2.649994,0,0,0,0,0.8863159,0.7635252,0.8614595
3.207714,18,5,0.2291377,0.0797355,0.4810478,0.264,0.07597173,0.4834273,18.3,0,0.03514554,2.649994,0,0,0,0,0.8863159,0.7635252,0.8614595
3.209995,18,5,0.2291377,0.0797355,0.4810478,0.264,0.07597173,0.4834273,18.3,0,0.03514554,2.649994,0,0,0,0,0.8863159,0.7635252,0.8614595
3.212749,18,5,0.2291377,0.0797355,0.4810478,0.264,0.07597173,0.4834273,18.3,0,0.03514554,2.649994,0,0,0,0,0.8863159,0.7635252,0.8614595
3.215569,18,5,0.2291377,0.0797355,0.4810478,0.264,0.07597173,0.4834273,18.3,0,0.03514554,2.649994,0,0,0,0,0.8863159,0.7635252,0.8614595
3.218258,18,5,0.2291377,0.0797355,0.4810478,0.264,0.07597173,0.4834273,18.3,0,0.03514554,2.649994,0,0,0,0,0.8863159,0.7635252,0.8614595
3.221088,18,5,0.2291377,0.0797355,0.4810478,0.264,0.07597173,0.4834273,18.3,0,0.03514554,2.649994,0,0,0,0,0.8863159,0.7635252,0.8614595
3.223412,18,5,0.2291377,0.0797355,0.4810478,0.264,0.07597173,0.4834273,18.3,0,0.03514554,2.649994,0,0,0,0,0.8863159,0.7635252,0.8614595
3.225986,18,5,0.2291377,0.0797355,0.4810478,0.264,0.07597173,0.4834273,18.3,0,0.03514554,2.649994,0,0,0,0,0.8863159,0.7635252,0.8614595
3.228287,18,5,0.2291377,0.0797355,0.4810478,0.264,0.07597173,0.4834273,18.3,0,0.03514554,2.649994,0,0,0,0,0.8863159,0.7635252,0.8614595
3.230656,18,5,0.2291377,0.0797355,0.4810478,0.264,0.07597173,0.4834273,18.3,0,0.03514554,2.649994,0,0,0,0,0.8863159,0.7635252,0.8614595
3.232903,18,5,0.2291377,0.0797355,0.4810478,0.264,0.07597173,0.4834273,18.3,0,0.03514554,2.649994,0,0,0,0,0.8863159,0.7635252,0.8614595
3.235184,18,5,0.2291377,0.0797355,0.4810478,0.264,0.07597173,0.4834273,18.3,0,0.03514554,2.649994,0,0,0,0,0.8863159,0.7635252,0.8614595
3.237694,18,5,0.2291377,0.0797355,0.4810478,0.264,0.07597173,0.4834273,18.3,0,0.03514554,2.649994,0,0,0,0,0.8863159,0.7635252,0.8614595
3.239979,18,5,0.2291377,0.0797355,0.4810478,0.264,0.07597173,0.4834273,18.3,0,0.03514554,2.649994,0,0,0,0,0.8863159,0.7635252,0.8614595
3.242321,18,5,0.2291377,0.0797355,0.4810478,0.264,0.07597173,0.4834273,18.3,0,0.03514554,2.649994,0,0,0,0,0.8863159,0.7635252,0.8614595
3.246056,18,5,0.2291377,0.0797355,0.4810478,0.264,0.07597173,0.4834273,18.3,0,0.03514554,2.649994,0,0,0,0,0.8863159,0.7635252,0.8614595
3.248425,18,5,0.2291377,0.0797355,0.4810478,0.264,0.07597173,0.4834273,18.3,0,0.03514554,2.649994,0,0,0,0,0.8863159,0.7635252,0.8614595
3.250744,18,5,0.2291377,0.0797355,0.4810478,0.264,0.07597173,0.4834273,18.3,0,0.03514554,2.649994,0,0,0,0,0.8863159,0.7635252,0.8614595
3.25338,18,5,0.2291377,0.0797355,0.4810478,0.264,0.07597173,0.4834273,18.3,0,0.03514554,2.649994,0,0,0,0,0.8863159,0.7635252,0.8614595
3.255688,18,5,0.2291377,0.0797355,0.4810478,0.264,0.07597173,0.4834273,18.3,0,0.03514554,2.649994,0,0,0,0,0.8863159,0.7635252,0.8614595
3.257915,18,5,0.2291377,0.0797355,0.4810478,0.264,0.07597173,0.4834273,18.3,0,0.03514554,2.649994,0,0,0,0,0.8863159,0.7635252,0.8614595
3.260399,18,5,0.2291377,0.0797355,0.4810478,0.264,0.07597173,0.4834273,18.3,0,0.03514554,2.649994,0,0,0,0,0.8863159,0.7635252,0.8614595
3.262604,18,5,0.2291377,0.0797355,0.4810478,0.264,0.07597173,0.4834273,18.3,0,0.03514554,2.649994,0,0,0,0,0.8863159,0.7635252,0.8614595
3.265202,18,5,0.2291377,0.0797355,0.4810478,0.264,0.07597173,0.4834273,18.3,0,0.03514554,2.649994,0,0,0,0,0.8863159,0.7635252,0.8614595
3.267647,18,5,0.2291377,0.0797355,0.4810478,0.264,0.07597173,0.4834273,18.3,0,0.03514554,2.649994,0,0,0,0,0.8863159,0.7635252,0.8614595
3.270443,18,5,0.2291377,0.0797355,0.4810478,0.264,0.07597173,0.4834273,18.3,0,0.03514554,2.649994,0,0,0,0,0.8863159,0.7635252,0.8614595
3.272743,18,5,0.2291377,0.0797355,0.4810478,0.264,0.07597173,0.4834273,18.3,0,0.03514554,2.649994,0,0,0,0,0.8863159,0.7635252,0.8614595
3.275375,18,5,0.2291377,0.0797355,0.4810478,0.264,0.07597173,0.4834273,18.3,0,0.03514554,2.649994,0,0,0,0,0.8863159,0.7635252,0.8614595
3.27766,18,5,0.2291377,0.0797355,0.4810478,0.264,0.07597173,0.4834273,18.3,0,0.03514554,2.649994,0,0,0,0,0.8863159,0.7635252,0.8614595
3.279873,18,5,0.2291377,0.0797355,0.4810478,0.264,0.07597173,0.4834273,18.3,0,0.03514554,2.649994,0,0,0,0,0.8863159,0.7635252,0.8614595
3.282402,18,5,0.2291377,0.0797355,0.4810478,0.264,0.07597173,0.4834273,18.3,0,0.03514554,2.649994,0,0,0,0,0.8863159,0.7635252,0.8614595
3.285248,18,5,0.2291377,0.0797355,0.4810478,0.264,0.07597173,0.4834273,18.3,0,0.03514554,2.649994,0,0,0,0,0.8863159,0.7635252,0.8614595
3.2878,18,5,0.2291377,0.0797355,0.4810478,0.264,0.07597173,0.4834273,18.3,0,0.03514554,2.649994,0,0,0,0,0.8863159,0.7635252,0.8614595
3.290089,18,5,0.2291377,0.0797355,0.4810478,0.264,0.07597173,0.4834273,18.3,0,0.03514554,2.649994,0,0,0,0,0.8863159,0.7635252,0.8614595
3.292355,18,5,0.2291377,0.0797355,0.4810478,0.264,0.07597173,0.4834273,18.3,0,0.03514554,2.649994,0,0,0,0,0.8863159,0.7635252,0.8614595
3.294518,18,5,0.2291377,0.0797355,0.4810478,0.264,0.07597173,0.4834273,18.3,0,0.03514554,2.649994,0,0,0,0,0.8863159,0.7635252,0.8614595
3.296749,18,5,0.2291377,0.0797355,0.4810478,0.264,0.07597173,0.4834273,18.3,0,0.03514554,2.649994,0,0,0,0,0.8863159,0.7635252,0.8614595
3.298904,18,5,0.2291377,0.0797355,0.4810478,0.264,0.07597173,0.4834273,18.3,0,0.03514554,2.649994,0,0,0,0,0.8863159,0.7635252,0.8614595
3.30117,18,5,0.2291377,0.0797355,0.4810478,0.264,0.07597173,0.4834273,18.3,0,0.03514554,2.649994,0,0,0,0,0.8863159,0.7635252,0.8614595
3.304272,18,5,0.2291377,0.0797355,0.4810478,0.264,0.07597173,0.4834273,18.3,0,0.03514554,2.649994,0,0,0,0,0.8863159,0.7635252,0.8614595
3.307167,18,5,0.2291377,0.0797355,0.4810478,0.264,0.07597173,0.4834273,18.3,0,0.03514554,2.649994,0,0,0,0,0.8863159,0.7635252,0.8614595
3.309597,18,5,0.2291377,0.0797355,0.4810478,0.264,0.07597173,0.4834273,18.3,0,0.03514554,2.649994,0,0,0,0,0.8863159,0.7635252,0.8614595
3.312057,18,5,0.2291377,0.0797355,0.4810478,0.264,0.07597173,0.4834273,18.3,0,0.03514554,2.649994,0,0,0,0,0.8863159,0.7635252,0.8614595
3.314388,18,5,0.2291377,0.0797355,0.4810478,0.264,0.07597173,0.4834273,18.3,0,0.03514554,2.649994,0,0,0,0,0.8863159,0.7635252,0.8614595
3.316662,18,5,0.2291377,0.0797355,0.4810478,0.264,0.07597173,0.4834273,18.3,0,0.03514554,2.649994,0,0,0,0,0.8863159,0.7635252,0.8614595
3.319393,18,5,0.2291377,0.0797355,0.4810478,0.264,0.07597173,0.4834273,18.3,0,0.03514554,2.649994,0,0,0,0,0.8863159,0.7635252,0.8614595
3.322014,18,5,0.2291377,0.0797355,0.4810478,0.264,0.07597173,0.4834273,18.3,0,0.03514554,2.649994,0,0,0,0,0.8863159,0.7635252,0.8614595
3.324524,18,5,0.2291377,0.0797355,0.4810478,0.264,0.07597173,0.4834273,18.3,0,0.03514554,2.649994,0,0,0,0,0.8863159,0.7635252,0.8614595
3.326893,18,5,0.2291377,0.0797355,0.4810478,0.264,0.07597173,0.4834273,18.3,0,0.03514554,2.649994,0,0,0,0,0.8863159,0.7635252,0.8614595
3.32917,18,5,0.2291377,0.0797355,0.4810478,0.264,0.07597173,0.4834273,18.3,0,0.03514554,2.649994,0,0,0,0,0.8863159,0.7635252,0.8614595
3.331367,18,5,0.2291377,0.0797355,0.4810478,0.264,0.07597173,0.4834273,18.3,0,0.03514554,2.649994,0,0,0,0,0.8863159,0.7635252,0.8614595
3.333961,18,5,0.2291377,0.0797355,0.4810478,0.264,0.07597173,0.4834273,18.3,0,0.03514554,2.649994,0,0,0,0,0.8863159,0.7635252,0.8614595
3.337635,18,5,0.2291377,0.0797355,0.4810478,0.264,0.07597173,0.4834273,18.3,0,0.03514554,2.649994,0,0,0,0,0.8863159,0.7635252,0.8614595
3.339977,18,5,0.2291377,0.0797355,0.4810478,0.264,0.07597173,0.4834273,18.3,0,0.03514554,2.649994,0,0,0,0,0.8863159,0.7635252,0.8614595
3.342216,18,5,0.2291377,0.0797355,0.4810478,0.264,0.07597173,0.4834273,18.3,0,0.03514554,2.649994,0,0,0,0,0.8863159,0.7635252,0.8614595
3.34499,18,5,0.2291377,0.0797355,0.4810478,0.264,0.07597173,0.4834273,18.3,0,0.03514554,2.649994,0,0,0,0,0.8863159,0.7635252,0.8614595
3.347363,18,5,0.2291377,0.0797355,0.4810478,0.264,0.07597173,0.4834273,18.3,0,0.03514554,2.649994,0,0,0,0,0.8863159,0.7635252,0.8614595
3.349712,18,5,0.2291377,0.0797355,0.4810478,0.264,0.07597173,0.4834273,18.3,0,0.03514554,2.649994,0,0,0,0,0.8863159,0.7635252,0.8614595
3.353069,18,5,0.2291377,0.0797355,0.4810478,0.264,0.07597173,0.4834273,18.3,0,0.03514554,2.649994,0,0,0,0,0.8863159,0.7635252,0.8614595
3.355423,18,5,0.2291377,0.0797355,0.4810478,0.264,0.07597173,0.4834273,18.3,0,0.03514554,2.649994,0,0,0,0,0.8863159,0.7635252,0.8614595
3.357586,18,5,0.2291377,0.0797355,0.4810478,0.264,0.07597173,0.4834273,18.3,0,0.03514554,2.649994,0,0,0,0,0.8863159,0.7635252,0.8614595
3.359924,18,5,0.2291377,0.0797355,0.4810478,0.264,0.07597173,0.4834273,18.3,0,0.03514554,2.649994,0,0,0,0,0.8863159,0.7635252,0.8614595
3.362186,18,5,0.2291377,0.0797355,0.4810478,0.264,0.07597173,0.4834273,18.3,0,0.03514554,2.649994,0,0,0,0,0.8863159,0.7635252,0.8614595
3.364979,18,5,0.2291377,0.0797355,0.4810478,0.264,0.07597173,0.4834273,18.3,0,0.03514554,2.649994,0,0,0,0,0.8863159,0.7635252,0.8614595
3.367496,18,5,0.2291377,0.0797355,0.4810478,0.264,0.07597173,0.4834273,18.3,0,0.03514554,2.649994,0,0,0,0,0.8863159,0.7635252,0.8614595
3.370796,18,5,0.2291377,0.0797355,0.4810478,0.264,0.07597173,0.4834273,18.3,0,0.03514554,2.649994,0,0,0,0,0.8863159,0.7635252,0.8614595
3.373043,18,5,0.2291377,0.0797355,0.4810478,0.264,0.07597173,0.4834273,18.3,0,0.03514554,2.649994,0,0,0,0,0.8863159,0.7635252,0.8614595
3.375134,18,5,0.2291377,0.0797355,0.4810478,0.264,0.07597173,0.4834273,18.3,0,0.03514554,2.649994,0,0,0,0,0.8863159,0.7635252,0.8614595
3.377377,18,5,0.2291377,0.0797355,0.4810478,0.264,0.07597173,0.4834273,18.3,0,0.03514554,2.649994,0,0,0,0,0.8863159,0.7635252,0.8614595
3.379726,18,5,0.2291377,0.0797355,0.4810478,0.264,0.07597173,0.4834273,18.3,0,0.03514554,2.649994,0,0,0,0,0.8863159,0.7635252,0.8614595
3.382202,18,5,0.2291377,0.0797355,0.4810478,0.264,0.07597173,0.4834273,18.3,0,0.03514554,2.649994,0,0,0,0,0.8863159,0.7635252,0.8614595
3.385841,18,5,0.2291377,0.0797355,0.4810478,0.264,0.07597173,0.4834273,18.3,0,0.03514554,2.649994,0,0,0,0,0.8863159,0.7635252,0.8614595
3.388218,18,5,0.2291377,0.0797355,0.4810478,0.264,0.07597173,0.4834273,18.3,0,0.03514554,2.649994,0,0,0,0,0.8863159,0.7635252,0.8614595
3.390438,18,5,0.2291377,0.0797355,0.4810478,0.264,0.07597173,0.4834273,18.3,0,0.03514554,2.649994,0,0,0,0,0.8863159,0.7635252,0.8614595
3.392895,18,5,0.2291377,0.0797355,0.4810478,0.264,0.07597173,0.4834273,18.3,0,0.03514554,2.649994,0,0,0,0,0.8863159,0.7635252,0.8614595
3.395153,18,5,0.2291377,0.0797355,0.4810478,0.264,0.07597173,0.4834273,18.3,0,0.03514554,2.649994,0,0,0,0,0.8863159,0.7635252,0.8614595
3.397541,18,5,0.2291377,0.0797355,0.4810478,0.264,0.07597173,0.4834273,18.3,0,0.03514554,2.649994,0,0,0,0,0.8863159,0.7635252,0.8614595
3.39994,18,5,0.2291377,0.0797355,0.4810478,0.264,0.07597173,0.4834273,18.3,0,0.03514554,2.649994,0,0,0,0,0.8863159,0.7635252,0.8614595
3.402538,18,5,0.2291377,0.0797355,0.4810478,0.264,0.07597173,0.4834273,18.3,0,0.03514554,2.649994,0,0,0,0,0.8863159,0.7635252,0.8614595
3.405212,18,5,0.2291377,0.0797355,0.4810478,0.264,0.07597173,0.4834273,18.3,0,0.03514554,2.649994,0,0,0,0,0.8863159,0.7635252,0.8614595
3.4077,18,5,0.2291377,0.0797355,0.4810478,0.264,0.07597173,0.4834273,18.3,0,0.03514554,2.649994,0,0,0,0,0.8863159,0.7635252,0.8614595
3.410194,18,5,0.2291377,0.0797355,0.4810478,0.264,0.07597173,0.4834273,18.3,0,0.03514554,2.649994,0,0,0,0,0.8863159,0.7635252,0.8614595
3.412518,18,5,0.2291377,0.0797355,0.4810478,0.264,0.07597173,0.4834273,18.3,0,0.03514554,2.649994,0,0,0,0,0.8863159,0.7635252,0.8614595
3.415253,18,5,0.2291377,0.0797355,0.4810478,0.264,0.07597173,0.4834273,18.3,0,0.03514554,2.649994,0,0,0,0,0.8863159,0.7635252,0.8614595
3.418678,18,5,0.2291377,0.0797355,0.4810478,0.264,0.07597173,0.4834273,18.3,0,0.03514554,2.649994,0,0,0,0,0.8863159,0.7635252,0.8614595
3.421318,18,5,0.2291377,0.0797355,0.4810478,0.264,0.07597173,0.4834273,18.3,0,0.03514554,2.649994,0,0,0,0,0.8863159,0.7635252,0.8614595
3.423637,18,5,0.2291377,0.0797355,0.4810478,0.264,0.07597173,0.4834273,18.3,0,0.03514554,2.649994,0,0,0,0,0.8863159,0.7635252,0.8614595
3.426342,18,5,0.2291377,0.0797355,0.4810478,0.264,0.07597173,0.4834273,18.3,0,0.03514554,2.649994,0,0,0,0,0.8863159,0.7635252,0.8614595
3.428589,18,5,0.2291377,0.0797355,0.4810478,0.264,0.07597173,0.4834273,18.3,0,0.03514554,2.649994,0,0,0,0,0.8863159,0.7635252,0.8614595
3.430897,18,5,0.2291377,0.0797355,0.4810478,0.264,0.07597173,0.4834273,18.3,0,0.03514554,2.649994,0,0,0,0,0.8863159,0.7635252,0.8614595
3.43309,18,5,0.2291377,0.0797355,0.4810478,0.264,0.07597173,0.4834273,18.3,0,0.03514554,2.649994,0,0,0,0,0.8863159,0.7635252,0.8614595
3.435375,18,5,0.2291377,0.0797355,0.4810478,0.264,0.07597173,0.4834273,18.3,0,0.03514554,2.649994,0,0,0,0,0.8863159,0.7635252,0.8614595
3.437759,18,5,0.2291377,0.0797355,0.4810478,0.264,0.07597173,0.4834273,18.3,0,0.03514554,2.649994,0,0,0,0,0.8863159,0.7635252,0.8614595
3.43998,18,5,0.2291377,0.0797355,0.4810478,0.264,0.07597173,0.4834273,18.3,0,0.03514554,2.649994,0,0,0,0,0.8863159,0.7635252,0.8614595
3.442181,18,5,0.2291377,0.0797355,0.4810478,0.264,0.07597173,0.4834273,18.3,0,0.03514554,2.649994,0,0,0,0,0.8863159,0.7635252,0.8614595
3.444874,18,5,0.2291377,0.0797355,0.4810478,0.264,0.07597173,0.4834273,18.3,0,0.03514554,2.649994,0,0,0,0,0.8863159,0.7635252,0.8614595
3.447392,18,5,0.2291377,0.0797355,0.4810478,0.264,0.07597173,0.4834273,18.3,0,0.03514554,2.649994,0,0,0,0,0.8863159,0.7635252,0.8614595
3.449554,18,5,0.2291377,0.0797355,0.4810478,0.264,0.07597173,0.4834273,18.3,0,0.03514554,2.649994,0,0,0,0,0.8863159,0.7635252,0.8614595
3.452015,18,5,0.2291377,0.0797355,0.4810478,0.264,0.07597173,0.4834273,18.3,0,0.03514554,2.649994,0,0,0,0,0.8863159,0.7635252,0.8614595
3.454395,18,5,0.2291377,0.0797355,0.4810478,0.264,0.07597173,0.4834273,18.3,0,0.03514554,2.649994,0,0,0,0,0.8863159,0.7635252,0.8614595
3.456593,18,5,0.2291377,0.0797355,0.4810478,0.264,0.07597173,0.4834273,18.3,0,0.03514554,2.649994,0,0,0,0,0.8863159,0.7635252,0.8614595
3.458874,18,5,0.2291377,0.0797355,0.4810478,0.264,0.07597173,0.4834273,18.3,0,0.03514554,2.649994,0,0,0,0,0.8863159,0.7635252,0.8614595
3.461201,18,5,0.2291377,0.0797355,0.4810478,0.264,0.07597173,0.4834273,18.3,0,0.03514554,2.649994,0,0,0,0,0.8863159,0.7635252,0.8614595
3.463894,18,5,0.2291377,0.0797355,0.4810478,0.264,0.07597173,0.4834273,18.3,0,0.03514554,2.649994,0,0,0,0,0.8863159,0.7635252,0.8614595
3.466599,18,5,0.2291377,0.0797355,0.4810478,0.264,0.07597173,0.4834273,18.3,0,0.03514554,2.649994,0,0,0,0,0.8863159,0.7635252,0.8614595
3.469215,18,5,0.2291377,0.0797355,0.4810478,0.264,0.07597173,0.4834273,18.3,0,0.03514554,2.649994,0,0,0,0,0.8863159,0.7635252,0.8614595
3.471748,18,5,0.2291377,0.0797355,0.4810478,0.264,0.07597173,0.4834273,18.3,0,0.03514554,2.649994,0,0,0,0,0.8863159,0.7635252,0.8614595
3.474064,18,5,0.2291377,0.0797355,0.4810478,0.264,0.07597173,0.4834273,18.3,0,0.03514554,2.649994,0,0,0,0,0.8863159,0.7635252,0.8614595
3.476334,18,5,0.2291377,0.0797355,0.4810478,0.264,0.07597173,0.4834273,18.3,0,0.03514554,2.649994,0,0,0,0,0.8863159,0.7635252,0.8614595
3.478771,18,5,0.2291377,0.0797355,0.4810478,0.264,0.07597173,0.4834273,18.3,0,0.03514554,2.649994,0,0,0,0,0.8863159,0.7635252,0.8614595
3.481068,18,5,0.2291377,0.0797355,0.4810478,0.264,0.07597173,0.4834273,18.3,0,0.03514554,2.649994,0,0,0,0,0.8863159,0.7635252,0.8614595
3.483311,18,5,0.2291377,0.0797355,0.4810478,0.264,0.07597173,0.4834273,18.3,0,0.03514554,2.649994,0,0,0,0,0.8863159,0.7635252,0.8614595
3.486202,18,5,0.2291377,0.0797355,0.4810478,0.264,0.07597173,0.4834273,18.3,0,0.03514554,2.649994,0,0,0,0,0.8863159,0.7635252,0.8614595
3.488861,18,5,0.2291377,0.0797355,0.4810478,0.264,0.07597173,0.4834273,18.3,0,0.03514554,2.649994,0,0,0,0,0.8863159,0.7635252,0.8614595
3.491276,18,5,0.2291377,0.0797355,0.4810478,0.264,0.07597173,0.4834273,18.3,0,0.03514554,2.649994,0,0,0,0,0.8863159,0.7635252,0.8614595
3.494217,18,5,0.2291377,0.0797355,0.4810478,0.264,0.07597173,0.4834273,18.3,0,0.03514554,2.649994,0,0,0,0,0.8863159,0.7635252,0.8614595
3.496799,18,5,0.2291377,0.0797355,0.4810478,0.264,0.07597173,0.4834273,18.3,0,0.03514554,2.649994,0,0,0,0,0.8863159,0.7635252,0.8614595
3.499935,18,5,0.2291377,0.0797355,0.4810478,0.264,0.07597173,0.4834273,18.3,0,0.03514554,2.649994,0,0,0,0,0.8863159,0.7635252,0.8614595
3.50309,18,5,0.2291377,0.0797355,0.4810478,0.264,0.07597173,0.4834273,18.3,0,0.03514554,2.649994,0,0,0,0,0.8863159,0.7635252,0.8614595
3.505909,18,5,0.2291377,0.0797355,0.4810478,0.264,0.07597173,0.4834273,18.3,0,0.03514554,2.649994,0,0,0,0,0.8863159,0.7635252,0.8614595
3.508396,18,5,0.2291377,0.0797355,0.4810478,0.264,0.07597173,0.4834273,18.3,0,0.03514554,2.649994,0,0,0,0,0.8863159,0.7635252,0.8614595
3.510853,18,5,0.2291377,0.0797355,0.4810478,0.264,0.07597173,0.4834273,18.3,0,0.03514554,2.649994,0,0,0,0,0.8863159,0.7635252,0.8614595
3.513992,18,5,0.2291377,0.0797355,0.4810478,0.264,0.07597173,0.4834273,18.3,0,0.03514554,2.649994,0,0,0,0,0.8863159,0.7635252,0.8614595
3.516685,18,5,0.2291377,0.0797355,0.4810478,0.264,0.07597173,0.4834273,18.3,0,0.03514554,2.649994,0,0,0,0,0.8863159,0.7635252,0.8614595
3.520008,18,5,0.2291377,0.0797355,0.4810478,0.264,0.07597173,0.4834273,18.3,0,0.03514554,2.649994,0,0,0,0,0.8863159,0.7635252,0.8614595
3.522652,18,5,0.2291377,0.0797355,0.4810478,0.264,0.07597173,0.4834273,18.3,0,0.03514554,2.649994,0,0,0,0,0.8863159,0.7635252,0.8614595
3.525536,18,5,0.2291377,0.0797355,0.4810478,0.264,0.07597173,0.4834273,18.3,0,0.03514554,2.649994,0,0,0,0,0.8863159,0.7635252,0.8614595
3.527782,18,5,0.2291377,0.0797355,0.4810478,0.264,0.07597173,0.4834273,18.3,0,0.03514554,2.649994,0,0,0,0,0.8863159,0.7635252,0.8614595
3.529911,18,5,0.2291377,0.0797355,0.4810478,0.264,0.07597173,0.4834273,18.3,0,0.03514554,2.649994,0,0,0,0,0.8863159,0.7635252,0.8614595
3.532169,18,5,0.2291377,0.0797355,0.4810478,0.264,0.07597173,0.4834273,18.3,0,0.03514554,2.649994,0,0,0,0,0.8863159,0.7635252,0.8614595
3.534378,18,5,0.2291377,0.0797355,0.4810478,0.264,0.07597173,0.4834273,18.3,0,0.03514554,2.649994,0,0,0,0,0.8863159,0.7635252,0.8614595
3.537178,18,5,0.2291377,0.0797355,0.4810478,0.264,0.07597173,0.4834273,18.3,0,0.03514554,2.649994,0,0,0,0,0.8863159,0.7635252,0.8614595
3.539551,18,5,0.2291377,0.0797355,0.4810478,0.264,0.07597173,0.4834273,18.3,0,0.03514554,2.649994,0,0,0,0,0.8863159,0.7635252,0.8614595
3.541927,18,5,0.2291377,0.0797355,0.4810478,0.264,0.07597173,0.4834273,18.3,0,0.03514554,2.649994,0,0,0,0,0.8863159,0.7635252,0.8614595
3.544689,18,5,0.2291377,0.0797355,0.4810478,0.264,0.07597173,0.4834273,18.3,0,0.03514554,2.649994,0,0,0,0,0.8863159,0.7635252,0.8614595
3.547039,18,5,0.2291377,0.0797355,0.4810478,0.264,0.07597173,0.4834273,18.3,0,0.03514554,2.649994,0,0,0,0,0.8863159,0.7635252,0.8614595
3.549374,18,5,0.2291377,0.0797355,0.4810478,0.264,0.07597173,0.4834273,18.3,0,0.03514554,2.649994,0,0,0,0,0.8863159,0.7635252,0.8614595
3.551872,18,5,0.2291377,0.0797355,0.4810478,0.264,0.07597173,0.4834273,18.3,0,0.03514554,2.649994,0,0,0,0,0.8863159,0.7635252,0.8614595
3.554264,18,5,0.2291377,0.0797355,0.4810478,0.264,0.07597173,0.4834273,18.3,0,0.03514554,2.649994,0,0,0,0,0.8863159,0.7635252,0.8614595
3.556671,18,5,0.2291377,0.0797355,0.4810478,0.264,0.07597173,0.4834273,18.3,0,0.03514554,2.649994,0,0,0,0,0.8863159,0.7635252,0.8614595
3.558914,18,5,0.2291377,0.0797355,0.4810478,0.264,0.07597173,0.4834273,18.3,0,0.03514554,2.649994,0,0,0,0,0.8863159,0.7635252,0.8614595
3.561184,18,5,0.2291377,0.0797355,0.4810478,0.264,0.07597173,0.4834273,18.3,0,0.03514554,2.649994,0,0,0,0,0.8863159,0.7635252,0.8614595
3.563332,18,5,0.2291377,0.0797355,0.4810478,0.264,0.07597173,0.4834273,18.3,0,0.03514554,2.649994,0,0,0,0,0.8863159,0.7635252,0.8614595
3.565727,18,5,0.2291377,0.0797355,0.4810478,0.264,0.07597173,0.4834273,18.3,0,0.03514554,2.649994,0,0,0,0,0.8863159,0.7635252,0.8614595
3.568104,18,5,0.2291377,0.0797355,0.4810478,0.264,0.07597173,0.4834273,18.3,0,0.03514554,2.649994,0,0,0,0,0.8863159,0.7635252,0.8614595
3.571033,18,5,0.2291377,0.0797355,0.4810478,0.264,0.07597173,0.4834273,18.3,0,0.03514554,2.649994,0,0,0,0,0.8863159,0.7635252,0.8614595
3.573505,18,5,0.2291377,0.0797355,0.4810478,0.264,0.07597173,0.4834273,18.3,0,0.03514554,2.649994,0,0,0,0,0.8863159,0.7635252,0.8614595
3.575775,18,5,0.2291377,0.0797355,0.4810478,0.264,0.07597173,0.4834273,18.3,0,0.03514554,2.649994,0,0,0,0,0.8863159,0.7635252,0.8614595
3.578098,18,5,0.2291377,0.0797355,0.4810478,0.264,0.07597173,0.4834273,18.3,0,0.03514554,2.649994,0,0,0,0,0.8863159,0.7635252,0.8614595
3.580235,18,5,0.2291377,0.0797355,0.4810478,0.264,0.07597173,0.4834273,18.3,0,0.03514554,2.649994,0,0,0,0,0.8863159,0.7635252,0.8614595
3.582348,18,5,0.2291377,0.0797355,0.4810478,0.264,0.07597173,0.4834273,18.3,0,0.03514554,2.649994,0,0,0,0,0.8863159,0.7635252,0.8614595
3.586056,18,5,0.2291377,0.0797355,0.4810478,0.264,0.07597173,0.4834273,18.3,0,0.03514554,2.649994,0,0,0,0,0.8863159,0.7635252,0.8614595
3.588726,18,5,0.2291377,0.0797355,0.4810478,0.264,0.07597173,0.4834273,18.3,0,0.03514554,2.649994,0,0,0,0,0.8863159,0.7635252,0.8614595
3.590958,18,5,0.2291377,0.0797355,0.4810478,0.264,0.07597173,0.4834273,18.3,0,0.03514554,2.649994,0,0,0,0,0.8863159,0.7635252,0.8614595
3.593315,18,5,0.2291377,0.0797355,0.4810478,0.264,0.07597173,0.4834273,18.3,0,0.03514554,2.649994,0,0,0,0,0.8863159,0.7635252,0.8614595
3.595596,18,5,0.2291377,0.0797355,0.4810478,0.264,0.07597173,0.4834273,18.3,0,0.03514554,2.649994,0,0,0,0,0.8863159,0.7635252,0.8614595
3.598057,18,5,0.2291377,0.0797355,0.4810478,0.264,0.07597173,0.4834273,18.3,0,0.03514554,2.649994,0,0,0,0,0.8863159,0.7635252,0.8614595
3.600201,18,5,0.2291377,0.0797355,0.4810478,0.264,0.07597173,0.4834273,18.3,0,0.03514554,2.649994,0,0,0,0,0.8863159,0.7635252,0.8614595
3.602962,18,5,0.2291377,0.0797355,0.4810478,0.264,0.07597173,0.4834273,18.3,0,0.03514554,2.649994,0,0,0,0,0.8863159,0.7635252,0.8614595
3.605793,18,5,0.2291377,0.0797355,0.4810478,0.264,0.07597173,0.4834273,18.3,0,0.03514554,2.649994,0,0,0,0,0.8863159,0.7635252,0.8614595
3.608059,18,5,0.2291377,0.0797355,0.4810478,0.264,0.07597173,0.4834273,18.3,0,0.03514554,2.649994,0,0,0,0,0.8863159,0.7635252,0.8614595
3.610363,18,5,0.2291377,0.0797355,0.4810478,0.264,0.07597173,0.4834273,18.3,0,0.03514554,2.649994,0,0,0,0,0.8863159,0.7635252,0.8614595
3.612621,18,5,0.2291377,0.0797355,0.4810478,0.264,0.07597173,0.4834273,18.3,0,0.03514554,2.649994,0,0,0,0,0.8863159,0.7635252,0.8614595
3.614952,18,5,0.2291377,0.0797355,0.4810478,0.264,0.07597173,0.4834273,18.3,0,0.03514554,2.649994,0,0,0,0,0.8863159,0.7635252,0.8614595
3.61731,18,5,0.2291377,0.0797355,0.4810478,0.264,0.07597173,0.4834273,18.3,0,0.03514554,2.649994,0,0,0,0,0.8863159,0.7635252,0.8614595
3.620094,18,5,0.2291377,0.0797355,0.4810478,0.264,0.07597173,0.4834273,18.3,0,0.03514554,2.649994,0,0,0,0,0.8863159,0.7635252,0.8614595
3.622681,18,5,0.2291377,0.0797355,0.4810478,0.264,0.07597173,0.4834273,18.3,0,0.03514554,2.649994,0,0,0,0,0.8863159,0.7635252,0.8614595
3.62532,18,5,0.2291377,0.0797355,0.4810478,0.264,0.07597173,0.4834273,18.3,0,0.03514554,2.649994,0,0,0,0,0.8863159,0.7635252,0.8614595
3.627567,18,5,0.2291377,0.0797355,0.4810478,0.264,0.07597173,0.4834273,18.3,0,0.03514554,2.649994,0,0,0,0,0.8863159,0.7635252,0.8614595
3.62978,18,5,0.2291377,0.0797355,0.4810478,0.264,0.07597173,0.4834273,18.3,0,0.03514554,2.649994,0,0,0,0,0.8863159,0.7635252,0.8614595
3.632469,18,5,0.2291377,0.0797355,0.4810478,0.264,0.07597173,0.4834273,18.3,0,0.03514554,2.649994,0,0,0,0,0.8863159,0.7635252,0.8614595
3.635445,18,5,0.2291377,0.0797355,0.4810478,0.264,0.07597173,0.4834273,18.3,0,0.03514554,2.649994,0,0,0,0,0.8863159,0.7635252,0.8614595
3.637875,18,5,0.2291377,0.0797355,0.4810478,0.264,0.07597173,0.4834273,18.3,0,0.03514554,2.649994,0,0,0,0,0.8863159,0.7635252,0.8614595
3.640209,18,5,0.2291377,0.0797355,0.4810478,0.264,0.07597173,0.4834273,18.3,0,0.03514554,2.649994,0,0,0,0,0.8863159,0.7635252,0.8614595
3.64249,18,5,0.2291377,0.0797355,0.4810478,0.264,0.07597173,0.4834273,18.3,0,0.03514554,2.649994,0,0,0,0,0.8863159,0.7635252,0.8614595
3.645142,18,5,0.2291377,0.0797355,0.4810478,0.264,0.07597173,0.4834273,18.3,0,0.03514554,2.649994,0,0,0,0,0.8863159,0.7635252,0.8614595
3.647469,18,5,0.2291377,0.0797355,0.4810478,0.264,0.07597173,0.4834273,18.3,0,0.03514554,2.649994,0,0,0,0,0.8863159,0.7635252,0.8614595
3.649883,18,5,0.2291377,0.0797355,0.4810478,0.264,0.07597173,0.4834273,18.3,0,0.03514554,2.649994,0,0,0,0,0.8863159,0.7635252,0.8614595
3.65266,18,5,0.2291377,0.0797355,0.4810478,0.264,0.07597173,0.4834273,18.3,0,0.03514554,2.649994,0,0,0,0,0.8863159,0.7635252,0.8614595
3.654945,18,5,0.2291377,0.0797355,0.4810478,0.264,0.07597173,0.4834273,18.3,0,0.03514554,2.649994,0,0,0,0,0.8863159,0.7635252,0.8614595
3.657143,18,5,0.2291377,0.0797355,0.4810478,0.264,0.07597173,0.4834273,18.3,0,0.03514554,2.649994,0,0,0,0,0.8863159,0.7635252,0.8614595
3.659283,18,5,0.2291377,0.0797355,0.4810478,0.264,0.07597173,0.4834273,18.3,0,0.03514554,2.649994,0,0,0,0,0.8863159,0.7635252,0.8614595
3.661621,18,5,0.2291377,0.0797355,0.4810478,0.264,0.07597173,0.4834273,18.3,0,0.03514554,2.649994,0,0,0,0,0.8863159,0.7635252,0.8614595
3.66407,18,5,0.2291377,0.0797355,0.4810478,0.264,0.07597173,0.4834273,18.3,0,0.03514554,2.649994,0,0,0,0,0.8863159,0.7635252,0.8614595
3.666843,18,5,0.2291377,0.0797355,0.4810478,0.264,0.07597173,0.4834273,18.3,0,0.03514554,2.649994,0,0,0,0,0.8863159,0.7635252,0.8614595
3.669949,18,5,0.2291377,0.0797355,0.4810478,0.264,0.07597173,0.4834273,18.3,0,0.03514554,2.649994,0,0,0,0,0.8863159,0.7635252,0.8614595
3.672596,18,5,0.2291377,0.0797355,0.4810478,0.264,0.07597173,0.4834273,18.3,0,0.03514554,2.649994,0,0,0,0,0.8863159,0.7635252,0.8614595
3.674828,18,5,0.2291377,0.0797355,0.4810478,0.264,0.07597173,0.4834273,18.3,0,0.03514554,2.649994,0,0,0,0,0.8863159,0.7635252,0.8614595
3.677216,18,5,0.2291377,0.0797355,0.4810478,0.264,0.07597173,0.4834273,18.3,0,0.03514554,2.649994,0,0,0,0,0.8863159,0.7635252,0.8614595
3.680546,18,5,0.2291377,0.0797355,0.4810478,0.264,0.07597173,0.4834273,18.3,0,0.03514554,2.649994,0,0,0,0,0.8863159,0.7635252,0.8614595
3.682896,18,5,0.2291377,0.0797355,0.4810478,0.264,0.07597173,0.4834273,18.3,0,0.03514554,2.649994,0,0,0,0,0.8863159,0.7635252,0.8614595
3.685997,18,5,0.2291377,0.0797355,0.4810478,0.264,0.07597173,0.4834273,18.3,0,0.03514554,2.649994,0,0,0,0,0.8863159,0.7635252,0.8614595
3.689472,18,5,0.2291377,0.0797355,0.4810478,0.264,0.07597173,0.4834273,18.3,0,0.03514554,2.649994,0,0,0,0,0.8863159,0.7635252,0.8614595
3.691818,18,5,0.2291377,0.0797355,0.4810478,0.264,0.07597173,0.4834273,18.3,0,0.03514554,2.649994,0,0,0,0,0.8863159,0.7635252,0.8614595
3.69418,18,5,0.2291377,0.0797355,0.4810478,0.264,0.07597173,0.4834273,18.3,0,0.03514554,2.649994,0,0,0,0,0.8863159,0.7635252,0.8614595
3.696556,18,5,0.2291377,0.0797355,0.4810478,0.264,0.07597173,0.4834273,18.3,0,0.03514554,2.649994,0,0,0,0,0.8863159,0.7635252,0.8614595
3.698875,18,5,0.2291377,0.0797355,0.4810478,0.264,0.07597173,0.4834273,18.3,0,0.03514554,2.649994,0,0,0,0,0.8863159,0.7635252,0.8614595
3.702751,18,5,0.2291377,0.0797355,0.4810478,0.264,0.07597173,0.4834273,18.3,0,0.03514554,2.649994,0,0,0,0,0.8863159,0.7635252,0.8614595
3.705578,18,5,0.2291377,0.0797355,0.4810478,0.264,0.07597173,0.4834273,18.3,0,0.03514554,2.649994,0,0,0,0,0.8863159,0.7635252,0.8614595
3.71035,18,5,0.2291377,0.0797355,0.4810478,0.264,0.07597173,0.4834273,18.3,0,0.03514554,2.649994,0,0,0,0,0.8863159,0.7635252,0.8614595
3.712696,18,5,0.2291377,0.0797355,0.4810478,0.264,0.07597173,0.4834273,18.3,0,0.03514554,2.649994,0,0,0,0,0.8863159,0.7635252,0.8614595
3.714973,18,5,0.2291377,0.0797355,0.4810478,0.264,0.07597173,0.4834273,18.3,0,0.03514554,2.649994,0,0,0,0,0.8863159,0.7635252,0.8614595
3.718456,18,5,0.2291377,0.0797355,0.4810478,0.264,0.07597173,0.4834273,18.3,0,0.03514554,2.649994,0,0,0,0,0.8863159,0.7635252,0.8614595
3.721901,18,5,0.2291377,0.0797355,0.4810478,0.264,0.07597173,0.4834273,18.3,0,0.03514554,2.649994,0,0,0,0,0.8863159,0.7635252,0.8614595
3.726337,18,5,0.2291377,0.0797355,0.4810478,0.264,0.07597173,0.4834273,18.3,0,0.03514554,2.649994,0,0,0,0,0.8863159,0.7635252,0.8614595
3.728668,18,5,0.2291377,0.0797355,0.4810478,0.264,0.07597173,0.4834273,18.3,0,0.03514554,2.649994,0,0,0,0,0.8863159,0.7635252,0.8614595
3.731167,18,5,0.2291377,0.0797355,0.4810478,0.264,0.07597173,0.4834273,18.3,0,0.03514554,2.649994,0,0,0,0,0.8863159,0.7635252,0.8614595
3.734783,18,5,0.2291377,0.0797355,0.4810478,0.264,0.07597173,0.4834273,18.3,0,0.03514554,2.649994,0,0,0,0,0.8863159,0.7635252,0.8614595
3.737179,18,5,0.2291377,0.0797355,0.4810478,0.264,0.07597173,0.4834273,18.3,0,0.03514554,2.649994,0,0,0,0,0.8863159,0.7635252,0.8614595
3.741196,18,5,0.2291377,0.0797355,0.4810478,0.264,0.07597173,0.4834273,18.3,0,0.03514554,2.649994,0,0,0,0,0.8863159,0.7635252,0.8614595
3.743549,18,5,0.2291377,0.0797355,0.4810478,0.264,0.07597173,0.4834273,18.3,0,0.03514554,2.649994,0,0,0,0,0.8863159,0.7635252,0.8614595
3.747295,18,5,0.2291377,0.0797355,0.4810478,0.264,0.07597173,0.4834273,18.3,0,0.03514554,2.649994,0,0,0,0,0.8863159,0.7635252,0.8614595
3.750629,18,5,0.2291377,0.0797355,0.4810478,0.264,0.07597173,0.4834273,18.3,0,0.03514554,2.649994,0,0,0,0,0.8863159,0.7635252,0.8614595
3.755726,18,5,0.2291377,0.0797355,0.4810478,0.264,0.07597173,0.4834273,18.3,0,0.03514554,2.649994,0,0,0,0,0.8863159,0.7635252,0.8614595
3.761803,18,5,0.2291377,0.0797355,0.4810478,0.264,0.07597173,0.4834273,18.3,0,0.03514554,2.649994,0,0,0,0,0.8863159,0.7635252,0.8614595
3.767063,18,5,0.2291377,0.0797355,0.4810478,0.264,0.07597173,0.4834273,18.3,0,0.03514554,2.649994,0,0,0,0,0.8863159,0.7635252,0.8614595
3.770229,18,5,0.2291377,0.0797355,0.4810478,0.264,0.07597173,0.4834273,18.3,0,0.03514554,2.649994,0,0,0,0,0.8863159,0.7635252,0.8614595
3.772915,18,5,0.2291377,0.0797355,0.4810478,0.264,0.07597173,0.4834273,18.3,0,0.03514554,2.649994,0,0,0,0,0.8863159,0.7635252,0.8614595
3.77713,18,5,0.2291377,0.0797355,0.4810478,0.264,0.07597173,0.4834273,18.3,0,0.03514554,2.649994,0,0,0,0,0.8863159,0.7635252,0.8614595
3.780087,18,5,0.2291377,0.0797355,0.4810478,0.264,0.07597173,0.4834273,18.3,0,0.03514554,2.649994,0,0,0,0,0.8863159,0.7635252,0.8614595
3.783379,18,5,0.2291377,0.0797355,0.4810478,0.264,0.07597173,0.4834273,18.3,0,0.03514554,2.649994,0,0,0,0,0.8863159,0.7635252,0.8614595
3.787148,18,5,0.2291377,0.0797355,0.4810478,0.264,0.07597173,0.4834273,18.3,0,0.03514554,2.649994,0,0,0,0,0.8863159,0.7635252,0.8614595
3.7906,18,5,0.2291377,0.0797355,0.4810478,0.264,0.07597173,0.4834273,18.3,0,0.03514554,2.649994,0,0,0,0,0.8863159,0.7635252,0.8614595
3.795158,18,5,0.2291377,0.0797355,0.4810478,0.264,0.07597173,0.4834273,18.3,0,0.03514554,2.649994,0,0,0,0,0.8863159,0.7635252,0.8614595
3.797474,18,5,0.2291377,0.0797355,0.4810478,0.264,0.07597173,0.4834273,18.3,0,0.03514554,2.649994,0,0,0,0,0.8863159,0.7635252,0.8614595
3.799698,18,5,0.2291377,0.0797355,0.4810478,0.264,0.07597173,0.4834273,18.3,0,0.03514554,2.649994,0,0,0,0,0.8863159,0.7635252,0.8614595
3.802216,18,5,0.2291377,0.0797355,0.4810478,0.264,0.07597173,0.4834273,18.3,0,0.03514554,2.649994,0,0,0,0,0.8863159,0.7635252,0.8614595
3.805473,18,5,0.2291377,0.0797355,0.4810478,0.264,0.07597173,0.4834273,18.3,0,0.03514554,2.649994,0,0,0,0,0.8863159,0.7635252,0.8614595
3.808212,18,5,0.2291377,0.0797355,0.4810478,0.264,0.07597173,0.4834273,18.3,0,0.03514554,2.649994,0,0,0,0,0.8863159,0.7635252,0.8614595
3.810448,18,5,0.2291377,0.0797355,0.4810478,0.264,0.07597173,0.4834273,18.3,0,0.03514554,2.649994,0,0,0,0,0.8863159,0.7635252,0.8614595
3.812737,18,5,0.2291377,0.0797355,0.4810478,0.264,0.07597173,0.4834273,18.3,0,0.03514554,2.649994,0,0,0,0,0.8863159,0.7635252,0.8614595
3.81501,18,5,0.2291377,0.0797355,0.4810478,0.264,0.07597173,0.4834273,18.3,0,0.03514554,2.649994,0,0,0,0,0.8863159,0.7635252,0.8614595
3.817406,18,5,0.2291377,0.0797355,0.4810478,0.264,0.07597173,0.4834273,18.3,0,0.03514554,2.649994,0,0,0,0,0.8863159,0.7635252,0.8614595
3.820374,18,5,0.2291377,0.0797355,0.4810478,0.264,0.07597173,0.4834273,18.3,0,0.03514554,2.649994,0,0,0,0,0.8863159,0.7635252,0.8614595
3.823174,18,5,0.2291377,0.0797355,0.4810478,0.264,0.07597173,0.4834273,18.3,0,0.03514554,2.649994,0,0,0,0,0.8863159,0.7635252,0.8614595
3.825878,18,5,0.2291377,0.0797355,0.4810478,0.264,0.07597173,0.4834273,18.3,0,0.03514554,2.649994,0,0,0,0,0.8863159,0.7635252,0.8614595
3.828239,18,5,0.2291377,0.0797355,0.4810478,0.264,0.07597173,0.4834273,18.3,0,0.03514554,2.649994,0,0,0,0,0.8863159,0.7635252,0.8614595
3.830868,18,5,0.2291377,0.0797355,0.4810478,0.264,0.07597173,0.4834273,18.3,0,0.03514554,2.649994,0,0,0,0,0.8863159,0.7635252,0.8614595
3.833839,18,5,0.2291377,0.0797355,0.4810478,0.264,0.07597173,0.4834273,18.3,0,0.03514554,2.649994,0,0,0,0,0.8863159,0.7635252,0.8614595
3.838352,18,5,0.2291377,0.0797355,0.4810478,0.264,0.07597173,0.4834273,18.3,0,0.03514554,2.649994,0,0,0,0,0.8863159,0.7635252,0.8614595
3.840702,18,5,0.2291377,0.0797355,0.4810478,0.264,0.07597173,0.4834273,18.3,0,0.03514554,2.649994,0,0,0,0,0.8863159,0.7635252,0.8614595
3.843075,18,5,0.2291377,0.0797355,0.4810478,0.264,0.07597173,0.4834273,18.3,0,0.03514554,2.649994,0,0,0,0,0.8863159,0.7635252,0.8614595
3.845837,18,5,0.2291377,0.0797355,0.4810478,0.264,0.07597173,0.4834273,18.3,0,0.03514554,2.649994,0,0,0,0,0.8863159,0.7635252,0.8614595
3.848103,18,5,0.2291377,0.0797355,0.4810478,0.264,0.07597173,0.4834273,18.3,0,0.03514554,2.649994,0,0,0,0,0.8863159,0.7635252,0.8614595
3.850391,18,5,0.2291377,0.0797355,0.4810478,0.264,0.07597173,0.4834273,18.3,0,0.03514554,2.649994,0,0,0,0,0.8863159,0.7635252,0.8614595
3.853474,18,5,0.2291377,0.0797355,0.4810478,0.264,0.07597173,0.4834273,18.3,0,0.03514554,2.649994,0,0,0,0,0.8863159,0.7635252,0.8614595
3.855732,18,5,0.2291377,0.0797355,0.4810478,0.264,0.07597173,0.4834273,18.3,0,0.03514554,2.649994,0,0,0,0,0.8863159,0.7635252,0.8614595
3.858063,18,5,0.2291377,0.0797355,0.4810478,0.264,0.07597173,0.4834273,18.3,0,0.03514554,2.649994,0,0,0,0,0.8863159,0.7635252,0.8614595
3.860291,18,5,0.2291377,0.0797355,0.4810478,0.264,0.07597173,0.4834273,18.3,0,0.03514554,2.649994,0,0,0,0,0.8863159,0.7635252,0.8614595
3.862438,18,5,0.2291377,0.0797355,0.4810478,0.264,0.07597173,0.4834273,18.3,0,0.03514554,2.649994,0,0,0,0,0.8863159,0.7635252,0.8614595
3.865223,18,5,0.2291377,0.0797355,0.4810478,0.264,0.07597173,0.4834273,18.3,0,0.03514554,2.649994,0,0,0,0,0.8863159,0.7635252,0.8614595
3.867779,18,5,0.2291377,0.0797355,0.4810478,0.264,0.07597173,0.4834273,18.3,0,0.03514554,2.649994,0,0,0,0,0.8863159,0.7635252,0.8614595
3.87043,18,5,0.2291377,0.0797355,0.4810478,0.264,0.07597173,0.4834273,18.3,0,0.03514554,2.649994,0,0,0,0,0.8863159,0.7635252,0.8614595
3.872765,18,5,0.2291377,0.0797355,0.4810478,0.264,0.07597173,0.4834273,18.3,0,0.03514554,2.649994,0,0,0,0,0.8863159,0.7635252,0.8614595
3.875004,18,5,0.2291377,0.0797355,0.4810478,0.264,0.07597173,0.4834273,18.3,0,0.03514554,2.649994,0,0,0,0,0.8863159,0.7635252,0.8614595
3.877304,18,5,0.2291377,0.0797355,0.4810478,0.264,0.07597173,0.4834273,18.3,0,0.03514554,2.649994,0,0,0,0,0.8863159,0.7635252,0.8614595
3.879505,18,5,0.2291377,0.0797355,0.4810478,0.264,0.07597173,0.4834273,18.3,0,0.03514554,2.649994,0,0,0,0,0.8863159,0.7635252,0.8614595
3.88168,18,5,0.2291377,0.0797355,0.4810478,0.264,0.07597173,0.4834273,18.3,0,0.03514554,2.649994,0,0,0,0,0.8863159,0.7635252,0.8614595
3.88419,18,5,0.2291377,0.0797355,0.4810478,0.264,0.07597173,0.4834273,18.3,0,0.03514554,2.649994,0,0,0,0,0.8863159,0.7635252,0.8614595
3.887051,18,5,0.2291377,0.0797355,0.4810478,0.264,0.07597173,0.4834273,18.3,0,0.03514554,2.649994,0,0,0,0,0.8863159,0.7635252,0.8614595
3.889374,18,5,0.2291377,0.0797355,0.4810478,0.264,0.07597173,0.4834273,18.3,0,0.03514554,2.649994,0,0,0,0,0.8863159,0.7635252,0.8614595
3.891506,18,5,0.2291377,0.0797355,0.4810478,0.264,0.07597173,0.4834273,18.3,0,0.03514554,2.649994,0,0,0,0,0.8863159,0.7635252,0.8614595
3.893715,18,5,0.2291377,0.0797355,0.4810478,0.264,0.07597173,0.4834273,18.3,0,0.03514554,2.649994,0,0,0,0,0.8863159,0.7635252,0.8614595
3.895885,18,5,0.2291377,0.0797355,0.4810478,0.264,0.07597173,0.4834273,18.3,0,0.03514554,2.649994,0,0,0,0,0.8863159,0.7635252,0.8614595
3.898598,18,5,0.2291377,0.0797355,0.4810478,0.264,0.07597173,0.4834273,18.3,0,0.03514554,2.649994,0,0,0,0,0.8863159,0.7635252,0.8614595
3.901001,18,5,0.2291377,0.0797355,0.4810478,0.264,0.07597173,0.4834273,18.3,0,0.03514554,2.649994,0,0,0,0,0.8863159,0.7635252,0.8614595
3.904144,18,5,0.2291377,0.0797355,0.4810478,0.264,0.07597173,0.4834273,18.3,0,0.03514554,2.649994,0,0,0,0,0.8863159,0.7635252,0.8614595
3.906864,18,5,0.2291377,0.0797355,0.4810478,0.264,0.07597173,0.4834273,18.3,0,0.03514554,2.649994,0,0,0,0,0.8863159,0.7635252,0.8614595
3.909084,18,5,0.2291377,0.0797355,0.4810478,0.264,0.07597173,0.4834273,18.3,0,0.03514554,2.649994,0,0,0,0,0.8863159,0.7635252,0.8614595
3.911156,18,5,0.2291377,0.0797355,0.4810478,0.264,0.07597173,0.4834273,18.3,0,0.03514554,2.649994,0,0,0,0,0.8863159,0.7635252,0.8614595
3.914116,18,5,0.2291377,0.0797355,0.4810478,0.264,0.07597173,0.4834273,18.3,0,0.03514554,2.649994,0,0,0,0,0.8863159,0.7635252,0.8614595
3.916767,18,5,0.2291377,0.0797355,0.4810478,0.264,0.07597173,0.4834273,18.3,0,0.03514554,2.649994,0,0,0,0,0.8863159,0.7635252,0.8614595
3.920456,18,5,0.2291377,0.0797355,0.4810478,0.264,0.07597173,0.4834273,18.3,0,0.03514554,2.649994,0,0,0,0,0.8863159,0.7635252,0.8614595
3.92379,18,5,0.2291377,0.0797355,0.4810478,0.264,0.07597173,0.4834273,18.3,0,0.03514554,2.649994,0,0,0,0,0.8863159,0.7635252,0.8614595
3.927105,18,5,0.2291377,0.0797355,0.4810478,0.264,0.07597173,0.4834273,18.3,0,0.03514554,2.649994,0,0,0,0,0.8863159,0.7635252,0.8614595
3.930359,18,5,0.2291377,0.0797355,0.4810478,0.264,0.07597173,0.4834273,18.3,0,0.03514554,2.649994,0,0,0,0,0.8863159,0.7635252,0.8614595
3.93277,18,5,0.2291377,0.0797355,0.4810478,0.264,0.07597173,0.4834273,18.3,0,0.03514554,2.649994,0,0,0,0,0.8863159,0.7635252,0.8614595
3.935783,18,5,0.2291377,0.0797355,0.4810478,0.264,0.07597173,0.4834273,18.3,0,0.03514554,2.649994,0,0,0,0,0.8863159,0.7635252,0.8614595
3.938122,18,5,0.2291377,0.0797355,0.4810478,0.264,0.07597173,0.4834273,18.3,0,0.03514554,2.649994,0,0,0,0,0.8863159,0.7635252,0.8614595
3.940632,18,5,0.2291377,0.0797355,0.4810478,0.264,0.07597173,0.4834273,18.3,0,0.03514554,2.649994,0,0,0,0,0.8863159,0.7635252,0.8614595
3.943039,18,5,0.2291377,0.0797355,0.4810478,0.264,0.07597173,0.4834273,18.3,0,0.03514554,2.649994,0,0,0,0,0.8863159,0.7635252,0.8614595
3.946171,18,5,0.2291377,0.0797355,0.4810478,0.264,0.07597173,0.4834273,18.3,0,0.03514554,2.649994,0,0,0,0,0.8863159,0.7635252,0.8614595
3.948814,18,5,0.2291377,0.0797355,0.4810478,0.264,0.07597173,0.4834273,18.3,0,0.03514554,2.649994,0,0,0,0,0.8863159,0.7635252,0.8614595
3.952812,18,5,0.2291377,0.0797355,0.4810478,0.264,0.07597173,0.4834273,18.3,0,0.03514554,2.649994,0,0,0,0,0.8863159,0.7635252,0.8614595
3.955185,18,5,0.2291377,0.0797355,0.4810478,0.264,0.07597173,0.4834273,18.3,0,0.03514554,2.649994,0,0,0,0,0.8863159,0.7635252,0.8614595
3.957672,18,5,0.2291377,0.0797355,0.4810478,0.264,0.07597173,0.4834273,18.3,0,0.03514554,2.649994,0,0,0,0,0.8863159,0.7635252,0.8614595
3.960613,18,5,0.2291377,0.0797355,0.4810478,0.264,0.07597173,0.4834273,18.3,0,0.03514554,2.649994,0,0,0,0,0.8863159,0.7635252,0.8614595
3.963348,18,5,0.2291377,0.0797355,0.4810478,0.264,0.07597173,0.4834273,18.3,0,0.03514554,2.649994,0,0,0,0,0.8863159,0.7635252,0.8614595
3.966572,18,5,0.2291377,0.0797355,0.4810478,0.264,0.07597173,0.4834273,18.3,0,0.03514554,2.649994,0,0,0,0,0.8863159,0.7635252,0.8614595
3.969334,18,5,0.2291377,0.0797355,0.4810478,0.264,0.07597173,0.4834273,18.3,0,0.03514554,2.649994,0,0,0,0,0.8863159,0.7635252,0.8614595
3.972206,18,5,0.2291377,0.0797355,0.4810478,0.264,0.07597173,0.4834273,18.3,0,0.03514554,2.649994,0,0,0,0,0.8863159,0.7635252,0.8614595
3.975071,18,5,0.2291377,0.0797355,0.4810478,0.264,0.07597173,0.4834273,18.3,0,0.03514554,2.649994,0,0,0,0,0.8863159,0.7635252,0.8614595
3.977566,18,5,0.2291377,0.0797355,0.4810478,0.264,0.07597173,0.4834273,18.3,0,0.03514554,2.649994,0,0,0,0,0.8863159,0.7635252,0.8614595
3.980026,18,5,0.2291377,0.0797355,0.4810478,0.264,0.07597173,0.4834273,18.3,0,0.03514554,2.649994,0,0,0,0,0.8863159,0.7635252,0.8614595
3.982624,18,5,0.2291377,0.0797355,0.4810478,0.264,0.07597173,0.4834273,18.3,0,0.03514554,2.649994,0,0,0,0,0.8863159,0.7635252,0.8614595
3.986252,18,5,0.2291377,0.0797355,0.4810478,0.264,0.07597173,0.4834273,18.3,0,0.03514554,2.649994,0,0,0,0,0.8863159,0.7635252,0.8614595
3.989098,18,5,0.2291377,0.0797355,0.4810478,0.264,0.07597173,0.4834273,18.3,0,0.03514554,2.649994,0,0,0,0,0.8863159,0.7635252,0.8614595
3.992844,18,5,0.2291377,0.0797355,0.4810478,0.264,0.07597173,0.4834273,18.3,0,0.03514554,2.649994,0,0,0,0,0.8863159,0.7635252,0.8614595
3.995884,18,5,0.2291377,0.0797355,0.4810478,0.264,0.07597173,0.4834273,18.3,0,0.03514554,2.649994,0,0,0,0,0.8863159,0.7635252,0.8614595
3.998741,18,5,0.2291377,0.0797355,0.4810478,0.264,0.07597173,0.4834273,18.3,0,0.03514554,2.649994,0,0,0,0,0.8863159,0.7635252,0.8614595
4.001324,18,5,0.2291377,0.0797355,0.4810478,0.264,0.07597173,0.4834273,18.3,0,0.03514554,2.649994,0,0,0,0,0.8863159,0.7635252,0.8614595
4.003906,18,5,0.2291377,0.0797355,0.4810478,0.264,0.07597173,0.4834273,18.3,0,0.03514554,2.649994,0,0,0,0,0.8863159,0.7635252,0.8614595
4.007923,18,5,0.2291377,0.0797355,0.4810478,0.264,0.07597173,0.4834273,18.3,0,0.03514554,2.649994,0,0,0,0,0.8863159,0.7635252,0.8614595
4.011326,18,5,0.2291377,0.0797355,0.4810478,0.264,0.07597173,0.4834273,18.3,0,0.03514554,2.649994,0,0,0,0,0.8863159,0.7635252,0.8614595
4.013939,18,5,0.2291377,0.0797355,0.4810478,0.264,0.07597173,0.4834273,18.3,0,0.03514554,2.649994,0,0,0,0,0.8863159,0.7635252,0.8614595
4.016888,18,5,0.2291377,0.0797355,0.4810478,0.264,0.07597173,0.4834273,18.3,0,0.03514554,2.649994,0,0,0,0,0.8863159,0.7635252,0.8614595
4.019787,18,5,0.2291377,0.0797355,0.4810478,0.264,0.07597173,0.4834273,18.3,0,0.03514554,2.649994,0,0,0,0,0.8863159,0.7635252,0.8614595
4.022507,18,5,0.2291377,0.0797355,0.4810478,0.264,0.07597173,0.4834273,18.3,0,0.03514554,2.649994,0,0,0,0,0.8863159,0.7635252,0.8614595
4.025314,18,5,0.2291377,0.0797355,0.4810478,0.264,0.07597173,0.4834273,18.3,0,0.03514554,2.649994,0,0,0,0,0.8863159,0.7635252,0.8614595
4.027622,18,5,0.2291377,0.0797355,0.4810478,0.264,0.07597173,0.4834273,18.3,0,0.03514554,2.649994,0,0,0,0,0.8863159,0.7635252,0.8614595
4.029888,18,5,0.2291377,0.0797355,0.4810478,0.264,0.07597173,0.4834273,18.3,0,0.03514554,2.649994,0,0,0,0,0.8863159,0.7635252,0.8614595
4.032127,18,5,0.2291377,0.0797355,0.4810478,0.264,0.07597173,0.4834273,18.3,0,0.03514554,2.649994,0,0,0,0,0.8863159,0.7635252,0.8614595
4.0345,18,5,0.2291377,0.0797355,0.4810478,0.264,0.07597173,0.4834273,18.3,0,0.03514554,2.649994,0,0,0,0,0.8863159,0.7635252,0.8614595
4.037094,18,5,0.2291377,0.0797355,0.4810478,0.264,0.07597173,0.4834273,18.3,0,0.03514554,2.649994,0,0,0,0,0.8863159,0.7635252,0.8614595
4.03957,18,5,0.2291377,0.0797355,0.4810478,0.264,0.07597173,0.4834273,18.3,0,0.03514554,2.649994,0,0,0,0,0.8863159,0.7635252,0.8614595
4.04187,18,5,0.2291377,0.0797355,0.4810478,0.264,0.07597173,0.4834273,18.3,0,0.03514554,2.649994,0,0,0,0,0.8863159,0.7635252,0.8614595
4.044689,18,5,0.2291377,0.0797355,0.4810478,0.264,0.07597173,0.4834273,18.3,0,0.03514554,2.649994,0,0,0,0,0.8863159,0.7635252,0.8614595
4.047077,18,5,0.2291377,0.0797355,0.4810478,0.264,0.07597173,0.4834273,18.3,0,0.03514554,2.649994,0,0,0,0,0.8863159,0.7635252,0.8614595
4.049385,18,5,0.2291377,0.0797355,0.4810478,0.264,0.07597173,0.4834273,18.3,0,0.03514554,2.649994,0,0,0,0,0.8863159,0.7635252,0.8614595
4.052017,18,5,0.2291377,0.0797355,0.4810478,0.264,0.07597173,0.4834273,18.3,0,0.03514554,2.649994,0,0,0,0,0.8863159,0.7635252,0.8614595
4.054554,18,5,0.2291377,0.0797355,0.4810478,0.264,0.07597173,0.4834273,18.3,0,0.03514554,2.649994,0,0,0,0,0.8863159,0.7635252,0.8614595
4.05685,18,5,0.2291377,0.0797355,0.4810478,0.264,0.07597173,0.4834273,18.3,0,0.03514554,2.649994,0,0,0,0,0.8863159,0.7635252,0.8614595
4.059322,18,5,0.2291377,0.0797355,0.4810478,0.264,0.07597173,0.4834273,18.3,0,0.03514554,2.649994,0,0,0,0,0.8863159,0.7635252,0.8614595
4.062672,18,5,0.2291377,0.0797355,0.4810478,0.264,0.07597173,0.4834273,18.3,0,0.03514554,2.649994,0,0,0,0,0.8863159,0.7635252,0.8614595
4.065125,18,5,0.2291377,0.0797355,0.4810478,0.264,0.07597173,0.4834273,18.3,0,0.03514554,2.649994,0,0,0,0,0.8863159,0.7635252,0.8614595
4.067451,18,5,0.2291377,0.0797355,0.4810478,0.264,0.07597173,0.4834273,18.3,0,0.03514554,2.649994,0,0,0,0,0.8863159,0.7635252,0.8614595
4.072063,18,5,0.2291377,0.0797355,0.4810478,0.264,0.07597173,0.4834273,18.3,0,0.03514554,2.649994,0,0,0,0,0.8863159,0.7635252,0.8614595
4.074299,18,5,0.2291377,0.0797355,0.4810478,0.264,0.07597173,0.4834273,18.3,0,0.03514554,2.649994,0,0,0,0,0.8863159,0.7635252,0.8614595
4.07674,18,5,0.2291377,0.0797355,0.4810478,0.264,0.07597173,0.4834273,18.3,0,0.03514554,2.649994,0,0,0,0,0.8863159,0.7635252,0.8614595
4.079048,18,5,0.2291377,0.0797355,0.4810478,0.264,0.07597173,0.4834273,18.3,0,0.03514554,2.649994,0,0,0,0,0.8863159,0.7635252,0.8614595
4.081257,18,5,0.2291377,0.0797355,0.4810478,0.264,0.07597173,0.4834273,18.3,0,0.03514554,2.649994,0,0,0,0,0.8863159,0.7635252,0.8614595
4.085117,18,5,0.2291377,0.0797355,0.4810478,0.264,0.07597173,0.4834273,18.3,0,0.03514554,2.649994,0,0,0,0,0.8863159,0.7635252,0.8614595
4.088013,18,5,0.2291377,0.0797355,0.4810478,0.264,0.07597173,0.4834273,18.3,0,0.03514554,2.649994,0,0,0,0,0.8863159,0.7635252,0.8614595
4.090279,18,5,0.2291377,0.0797355,0.4810478,0.264,0.07597173,0.4834273,18.3,0,0.03514554,2.649994,0,0,0,0,0.8863159,0.7635252,0.8614595
4.093754,18,5,0.2291377,0.0797355,0.4810478,0.264,0.07597173,0.4834273,18.3,0,0.03514554,2.649994,0,0,0,0,0.8863159,0.7635252,0.8614595
4.095909,18,5,0.2291377,0.0797355,0.4810478,0.264,0.07597173,0.4834273,18.3,0,0.03514554,2.649994,0,0,0,0,0.8863159,0.7635252,0.8614595
4.098133,18,5,0.2291377,0.0797355,0.4810478,0.264,0.07597173,0.4834273,18.3,0,0.03514554,2.649994,0,0,0,0,0.8863159,0.7635252,0.8614595
4.100494,18,5,0.2291377,0.0797355,0.4810478,0.264,0.07597173,0.4834273,18.3,0,0.03514554,2.649994,0,0,0,0,0.8863159,0.7635252,0.8614595
4.103859,18,5,0.2291377,0.0797355,0.4810478,0.264,0.07597173,0.4834273,18.3,0,0.03514554,2.649994,0,0,0,0,0.8863159,0.7635252,0.8614595
4.106701,18,5,0.2291377,0.0797355,0.4810478,0.264,0.07597173,0.4834273,18.3,0,0.03514554,2.649994,0,0,0,0,0.8863159,0.7635252,0.8614595
4.109112,18,5,0.2291377,0.0797355,0.4810478,0.264,0.07597173,0.4834273,18.3,0,0.03514554,2.649994,0,0,0,0,0.8863159,0.7635252,0.8614595
4.11171,18,5,0.2291377,0.0797355,0.4810478,0.264,0.07597173,0.4834273,18.3,0,0.03514554,2.649994,0,0,0,0,0.8863159,0.7635252,0.8614595
4.114288,18,5,0.2291377,0.0797355,0.4810478,0.264,0.07597173,0.4834273,18.3,0,0.03514554,2.649994,0,0,0,0,0.8863159,0.7635252,0.8614595
4.116985,18,5,0.2291377,0.0797355,0.4810478,0.264,0.07597173,0.4834273,18.3,0,0.03514554,2.649994,0,0,0,0,0.8863159,0.7635252,0.8614595
4.120136,18,5,0.2291377,0.0797355,0.4810478,0.264,0.07597173,0.4834273,18.3,0,0.03514554,2.649994,0,0,0,0,0.8863159,0.7635252,0.8614595
4.122967,18,5,0.2291377,0.0797355,0.4810478,0.264,0.07597173,0.4834273,18.3,0,0.03514554,2.649994,0,0,0,0,0.8863159,0.7635252,0.8614595
4.125744,18,5,0.2291377,0.0797355,0.4810478,0.264,0.07597173,0.4834273,18.3,0,0.03514554,2.649994,0,0,0,0,0.8863159,0.7635252,0.8614595
4.127975,18,5,0.2291377,0.0797355,0.4810478,0.264,0.07597173,0.4834273,18.3,0,0.03514554,2.649994,0,0,0,0,0.8863159,0.7635252,0.8614595
4.130512,18,5,0.2291377,0.0797355,0.4810478,0.264,0.07597173,0.4834273,18.3,0,0.03514554,2.649994,0,0,0,0,0.8863159,0.7635252,0.8614595
4.133156,18,5,0.2291377,0.0797355,0.4810478,0.264,0.07597173,0.4834273,18.3,0,0.03514554,2.649994,0,0,0,0,0.8863159,0.7635252,0.8614595
4.135891,18,5,0.2291377,0.0797355,0.4810478,0.264,0.07597173,0.4834273,18.3,0,0.03514554,2.649994,0,0,0,0,0.8863159,0.7635252,0.8614595
4.13834,18,5,0.2291377,0.0797355,0.4810478,0.264,0.07597173,0.4834273,18.3,0,0.03514554,2.649994,0,0,0,0,0.8863159,0.7635252,0.8614595
4.140545,18,5,0.2291377,0.0797355,0.4810478,0.264,0.07597173,0.4834273,18.3,0,0.03514554,2.649994,0,0,0,0,0.8863159,0.7635252,0.8614595
4.142948,18,5,0.2291377,0.0797355,0.4810478,0.264,0.07597173,0.4834273,18.3,0,0.03514554,2.649994,0,0,0,0,0.8863159,0.7635252,0.8614595
4.145432,18,5,0.2291377,0.0797355,0.4810478,0.264,0.07597173,0.4834273,18.3,0,0.03514554,2.649994,0,0,0,0,0.8863159,0.7635252,0.8614595
4.147953,18,5,0.2291377,0.0797355,0.4810478,0.264,0.07597173,0.4834273,18.3,0,0.03514554,2.649994,0,0,0,0,0.8863159,0.7635252,0.8614595
4.151318,18,5,0.2291377,0.0797355,0.4810478,0.264,0.07597173,0.4834273,18.3,0,0.03514554,2.649994,0,0,0,0,0.8863159,0.7635252,0.8614595
4.15461,18,5,0.2291377,0.0797355,0.4810478,0.264,0.07597173,0.4834273,18.3,0,0.03514554,2.649994,0,0,0,0,0.8863159,0.7635252,0.8614595
4.157082,18,5,0.2291377,0.0797355,0.4810478,0.264,0.07597173,0.4834273,18.3,0,0.03514554,2.649994,0,0,0,0,0.8863159,0.7635252,0.8614595
4.159782,18,5,0.2291377,0.0797355,0.4810478,0.264,0.07597173,0.4834273,18.3,0,0.03514554,2.649994,0,0,0,0,0.8863159,0.7635252,0.8614595
4.162289,18,5,0.2291377,0.0797355,0.4810478,0.264,0.07597173,0.4834273,18.3,0,0.03514554,2.649994,0,0,0,0,0.8863159,0.7635252,0.8614595
4.165604,18,5,0.2291377,0.0797355,0.4810478,0.264,0.07597173,0.4834273,18.3,0,0.03514554,2.649994,0,0,0,0,0.8863159,0.7635252,0.8614595
4.168777,18,5,0.2291377,0.0797355,0.4810478,0.264,0.07597173,0.4834273,18.3,0,0.03514554,2.649994,0,0,0,0,0.8863159,0.7635252,0.8614595
4.171833,18,5,0.2291377,0.0797355,0.4810478,0.264,0.07597173,0.4834273,18.3,0,0.03514554,2.649994,0,0,0,0,0.8863159,0.7635252,0.8614595
4.174702,18,5,0.2291377,0.0797355,0.4810478,0.264,0.07597173,0.4834273,18.3,0,0.03514554,2.649994,0,0,0,0,0.8863159,0.7635252,0.8614595
4.177906,18,5,0.2291377,0.0797355,0.4810478,0.264,0.07597173,0.4834273,18.3,0,0.03514554,2.649994,0,0,0,0,0.8863159,0.7635252,0.8614595
4.181477,18,5,0.2291377,0.0797355,0.4810478,0.264,0.07597173,0.4834273,18.3,0,0.03514554,2.649994,0,0,0,0,0.8863159,0.7635252,0.8614595
4.184223,18,5,0.2291377,0.0797355,0.4810478,0.264,0.07597173,0.4834273,18.3,0,0.03514554,2.649994,0,0,0,0,0.8863159,0.7635252,0.8614595
4.187901,18,5,0.2291377,0.0797355,0.4810478,0.264,0.07597173,0.4834273,18.3,0,0.03514554,2.649994,0,0,0,0,0.8863159,0.7635252,0.8614595
4.191708,18,5,0.2291377,0.0797355,0.4810478,0.264,0.07597173,0.4834273,18.3,0,0.03514554,2.649994,0,0,0,0,0.8863159,0.7635252,0.8614595
4.19474,18,5,0.2291377,0.0797355,0.4810478,0.264,0.07597173,0.4834273,18.3,0,0.03514554,2.649994,0,0,0,0,0.8863159,0.7635252,0.8614595
4.197357,18,5,0.2291377,0.0797355,0.4810478,0.264,0.07597173,0.4834273,18.3,0,0.03514554,2.649994,0,0,0,0,0.8863159,0.7635252,0.8614595
4.200733,18,5,0.2291377,0.0797355,0.4810478,0.264,0.07597173,0.4834273,18.3,0,0.03514554,2.649994,0,0,0,0,0.8863159,0.7635252,0.8614595
4.203724,18,5,0.2291377,0.0797355,0.4810478,0.264,0.07597173,0.4834273,18.3,0,0.03514554,2.649994,0,0,0,0,0.8863159,0.7635252,0.8614595
4.207119,18,5,0.2291377,0.0797355,0.4810478,0.264,0.07597173,0.4834273,18.3,0,0.03514554,2.649994,0,0,0,0,0.8863159,0.7635252,0.8614595
4.210114,18,5,0.2291377,0.0797355,0.4810478,0.264,0.07597173,0.4834273,18.3,0,0.03514554,2.649994,0,0,0,0,0.8863159,0.7635252,0.8614595
4.212765,18,5,0.2291377,0.0797355,0.4810478,0.264,0.07597173,0.4834273,18.3,0,0.03514554,2.649994,0,0,0,0,0.8863159,0.7635252,0.8614595
4.215359,18,5,0.2291377,0.0797355,0.4810478,0.264,0.07597173,0.4834273,18.3,0,0.03514554,2.649994,0,0,0,0,0.8863159,0.7635252,0.8614595
4.219101,18,5,0.2291377,0.0797355,0.4810478,0.264,0.07597173,0.4834273,18.3,0,0.03514554,2.649994,0,0,0,0,0.8863159,0.7635252,0.8614595
4.221577,18,5,0.2291377,0.0797355,0.4810478,0.264,0.07597173,0.4834273,18.3,0,0.03514554,2.649994,0,0,0,0,0.8863159,0.7635252,0.8614595
4.224163,18,5,0.2291377,0.0797355,0.4810478,0.264,0.07597173,0.4834273,18.3,0,0.03514554,2.649994,0,0,0,0,0.8863159,0.7635252,0.8614595
4.228661,18,5,0.2291377,0.0797355,0.4810478,0.264,0.07597173,0.4834273,18.3,0,0.03514554,2.649994,0,0,0,0,0.8863159,0.7635252,0.8614595
4.233906,18,5,0.2291377,0.0797355,0.4810478,0.264,0.07597173,0.4834273,18.3,0,0.03514554,2.649994,0,0,0,0,0.8863159,0.7635252,0.8614595
4.237099,18,5,0.2291377,0.0797355,0.4810478,0.264,0.07597173,0.4834273,18.3,0,0.03514554,2.649994,0,0,0,0,0.8863159,0.7635252,0.8614595
4.241966,18,5,0.2291377,0.0797355,0.4810478,0.264,0.07597173,0.4834273,18.3,0,0.03514554,2.649994,0,0,0,0,0.8863159,0.7635252,0.8614595
4.244747,18,5,0.2291377,0.0797355,0.4810478,0.264,0.07597173,0.4834273,18.3,0,0.03514554,2.649994,0,0,0,0,0.8863159,0.7635252,0.8614595
4.247501,18,5,0.2291377,0.0797355,0.4810478,0.264,0.07597173,0.4834273,18.3,0,0.03514554,2.649994,0,0,0,0,0.8863159,0.7635252,0.8614595
4.250118,18,5,0.2291377,0.0797355,0.4810478,0.264,0.07597173,0.4834273,18.3,0,0.03514554,2.649994,0,0,0,0,0.8863159,0.7635252,0.8614595
4.253201,18,5,0.2291377,0.0797355,0.4810478,0.264,0.07597173,0.4834273,18.3,0,0.03514554,2.649994,0,0,0,0,0.8863159,0.7635252,0.8614595
4.257694,18,5,0.2291377,0.0797355,0.4810478,0.264,0.07597173,0.4834273,18.3,0,0.03514554,2.649994,0,0,0,0,0.8863159,0.7635252,0.8614595
4.260017,18,5,0.2291377,0.0797355,0.4810478,0.264,0.07597173,0.4834273,18.3,0,0.03514554,2.649994,0,0,0,0,0.8863159,0.7635252,0.8614595
4.262295,18,5,0.2291377,0.0797355,0.4810478,0.264,0.07597173,0.4834273,18.3,0,0.03514554,2.649994,0,0,0,0,0.8863159,0.7635252,0.8614595
4.26495,18,5,0.2291377,0.0797355,0.4810478,0.264,0.07597173,0.4834273,18.3,0,0.03514554,2.649994,0,0,0,0,0.8863159,0.7635252,0.8614595
4.267342,18,5,0.2291377,0.0797355,0.4810478,0.264,0.07597173,0.4834273,18.3,0,0.03514554,2.649994,0,0,0,0,0.8863159,0.7635252,0.8614595
4.270161,18,5,0.2291377,0.0797355,0.4810478,0.264,0.07597173,0.4834273,18.3,0,0.03514554,2.649994,0,0,0,0,0.8863159,0.7635252,0.8614595
4.272724,18,5,0.2291377,0.0797355,0.4810478,0.264,0.07597173,0.4834273,18.3,0,0.03514554,2.649994,0,0,0,0,0.8863159,0.7635252,0.8614595
4.274971,18,5,0.2291377,0.0797355,0.4810478,0.264,0.07597173,0.4834273,18.3,0,0.03514554,2.649994,0,0,0,0,0.8863159,0.7635252,0.8614595
4.280338,18,5,0.2291377,0.0797355,0.4810478,0.264,0.07597173,0.4834273,18.3,0,0.03514554,2.649994,0,0,0,0,0.8863159,0.7635252,0.8614595
4.285774,18,5,0.2291377,0.0797355,0.4810478,0.264,0.07597173,0.4834273,18.3,0,0.03514554,2.649994,0,0,0,0,0.8863159,0.7635252,0.8614595
4.296268,18,5,0.2291377,0.0797355,0.4810478,0.264,0.07597173,0.4834273,18.3,0,0.03514554,2.649994,0,0,0,0,0.8863159,0.7635252,0.8614595
4.300186,18,5,0.2291377,0.0797355,0.4810478,0.264,0.07597173,0.4834273,18.3,0,0.03514554,2.649994,0,0,0,0,0.8863159,0.7635252,0.8614595
4.304012,18,5,0.2291377,0.0797355,0.4810478,0.264,0.07597173,0.4834273,18.3,0,0.03514554,2.649994,0,0,0,0,0.8863159,0.7635252,0.8614595
4.306793,18,5,0.2291377,0.0797355,0.4810478,0.264,0.07597173,0.4834273,18.3,0,0.03514554,2.649994,0,0,0,0,0.8863159,0.7635252,0.8614595
4.309082,18,5,0.2291377,0.0797355,0.4810478,0.264,0.07597173,0.4834273,18.3,0,0.03514554,2.649994,0,0,0,0,0.8863159,0.7635252,0.8614595
4.311455,18,5,0.2291377,0.0797355,0.4810478,0.264,0.07597173,0.4834273,18.3,0,0.03514554,2.649994,0,0,0,0,0.8863159,0.7635252,0.8614595
4.313675,18,5,0.2291377,0.0797355,0.4810478,0.264,0.07597173,0.4834273,18.3,0,0.03514554,2.649994,0,0,0,0,0.8863159,0.7635252,0.8614595
4.316097,18,5,0.2291377,0.0797355,0.4810478,0.264,0.07597173,0.4834273,18.3,0,0.03514554,2.649994,0,0,0,0,0.8863159,0.7635252,0.8614595
4.318764,18,5,0.2291377,0.0797355,0.4810478,0.264,0.07597173,0.4834273,18.3,0,0.03514554,2.649994,0,0,0,0,0.8863159,0.7635252,0.8614595
4.322819,18,5,0.2291377,0.0797355,0.4810478,0.264,0.07597173,0.4834273,18.3,0,0.03514554,2.649994,0,0,0,0,0.8863159,0.7635252,0.8614595
4.325729,18,5,0.2291377,0.0797355,0.4810478,0.264,0.07597173,0.4834273,18.3,0,0.03514554,2.649994,0,0,0,0,0.8863159,0.7635252,0.8614595
4.327965,18,5,0.2291377,0.0797355,0.4810478,0.264,0.07597173,0.4834273,18.3,0,0.03514554,2.649994,0,0,0,0,0.8863159,0.7635252,0.8614595
4.330147,18,5,0.2291377,0.0797355,0.4810478,0.264,0.07597173,0.4834273,18.3,0,0.03514554,2.649994,0,0,0,0,0.8863159,0.7635252,0.8614595
4.332413,18,5,0.2291377,0.0797355,0.4810478,0.264,0.07597173,0.4834273,18.3,0,0.03514554,2.649994,0,0,0,0,0.8863159,0.7635252,0.8614595
4.336067,18,5,0.2291377,0.0797355,0.4810478,0.264,0.07597173,0.4834273,18.3,0,0.03514554,2.649994,0,0,0,0,0.8863159,0.7635252,0.8614595
4.339436,18,5,0.2291377,0.0797355,0.4810478,0.264,0.07597173,0.4834273,18.3,0,0.03514554,2.649994,0,0,0,0,0.8863159,0.7635252,0.8614595
4.342899,18,5,0.2291377,0.0797355,0.4810478,0.264,0.07597173,0.4834273,18.3,0,0.03514554,2.649994,0,0,0,0,0.8863159,0.7635252,0.8614595
4.347034,18,5,0.2291377,0.0797355,0.4810478,0.264,0.07597173,0.4834273,18.3,0,0.03514554,2.649994,0,0,0,0,0.8863159,0.7635252,0.8614595
4.349262,18,5,0.2291377,0.0797355,0.4810478,0.264,0.07597173,0.4834273,18.3,0,0.03514554,2.649994,0,0,0,0,0.8863159,0.7635252,0.8614595
4.352264,18,5,0.2291377,0.0797355,0.4810478,0.264,0.07597173,0.4834273,18.3,0,0.03514554,2.649994,0,0,0,0,0.8863159,0.7635252,0.8614595
4.354607,18,5,0.2291377,0.0797355,0.4810478,0.264,0.07597173,0.4834273,18.3,0,0.03514554,2.649994,0,0,0,0,0.8863159,0.7635252,0.8614595
4.357075,18,5,0.2291377,0.0797355,0.4810478,0.264,0.07597173,0.4834273,18.3,0,0.03514554,2.649994,0,0,0,0,0.8863159,0.7635252,0.8614595
4.359482,18,5,0.2291377,0.0797355,0.4810478,0.264,0.07597173,0.4834273,18.3,0,0.03514554,2.649994,0,0,0,0,0.8863159,0.7635252,0.8614595
4.36187,18,5,0.2291377,0.0797355,0.4810478,0.264,0.07597173,0.4834273,18.3,0,0.03514554,2.649994,0,0,0,0,0.8863159,0.7635252,0.8614595
4.364819,18,5,0.2291377,0.0797355,0.4810478,0.264,0.07597173,0.4834273,18.3,0,0.03514554,2.649994,0,0,0,0,0.8863159,0.7635252,0.8614595
4.367268,18,5,0.2291377,0.0797355,0.4810478,0.264,0.07597173,0.4834273,18.3,0,0.03514554,2.649994,0,0,0,0,0.8863159,0.7635252,0.8614595
4.370132,18,5,0.2291377,0.0797355,0.4810478,0.264,0.07597173,0.4834273,18.3,0,0.03514554,2.649994,0,0,0,0,0.8863159,0.7635252,0.8614595
4.372452,18,5,0.2291377,0.0797355,0.4810478,0.264,0.07597173,0.4834273,18.3,0,0.03514554,2.649994,0,0,0,0,0.8863159,0.7635252,0.8614595
4.374741,18,5,0.2291377,0.0797355,0.4810478,0.264,0.07597173,0.4834273,18.3,0,0.03514554,2.649994,0,0,0,0,0.8863159,0.7635252,0.8614595
4.377052,18,5,0.2291377,0.0797355,0.4810478,0.264,0.07597173,0.4834273,18.3,0,0.03514554,2.649994,0,0,0,0,0.8863159,0.7635252,0.8614595
4.379562,18,5,0.2291377,0.0797355,0.4810478,0.264,0.07597173,0.4834273,18.3,0,0.03514554,2.649994,0,0,0,0,0.8863159,0.7635252,0.8614595
4.38216,18,5,0.2291377,0.0797355,0.4810478,0.264,0.07597173,0.4834273,18.3,0,0.03514554,2.649994,0,0,0,0,0.8863159,0.7635252,0.8614595
4.385353,18,5,0.2291377,0.0797355,0.4810478,0.264,0.07597173,0.4834273,18.3,0,0.03514554,2.649994,0,0,0,0,0.8863159,0.7635252,0.8614595
4.387867,18,5,0.2291377,0.0797355,0.4810478,0.264,0.07597173,0.4834273,18.3,0,0.03514554,2.649994,0,0,0,0,0.8863159,0.7635252,0.8614595
4.390087,18,5,0.2291377,0.0797355,0.4810478,0.264,0.07597173,0.4834273,18.3,0,0.03514554,2.649994,0,0,0,0,0.8863159,0.7635252,0.8614595
4.392345,18,5,0.2291377,0.0797355,0.4810478,0.264,0.07597173,0.4834273,18.3,0,0.03514554,2.649994,0,0,0,0,0.8863159,0.7635252,0.8614595
4.394615,18,5,0.2291377,0.0797355,0.4810478,0.264,0.07597173,0.4834273,18.3,0,0.03514554,2.649994,0,0,0,0,0.8863159,0.7635252,0.8614595
4.397202,18,5,0.2291377,0.0797355,0.4810478,0.264,0.07597173,0.4834273,18.3,0,0.03514554,2.649994,0,0,0,0,0.8863159,0.7635252,0.8614595
4.39941,18,5,0.2291377,0.0797355,0.4810478,0.264,0.07597173,0.4834273,18.3,0,0.03514554,2.649994,0,0,0,0,0.8863159,0.7635252,0.8614595
4.401882,18,5,0.2291377,0.0797355,0.4810478,0.264,0.07597173,0.4834273,18.3,0,0.03514554,2.649994,0,0,0,0,0.8863159,0.7635252,0.8614595
4.404816,18,5,0.2291377,0.0797355,0.4810478,0.264,0.07597173,0.4834273,18.3,0,0.03514554,2.649994,0,0,0,0,0.8863159,0.7635252,0.8614595
4.407116,18,5,0.2291377,0.0797355,0.4810478,0.264,0.07597173,0.4834273,18.3,0,0.03514554,2.649994,0,0,0,0,0.8863159,0.7635252,0.8614595
4.409523,18,5,0.2291377,0.0797355,0.4810478,0.264,0.07597173,0.4834273,18.3,0,0.03514554,2.649994,0,0,0,0,0.8863159,0.7635252,0.8614595
4.41198,18,5,0.2291377,0.0797355,0.4810478,0.264,0.07597173,0.4834273,18.3,0,0.03514554,2.649994,0,0,0,0,0.8863159,0.7635252,0.8614595
4.414543,18,5,0.2291377,0.0797355,0.4810478,0.264,0.07597173,0.4834273,18.3,0,0.03514554,2.649994,0,0,0,0,0.8863159,0.7635252,0.8614595
4.416897,18,5,0.2291377,0.0797355,0.4810478,0.264,0.07597173,0.4834273,18.3,0,0.03514554,2.649994,0,0,0,0,0.8863159,0.7635252,0.8614595
4.420395,18,5,0.2291377,0.0797355,0.4810478,0.264,0.07597173,0.4834273,18.3,0,0.03514554,2.649994,0,0,0,0,0.8863159,0.7635252,0.8614595
4.422821,18,5,0.2291377,0.0797355,0.4810478,0.264,0.07597173,0.4834273,18.3,0,0.03514554,2.649994,0,0,0,0,0.8863159,0.7635252,0.8614595
4.425846,18,5,0.2291377,0.0797355,0.4810478,0.264,0.07597173,0.4834273,18.3,0,0.03514554,2.649994,0,0,0,0,0.8863159,0.7635252,0.8614595
4.428452,18,5,0.2291377,0.0797355,0.4810478,0.264,0.07597173,0.4834273,18.3,0,0.03514554,2.649994,0,0,0,0,0.8863159,0.7635252,0.8614595
4.430901,18,5,0.2291377,0.0797355,0.4810478,0.264,0.07597173,0.4834273,18.3,0,0.03514554,2.649994,0,0,0,0,0.8863159,0.7635252,0.8614595
4.433323,18,5,0.2291377,0.0797355,0.4810478,0.264,0.07597173,0.4834273,18.3,0,0.03514554,2.649994,0,0,0,0,0.8863159,0.7635252,0.8614595
4.436008,18,5,0.2291377,0.0797355,0.4810478,0.264,0.07597173,0.4834273,18.3,0,0.03514554,2.649994,0,0,0,0,0.8863159,0.7635252,0.8614595
4.438366,18,5,0.2291377,0.0797355,0.4810478,0.264,0.07597173,0.4834273,18.3,0,0.03514554,2.649994,0,0,0,0,0.8863159,0.7635252,0.8614595
4.44059,18,5,0.2291377,0.0797355,0.4810478,0.264,0.07597173,0.4834273,18.3,0,0.03514554,2.649994,0,0,0,0,0.8863159,0.7635252,0.8614595
4.442856,18,5,0.2291377,0.0797355,0.4810478,0.264,0.07597173,0.4834273,18.3,0,0.03514554,2.649994,0,0,0,0,0.8863159,0.7635252,0.8614595
4.446278,18,5,0.2291377,0.0797355,0.4810478,0.264,0.07597173,0.4834273,18.3,0,0.03514554,2.649994,0,0,0,0,0.8863159,0.7635252,0.8614595
4.448566,18,5,0.2291377,0.0797355,0.4810478,0.264,0.07597173,0.4834273,18.3,0,0.03514554,2.649994,0,0,0,0,0.8863159,0.7635252,0.8614595
4.450851,18,5,0.2291377,0.0797355,0.4810478,0.264,0.07597173,0.4834273,18.3,0,0.03514554,2.649994,0,0,0,0,0.8863159,0.7635252,0.8614595
4.453663,18,5,0.2291377,0.0797355,0.4810478,0.264,0.07597173,0.4834273,18.3,0,0.03514554,2.649994,0,0,0,0,0.8863159,0.7635252,0.8614595
4.455952,18,5,0.2291377,0.0797355,0.4810478,0.264,0.07597173,0.4834273,18.3,0,0.03514554,2.649994,0,0,0,0,0.8863159,0.7635252,0.8614595
4.458271,18,5,0.2291377,0.0797355,0.4810478,0.264,0.07597173,0.4834273,18.3,0,0.03514554,2.649994,0,0,0,0,0.8863159,0.7635252,0.8614595
4.460747,18,5,0.2291377,0.0797355,0.4810478,0.264,0.07597173,0.4834273,18.3,0,0.03514554,2.649994,0,0,0,0,0.8863159,0.7635252,0.8614595
4.463047,18,5,0.2291377,0.0797355,0.4810478,0.264,0.07597173,0.4834273,18.3,0,0.03514554,2.649994,0,0,0,0,0.8863159,0.7635252,0.8614595
4.465588,18,5,0.2291377,0.0797355,0.4810478,0.264,0.07597173,0.4834273,18.3,0,0.03514554,2.649994,0,0,0,0,0.8863159,0.7635252,0.8614595
4.467693,18,5,0.2291377,0.0797355,0.4810478,0.264,0.07597173,0.4834273,18.3,0,0.03514554,2.649994,0,0,0,0,0.8863159,0.7635252,0.8614595
4.470409,18,5,0.2291377,0.0797355,0.4810478,0.264,0.07597173,0.4834273,18.3,0,0.03514554,2.649994,0,0,0,0,0.8863159,0.7635252,0.8614595
4.47263,18,5,0.2291377,0.0797355,0.4810478,0.264,0.07597173,0.4834273,18.3,0,0.03514554,2.649994,0,0,0,0,0.8863159,0.7635252,0.8614595
4.474819,18,5,0.2291377,0.0797355,0.4810478,0.264,0.07597173,0.4834273,18.3,0,0.03514554,2.649994,0,0,0,0,0.8863159,0.7635252,0.8614595
4.477333,18,5,0.2291377,0.0797355,0.4810478,0.264,0.07597173,0.4834273,18.3,0,0.03514554,2.649994,0,0,0,0,0.8863159,0.7635252,0.8614595
4.479679,18,5,0.2291377,0.0797355,0.4810478,0.264,0.07597173,0.4834273,18.3,0,0.03514554,2.649994,0,0,0,0,0.8863159,0.7635252,0.8614595
4.482025,18,5,0.2291377,0.0797355,0.4810478,0.264,0.07597173,0.4834273,18.3,0,0.03514554,2.649994,0,0,0,0,0.8863159,0.7635252,0.8614595
4.486115,18,5,0.2291377,0.0797355,0.4810478,0.264,0.07597173,0.4834273,18.3,0,0.03514554,2.649994,0,0,0,0,0.8863159,0.7635252,0.8614595
4.494534,18,5,0.2291377,0.0797355,0.4810478,0.264,0.07597173,0.4834273,18.3,0,0.03514554,2.649994,0,0,0,0,0.8863159,0.7635252,0.8614595
4.496769,18,5,0.2291377,0.0797355,0.4810478,0.264,0.07597173,0.4834273,18.3,0,0.03514554,2.649994,0,0,0,0,0.8863159,0.7635252,0.8614595
4.499016,18,5,0.2291377,0.0797355,0.4810478,0.264,0.07597173,0.4834273,18.3,0,0.03514554,2.649994,0,0,0,0,0.8863159,0.7635252,0.8614595
4.501514,18,5,0.2291377,0.0797355,0.4810478,0.264,0.07597173,0.4834273,18.3,0,0.03514554,2.649994,0,0,0,0,0.8863159,0.7635252,0.8614595
4.504993,18,5,0.2291377,0.0797355,0.4810478,0.264,0.07597173,0.4834273,18.3,0,0.03514554,2.649994,0,0,0,0,0.8863159,0.7635252,0.8614595
4.507751,18,5,0.2291377,0.0797355,0.4810478,0.264,0.07597173,0.4834273,18.3,0,0.03514554,2.649994,0,0,0,0,0.8863159,0.7635252,0.8614595
4.509937,18,5,0.2291377,0.0797355,0.4810478,0.264,0.07597173,0.4834273,18.3,0,0.03514554,2.649994,0,0,0,0,0.8863159,0.7635252,0.8614595
4.51218,18,5,0.2291377,0.0797355,0.4810478,0.264,0.07597173,0.4834273,18.3,0,0.03514554,2.649994,0,0,0,0,0.8863159,0.7635252,0.8614595
4.514332,18,5,0.2291377,0.0797355,0.4810478,0.264,0.07597173,0.4834273,18.3,0,0.03514554,2.649994,0,0,0,0,0.8863159,0.7635252,0.8614595
4.516632,18,5,0.2291377,0.0797355,0.4810478,0.264,0.07597173,0.4834273,18.3,0,0.03514554,2.649994,0,0,0,0,0.8863159,0.7635252,0.8614595
4.519333,18,5,0.2291377,0.0797355,0.4810478,0.264,0.07597173,0.4834273,18.3,0,0.03514554,2.649994,0,0,0,0,0.8863159,0.7635252,0.8614595
4.521614,18,5,0.2291377,0.0797355,0.4810478,0.264,0.07597173,0.4834273,18.3,0,0.03514554,2.649994,0,0,0,0,0.8863159,0.7635252,0.8614595
4.524002,18,5,0.2291377,0.0797355,0.4810478,0.264,0.07597173,0.4834273,18.3,0,0.03514554,2.649994,0,0,0,0,0.8863159,0.7635252,0.8614595
4.52705,18,5,0.2291377,0.0797355,0.4810478,0.264,0.07597173,0.4834273,18.3,0,0.03514554,2.649994,0,0,0,0,0.8863159,0.7635252,0.8614595
4.529358,18,5,0.2291377,0.0797355,0.4810478,0.264,0.07597173,0.4834273,18.3,0,0.03514554,2.649994,0,0,0,0,0.8863159,0.7635252,0.8614595
4.531628,18,5,0.2291377,0.0797355,0.4810478,0.264,0.07597173,0.4834273,18.3,0,0.03514554,2.649994,0,0,0,0,0.8863159,0.7635252,0.8614595
4.533825,18,5,0.2291377,0.0797355,0.4810478,0.264,0.07597173,0.4834273,18.3,0,0.03514554,2.649994,0,0,0,0,0.8863159,0.7635252,0.8614595
4.536499,18,5,0.2291377,0.0797355,0.4810478,0.264,0.07597173,0.4834273,18.3,0,0.03514554,2.649994,0,0,0,0,0.8863159,0.7635252,0.8614595
4.53904,18,5,0.2291377,0.0797355,0.4810478,0.264,0.07597173,0.4834273,18.3,0,0.03514554,2.649994,0,0,0,0,0.8863159,0.7635252,0.8614595
4.541294,18,5,0.2291377,0.0797355,0.4810478,0.264,0.07597173,0.4834273,18.3,0,0.03514554,2.649994,0,0,0,0,0.8863159,0.7635252,0.8614595
4.543777,18,5,0.2291377,0.0797355,0.4810478,0.264,0.07597173,0.4834273,18.3,0,0.03514554,2.649994,0,0,0,0,0.8863159,0.7635252,0.8614595
4.546368,18,5,0.2291377,0.0797355,0.4810478,0.264,0.07597173,0.4834273,18.3,0,0.03514554,2.649994,0,0,0,0,0.8863159,0.7635252,0.8614595
4.54863,18,5,0.2291377,0.0797355,0.4810478,0.264,0.07597173,0.4834273,18.3,0,0.03514554,2.649994,0,0,0,0,0.8863159,0.7635252,0.8614595
4.551144,18,5,0.2291377,0.0797355,0.4810478,0.264,0.07597173,0.4834273,18.3,0,0.03514554,2.649994,0,0,0,0,0.8863159,0.7635252,0.8614595
4.553844,18,5,0.2291377,0.0797355,0.4810478,0.264,0.07597173,0.4834273,18.3,0,0.03514554,2.649994,0,0,0,0,0.8863159,0.7635252,0.8614595
4.556492,18,5,0.2291377,0.0797355,0.4810478,0.264,0.07597173,0.4834273,18.3,0,0.03514554,2.649994,0,0,0,0,0.8863159,0.7635252,0.8614595
4.558765,18,5,0.2291377,0.0797355,0.4810478,0.264,0.07597173,0.4834273,18.3,0,0.03514554,2.649994,0,0,0,0,0.8863159,0.7635252,0.8614595
4.561131,18,5,0.2291377,0.0797355,0.4810478,0.264,0.07597173,0.4834273,18.3,0,0.03514554,2.649994,0,0,0,0,0.8863159,0.7635252,0.8614595
4.563766,18,5,0.2291377,0.0797355,0.4810478,0.264,0.07597173,0.4834273,18.3,0,0.03514554,2.649994,0,0,0,0,0.8863159,0.7635252,0.8614595
4.566448,18,5,0.2291377,0.0797355,0.4810478,0.264,0.07597173,0.4834273,18.3,0,0.03514554,2.649994,0,0,0,0,0.8863159,0.7635252,0.8614595
4.570274,18,5,0.2291377,0.0797355,0.4810478,0.264,0.07597173,0.4834273,18.3,0,0.03514554,2.649994,0,0,0,0,0.8863159,0.7635252,0.8614595
4.572563,18,5,0.2291377,0.0797355,0.4810478,0.264,0.07597173,0.4834273,18.3,0,0.03514554,2.649994,0,0,0,0,0.8863159,0.7635252,0.8614595
4.574883,18,5,0.2291377,0.0797355,0.4810478,0.264,0.07597173,0.4834273,18.3,0,0.03514554,2.649994,0,0,0,0,0.8863159,0.7635252,0.8614595
4.577148,18,5,0.2291377,0.0797355,0.4810478,0.264,0.07597173,0.4834273,18.3,0,0.03514554,2.649994,0,0,0,0,0.8863159,0.7635252,0.8614595
4.579475,18,5,0.2291377,0.0797355,0.4810478,0.264,0.07597173,0.4834273,18.3,0,0.03514554,2.649994,0,0,0,0,0.8863159,0.7635252,0.8614595
4.581684,18,5,0.2291377,0.0797355,0.4810478,0.264,0.07597173,0.4834273,18.3,0,0.03514554,2.649994,0,0,0,0,0.8863159,0.7635252,0.8614595
4.583878,18,5,0.2291377,0.0797355,0.4810478,0.264,0.07597173,0.4834273,18.3,0,0.03514554,2.649994,0,0,0,0,0.8863159,0.7635252,0.8614595
4.587452,18,5,0.2291377,0.0797355,0.4810478,0.264,0.07597173,0.4834273,18.3,0,0.03514554,2.649994,0,0,0,0,0.8863159,0.7635252,0.8614595
4.589935,18,5,0.2291377,0.0797355,0.4810478,0.264,0.07597173,0.4834273,18.3,0,0.03514554,2.649994,0,0,0,0,0.8863159,0.7635252,0.8614595
4.592247,18,5,0.2291377,0.0797355,0.4810478,0.264,0.07597173,0.4834273,18.3,0,0.03514554,2.649994,0,0,0,0,0.8863159,0.7635252,0.8614595
4.594452,18,5,0.2291377,0.0797355,0.4810478,0.264,0.07597173,0.4834273,18.3,0,0.03514554,2.649994,0,0,0,0,0.8863159,0.7635252,0.8614595
4.596764,18,5,0.2291377,0.0797355,0.4810478,0.264,0.07597173,0.4834273,18.3,0,0.03514554,2.649994,0,0,0,0,0.8863159,0.7635252,0.8614595
4.599007,18,5,0.2291377,0.0797355,0.4810478,0.264,0.07597173,0.4834273,18.3,0,0.03514554,2.649994,0,0,0,0,0.8863159,0.7635252,0.8614595
4.601967,18,5,0.2291377,0.0797355,0.4810478,0.264,0.07597173,0.4834273,18.3,0,0.03514554,2.649994,0,0,0,0,0.8863159,0.7635252,0.8614595
4.605007,18,5,0.2291377,0.0797355,0.4810478,0.264,0.07597173,0.4834273,18.3,0,0.03514554,2.649994,0,0,0,0,0.8863159,0.7635252,0.8614595
4.607628,18,5,0.2291377,0.0797355,0.4810478,0.264,0.07597173,0.4834273,18.3,0,0.03514554,2.649994,0,0,0,0,0.8863159,0.7635252,0.8614595
4.61002,18,5,0.2291377,0.0797355,0.4810478,0.264,0.07597173,0.4834273,18.3,0,0.03514554,2.649994,0,0,0,0,0.8863159,0.7635252,0.8614595
4.612545,18,5,0.2291377,0.0797355,0.4810478,0.264,0.07597173,0.4834273,18.3,0,0.03514554,2.649994,0,0,0,0,0.8863159,0.7635252,0.8614595
4.615311,18,5,0.2291377,0.0797355,0.4810478,0.264,0.07597173,0.4834273,18.3,0,0.03514554,2.649994,0,0,0,0,0.8863159,0.7635252,0.8614595
4.617722,18,5,0.2291377,0.0797355,0.4810478,0.264,0.07597173,0.4834273,18.3,0,0.03514554,2.649994,0,0,0,0,0.8863159,0.7635252,0.8614595
4.620544,18,5,0.2291377,0.0797355,0.4810478,0.264,0.07597173,0.4834273,18.3,0,0.03514554,2.649994,0,0,0,0,0.8863159,0.7635252,0.8614595
4.623081,18,5,0.2291377,0.0797355,0.4810478,0.264,0.07597173,0.4834273,18.3,0,0.03514554,2.649994,0,0,0,0,0.8863159,0.7635252,0.8614595
4.625744,18,5,0.2291377,0.0797355,0.4810478,0.264,0.07597173,0.4834273,18.3,0,0.03514554,2.649994,0,0,0,0,0.8863159,0.7635252,0.8614595
4.628117,18,5,0.2291377,0.0797355,0.4810478,0.264,0.07597173,0.4834273,18.3,0,0.03514554,2.649994,0,0,0,0,0.8863159,0.7635252,0.8614595
4.630325,18,5,0.2291377,0.0797355,0.4810478,0.264,0.07597173,0.4834273,18.3,0,0.03514554,2.649994,0,0,0,0,0.8863159,0.7635252,0.8614595
4.632847,18,5,0.2291377,0.0797355,0.4810478,0.264,0.07597173,0.4834273,18.3,0,0.03514554,2.649994,0,0,0,0,0.8863159,0.7635252,0.8614595
4.635376,18,5,0.2291377,0.0797355,0.4810478,0.264,0.07597173,0.4834273,18.3,0,0.03514554,2.649994,0,0,0,0,0.8863159,0.7635252,0.8614595
4.637882,18,5,0.2291377,0.0797355,0.4810478,0.264,0.07597173,0.4834273,18.3,0,0.03514554,2.649994,0,0,0,0,0.8863159,0.7635252,0.8614595
4.64003,18,5,0.2291377,0.0797355,0.4810478,0.264,0.07597173,0.4834273,18.3,0,0.03514554,2.649994,0,0,0,0,0.8863159,0.7635252,0.8614595
4.64238,18,5,0.2291377,0.0797355,0.4810478,0.264,0.07597173,0.4834273,18.3,0,0.03514554,2.649994,0,0,0,0,0.8863159,0.7635252,0.8614595
4.645046,18,5,0.2291377,0.0797355,0.4810478,0.264,0.07597173,0.4834273,18.3,0,0.03514554,2.649994,0,0,0,0,0.8863159,0.7635252,0.8614595
4.647533,18,5,0.2291377,0.0797355,0.4810478,0.264,0.07597173,0.4834273,18.3,0,0.03514554,2.649994,0,0,0,0,0.8863159,0.7635252,0.8614595
4.649849,18,5,0.2291377,0.0797355,0.4810478,0.264,0.07597173,0.4834273,18.3,0,0.03514554,2.649994,0,0,0,0,0.8863159,0.7635252,0.8614595
4.652645,18,5,0.2291377,0.0797355,0.4810478,0.264,0.07597173,0.4834273,18.3,0,0.03514554,2.649994,0,0,0,0,0.8863159,0.7635252,0.8614595
4.65501,18,5,0.2291377,0.0797355,0.4810478,0.264,0.07597173,0.4834273,18.3,0,0.03514554,2.649994,0,0,0,0,0.8863159,0.7635252,0.8614595
4.657207,18,5,0.2291377,0.0797355,0.4810478,0.264,0.07597173,0.4834273,18.3,0,0.03514554,2.649994,0,0,0,0,0.8863159,0.7635252,0.8614595
4.659473,18,5,0.2291377,0.0797355,0.4810478,0.264,0.07597173,0.4834273,18.3,0,0.03514554,2.649994,0,0,0,0,0.8863159,0.7635252,0.8614595
4.662601,18,5,0.2291377,0.0797355,0.4810478,0.264,0.07597173,0.4834273,18.3,0,0.03514554,2.649994,0,0,0,0,0.8863159,0.7635252,0.8614595
4.665825,18,5,0.2291377,0.0797355,0.4810478,0.264,0.07597173,0.4834273,18.3,0,0.03514554,2.649994,0,0,0,0,0.8863159,0.7635252,0.8614595
4.668568,18,5,0.2291377,0.0797355,0.4810478,0.264,0.07597173,0.4834273,18.3,0,0.03514554,2.649994,0,0,0,0,0.8863159,0.7635252,0.8614595
4.671993,18,5,0.2291377,0.0797355,0.4810478,0.264,0.07597173,0.4834273,18.3,0,0.03514554,2.649994,0,0,0,0,0.8863159,0.7635252,0.8614595
4.674213,18,5,0.2291377,0.0797355,0.4810478,0.264,0.07597173,0.4834273,18.3,0,0.03514554,2.649994,0,0,0,0,0.8863159,0.7635252,0.8614595
4.676628,18,5,0.2291377,0.0797355,0.4810478,0.264,0.07597173,0.4834273,18.3,0,0.03514554,2.649994,0,0,0,0,0.8863159,0.7635252,0.8614595
4.67918,18,5,0.2291377,0.0797355,0.4810478,0.264,0.07597173,0.4834273,18.3,0,0.03514554,2.649994,0,0,0,0,0.8863159,0.7635252,0.8614595
4.681702,18,5,0.2291377,0.0797355,0.4810478,0.264,0.07597173,0.4834273,18.3,0,0.03514554,2.649994,0,0,0,0,0.8863159,0.7635252,0.8614595
4.684013,18,5,0.2291377,0.0797355,0.4810478,0.264,0.07597173,0.4834273,18.3,0,0.03514554,2.649994,0,0,0,0,0.8863159,0.7635252,0.8614595
4.687057,18,5,0.2291377,0.0797355,0.4810478,0.264,0.07597173,0.4834273,18.3,0,0.03514554,2.649994,0,0,0,0,0.8863159,0.7635252,0.8614595
4.689537,18,5,0.2291377,0.0797355,0.4810478,0.264,0.07597173,0.4834273,18.3,0,0.03514554,2.649994,0,0,0,0,0.8863159,0.7635252,0.8614595
4.691959,18,5,0.2291377,0.0797355,0.4810478,0.264,0.07597173,0.4834273,18.3,0,0.03514554,2.649994,0,0,0,0,0.8863159,0.7635252,0.8614595
4.694347,18,5,0.2291377,0.0797355,0.4810478,0.264,0.07597173,0.4834273,18.3,0,0.03514554,2.649994,0,0,0,0,0.8863159,0.7635252,0.8614595
4.696724,18,5,0.2291377,0.0797355,0.4810478,0.264,0.07597173,0.4834273,18.3,0,0.03514554,2.649994,0,0,0,0,0.8863159,0.7635252,0.8614595
4.699112,18,5,0.2291377,0.0797355,0.4810478,0.264,0.07597173,0.4834273,18.3,0,0.03514554,2.649994,0,0,0,0,0.8863159,0.7635252,0.8614595
4.701679,18,5,0.2291377,0.0797355,0.4810478,0.264,0.07597173,0.4834273,18.3,0,0.03514554,2.649994,0,0,0,0,0.8863159,0.7635252,0.8614595
4.704178,18,5,0.2291377,0.0797355,0.4810478,0.264,0.07597173,0.4834273,18.3,0,0.03514554,2.649994,0,0,0,0,0.8863159,0.7635252,0.8614595
4.70702,18,5,0.2291377,0.0797355,0.4810478,0.264,0.07597173,0.4834273,18.3,0,0.03514554,2.649994,0,0,0,0,0.8863159,0.7635252,0.8614595
4.709522,18,5,0.2291377,0.0797355,0.4810478,0.264,0.07597173,0.4834273,18.3,0,0.03514554,2.649994,0,0,0,0,0.8863159,0.7635252,0.8614595
4.711887,18,5,0.2291377,0.0797355,0.4810478,0.264,0.07597173,0.4834273,18.3,0,0.03514554,2.649994,0,0,0,0,0.8863159,0.7635252,0.8614595
4.714188,18,5,0.2291377,0.0797355,0.4810478,0.264,0.07597173,0.4834273,18.3,0,0.03514554,2.649994,0,0,0,0,0.8863159,0.7635252,0.8614595
4.716396,18,5,0.2291377,0.0797355,0.4810478,0.264,0.07597173,0.4834273,18.3,0,0.03514554,2.649994,0,0,0,0,0.8863159,0.7635252,0.8614595
4.718994,18,5,0.2291377,0.0797355,0.4810478,0.264,0.07597173,0.4834273,18.3,0,0.03514554,2.649994,0,0,0,0,0.8863159,0.7635252,0.8614595
4.721367,18,5,0.2291377,0.0797355,0.4810478,0.264,0.07597173,0.4834273,18.3,0,0.03514554,2.649994,0,0,0,0,0.8863159,0.7635252,0.8614595
4.723686,18,5,0.2291377,0.0797355,0.4810478,0.264,0.07597173,0.4834273,18.3,0,0.03514554,2.649994,0,0,0,0,0.8863159,0.7635252,0.8614595
4.726631,18,5,0.2291377,0.0797355,0.4810478,0.264,0.07597173,0.4834273,18.3,0,0.03514554,2.649994,0,0,0,0,0.8863159,0.7635252,0.8614595
4.729092,18,5,0.2291377,0.0797355,0.4810478,0.264,0.07597173,0.4834273,18.3,0,0.03514554,2.649994,0,0,0,0,0.8863159,0.7635252,0.8614595
4.731342,18,5,0.2291377,0.0797355,0.4810478,0.264,0.07597173,0.4834273,18.3,0,0.03514554,2.649994,0,0,0,0,0.8863159,0.7635252,0.8614595
4.733631,18,5,0.2291377,0.0797355,0.4810478,0.264,0.07597173,0.4834273,18.3,0,0.03514554,2.649994,0,0,0,0,0.8863159,0.7635252,0.8614595
4.73661,18,5,0.2291377,0.0797355,0.4810478,0.264,0.07597173,0.4834273,18.3,0,0.03514554,2.649994,0,0,0,0,0.8863159,0.7635252,0.8614595
4.738949,18,5,0.2291377,0.0797355,0.4810478,0.264,0.07597173,0.4834273,18.3,0,0.03514554,2.649994,0,0,0,0,0.8863159,0.7635252,0.8614595
4.742111,18,5,0.2291377,0.0797355,0.4810478,0.264,0.07597173,0.4834273,18.3,0,0.03514554,2.649994,0,0,0,0,0.8863159,0.7635252,0.8614595
4.745083,18,5,0.2291377,0.0797355,0.4810478,0.264,0.07597173,0.4834273,18.3,0,0.03514554,2.649994,0,0,0,0,0.8863159,0.7635252,0.8614595
4.747227,18,5,0.2291377,0.0797355,0.4810478,0.264,0.07597173,0.4834273,18.3,0,0.03514554,2.649994,0,0,0,0,0.8863159,0.7635252,0.8614595
4.749306,18,5,0.2291377,0.0797355,0.4810478,0.264,0.07597173,0.4834273,18.3,0,0.03514554,2.649994,0,0,0,0,0.8863159,0.7635252,0.8614595
4.752094,18,5,0.2291377,0.0797355,0.4810478,0.264,0.07597173,0.4834273,18.3,0,0.03514554,2.649994,0,0,0,0,0.8863159,0.7635252,0.8614595
4.75462,18,5,0.2291377,0.0797355,0.4810478,0.264,0.07597173,0.4834273,18.3,0,0.03514554,2.649994,0,0,0,0,0.8863159,0.7635252,0.8614595
4.757191,18,5,0.2291377,0.0797355,0.4810478,0.264,0.07597173,0.4834273,18.3,0,0.03514554,2.649994,0,0,0,0,0.8863159,0.7635252,0.8614595
4.759529,18,5,0.2291377,0.0797355,0.4810478,0.264,0.07597173,0.4834273,18.3,0,0.03514554,2.649994,0,0,0,0,0.8863159,0.7635252,0.8614595
4.761753,18,5,0.2291377,0.0797355,0.4810478,0.264,0.07597173,0.4834273,18.3,0,0.03514554,2.649994,0,0,0,0,0.8863159,0.7635252,0.8614595
4.763992,18,5,0.2291377,0.0797355,0.4810478,0.264,0.07597173,0.4834273,18.3,0,0.03514554,2.649994,0,0,0,0,0.8863159,0.7635252,0.8614595
4.766644,18,5,0.2291377,0.0797355,0.4810478,0.264,0.07597173,0.4834273,18.3,0,0.03514554,2.649994,0,0,0,0,0.8863159,0.7635252,0.8614595
4.769707,18,5,0.2291377,0.0797355,0.4810478,0.264,0.07597173,0.4834273,18.3,0,0.03514554,2.649994,0,0,0,0,0.8863159,0.7635252,0.8614595
4.772488,18,5,0.2291377,0.0797355,0.4810478,0.264,0.07597173,0.4834273,18.3,0,0.03514554,2.649994,0,0,0,0,0.8863159,0.7635252,0.8614595
4.774662,18,5,0.2291377,0.0797355,0.4810478,0.264,0.07597173,0.4834273,18.3,0,0.03514554,2.649994,0,0,0,0,0.8863159,0.7635252,0.8614595
4.776802,18,5,0.2291377,0.0797355,0.4810478,0.264,0.07597173,0.4834273,18.3,0,0.03514554,2.649994,0,0,0,0,0.8863159,0.7635252,0.8614595
4.779102,18,5,0.2291377,0.0797355,0.4810478,0.264,0.07597173,0.4834273,18.3,0,0.03514554,2.649994,0,0,0,0,0.8863159,0.7635252,0.8614595
4.781361,18,5,0.2291377,0.0797355,0.4810478,0.264,0.07597173,0.4834273,18.3,0,0.03514554,2.649994,0,0,0,0,0.8863159,0.7635252,0.8614595
4.783691,18,5,0.2291377,0.0797355,0.4810478,0.264,0.07597173,0.4834273,18.3,0,0.03514554,2.649994,0,0,0,0,0.8863159,0.7635252,0.8614595
4.787102,18,5,0.2291377,0.0797355,0.4810478,0.264,0.07597173,0.4834273,18.3,0,0.03514554,2.649994,0,0,0,0,0.8863159,0.7635252,0.8614595
4.789444,18,5,0.2291377,0.0797355,0.4810478,0.264,0.07597173,0.4834273,18.3,0,0.03514554,2.649994,0,0,0,0,0.8863159,0.7635252,0.8614595
4.791725,18,5,0.2291377,0.0797355,0.4810478,0.264,0.07597173,0.4834273,18.3,0,0.03514554,2.649994,0,0,0,0,0.8863159,0.7635252,0.8614595
4.795246,18,5,0.2291377,0.0797355,0.4810478,0.264,0.07597173,0.4834273,18.3,0,0.03514554,2.649994,0,0,0,0,0.8863159,0.7635252,0.8614595
4.797531,18,5,0.2291377,0.0797355,0.4810478,0.264,0.07597173,0.4834273,18.3,0,0.03514554,2.649994,0,0,0,0,0.8863159,0.7635252,0.8614595
4.79985,18,5,0.2291377,0.0797355,0.4810478,0.264,0.07597173,0.4834273,18.3,0,0.03514554,2.649994,0,0,0,0,0.8863159,0.7635252,0.8614595
4.802658,18,5,0.2291377,0.0797355,0.4810478,0.264,0.07597173,0.4834273,18.3,0,0.03514554,2.649994,0,0,0,0,0.8863159,0.7635252,0.8614595
4.805695,18,5,0.2291377,0.0797355,0.4810478,0.264,0.07597173,0.4834273,18.3,0,0.03514554,2.649994,0,0,0,0,0.8863159,0.7635252,0.8614595
4.809578,18,5,0.2291377,0.0797355,0.4810478,0.264,0.07597173,0.4834273,18.3,0,0.03514554,2.649994,0,0,0,0,0.8863159,0.7635252,0.8614595
4.815159,18,5,0.2291377,0.0797355,0.4810478,0.264,0.07597173,0.4834273,18.3,0,0.03514554,2.649994,0,0,0,0,0.8863159,0.7635252,0.8614595
4.817486,18,5,0.2291377,0.0797355,0.4810478,0.264,0.07597173,0.4834273,18.3,0,0.03514554,2.649994,0,0,0,0,0.8863159,0.7635252,0.8614595
4.82037,18,5,0.2291377,0.0797355,0.4810478,0.264,0.07597173,0.4834273,18.3,0,0.03514554,2.649994,0,0,0,0,0.8863159,0.7635252,0.8614595
4.822735,18,5,0.2291377,0.0797355,0.4810478,0.264,0.07597173,0.4834273,18.3,0,0.03514554,2.649994,0,0,0,0,0.8863159,0.7635252,0.8614595
4.825558,18,5,0.2291377,0.0797355,0.4810478,0.264,0.07597173,0.4834273,18.3,0,0.03514554,2.649994,0,0,0,0,0.8863159,0.7635252,0.8614595
4.828995,18,5,0.2291377,0.0797355,0.4810478,0.264,0.07597173,0.4834273,18.3,0,0.03514554,2.649994,0,0,0,0,0.8863159,0.7635252,0.8614595
4.831272,18,5,0.2291377,0.0797355,0.4810478,0.264,0.07597173,0.4834273,18.3,0,0.03514554,2.649994,0,0,0,0,0.8863159,0.7635252,0.8614595
4.833927,18,5,0.2291377,0.0797355,0.4810478,0.264,0.07597173,0.4834273,18.3,0,0.03514554,2.649994,0,0,0,0,0.8863159,0.7635252,0.8614595
4.836567,18,5,0.2291377,0.0797355,0.4810478,0.264,0.07597173,0.4834273,18.3,0,0.03514554,2.649994,0,0,0,0,0.8863159,0.7635252,0.8614595
4.83897,18,5,0.2291377,0.0797355,0.4810478,0.264,0.07597173,0.4834273,18.3,0,0.03514554,2.649994,0,0,0,0,0.8863159,0.7635252,0.8614595
4.841106,18,5,0.2291377,0.0797355,0.4810478,0.264,0.07597173,0.4834273,18.3,0,0.03514554,2.649994,0,0,0,0,0.8863159,0.7635252,0.8614595
4.843494,18,5,0.2291377,0.0797355,0.4810478,0.264,0.07597173,0.4834273,18.3,0,0.03514554,2.649994,0,0,0,0,0.8863159,0.7635252,0.8614595
4.846138,18,5,0.2291377,0.0797355,0.4810478,0.264,0.07597173,0.4834273,18.3,0,0.03514554,2.649994,0,0,0,0,0.8863159,0.7635252,0.8614595
4.84869,18,5,0.2291377,0.0797355,0.4810478,0.264,0.07597173,0.4834273,18.3,0,0.03514554,2.649994,0,0,0,0,0.8863159,0.7635252,0.8614595
4.851551,18,5,0.2291377,0.0797355,0.4810478,0.264,0.07597173,0.4834273,18.3,0,0.03514554,2.649994,0,0,0,0,0.8863159,0.7635252,0.8614595
4.854687,18,5,0.2291377,0.0797355,0.4810478,0.264,0.07597173,0.4834273,18.3,0,0.03514554,2.649994,0,0,0,0,0.8863159,0.7635252,0.8614595
4.857357,18,5,0.2291377,0.0797355,0.4810478,0.264,0.07597173,0.4834273,18.3,0,0.03514554,2.649994,0,0,0,0,0.8863159,0.7635252,0.8614595
4.859737,18,5,0.2291377,0.0797355,0.4810478,0.264,0.07597173,0.4834273,18.3,0,0.03514554,2.649994,0,0,0,0,0.8863159,0.7635252,0.8614595
4.862034,18,5,0.2291377,0.0797355,0.4810478,0.264,0.07597173,0.4834273,18.3,0,0.03514554,2.649994,0,0,0,0,0.8863159,0.7635252,0.8614595
4.86507,18,5,0.2291377,0.0797355,0.4810478,0.264,0.07597173,0.4834273,18.3,0,0.03514554,2.649994,0,0,0,0,0.8863159,0.7635252,0.8614595
4.867599,18,5,0.2291377,0.0797355,0.4810478,0.264,0.07597173,0.4834273,18.3,0,0.03514554,2.649994,0,0,0,0,0.8863159,0.7635252,0.8614595
4.870865,18,5,0.2291377,0.0797355,0.4810478,0.264,0.07597173,0.4834273,18.3,0,0.03514554,2.649994,0,0,0,0,0.8863159,0.7635252,0.8614595
4.873215,18,5,0.2291377,0.0797355,0.4810478,0.264,0.07597173,0.4834273,18.3,0,0.03514554,2.649994,0,0,0,0,0.8863159,0.7635252,0.8614595
4.875492,18,5,0.2291377,0.0797355,0.4810478,0.264,0.07597173,0.4834273,18.3,0,0.03514554,2.649994,0,0,0,0,0.8863159,0.7635252,0.8614595
4.877842,18,5,0.2291377,0.0797355,0.4810478,0.264,0.07597173,0.4834273,18.3,0,0.03514554,2.649994,0,0,0,0,0.8863159,0.7635252,0.8614595
4.880219,18,5,0.2291377,0.0797355,0.4810478,0.264,0.07597173,0.4834273,18.3,0,0.03514554,2.649994,0,0,0,0,0.8863159,0.7635252,0.8614595
4.883011,18,5,0.2291377,0.0797355,0.4810478,0.264,0.07597173,0.4834273,18.3,0,0.03514554,2.649994,0,0,0,0,0.8863159,0.7635252,0.8614595
4.886208,18,5,0.2291377,0.0797355,0.4810478,0.264,0.07597173,0.4834273,18.3,0,0.03514554,2.649994,0,0,0,0,0.8863159,0.7635252,0.8614595
4.888538,18,5,0.2291377,0.0797355,0.4810478,0.264,0.07597173,0.4834273,18.3,0,0.03514554,2.649994,0,0,0,0,0.8863159,0.7635252,0.8614595
4.891083,18,5,0.2291377,0.0797355,0.4810478,0.264,0.07597173,0.4834273,18.3,0,0.03514554,2.649994,0,0,0,0,0.8863159,0.7635252,0.8614595
4.8936,18,5,0.2291377,0.0797355,0.4810478,0.264,0.07597173,0.4834273,18.3,0,0.03514554,2.649994,0,0,0,0,0.8863159,0.7635252,0.8614595
4.896488,18,5,0.2291377,0.0797355,0.4810478,0.264,0.07597173,0.4834273,18.3,0,0.03514554,2.649994,0,0,0,0,0.8863159,0.7635252,0.8614595
4.899017,18,5,0.2291377,0.0797355,0.4810478,0.264,0.07597173,0.4834273,18.3,0,0.03514554,2.649994,0,0,0,0,0.8863159,0.7635252,0.8614595
4.902184,18,5,0.2291377,0.0797355,0.4810478,0.264,0.07597173,0.4834273,18.3,0,0.03514554,2.649994,0,0,0,0,0.8863159,0.7635252,0.8614595
4.904972,18,5,0.2291377,0.0797355,0.4810478,0.264,0.07597173,0.4834273,18.3,0,0.03514554,2.649994,0,0,0,0,0.8863159,0.7635252,0.8614595
4.907188,18,5,0.2291377,0.0797355,0.4810478,0.264,0.07597173,0.4834273,18.3,0,0.03514554,2.649994,0,0,0,0,0.8863159,0.7635252,0.8614595
4.909512,18,5,0.2291377,0.0797355,0.4810478,0.264,0.07597173,0.4834273,18.3,0,0.03514554,2.649994,0,0,0,0,0.8863159,0.7635252,0.8614595
4.912292,18,5,0.2291377,0.0797355,0.4810478,0.264,0.07597173,0.4834273,18.3,0,0.03514554,2.649994,0,0,0,0,0.8863159,0.7635252,0.8614595
4.915344,18,5,0.2291377,0.0797355,0.4810478,0.264,0.07597173,0.4834273,18.3,0,0.03514554,2.649994,0,0,0,0,0.8863159,0.7635252,0.8614595
4.91827,18,5,0.2291377,0.0797355,0.4810478,0.264,0.07597173,0.4834273,18.3,0,0.03514554,2.649994,0,0,0,0,0.8863159,0.7635252,0.8614595
4.921841,18,5,0.2291377,0.0797355,0.4810478,0.264,0.07597173,0.4834273,18.3,0,0.03514554,2.649994,0,0,0,0,0.8863159,0.7635252,0.8614595
4.925095,18,5,0.2291377,0.0797355,0.4810478,0.264,0.07597173,0.4834273,18.3,0,0.03514554,2.649994,0,0,0,0,0.8863159,0.7635252,0.8614595
4.928257,18,5,0.2291377,0.0797355,0.4810478,0.264,0.07597173,0.4834273,18.3,0,0.03514554,2.649994,0,0,0,0,0.8863159,0.7635252,0.8614595
4.930904,18,5,0.2291377,0.0797355,0.4810478,0.264,0.07597173,0.4834273,18.3,0,0.03514554,2.649994,0,0,0,0,0.8863159,0.7635252,0.8614595
4.933395,18,5,0.2291377,0.0797355,0.4810478,0.264,0.07597173,0.4834273,18.3,0,0.03514554,2.649994,0,0,0,0,0.8863159,0.7635252,0.8614595
4.936584,18,5,0.2291377,0.0797355,0.4810478,0.264,0.07597173,0.4834273,18.3,0,0.03514554,2.649994,0,0,0,0,0.8863159,0.7635252,0.8614595
4.939713,18,5,0.2291377,0.0797355,0.4810478,0.264,0.07597173,0.4834273,18.3,0,0.03514554,2.649994,0,0,0,0,0.8863159,0.7635252,0.8614595
4.942757,18,5,0.2291377,0.0797355,0.4810478,0.264,0.07597173,0.4834273,18.3,0,0.03514554,2.649994,0,0,0,0,0.8863159,0.7635252,0.8614595
4.945866,18,5,0.2291377,0.0797355,0.4810478,0.264,0.07597173,0.4834273,18.3,0,0.03514554,2.649994,0,0,0,0,0.8863159,0.7635252,0.8614595
4.948681,18,5,0.2291377,0.0797355,0.4810478,0.264,0.07597173,0.4834273,18.3,0,0.03514554,2.649994,0,0,0,0,0.8863159,0.7635252,0.8614595
4.951771,18,5,0.2291377,0.0797355,0.4810478,0.264,0.07597173,0.4834273,18.3,0,0.03514554,2.649994,0,0,0,0,0.8863159,0.7635252,0.8614595
4.954468,18,5,0.2291377,0.0797355,0.4810478,0.264,0.07597173,0.4834273,18.3,0,0.03514554,2.649994,0,0,0,0,0.8863159,0.7635252,0.8614595
4.956894,18,5,0.2291377,0.0797355,0.4810478,0.264,0.07597173,0.4834273,18.3,0,0.03514554,2.649994,0,0,0,0,0.8863159,0.7635252,0.8614595
4.959557,18,5,0.2291377,0.0797355,0.4810478,0.264,0.07597173,0.4834273,18.3,0,0.03514554,2.649994,0,0,0,0,0.8863159,0.7635252,0.8614595
4.962494,18,5,0.2291377,0.0797355,0.4810478,0.264,0.07597173,0.4834273,18.3,0,0.03514554,2.649994,0,0,0,0,0.8863159,0.7635252,0.8614595
4.965145,18,5,0.2291377,0.0797355,0.4810478,0.264,0.07597173,0.4834273,18.3,0,0.03514554,2.649994,0,0,0,0,0.8863159,0.7635252,0.8614595
4.967766,18,5,0.2291377,0.0797355,0.4810478,0.264,0.07597173,0.4834273,18.3,0,0.03514554,2.649994,0,0,0,0,0.8863159,0.7635252,0.8614595
4.970764,18,5,0.2291377,0.0797355,0.4810478,0.264,0.07597173,0.4834273,18.3,0,0.03514554,2.649994,0,0,0,0,0.8863159,0.7635252,0.8614595
4.973373,18,5,0.2291377,0.0797355,0.4810478,0.264,0.07597173,0.4834273,18.3,0,0.03514554,2.649994,0,0,0,0,0.8863159,0.7635252,0.8614595
4.976051,18,5,0.2291377,0.0797355,0.4810478,0.264,0.07597173,0.4834273,18.3,0,0.03514554,2.649994,0,0,0,0,0.8863159,0.7635252,0.8614595
4.978977,18,5,0.2291377,0.0797355,0.4810478,0.264,0.07597173,0.4834273,18.3,0,0.03514554,2.649994,0,0,0,0,0.8863159,0.7635252,0.8614595
4.98214,18,5,0.2291377,0.0797355,0.4810478,0.264,0.07597173,0.4834273,18.3,0,0.03514554,2.649994,0,0,0,0,0.8863159,0.7635252,0.8614595
4.985817,18,5,0.2291377,0.0797355,0.4810478,0.264,0.07597173,0.4834273,18.3,0,0.03514554,2.649994,0,0,0,0,0.8863159,0.7635252,0.8614595
4.989445,18,5,0.2291377,0.0797355,0.4810478,0.264,0.07597173,0.4834273,18.3,0,0.03514554,2.649994,0,0,0,0,0.8863159,0.7635252,0.8614595
4.992744,18,5,0.2291377,0.0797355,0.4810478,0.264,0.07597173,0.4834273,18.3,0,0.03514554,2.649994,0,0,0,0,0.8863159,0.7635252,0.8614595
4.995903,18,5,0.2291377,0.0797355,0.4810478,0.264,0.07597173,0.4834273,18.3,0,0.03514554,2.649994,0,0,0,0,0.8863159,0.7635252,0.8614595
4.998684,18,5,0.2291377,0.0797355,0.4810478,0.264,0.07597173,0.4834273,18.3,0,0.03514554,2.649994,0,0,0,0,0.8863159,0.7635252,0.8614595
