Timestamp,Phase,TargetShoulderPitch,TargetElbowAngle,TargetPosX,TargetPosY,TargetPosZ,ActualPosX,ActualPosY,ActualPosZ,ActualShoulderPitch,ActualElbowAngle,PositionError,JointSpaceError,ShoulderPitchVel,ElbowVel,ShoulderPitchJerk,ElbowJerk,PathLength,OptimalPathLength,PathEfficiency,EMGRawCh1,EMGRawCh2,EMGRawCh3,EMGRawCh4,EMGFilteredCh1,EMGFilteredCh2,EMGFilteredCh3,EMGFilteredCh4,EMGNormalizedCh1,EMGNormalizedCh2,EMGNormalizedCh3,EMGNormalizedCh4
0.004219055,InitialFreeze,70,14,0.1422312,-0.03276038,0.3835453,0.239,-0.08831209,0.3404917,75,0,0.1195985,9.5,0,0,0,0,0,0.1195985,119.5985,0,0,0,0,0,0,0,0,0,0,0,0
0.008537292,InitialFreeze,70,14,0.1422312,-0.03276038,0.3835453,0.239,-0.08831209,0.3404917,75,0,0.1195985,9.5,0,0,0,0,0,0.1195985,119.5985,0,0,0,0,0,0,0,0,0,0,0,0
0.01281738,InitialFreeze,70,14,0.1422312,-0.03276038,0.3835453,0.239,-0.08831209,0.3404917,75,0,0.1195985,9.5,0,0,0,0,0,0.1195985,119.5985,0,0,0,0,0,0,0,0,0,0,0,0
0.01760101,InitialFreeze,70,14,0.1422312,-0.03276038,0.3835453,0.239,-0.08831209,0.3404917,75,0,0.1195985,9.5,0,0,0,0,0,0.1195985,119.5985,0,0,0,0,0,0,0,0,0,0,0,0
0.02235413,InitialFreeze,70,14,0.1422312,-0.03276038,0.3835453,0.239,-0.08831209,0.3404917,75,0,0.1195985,9.5,0,0,0,0,0,0.1195985,119.5985,0,0,0,0,0,0,0,0,0,0,0,0
0.02715302,InitialFreeze,70,14,0.1422312,-0.03276038,0.3835453,0.239,-0.08831209,0.3404917,75,0,0.1195985,9.5,0,0,0,0,0,0.1195985,119.5985,0,0,0,0,0,0,0,0,0,0,0,0
0.03147125,InitialFreeze,70,14,0.1422312,-0.03276038,0.3835453,0.239,-0.08831209,0.3404917,75,0,0.1195985,9.5,0,0,0,0,0,0.1195985,119.5985,0,0,0,0,0,0,0,0,0,0,0,0
0.03635406,InitialFreeze,70,14,0.1422312,-0.03276038,0.3835453,0.239,-0.08831209,0.3404917,75,0,0.1195985,9.5,0,0,0,0,0,0.1195985,119.5985,0,0,0,0,0,0,0,0,0,0,0,0
0.04128265,InitialFreeze,70,14,0.1422312,-0.03276038,0.3835453,0.239,-0.08831209,0.3404917,75,0,0.1195985,9.5,0,0,0,0,0,0.1195985,119.5985,0,0,0,0,0,0,0,0,0,0,0,0
0.04655457,InitialFreeze,70,14,0.1422312,-0.03276038,0.3835453,0.239,-0.08831209,0.3404917,75,0,0.1195985,9.5,0,0,0,0,0,0.1195985,119.5985,0,0,0,0,0,0,0,0,0,0,0,0
0.05118561,InitialFreeze,70,14,0.1422312,-0.03276038,0.3835453,0.239,-0.08831209,0.3404917,75,0,0.1195985,9.5,0,0,0,0,0,0.1195985,119.5985,0,0,0,0,0,0,0,0,0,0,0,0
0.05471802,InitialFreeze,70,14,0.1422312,-0.03276038,0.3835453,0.239,-0.08831209,0.3404917,75,0,0.1195985,9.5,0,0,0,0,0,0.1195985,119.5985,0,0,0,0,0,0,0,0,0,0,0,0
0.058815,InitialFreeze,70,14,0.1422312,-0.03276038,0.3835453,0.239,-0.08831209,0.3404917,75,0,0.1195985,9.5,0,0,0,0,0,0.1195985,119.5985,0,0,0,0,0,0,0,0,0,0,0,0
0.06284332,InitialFreeze,70,14,0.1422312,-0.03276038,0.3835453,0.239,-0.08831209,0.3404917,75,0,0.1195985,9.5,0,0,0,0,0,0.1195985,119.5985,0,0,0,0,0,0,0,0,0,0,0,0
0.06735992,InitialFreeze,70,14,0.1422312,-0.03276038,0.3835453,0.239,-0.08831209,0.3404917,75,0,0.1195985,9.5,0,0,0,0,0,0.1195985,119.5985,0,0,0,0,0,0,0,0,0,0,0,0
0.07315063,InitialFreeze,70,14,0.1422312,-0.03276038,0.3835453,0.239,-0.08831209,0.3404917,75,0,0.1195985,9.5,0,0,0,0,0,0.1195985,119.5985,0,0,0,0,0,0,0,0,0,0,0,0
0.07841492,InitialFreeze,70,14,0.1422312,-0.03276038,0.3835453,0.239,-0.08831209,0.3404917,75,0,0.1195985,9.5,0,0,0,0,0,0.1195985,119.5985,0,0,0,0,0,0,0,0,0,0,0,0
0.08164215,InitialFreeze,70,14,0.1422312,-0.03276038,0.3835453,0.239,-0.08831209,0.3404917,75,0,0.1195985,9.5,0,0,0,0,0,0.1195985,119.5985,0,0,0,0,0,0,0,0,0,0,0,0
0.08563995,InitialFreeze,70,14,0.1422312,-0.03276038,0.3835453,0.239,-0.08831209,0.3404917,75,0,0.1195985,9.5,0,0,0,0,0,0.1195985,119.5985,0,0,0,0,0,0,0,0,0,0,0,0
0.08968353,InitialFreeze,70,14,0.1422312,-0.03276038,0.3835453,0.239,-0.08831209,0.3404917,75,0,0.1195985,9.5,0,0,0,0,0,0.1195985,119.5985,0,0,0,0,0,0,0,0,0,0,0,0
0.09335327,InitialFreeze,70,14,0.1422312,-0.03276038,0.3835453,0.239,-0.08831209,0.3404917,75,0,0.1195985,9.5,0,0,0,0,0,0.1195985,119.5985,0,0,0,0,0,0,0,0,0,0,0,0
0.09656525,InitialFreeze,70,14,0.1422312,-0.03276038,0.3835453,0.239,-0.08831209,0.3404917,75,0,0.1195985,9.5,0,0,0,0,0,0.1195985,119.5985,0,0,0,0,0,0,0,0,0,0,0,0
0.1001587,InitialFreeze,70,14,0.1422312,-0.03276038,0.3835453,0.239,-0.08831209,0.3404917,75,0,0.1195985,9.5,0,0,0,0,0,0.1195985,119.5985,0,0,0,0,0,0,0,0,0,0,0,0
0.1037827,InitialFreeze,70,14,0.1422312,-0.03276038,0.3835453,0.239,-0.08831209,0.3404917,75,0,0.1195985,9.5,0,0,0,0,0,0.1195985,119.5985,0,0,0,0,0,0,0,0,0,0,0,0
0.1078644,InitialFreeze,70,14,0.1422312,-0.03276038,0.3835453,0.239,-0.08831209,0.3404917,75,0,0.1195985,9.5,0,0,0,0,0,0.1195985,119.5985,0,0,0,0,0,0,0,0,0,0,0,0
0.1109695,InitialFreeze,70,14,0.1422312,-0.03276038,0.3835453,0.239,-0.08831209,0.3404917,75,0,0.1195985,9.5,0,0,0,0,0,0.1195985,119.5985,0,0,0,0,0,0,0,0,0,0,0,0
0.1145172,InitialFreeze,70,14,0.1422312,-0.03276038,0.3835453,0.239,-0.08831209,0.3404917,75,0,0.1195985,9.5,0,0,0,0,0,0.1195985,119.5985,0,0,0,0,0,0,0,0,0,0,0,0
0.1180878,InitialFreeze,70,14,0.1422312,-0.03276038,0.3835453,0.239,-0.08831209,0.3404917,75,0,0.1195985,9.5,0,0,0,0,0,0.1195985,119.5985,0,0,0,0,0,0,0,0,0,0,0,0
0.1212845,InitialFreeze,70,14,0.1422312,-0.03276038,0.3835453,0.239,-0.08831209,0.3404917,75,0,0.1195985,9.5,0,0,0,0,0,0.1195985,119.5985,0,0,0,0,0,0,0,0,0,0,0,0
0.1254501,InitialFreeze,70,14,0.1422312,-0.03276038,0.3835453,0.239,-0.08831209,0.3404917,75,0,0.1195985,9.5,0,0,0,0,0,0.1195985,119.5985,0,0,0,0,0,0,0,0,0,0,0,0
0.1287308,InitialFreeze,70,14,0.1422312,-0.03276038,0.3835453,0.239,-0.08831209,0.3404917,75,0,0.1195985,9.5,0,0,0,0,0,0.1195985,119.5985,0,0,0,0,0,0,0,0,0,0,0,0
0.132164,InitialFreeze,70,14,0.1422312,-0.03276038,0.3835453,0.239,-0.08831209,0.3404917,75,0,0.1195985,9.5,0,0,0,0,0,0.1195985,119.5985,0,0,0,0,0,0,0,0,0,0,0,0
0.1351547,InitialFreeze,70,14,0.1422312,-0.03276038,0.3835453,0.239,-0.08831209,0.3404917,75,0,0.1195985,9.5,0,0,0,0,0,0.1195985,119.5985,0,0,0,0,0,0,0,0,0,0,0,0
0.1380768,InitialFreeze,70,14,0.1422312,-0.03276038,0.3835453,0.239,-0.08831209,0.3404917,75,0,0.1195985,9.5,0,0,0,0,0,0.1195985,119.5985,0,0,0,0,0,0,0,0,0,0,0,0
0.1417847,InitialFreeze,70,14,0.1422312,-0.03276038,0.3835453,0.239,-0.08831209,0.3404917,75,0,0.1195985,9.5,0,0,0,0,0,0.1195985,119.5985,0,0,0,0,0,0,0,0,0,0,0,0
0.145195,InitialFreeze,70,14,0.1422312,-0.03276038,0.3835453,0.239,-0.08831209,0.3404917,75,0,0.1195985,9.5,0,0,0,0,0,0.1195985,119.5985,0,0,0,0,0,0,0,0,0,0,0,0
0.1487122,InitialFreeze,70,14,0.1422312,-0.03276038,0.3835453,0.239,-0.08831209,0.3404917,75,0,0.1195985,9.5,0,0,0,0,0,0.1195985,119.5985,0,0,0,0,0,0,0,0,0,0,0,0
0.1520767,InitialFreeze,70,14,0.1422312,-0.03276038,0.3835453,0.239,-0.08831209,0.3404917,75,0,0.1195985,9.5,0,0,0,0,0,0.1195985,119.5985,0,0,0,0,0,0,0,0,0,0,0,0
0.1552658,InitialFreeze,70,14,0.1422312,-0.03276038,0.3835453,0.239,-0.08831209,0.3404917,75,0,0.1195985,9.5,0,0,0,0,0,0.1195985,119.5985,0,0,0,0,0,0,0,0,0,0,0,0
0.1590271,InitialFreeze,70,14,0.1422312,-0.03276038,0.3835453,0.239,-0.08831209,0.3404917,75,0,0.1195985,9.5,0,0,0,0,0,0.1195985,119.5985,0,0,0,0,0,0,0,0,0,0,0,0
0.1620789,InitialFreeze,70,14,0.1422312,-0.03276038,0.3835453,0.239,-0.08831209,0.3404917,75,0,0.1195985,9.5,0,0,0,0,0,0.1195985,119.5985,0,0,0,0,0,0,0,0,0,0,0,0
0.1657181,InitialFreeze,70,14,0.1422312,-0.03276038,0.3835453,0.239,-0.08831209,0.3404917,75,0,0.1195985,9.5,0,0,0,0,0,0.1195985,119.5985,0,0,0,0,0,0,0,0,0,0,0,0
0.1686172,InitialFreeze,70,14,0.1422312,-0.03276038,0.3835453,0.239,-0.08831209,0.3404917,75,0,0.1195985,9.5,0,0,0,0,0,0.1195985,119.5985,0,0,0,0,0,0,0,0,0,0,0,0
0.1719589,InitialFreeze,70,14,0.1422312,-0.03276038,0.3835453,0.239,-0.08831209,0.3404917,75,0,0.1195985,9.5,0,0,0,0,0,0.1195985,119.5985,0,0,0,0,0,0,0,0,0,0,0,0
0.1764755,InitialFreeze,70,14,0.1422312,-0.03276038,0.3835453,0.239,-0.08831209,0.3404917,75,0,0.1195985,9.5,0,0,0,0,0,0.1195985,119.5985,0,0,0,0,0,0,0,0,0,0,0,0
0.1797791,InitialFreeze,70,14,0.1422312,-0.03276038,0.3835453,0.239,-0.08831209,0.3404917,75,0,0.1195985,9.5,0,0,0,0,0,0.1195985,119.5985,0,0,0,0,0,0,0,0,0,0,0,0
0.1832581,InitialFreeze,70,14,0.1422312,-0.03276038,0.3835453,0.239,-0.08831209,0.3404917,75,0,0.1195985,9.5,0,0,0,0,0,0.1195985,119.5985,0,0,0,0,0,0,0,0,0,0,0,0
0.1868591,InitialFreeze,70,14,0.1422312,-0.03276038,0.3835453,0.239,-0.08831209,0.3404917,75,0,0.1195985,9.5,0,0,0,0,0,0.1195985,119.5985,0,0,0,0,0,0,0,0,0,0,0,0
0.190239,InitialFreeze,70,14,0.1422312,-0.03276038,0.3835453,0.239,-0.08831209,0.3404917,75,0,0.1195985,9.5,0,0,0,0,0,0.1195985,119.5985,0,0,0,0,0,0,0,0,0,0,0,0
0.1946869,InitialFreeze,70,14,0.1422312,-0.03276038,0.3835453,0.239,-0.08831209,0.3404917,75,0,0.1195985,9.5,0,0,0,0,0,0.1195985,119.5985,0,0,0,0,0,0,0,0,0,0,0,0
0.1980133,InitialFreeze,70,14,0.1422312,-0.03276038,0.3835453,0.239,-0.08831209,0.3404917,75,0,0.1195985,9.5,0,0,0,0,0,0.1195985,119.5985,0,0,0,0,0,0,0,0,0,0,0,0
0.201149,InitialFreeze,70,14,0.1422312,-0.03276038,0.3835453,0.239,-0.08831209,0.3404917,75,0,0.1195985,9.5,0,0,0,0,0,0.1195985,119.5985,0,0,0,0,0,0,0,0,0,0,0,0
0.2055435,InitialFreeze,70,14,0.1422312,-0.03276038,0.3835453,0.239,-0.08831209,0.3404917,75,0,0.1195985,9.5,0,0,0,0,0,0.1195985,119.5985,0,0,0,0,0,0,0,0,0,0,0,0
0.2093887,InitialFreeze,70,14,0.1422312,-0.03276038,0.3835453,0.239,-0.08831209,0.3404917,75,0,0.1195985,9.5,0,0,0,0,0,0.1195985,119.5985,0,0,0,0,0,0,0,0,0,0,0,0
0.2141495,InitialFreeze,70,14,0.1422312,-0.03276038,0.3835453,0.239,-0.08831209,0.3404917,75,0,0.1195985,9.5,0,0,0,0,0,0.1195985,119.5985,0,0,0,0,0,0,0,0,0,0,0,0
0.2181854,InitialFreeze,70,14,0.1422312,-0.03276038,0.3835453,0.239,-0.08831209,0.3404917,75,0,0.1195985,9.5,0,0,0,0,0,0.1195985,119.5985,0,0,0,0,0,0,0,0,0,0,0,0
0.2215958,InitialFreeze,70,14,0.1422312,-0.03276038,0.3835453,0.239,-0.08831209,0.3404917,75,0,0.1195985,9.5,0,0,0,0,0,0.1195985,119.5985,0,0,0,0,0,0,0,0,0,0,0,0
0.2274704,InitialFreeze,70,14,0.1422312,-0.03276038,0.3835453,0.239,-0.08831209,0.3404917,75,0,0.1195985,9.5,0,0,0,0,0,0.1195985,119.5985,0,0,0,0,0,0,0,0,0,0,0,0
0.2320175,InitialFreeze,70,14,0.1422312,-0.03276038,0.3835453,0.239,-0.08831209,0.3404917,75,0,0.1195985,9.5,0,0,0,0,0,0.1195985,119.5985,0,0,0,0,0,0,0,0,0,0,0,0
0.2351761,InitialFreeze,70,14,0.1422312,-0.03276038,0.3835453,0.239,-0.08831209,0.3404917,75,0,0.1195985,9.5,0,0,0,0,0,0.1195985,119.5985,0,0,0,0,0,0,0,0,0,0,0,0
0.2388611,InitialFreeze,70,14,0.1422312,-0.03276038,0.3835453,0.239,-0.08831209,0.3404917,75,0,0.1195985,9.5,0,0,0,0,0,0.1195985,119.5985,0,0,0,0,0,0,0,0,0,0,0,0
0.2421875,InitialFreeze,70,14,0.1422312,-0.03276038,0.3835453,0.239,-0.08831209,0.3404917,75,0,0.1195985,9.5,0,0,0,0,0,0.1195985,119.5985,0,0,0,0,0,0,0,0,0,0,0,0
0.245697,InitialFreeze,70,14,0.1422312,-0.03276038,0.3835453,0.239,-0.08831209,0.3404917,75,0,0.1195985,9.5,0,0,0,0,0,0.1195985,119.5985,0,0,0,0,0,0,0,0,0,0,0,0
0.2489929,InitialFreeze,70,14,0.1422312,-0.03276038,0.3835453,0.239,-0.08831209,0.3404917,75,0,0.1195985,9.5,0,0,0,0,0,0.1195985,119.5985,0,0,0,0,0,0,0,0,0,0,0,0
0.2521973,InitialFreeze,70,14,0.1422312,-0.03276038,0.3835453,0.239,-0.08831209,0.3404917,75,0,0.1195985,9.5,0,0,0,0,0,0.1195985,119.5985,0,0,0,0,0,0,0,0,0,0,0,0
0.2558441,InitialFreeze,70,14,0.1422312,-0.03276038,0.3835453,0.239,-0.08831209,0.3404917,75,0,0.1195985,9.5,0,0,0,0,0,0.1195985,119.5985,0,0,0,0,0,0,0,0,0,0,0,0
0.2596359,InitialFreeze,70,14,0.1422312,-0.03276038,0.3835453,0.239,-0.08831209,0.3404917,75,0,0.1195985,9.5,0,0,0,0,0,0.1195985,119.5985,0,0,0,0,0,0,0,0,0,0,0,0
0.262825,InitialFreeze,70,14,0.1422312,-0.03276038,0.3835453,0.239,-0.08831209,0.3404917,75,0,0.1195985,9.5,0,0,0,0,0,0.1195985,119.5985,0,0,0,0,0,0,0,0,0,0,0,0
0.266304,InitialFreeze,70,14,0.1422312,-0.03276038,0.3835453,0.239,-0.08831209,0.3404917,75,0,0.1195985,9.5,0,0,0,0,0,0.1195985,119.5985,0,0,0,0,0,0,0,0,0,0,0,0
0.2709427,InitialFreeze,70,14,0.1422312,-0.03276038,0.3835453,0.239,-0.08831209,0.3404917,75,0,0.1195985,9.5,0,0,0,0,0,0.1195985,119.5985,0,0,0,0,0,0,0,0,0,0,0,0
0.2747574,InitialFreeze,70,14,0.1422312,-0.03276038,0.3835453,0.239,-0.08831209,0.3404917,75,0,0.1195985,9.5,0,0,0,0,0,0.1195985,119.5985,0,0,0,0,0,0,0,0,0,0,0,0
0.278183,InitialFreeze,70,14,0.1422312,-0.03276038,0.3835453,0.239,-0.08831209,0.3404917,75,0,0.1195985,9.5,0,0,0,0,0,0.1195985,119.5985,0,0,0,0,0,0,0,0,0,0,0,0
0.2816086,InitialFreeze,70,14,0.1422312,-0.03276038,0.3835453,0.239,-0.08831209,0.3404917,75,0,0.1195985,9.5,0,0,0,0,0,0.1195985,119.5985,0,0,0,0,0,0,0,0,0,0,0,0
0.2850418,InitialFreeze,70,14,0.1422312,-0.03276038,0.3835453,0.239,-0.08831209,0.3404917,75,0,0.1195985,9.5,0,0,0,0,0,0.1195985,119.5985,0,0,0,0,0,0,0,0,0,0,0,0
0.2883682,InitialFreeze,70,14,0.1422312,-0.03276038,0.3835453,0.239,-0.08831209,0.3404917,75,0,0.1195985,9.5,0,0,0,0,0,0.1195985,119.5985,0,0,0,0,0,0,0,0,0,0,0,0
0.2920685,InitialFreeze,70,14,0.1422312,-0.03276038,0.3835453,0.239,-0.08831209,0.3404917,75,0,0.1195985,9.5,0,0,0,0,0,0.1195985,119.5985,0,0,0,0,0,0,0,0,0,0,0,0
0.2952728,InitialFreeze,70,14,0.1422312,-0.03276038,0.3835453,0.239,-0.08831209,0.3404917,75,0,0.1195985,9.5,0,0,0,0,0,0.1195985,119.5985,0,0,0,0,0,0,0,0,0,0,0,0
0.2988586,InitialFreeze,70,14,0.1422312,-0.03276038,0.3835453,0.239,-0.08831209,0.3404917,75,0,0.1195985,9.5,0,0,0,0,0,0.1195985,119.5985,0,0,0,0,0,0,0,0,0,0,0,0
0.3022614,InitialFreeze,70,14,0.1422312,-0.03276038,0.3835453,0.239,-0.08831209,0.3404917,75,0,0.1195985,9.5,0,0,0,0,0,0.1195985,119.5985,0,0,0,0,0,0,0,0,0,0,0,0
0.3062363,InitialFreeze,70,14,0.1422312,-0.03276038,0.3835453,0.239,-0.08831209,0.3404917,75,0,0.1195985,9.5,0,0,0,0,0,0.1195985,119.5985,0,0,0,0,0,0,0,0,0,0,0,0
0.3096542,InitialFreeze,70,14,0.1422312,-0.03276038,0.3835453,0.239,-0.08831209,0.3404917,75,0,0.1195985,9.5,0,0,0,0,0,0.1195985,119.5985,0,0,0,0,0,0,0,0,0,0,0,0
0.3127975,InitialFreeze,70,14,0.1422312,-0.03276038,0.3835453,0.239,-0.08831209,0.3404917,75,0,0.1195985,9.5,0,0,0,0,0,0.1195985,119.5985,0,0,0,0,0,0,0,0,0,0,0,0
0.3161316,InitialFreeze,70,14,0.1422312,-0.03276038,0.3835453,0.239,-0.08831209,0.3404917,75,0,0.1195985,9.5,0,0,0,0,0,0.1195985,119.5985,0,0,0,0,0,0,0,0,0,0,0,0
0.3190613,InitialFreeze,70,14,0.1422312,-0.03276038,0.3835453,0.239,-0.08831209,0.3404917,75,0,0.1195985,9.5,0,0,0,0,0,0.1195985,119.5985,0,0,0,0,0,0,0,0,0,0,0,0
0.3221588,InitialFreeze,70,14,0.1422312,-0.03276038,0.3835453,0.239,-0.08831209,0.3404917,75,0,0.1195985,9.5,0,0,0,0,0,0.1195985,119.5985,0,0,0,0,0,0,0,0,0,0,0,0
0.325737,InitialFreeze,70,14,0.1422312,-0.03276038,0.3835453,0.239,-0.08831209,0.3404917,75,0,0.1195985,9.5,0,0,0,0,0,0.1195985,119.5985,0,0,0,0,0,0,0,0,0,0,0,0
0.328392,InitialFreeze,70,14,0.1422312,-0.03276038,0.3835453,0.239,-0.08831209,0.3404917,75,0,0.1195985,9.5,0,0,0,0,0,0.1195985,119.5985,0,0,0,0,0,0,0,0,0,0,0,0
0.3319244,InitialFreeze,70,14,0.1422312,-0.03276038,0.3835453,0.239,-0.08831209,0.3404917,75,0,0.1195985,9.5,0,0,0,0,0,0.1195985,119.5985,0,0,0,0,0,0,0,0,0,0,0,0
0.3352661,InitialFreeze,70,14,0.1422312,-0.03276038,0.3835453,0.239,-0.08831209,0.3404917,75,0,0.1195985,9.5,0,0,0,0,0,0.1195985,119.5985,0,0,0,0,0,0,0,0,0,0,0,0
0.3383789,InitialFreeze,70,14,0.1422312,-0.03276038,0.3835453,0.239,-0.08831209,0.3404917,75,0,0.1195985,9.5,0,0,0,0,0,0.1195985,119.5985,0,0,0,0,0,0,0,0,0,0,0,0
0.3422012,InitialFreeze,70,14,0.1422312,-0.03276038,0.3835453,0.239,-0.08831209,0.3404917,75,0,0.1195985,9.5,0,0,0,0,0,0.1195985,119.5985,0,0,0,0,0,0,0,0,0,0,0,0
0.3454514,InitialFreeze,70,14,0.1422312,-0.03276038,0.3835453,0.239,-0.08831209,0.3404917,75,0,0.1195985,9.5,0,0,0,0,0,0.1195985,119.5985,0,0,0,0,0,0,0,0,0,0,0,0
0.3488617,InitialFreeze,70,14,0.1422312,-0.03276038,0.3835453,0.239,-0.08831209,0.3404917,75,0,0.1195985,9.5,0,0,0,0,0,0.1195985,119.5985,0,0,0,0,0,0,0,0,0,0,0,0
0.3519592,InitialFreeze,70,14,0.1422312,-0.03276038,0.3835453,0.239,-0.08831209,0.3404917,75,0,0.1195985,9.5,0,0,0,0,0,0.1195985,119.5985,0,0,0,0,0,0,0,0,0,0,0,0
0.3551636,InitialFreeze,70,14,0.1422312,-0.03276038,0.3835453,0.239,-0.08831209,0.3404917,75,0,0.1195985,9.5,0,0,0,0,0,0.1195985,119.5985,0,0,0,0,0,0,0,0,0,0,0,0
0.358902,InitialFreeze,70,14,0.1422312,-0.03276038,0.3835453,0.239,-0.08831209,0.3404917,75,0,0.1195985,9.5,0,0,0,0,0,0.1195985,119.5985,0,0,0,0,0,0,0,0,0,0,0,0
0.3618469,InitialFreeze,70,14,0.1422312,-0.03276038,0.3835453,0.239,-0.08831209,0.3404917,75,0,0.1195985,9.5,0,0,0,0,0,0.1195985,119.5985,0,0,0,0,0,0,0,0,0,0,0,0
0.3656387,InitialFreeze,70,14,0.1422312,-0.03276038,0.3835453,0.239,-0.08831209,0.3404917,75,0,0.1195985,9.5,0,0,0,0,0,0.1195985,119.5985,0,0,0,0,0,0,0,0,0,0,0,0
0.3688507,InitialFreeze,70,14,0.1422312,-0.03276038,0.3835453,0.239,-0.08831209,0.3404917,75,0,0.1195985,9.5,0,0,0,0,0,0.1195985,119.5985,0,0,0,0,0,0,0,0,0,0,0,0
0.3721085,InitialFreeze,70,14,0.1422312,-0.03276038,0.3835453,0.239,-0.08831209,0.3404917,75,0,0.1195985,9.5,0,0,0,0,0,0.1195985,119.5985,0,0,0,0,0,0,0,0,0,0,0,0
0.3757095,InitialFreeze,70,14,0.1422312,-0.03276038,0.3835453,0.239,-0.08831209,0.3404917,75,0,0.1195985,9.5,0,0,0,0,0,0.1195985,119.5985,0,0,0,0,0,0,0,0,0,0,0,0
0.3794556,InitialFreeze,70,14,0.1422312,-0.03276038,0.3835453,0.239,-0.08831209,0.3404917,75,0,0.1195985,9.5,0,0,0,0,0,0.1195985,119.5985,0,0,0,0,0,0,0,0,0,0,0,0
0.3828354,InitialFreeze,70,14,0.1422312,-0.03276038,0.3835453,0.239,-0.08831209,0.3404917,75,0,0.1195985,9.5,0,0,0,0,0,0.1195985,119.5985,0,0,0,0,0,0,0,0,0,0,0,0
0.3860626,InitialFreeze,70,14,0.1422312,-0.03276038,0.3835453,0.239,-0.08831209,0.3404917,75,0,0.1195985,9.5,0,0,0,0,0,0.1195985,119.5985,0,0,0,0,0,0,0,0,0,0,0,0
0.3891525,InitialFreeze,70,14,0.1422312,-0.03276038,0.3835453,0.239,-0.08831209,0.3404917,75,0,0.1195985,9.5,0,0,0,0,0,0.1195985,119.5985,0,0,0,0,0,0,0,0,0,0,0,0
0.3932953,InitialFreeze,70,14,0.1422312,-0.03276038,0.3835453,0.239,-0.08831209,0.3404917,75,0,0.1195985,9.5,0,0,0,0,0,0.1195985,119.5985,0,0,0,0,0,0,0,0,0,0,0,0
0.4034424,InitialFreeze,70,14,0.1422312,-0.03276038,0.3835453,0.239,-0.08831209,0.3404917,75,0,0.1195985,9.5,0,0,0,0,0,0.1195985,119.5985,0,0,0,0,0,0,0,0,0,0,0,0
0.4121857,InitialFreeze,70,14,0.1422312,-0.03276038,0.3835453,0.239,-0.08831209,0.3404917,75,0,0.1195985,9.5,0,0,0,0,0,0.1195985,119.5985,0,0,0,0,0,0,0,0,0,0,0,0
0.420311,InitialFreeze,70,14,0.1422312,-0.03276038,0.3835453,0.239,-0.08831209,0.3404917,75,0,0.1195985,9.5,0,0,0,0,0,0.1195985,119.5985,0,0,0,0,0,0,0,0,0,0,0,0
0.4254608,InitialFreeze,70,14,0.1422312,-0.03276038,0.3835453,0.239,-0.08831209,0.3404917,75,0,0.1195985,9.5,0,0,0,0,0,0.1195985,119.5985,0,0,0,0,0,0,0,0,0,0,0,0
0.4294434,InitialFreeze,70,14,0.1422312,-0.03276038,0.3835453,0.239,-0.08831209,0.3404917,75,0,0.1195985,9.5,0,0,0,0,0,0.1195985,119.5985,0,0,0,0,0,0,0,0,0,0,0,0
0.4335403,InitialFreeze,70,14,0.1422312,-0.03276038,0.3835453,0.239,-0.08831209,0.3404917,75,0,0.1195985,9.5,0,0,0,0,0,0.1195985,119.5985,0,0,0,0,0,0,0,0,0,0,0,0
0.4376907,InitialFreeze,70,14,0.1422312,-0.03276038,0.3835453,0.239,-0.08831209,0.3404917,75,0,0.1195985,9.5,0,0,0,0,0,0.1195985,119.5985,0,0,0,0,0,0,0,0,0,0,0,0
0.4462357,InitialFreeze,70,14,0.1422312,-0.03276038,0.3835453,0.239,-0.08831209,0.3404917,75,0,0.1195985,9.5,0,0,0,0,0,0.1195985,119.5985,0,0,0,0,0,0,0,0,0,0,0,0
0.4556122,InitialFreeze,70,14,0.1422312,-0.03276038,0.3835453,0.239,-0.08831209,0.3404917,75,0,0.1195985,9.5,0,0,0,0,0,0.1195985,119.5985,0,0,0,0,0,0,0,0,0,0,0,0
0.4600143,InitialFreeze,70,14,0.1422312,-0.03276038,0.3835453,0.239,-0.08831209,0.3404917,75,0,0.1195985,9.5,0,0,0,0,0,0.1195985,119.5985,0,0,0,0,0,0,0,0,0,0,0,0
0.4649887,InitialFreeze,70,14,0.1422312,-0.03276038,0.3835453,0.239,-0.08831209,0.3404917,75,0,0.1195985,9.5,0,0,0,0,0,0.1195985,119.5985,0,0,0,0,0,0,0,0,0,0,0,0
0.4686584,InitialFreeze,70,14,0.1422312,-0.03276038,0.3835453,0.239,-0.08831209,0.3404917,75,0,0.1195985,9.5,0,0,0,0,0,0.1195985,119.5985,0,0,0,0,0,0,0,0,0,0,0,0
0.4731979,InitialFreeze,70,14,0.1422312,-0.03276038,0.3835453,0.239,-0.08831209,0.3404917,75,0,0.1195985,9.5,0,0,0,0,0,0.1195985,119.5985,0,0,0,0,0,0,0,0,0,0,0,0
0.4783783,InitialFreeze,70,14,0.1422312,-0.03276038,0.3835453,0.239,-0.08831209,0.3404917,75,0,0.1195985,9.5,0,0,0,0,0,0.1195985,119.5985,0,0,0,0,0,0,0,0,0,0,0,0
0.483017,InitialFreeze,70,14,0.1422312,-0.03276038,0.3835453,0.239,-0.08831209,0.3404917,75,0,0.1195985,9.5,0,0,0,0,0,0.1195985,119.5985,0,0,0,0,0,0,0,0,0,0,0,0
0.48703,InitialFreeze,70,14,0.1422312,-0.03276038,0.3835453,0.239,-0.08831209,0.3404917,75,0,0.1195985,9.5,0,0,0,0,0,0.1195985,119.5985,0,0,0,0,0,0,0,0,0,0,0,0
0.492157,InitialFreeze,70,14,0.1422312,-0.03276038,0.3835453,0.239,-0.08831209,0.3404917,75,0,0.1195985,9.5,0,0,0,0,0,0.1195985,119.5985,0,0,0,0,0,0,0,0,0,0,0,0
0.4980927,InitialFreeze,70,14,0.1422312,-0.03276038,0.3835453,0.239,-0.08831209,0.3404917,75,0,0.1195985,9.5,0,0,0,0,0,0.1195985,119.5985,0,0,0,0,0,0,0,0,0,0,0,0
0.5028152,InitialFreeze,70,14,0.1422312,-0.03276038,0.3835453,0.239,-0.08831209,0.3404917,75,0,0.1195985,9.5,0,0,0,0,0,0.1195985,119.5985,0,0,0,0,0,0,0,0,0,0,0,0
0.5067902,InitialFreeze,70,14,0.1422312,-0.03276038,0.3835453,0.239,-0.08831209,0.3404917,75,0,0.1195985,9.5,0,0,0,0,0,0.1195985,119.5985,0,0,0,0,0,0,0,0,0,0,0,0
0.5141907,InitialFreeze,70,14,0.1422312,-0.03276038,0.3835453,0.239,-0.08831209,0.3404917,75,0,0.1195985,9.5,0,0,0,0,0,0.1195985,119.5985,0,0,0,0,0,0,0,0,0,0,0,0
0.5181046,InitialFreeze,70,14,0.1422312,-0.03276038,0.3835453,0.239,-0.08831209,0.3404917,75,0,0.1195985,9.5,0,0,0,0,0,0.1195985,119.5985,0,0,0,0,0,0,0,0,0,0,0,0
0.5236893,InitialFreeze,70,14,0.1422312,-0.03276038,0.3835453,0.239,-0.08831209,0.3404917,75,0,0.1195985,9.5,0,0,0,0,0,0.1195985,119.5985,0,0,0,0,0,0,0,0,0,0,0,0
0.5334091,InitialFreeze,70,14,0.1422312,-0.03276038,0.3835453,0.239,-0.08831209,0.3404917,75,0,0.1195985,9.5,0,0,0,0,0,0.1195985,119.5985,0,0,0,0,0,0,0,0,0,0,0,0
0.5418015,InitialFreeze,70,14,0.1422312,-0.03276038,0.3835453,0.239,-0.08831209,0.3404917,75,0,0.1195985,9.5,0,0,0,0,0,0.1195985,119.5985,0,0,0,0,0,0,0,0,0,0,0,0
0.5499802,InitialFreeze,70,14,0.1422312,-0.03276038,0.3835453,0.239,-0.08831209,0.3404917,75,0,0.1195985,9.5,0,0,0,0,0,0.1195985,119.5985,0,0,0,0,0,0,0,0,0,0,0,0
0.5548248,InitialFreeze,70,14,0.1422312,-0.03276038,0.3835453,0.239,-0.08831209,0.3404917,75,0,0.1195985,9.5,0,0,0,0,0,0.1195985,119.5985,0,0,0,0,0,0,0,0,0,0,0,0
0.558197,InitialFreeze,70,14,0.1422312,-0.03276038,0.3835453,0.239,-0.08831209,0.3404917,75,0,0.1195985,9.5,0,0,0,0,0,0.1195985,119.5985,0,0,0,0,0,0,0,0,0,0,0,0
0.5630951,InitialFreeze,70,14,0.1422312,-0.03276038,0.3835453,0.239,-0.08831209,0.3404917,75,0,0.1195985,9.5,0,0,0,0,0,0.1195985,119.5985,0,0,0,0,0,0,0,0,0,0,0,0
0.5676117,InitialFreeze,70,14,0.1422312,-0.03276038,0.3835453,0.239,-0.08831209,0.3404917,75,0,0.1195985,9.5,0,0,0,0,0,0.1195985,119.5985,0,0,0,0,0,0,0,0,0,0,0,0
0.5729294,InitialFreeze,70,14,0.1422312,-0.03276038,0.3835453,0.239,-0.08831209,0.3404917,75,0,0.1195985,9.5,0,0,0,0,0,0.1195985,119.5985,0,0,0,0,0,0,0,0,0,0,0,0
0.5767593,InitialFreeze,70,14,0.1422312,-0.03276038,0.3835453,0.239,-0.08831209,0.3404917,75,0,0.1195985,9.5,0,0,0,0,0,0.1195985,119.5985,0,0,0,0,0,0,0,0,0,0,0,0
0.5814056,InitialFreeze,70,14,0.1422312,-0.03276038,0.3835453,0.239,-0.08831209,0.3404917,75,0,0.1195985,9.5,0,0,0,0,0,0.1195985,119.5985,0,0,0,0,0,0,0,0,0,0,0,0
0.586937,InitialFreeze,70,14,0.1422312,-0.03276038,0.3835453,0.239,-0.08831209,0.3404917,75,0,0.1195985,9.5,0,0,0,0,0,0.1195985,119.5985,0,0,0,0,0,0,0,0,0,0,0,0
0.592926,InitialFreeze,70,14,0.1422312,-0.03276038,0.3835453,0.239,-0.08831209,0.3404917,75,0,0.1195985,9.5,0,0,0,0,0,0.1195985,119.5985,0,0,0,0,0,0,0,0,0,0,0,0
0.598259,InitialFreeze,70,14,0.1422312,-0.03276038,0.3835453,0.239,-0.08831209,0.3404917,75,0,0.1195985,9.5,0,0,0,0,0,0.1195985,119.5985,0,0,0,0,0,0,0,0,0,0,0,0
0.6028671,InitialFreeze,70,14,0.1422312,-0.03276038,0.3835453,0.239,-0.08831209,0.3404917,75,0,0.1195985,9.5,0,0,0,0,0,0.1195985,119.5985,0,0,0,0,0,0,0,0,0,0,0,0
0.6071472,InitialFreeze,70,14,0.1422312,-0.03276038,0.3835453,0.239,-0.08831209,0.3404917,75,0,0.1195985,9.5,0,0,0,0,0,0.1195985,119.5985,0,0,0,0,0,0,0,0,0,0,0,0
0.6111069,InitialFreeze,70,14,0.1422312,-0.03276038,0.3835453,0.239,-0.08831209,0.3404917,75,0,0.1195985,9.5,0,0,0,0,0,0.1195985,119.5985,0,0,0,0,0,0,0,0,0,0,0,0
0.6151581,InitialFreeze,70,14,0.1422312,-0.03276038,0.3835453,0.239,-0.08831209,0.3404917,75,0,0.1195985,9.5,0,0,0,0,0,0.1195985,119.5985,0,0,0,0,0,0,0,0,0,0,0,0
0.6234818,InitialFreeze,70,14,0.1422312,-0.03276038,0.3835453,0.239,-0.08831209,0.3404917,75,0,0.1195985,9.5,0,0,0,0,0,0.1195985,119.5985,0,0,0,0,0,0,0,0,0,0,0,0
0.633255,InitialFreeze,70,14,0.1422312,-0.03276038,0.3835453,0.239,-0.08831209,0.3404917,75,0,0.1195985,9.5,0,0,0,0,0,0.1195985,119.5985,0,0,0,0,0,0,0,0,0,0,0,0
0.6379623,InitialFreeze,70,14,0.1422312,-0.03276038,0.3835453,0.239,-0.08831209,0.3404917,75,0,0.1195985,9.5,0,0,0,0,0,0.1195985,119.5985,0,0,0,0,0,0,0,0,0,0,0,0
0.643364,InitialFreeze,70,14,0.1422312,-0.03276038,0.3835453,0.239,-0.08831209,0.3404917,75,0,0.1195985,9.5,0,0,0,0,0,0.1195985,119.5985,0,0,0,0,0,0,0,0,0,0,0,0
0.6486206,InitialFreeze,70,14,0.1422312,-0.03276038,0.3835453,0.239,-0.08831209,0.3404917,75,0,0.1195985,9.5,0,0,0,0,0,0.1195985,119.5985,0,0,0,0,0,0,0,0,0,0,0,0
0.6530991,InitialFreeze,70,14,0.1422312,-0.03276038,0.3835453,0.239,-0.08831209,0.3404917,75,0,0.1195985,9.5,0,0,0,0,0,0.1195985,119.5985,0,0,0,0,0,0,0,0,0,0,0,0
0.65802,InitialFreeze,70,14,0.1422312,-0.03276038,0.3835453,0.239,-0.08831209,0.3404917,75,0,0.1195985,9.5,0,0,0,0,0,0.1195985,119.5985,0,0,0,0,0,0,0,0,0,0,0,0
0.6608963,InitialFreeze,70,14,0.1422312,-0.03276038,0.3835453,0.239,-0.08831209,0.3404917,75,0,0.1195985,9.5,0,0,0,0,0,0.1195985,119.5985,0,0,0,0,0,0,0,0,0,0,0,0
0.6654282,InitialFreeze,70,14,0.1422312,-0.03276038,0.3835453,0.239,-0.08831209,0.3404917,75,0,0.1195985,9.5,0,0,0,0,0,0.1195985,119.5985,0,0,0,0,0,0,0,0,0,0,0,0
0.6729431,InitialFreeze,70,14,0.1422312,-0.03276038,0.3835453,0.239,-0.08831209,0.3404917,75,0,0.1195985,9.5,0,0,0,0,0,0.1195985,119.5985,0,0,0,0,0,0,0,0,0,0,0,0
0.6811218,InitialFreeze,70,14,0.1422312,-0.03276038,0.3835453,0.239,-0.08831209,0.3404917,75,0,0.1195985,9.5,0,0,0,0,0,0.1195985,119.5985,0,0,0,0,0,0,0,0,0,0,0,0
0.6844482,InitialFreeze,70,14,0.1422312,-0.03276038,0.3835453,0.239,-0.08831209,0.3404917,75,0,0.1195985,9.5,0,0,0,0,0,0.1195985,119.5985,0,0,0,0,0,0,0,0,0,0,0,0
0.6873932,InitialFreeze,70,14,0.1422312,-0.03276038,0.3835453,0.239,-0.08831209,0.3404917,75,0,0.1195985,9.5,0,0,0,0,0,0.1195985,119.5985,0,0,0,0,0,0,0,0,0,0,0,0
0.6916885,InitialFreeze,70,14,0.1422312,-0.03276038,0.3835453,0.239,-0.08831209,0.3404917,75,0,0.1195985,9.5,0,0,0,0,0,0.1195985,119.5985,0,0,0,0,0,0,0,0,0,0,0,0
0.6962509,InitialFreeze,70,14,0.1422312,-0.03276038,0.3835453,0.239,-0.08831209,0.3404917,75,0,0.1195985,9.5,0,0,0,0,0,0.1195985,119.5985,0,0,0,0,0,0,0,0,0,0,0,0
0.700737,InitialFreeze,70,14,0.1422312,-0.03276038,0.3835453,0.239,-0.08831209,0.3404917,75,0,0.1195985,9.5,0,0,0,0,0,0.1195985,119.5985,0,0,0,0,0,0,0,0,0,0,0,0
0.7047577,InitialFreeze,70,14,0.1422312,-0.03276038,0.3835453,0.239,-0.08831209,0.3404917,75,0,0.1195985,9.5,0,0,0,0,0,0.1195985,119.5985,0,0,0,0,0,0,0,0,0,0,0,0
0.7103271,InitialFreeze,70,14,0.1422312,-0.03276038,0.3835453,0.239,-0.08831209,0.3404917,75,0,0.1195985,9.5,0,0,0,0,0,0.1195985,119.5985,0,0,0,0,0,0,0,0,0,0,0,0
0.7144394,InitialFreeze,70,14,0.1422312,-0.03276038,0.3835453,0.239,-0.08831209,0.3404917,75,0,0.1195985,9.5,0,0,0,0,0,0.1195985,119.5985,0,0,0,0,0,0,0,0,0,0,0,0
0.7191696,InitialFreeze,70,14,0.1422312,-0.03276038,0.3835453,0.239,-0.08831209,0.3404917,75,0,0.1195985,9.5,0,0,0,0,0,0.1195985,119.5985,0,0,0,0,0,0,0,0,0,0,0,0
0.7243195,InitialFreeze,70,14,0.1422312,-0.03276038,0.3835453,0.239,-0.08831209,0.3404917,75,0,0.1195985,9.5,0,0,0,0,0,0.1195985,119.5985,0,0,0,0,0,0,0,0,0,0,0,0
0.7305222,InitialFreeze,70,14,0.1422312,-0.03276038,0.3835453,0.239,-0.08831209,0.3404917,75,0,0.1195985,9.5,0,0,0,0,0,0.1195985,119.5985,0,0,0,0,0,0,0,0,0,0,0,0
0.7348175,InitialFreeze,70,14,0.1422312,-0.03276038,0.3835453,0.239,-0.08831209,0.3404917,75,0,0.1195985,9.5,0,0,0,0,0,0.1195985,119.5985,0,0,0,0,0,0,0,0,0,0,0,0
0.7401352,InitialFreeze,70,14,0.1422312,-0.03276038,0.3835453,0.239,-0.08831209,0.3404917,75,0,0.1195985,9.5,0,0,0,0,0,0.1195985,119.5985,0,0,0,0,0,0,0,0,0,0,0,0
0.7490387,InitialFreeze,70,14,0.1422312,-0.03276038,0.3835453,0.239,-0.08831209,0.3404917,75,0,0.1195985,9.5,0,0,0,0,0,0.1195985,119.5985,0,0,0,0,0,0,0,0,0,0,0,0
0.7532272,InitialFreeze,70,14,0.1422312,-0.03276038,0.3835453,0.239,-0.08831209,0.3404917,75,0,0.1195985,9.5,0,0,0,0,0,0.1195985,119.5985,0,0,0,0,0,0,0,0,0,0,0,0
0.7622147,InitialFreeze,70,14,0.1422312,-0.03276038,0.3835453,0.239,-0.08831209,0.3404917,75,0,0.1195985,9.5,0,0,0,0,0,0.1195985,119.5985,0,0,0,0,0,0,0,0,0,0,0,0
0.7680054,InitialFreeze,70,14,0.1422312,-0.03276038,0.3835453,0.239,-0.08831209,0.3404917,75,0,0.1195985,9.5,0,0,0,0,0,0.1195985,119.5985,0,0,0,0,0,0,0,0,0,0,0,0
0.7747879,InitialFreeze,70,14,0.1422312,-0.03276038,0.3835453,0.239,-0.08831209,0.3404917,75,0,0.1195985,9.5,0,0,0,0,0,0.1195985,119.5985,0,0,0,0,0,0,0,0,0,0,0,0
0.7790527,InitialFreeze,70,14,0.1422312,-0.03276038,0.3835453,0.239,-0.08831209,0.3404917,75,0,0.1195985,9.5,0,0,0,0,0,0.1195985,119.5985,0,0,0,0,0,0,0,0,0,0,0,0
0.7830887,InitialFreeze,70,14,0.1422312,-0.03276038,0.3835453,0.239,-0.08831209,0.3404917,75,0,0.1195985,9.5,0,0,0,0,0,0.1195985,119.5985,0,0,0,0,0,0,0,0,0,0,0,0
0.788002,InitialFreeze,70,14,0.1422312,-0.03276038,0.3835453,0.239,-0.08831209,0.3404917,75,0,0.1195985,9.5,0,0,0,0,0,0.1195985,119.5985,0,0,0,0,0,0,0,0,0,0,0,0
0.7944107,InitialFreeze,70,14,0.1422312,-0.03276038,0.3835453,0.239,-0.08831209,0.3404917,75,0,0.1195985,9.5,0,0,0,0,0,0.1195985,119.5985,0,0,0,0,0,0,0,0,0,0,0,0
0.8000488,InitialFreeze,70,14,0.1422312,-0.03276038,0.3835453,0.239,-0.08831209,0.3404917,75,0,0.1195985,9.5,0,0,0,0,0,0.1195985,119.5985,0,0,0,0,0,0,0,0,0,0,0,0
0.8034821,InitialFreeze,70,14,0.1422312,-0.03276038,0.3835453,0.239,-0.08831209,0.3404917,75,0,0.1195985,9.5,0,0,0,0,0,0.1195985,119.5985,0,0,0,0,0,0,0,0,0,0,0,0
0.8086853,InitialFreeze,70,14,0.1422312,-0.03276038,0.3835453,0.239,-0.08831209,0.3404917,75,0,0.1195985,9.5,0,0,0,0,0,0.1195985,119.5985,0,0,0,0,0,0,0,0,0,0,0,0
0.8141403,InitialFreeze,70,14,0.1422312,-0.03276038,0.3835453,0.239,-0.08831209,0.3404917,75,0,0.1195985,9.5,0,0,0,0,0,0.1195985,119.5985,0,0,0,0,0,0,0,0,0,0,0,0
0.8188553,InitialFreeze,70,14,0.1422312,-0.03276038,0.3835453,0.239,-0.08831209,0.3404917,75,0,0.1195985,9.5,0,0,0,0,0,0.1195985,119.5985,0,0,0,0,0,0,0,0,0,0,0,0
0.8244171,InitialFreeze,70,14,0.1422312,-0.03276038,0.3835453,0.239,-0.08831209,0.3404917,75,0,0.1195985,9.5,0,0,0,0,0,0.1195985,119.5985,0,0,0,0,0,0,0,0,0,0,0,0
0.8287201,InitialFreeze,70,14,0.1422312,-0.03276038,0.3835453,0.239,-0.08831209,0.3404917,75,0,0.1195985,9.5,0,0,0,0,0,0.1195985,119.5985,0,0,0,0,0,0,0,0,0,0,0,0
0.8333054,InitialFreeze,70,14,0.1422312,-0.03276038,0.3835453,0.239,-0.08831209,0.3404917,75,0,0.1195985,9.5,0,0,0,0,0,0.1195985,119.5985,0,0,0,0,0,0,0,0,0,0,0,0
0.8376541,InitialFreeze,70,14,0.1422312,-0.03276038,0.3835453,0.239,-0.08831209,0.3404917,75,0,0.1195985,9.5,0,0,0,0,0,0.1195985,119.5985,0,0,0,0,0,0,0,0,0,0,0,0
0.8430557,InitialFreeze,70,14,0.1422312,-0.03276038,0.3835453,0.239,-0.08831209,0.3404917,75,0,0.1195985,9.5,0,0,0,0,0,0.1195985,119.5985,0,0,0,0,0,0,0,0,0,0,0,0
0.8472366,InitialFreeze,70,14,0.1422312,-0.03276038,0.3835453,0.239,-0.08831209,0.3404917,75,0,0.1195985,9.5,0,0,0,0,0,0.1195985,119.5985,0,0,0,0,0,0,0,0,0,0,0,0
0.851181,InitialFreeze,70,14,0.1422312,-0.03276038,0.3835453,0.239,-0.08831209,0.3404917,75,0,0.1195985,9.5,0,0,0,0,0,0.1195985,119.5985,0,0,0,0,0,0,0,0,0,0,0,0
0.8555756,InitialFreeze,70,14,0.1422312,-0.03276038,0.3835453,0.239,-0.08831209,0.3404917,75,0,0.1195985,9.5,0,0,0,0,0,0.1195985,119.5985,0,0,0,0,0,0,0,0,0,0,0,0
0.8602524,InitialFreeze,70,14,0.1422312,-0.03276038,0.3835453,0.239,-0.08831209,0.3404917,75,0,0.1195985,9.5,0,0,0,0,0,0.1195985,119.5985,0,0,0,0,0,0,0,0,0,0,0,0
0.8649445,InitialFreeze,70,14,0.1422312,-0.03276038,0.3835453,0.239,-0.08831209,0.3404917,75,0,0.1195985,9.5,0,0,0,0,0,0.1195985,119.5985,0,0,0,0,0,0,0,0,0,0,0,0
0.8689728,InitialFreeze,70,14,0.1422312,-0.03276038,0.3835453,0.239,-0.08831209,0.3404917,75,0,0.1195985,9.5,0,0,0,0,0,0.1195985,119.5985,0,0,0,0,0,0,0,0,0,0,0,0
0.8738708,InitialFreeze,70,14,0.1422312,-0.03276038,0.3835453,0.239,-0.08831209,0.3404917,75,0,0.1195985,9.5,0,0,0,0,0,0.1195985,119.5985,0,0,0,0,0,0,0,0,0,0,0,0
0.8776016,InitialFreeze,70,14,0.1422312,-0.03276038,0.3835453,0.239,-0.08831209,0.3404917,75,0,0.1195985,9.5,0,0,0,0,0,0.1195985,119.5985,0,0,0,0,0,0,0,0,0,0,0,0
0.8822479,InitialFreeze,70,14,0.1422312,-0.03276038,0.3835453,0.239,-0.08831209,0.3404917,75,0,0.1195985,9.5,0,0,0,0,0,0.1195985,119.5985,0,0,0,0,0,0,0,0,0,0,0,0
0.887352,InitialFreeze,70,14,0.1422312,-0.03276038,0.3835453,0.239,-0.08831209,0.3404917,75,0,0.1195985,9.5,0,0,0,0,0,0.1195985,119.5985,0,0,0,0,0,0,0,0,0,0,0,0
0.8963699,InitialFreeze,70,14,0.1422312,-0.03276038,0.3835453,0.239,-0.08831209,0.3404917,75,0,0.1195985,9.5,0,0,0,0,0,0.1195985,119.5985,0,0,0,0,0,0,0,0,0,0,0,0
0.9012451,InitialFreeze,70,14,0.1422312,-0.03276038,0.3835453,0.239,-0.08831209,0.3404917,75,0,0.1195985,9.5,0,0,0,0,0,0.1195985,119.5985,0,0,0,0,0,0,0,0,0,0,0,0
0.9080887,InitialFreeze,70,14,0.1422312,-0.03276038,0.3835453,0.239,-0.08831209,0.3404917,75,0,0.1195985,9.5,0,0,0,0,0,0.1195985,119.5985,0,0,0,0,0,0,0,0,0,0,0,0
0.9131088,InitialFreeze,70,14,0.1422312,-0.03276038,0.3835453,0.239,-0.08831209,0.3404917,75,0,0.1195985,9.5,0,0,0,0,0,0.1195985,119.5985,0,0,0,0,0,0,0,0,0,0,0,0
0.9199753,InitialFreeze,70,14,0.1422312,-0.03276038,0.3835453,0.239,-0.08831209,0.3404917,75,0,0.1195985,9.5,0,0,0,0,0,0.1195985,119.5985,0,0,0,0,0,0,0,0,0,0,0,0
0.9268112,InitialFreeze,70,14,0.1422312,-0.03276038,0.3835453,0.239,-0.08831209,0.3404917,75,0,0.1195985,9.5,0,0,0,0,0,0.1195985,119.5985,0,0,0,0,0,0,0,0,0,0,0,0
0.9319382,InitialFreeze,70,14,0.1422312,-0.03276038,0.3835453,0.239,-0.08831209,0.3404917,75,0,0.1195985,9.5,0,0,0,0,0,0.1195985,119.5985,0,0,0,0,0,0,0,0,0,0,0,0
0.9361496,InitialFreeze,70,14,0.1422312,-0.03276038,0.3835453,0.239,-0.08831209,0.3404917,75,0,0.1195985,9.5,0,0,0,0,0,0.1195985,119.5985,0,0,0,0,0,0,0,0,0,0,0,0
0.9410324,InitialFreeze,70,14,0.1422312,-0.03276038,0.3835453,0.239,-0.08831209,0.3404917,75,0,0.1195985,9.5,0,0,0,0,0,0.1195985,119.5985,0,0,0,0,0,0,0,0,0,0,0,0
0.9460068,InitialFreeze,70,14,0.1422312,-0.03276038,0.3835453,0.239,-0.08831209,0.3404917,75,0,0.1195985,9.5,0,0,0,0,0,0.1195985,119.5985,0,0,0,0,0,0,0,0,0,0,0,0
0.9503708,InitialFreeze,70,14,0.1422312,-0.03276038,0.3835453,0.239,-0.08831209,0.3404917,75,0,0.1195985,9.5,0,0,0,0,0,0.1195985,119.5985,0,0,0,0,0,0,0,0,0,0,0,0
0.9541931,InitialFreeze,70,14,0.1422312,-0.03276038,0.3835453,0.239,-0.08831209,0.3404917,75,0,0.1195985,9.5,0,0,0,0,0,0.1195985,119.5985,0,0,0,0,0,0,0,0,0,0,0,0
0.9590759,InitialFreeze,70,14,0.1422312,-0.03276038,0.3835453,0.239,-0.08831209,0.3404917,75,0,0.1195985,9.5,0,0,0,0,0,0.1195985,119.5985,0,0,0,0,0,0,0,0,0,0,0,0
0.9629517,InitialFreeze,70,14,0.1422312,-0.03276038,0.3835453,0.239,-0.08831209,0.3404917,75,0,0.1195985,9.5,0,0,0,0,0,0.1195985,119.5985,0,0,0,0,0,0,0,0,0,0,0,0
0.9679489,InitialFreeze,70,14,0.1422312,-0.03276038,0.3835453,0.239,-0.08831209,0.3404917,75,0,0.1195985,9.5,0,0,0,0,0,0.1195985,119.5985,0,0,0,0,0,0,0,0,0,0,0,0
0.9718246,InitialFreeze,70,14,0.1422312,-0.03276038,0.3835453,0.239,-0.08831209,0.3404917,75,0,0.1195985,9.5,0,0,0,0,0,0.1195985,119.5985,0,0,0,0,0,0,0,0,0,0,0,0
0.9764481,InitialFreeze,70,14,0.1422312,-0.03276038,0.3835453,0.239,-0.08831209,0.3404917,75,0,0.1195985,9.5,0,0,0,0,0,0.1195985,119.5985,0,0,0,0,0,0,0,0,0,0,0,0
0.9812241,InitialFreeze,70,14,0.1422312,-0.03276038,0.3835453,0.239,-0.08831209,0.3404917,75,0,0.1195985,9.5,0,0,0,0,0,0.1195985,119.5985,0,0,0,0,0,0,0,0,0,0,0,0
0.9857483,InitialFreeze,70,14,0.1422312,-0.03276038,0.3835453,0.239,-0.08831209,0.3404917,75,0,0.1195985,9.5,0,0,0,0,0,0.1195985,119.5985,0,0,0,0,0,0,0,0,0,0,0,0
0.9900742,InitialFreeze,70,14,0.1422312,-0.03276038,0.3835453,0.239,-0.08831209,0.3404917,75,0,0.1195985,9.5,0,0,0,0,0,0.1195985,119.5985,0,0,0,0,0,0,0,0,0,0,0,0
0.9943848,InitialFreeze,70,14,0.1422312,-0.03276038,0.3835453,0.239,-0.08831209,0.3404917,75,0,0.1195985,9.5,0,0,0,0,0,0.1195985,119.5985,0,0,0,0,0,0,0,0,0,0,0,0
0.997612,InitialFreeze,70,14,0.1422312,-0.03276038,0.3835453,0.239,-0.08831209,0.3404917,75,0,0.1195985,9.5,0,0,0,0,0,0.1195985,119.5985,0,0,0,0,0,0,0,0,0,0,0,0
1.005058,Movement,70,14,0.1422312,-0.03276038,0.3835453,0.239,-0.08831209,0.3404917,75,0,0.1195985,9.5,0,0,0,0,0,0.1195985,119.5985,0,0,0,0,0,0,0,0,0,0,0,0
1.008728,Movement,70,14,0.1422312,-0.03276038,0.3835453,0.239,-0.08831209,0.3404917,75,0,0.1195985,9.5,0,0,0,0,0,0.1195985,119.5985,0,0,0,0,0,0,0,0,0,0,0,0
1.012413,Movement,70,14,0.1422312,-0.03276038,0.3835453,0.239,-0.08831209,0.3404917,75,0,0.1195985,9.5,0,0,0,0,0,0.1195985,119.5985,0,0,0,0,0,0,0,0,0,0,0,0
1.015747,Movement,70,14,0.1422312,-0.03276038,0.3835453,0.239,-0.08831209,0.3404917,75,0,0.1195985,9.5,0,0,0,0,0,0.1195985,119.5985,0,0,0,0,0,0,0,0,0,0,0,0
1.018639,Movement,70,14,0.1422312,-0.03276038,0.3835453,0.239,-0.08831209,0.3404917,75,0,0.1195985,9.5,0,0,0,0,0,0.1195985,119.5985,0,0,0,0,0,0,0,0,0,0,0,0
1.022911,Movement,70,14,0.1422312,-0.03276038,0.3835453,0.239,-0.08831209,0.3404917,75,0,0.1195985,9.5,0,0,0,0,0,0.1195985,119.5985,0,0,0,0,0,0,0,0,0,0,0,0
1.026405,Movement,70,14,0.1422312,-0.03276038,0.3835453,0.239,-0.08831209,0.3404917,75,0,0.1195985,9.5,0,0,0,0,0,0.1195985,119.5985,0,0,0,0,0,0,0,0,0,0,0,0
1.02964,Movement,70,14,0.1422312,-0.03276038,0.3835453,0.239,-0.08831209,0.3404917,75,0,0.1195985,9.5,0,0,0,0,0,0.1195985,119.5985,0,0,0,0,0,0,0,0,0,0,0,0
1.033028,Movement,70,14,0.1422312,-0.03276038,0.3835453,0.239,-0.08831209,0.3404917,75,0,0.1195985,9.5,0,0,0,0,0,0.1195985,119.5985,0,0,0,0,0,0,0,0,0,0,0,0
1.036407,Movement,70,14,0.1422312,-0.03276038,0.3835453,0.239,-0.08831209,0.3404917,75,0,0.1195985,9.5,0,0,0,0,0,0.1195985,119.5985,0,0,0,0,0,0,0,0,0,0,0,0
1.041618,Movement,70,14,0.1422312,-0.03276038,0.3835453,0.239,-0.08831209,0.3404917,75,0,0.1195985,9.5,0,0,0,0,0,0.1195985,119.5985,0,0,0,0,0,0,0,0,0,0,0,0
1.044975,Movement,70,14,0.1422312,-0.03276038,0.3835453,0.239,-0.08831209,0.3404917,75,0,0.1195985,9.5,0,0,0,0,0,0.1195985,119.5985,0,0,0,0,0,0,0,0,0,0,0,0
1.049446,Movement,70,14,0.1422312,-0.03276038,0.3835453,0.239,-0.08831209,0.3404917,75,0,0.1195985,9.5,0,0,0,0,0,0.1195985,119.5985,0,0,0,0,0,0,0,0,0,0,0,0
1.05262,Movement,70,14,0.1422312,-0.03276038,0.3835453,0.239,-0.08831209,0.3404917,75,0,0.1195985,9.5,0,0,0,0,0,0.1195985,119.5985,0,0,0,0,0,0,0,0,0,0,0,0
1.056595,Movement,70,14,0.1422312,-0.03276038,0.3835453,0.239,-0.08831209,0.3404917,75,0,0.1195985,9.5,0,0,0,0,0,0.1195985,119.5985,0,0,0,0,0,0,0,0,0,0,0,0
1.060989,Movement,70,14,0.1422312,-0.03276038,0.3835453,0.239,-0.08831209,0.3404917,75,0,0.1195985,9.5,0,0,0,0,0,0.1195985,119.5985,0,0,0,0,0,0,0,0,0,0,0,0
1.064568,Movement,70,14,0.1422312,-0.03276038,0.3835453,0.239,-0.08831209,0.3404917,75,0,0.1195985,9.5,0,0,0,0,0,0.1195985,119.5985,0,0,0,0,0,0,0,0,0,0,0,0
1.06768,Movement,70,14,0.1422312,-0.03276038,0.3835453,0.239,-0.08831209,0.3404917,75,0,0.1195985,9.5,0,0,0,0,0,0.1195985,119.5985,0,0,0,0,0,0,0,0,0,0,0,0
1.073479,Movement,70,14,0.1422312,-0.03276038,0.3835453,0.239,-0.08831209,0.3404917,75,0,0.1195985,9.5,0,0,0,0,0,0.1195985,119.5985,0,0,0,0,0,0,0,0,0,0,0,0
1.078491,Movement,70,14,0.1422312,-0.03276038,0.3835453,0.239,-0.08831209,0.3404917,75,0,0.1195985,9.5,0,0,0,0,0,0.1195985,119.5985,0,0,0,0,0,0,0,0,0,0,0,0
1.084251,Movement,70,14,0.1422312,-0.03276038,0.3835453,0.239,-0.08831209,0.3404917,75,0,0.1195985,9.5,0,0,0,0,0,0.1195985,119.5985,0,0,0,0,0,0,0,0,0,0,0,0
1.089912,Movement,70,14,0.1422312,-0.03276038,0.3835453,0.239,-0.08831209,0.3404917,75,0,0.1195985,9.5,0,0,0,0,0,0.1195985,119.5985,0,0,0,0,0,0,0,0,0,0,0,0
1.094231,Movement,70,14,0.1422312,-0.03276038,0.3835453,0.239,-0.08831209,0.3404917,75,0,0.1195985,9.5,0,0,0,0,0,0.1195985,119.5985,0,0,0,0,0,0,0,0,0,0,0,0
1.098869,Movement,70,14,0.1422312,-0.03276038,0.3835453,0.239,-0.08831209,0.3404917,75,0,0.1195985,9.5,0,0,0,0,0,0.1195985,119.5985,0,0,0,0,0,0,0,0,0,0,0,0
1.103279,Movement,70,14,0.1422312,-0.03276038,0.3835453,0.239,-0.08831209,0.3404917,75,0,0.1195985,9.5,0,0,0,0,0,0.1195985,119.5985,0,0,0,0,0,0,0,0,0,0,0,0
1.108116,Movement,70,14,0.1422312,-0.03276038,0.3835453,0.239,-0.08831209,0.3404917,75,0,0.1195985,9.5,0,0,0,0,0,0.1195985,119.5985,0,0,0,0,0,0,0,0,0,0,0,0
1.112511,Movement,70,14,0.1422312,-0.03276038,0.3835453,0.239,-0.08831209,0.3404917,75,0,0.1195985,9.5,0,0,0,0,0,0.1195985,119.5985,0,0,0,0,0,0,0,0,0,0,0,0
1.11721,Movement,70,14,0.1422312,-0.03276038,0.3835453,0.239,-0.08831209,0.3404917,75,0,0.1195985,9.5,0,0,0,0,0,0.1195985,119.5985,0,0,0,0,0,0,0,0,0,0,0,0
1.120171,Movement,70,14,0.1422312,-0.03276038,0.3835453,0.239,-0.08831209,0.3404917,75,0,0.1195985,9.5,0,0,0,0,0,0.1195985,119.5985,0,0,0,0,0,0,0,0,0,0,0,0
1.124672,Movement,70,14,0.1422312,-0.03276038,0.3835453,0.239,-0.08831209,0.3404917,75,0,0.1195985,9.5,0,0,0,0,0,0.1195985,119.5985,0,0,0,0,0,0,0,0,0,0,0,0
1.127419,Movement,70,14,0.1422312,-0.03276038,0.3835453,0.239,-0.08831209,0.3404917,75,0,0.1195985,9.5,0,0,0,0,0,0.1195985,119.5985,0,0,0,0,0,0,0,0,0,0,0,0
1.131783,Movement,70,14,0.1422312,-0.03276038,0.3835453,0.239,-0.08831209,0.3404917,75,0,0.1195985,9.5,0,0,0,0,0,0.1195985,119.5985,0,0,0,0,0,0,0,0,0,0,0,0
1.134514,Movement,70,14,0.1422312,-0.03276038,0.3835453,0.239,-0.08831209,0.3404917,75,0,0.1195985,9.5,0,0,0,0,0,0.1195985,119.5985,0,0,0,0,0,0,0,0,0,0,0,0
1.137321,Movement,70,14,0.1422312,-0.03276038,0.3835453,0.239,-0.08831209,0.3404917,75,0,0.1195985,9.5,0,0,0,0,0,0.1195985,119.5985,0,0,0,0,0,0,0,0,0,0,0,0
1.141884,Movement,70,14,0.1422312,-0.03276038,0.3835453,0.239,-0.08831209,0.3404917,75,0,0.1195985,9.5,0,0,0,0,0,0.1195985,119.5985,0,0,0,0,0,0,0,0,0,0,0,0
1.145195,Movement,70,14,0.1422312,-0.03276038,0.3835453,0.239,-0.08831209,0.3404917,75,0,0.1195985,9.5,0,0,0,0,0,0.1195985,119.5985,0,0,0,0,0,0,0,0,0,0,0,0
1.154259,Movement,70,14,0.1422312,-0.03276038,0.3835453,0.239,-0.08831209,0.3404917,75,0,0.1195985,9.5,0,0,0,0,0,0.1195985,119.5985,0,0,0,0,0,0,0,0,0,0,0,0
1.158638,Movement,70,14,0.1422312,-0.03276038,0.3835453,0.239,-0.08831209,0.3404917,75,0,0.1195985,9.5,0,0,0,0,0,0.1195985,119.5985,0,0,0,0,0,0,0,0,0,0,0,0
1.162239,Movement,70,14,0.1422312,-0.03276038,0.3835453,0.239,-0.08831209,0.3404917,75,0,0.1195985,9.5,0,0,0,0,0,0.1195985,119.5985,0,0,0,0,0,0,0,0,0,0,0,0
1.167809,Movement,70,14,0.1422312,-0.03276038,0.3835453,0.239,-0.08831209,0.3404917,75,0,0.1195985,9.5,0,0,0,0,0,0.1195985,119.5985,0,0,0,0,0,0,0,0,0,0,0,0
1.171059,Movement,70,14,0.1422312,-0.03276038,0.3835453,0.239,-0.08831209,0.3404917,75,0,0.1195985,9.5,0,0,0,0,0,0.1195985,119.5985,0,0,0,0,0,0,0,0,0,0,0,0
1.174782,Movement,70,14,0.1422312,-0.03276038,0.3835453,0.239,-0.08831209,0.3404917,75,0,0.1195985,9.5,0,0,0,0,0,0.1195985,119.5985,0,0,0,0,0,0,0,0,0,0,0,0
1.178383,Movement,70,14,0.1422312,-0.03276038,0.3835453,0.239,-0.08831209,0.3404917,75,0,0.1195985,9.5,0,0,0,0,0,0.1195985,119.5985,0,0,0,0,0,0,0,0,0,0,0,0
1.181984,Movement,70,14,0.1422312,-0.03276038,0.3835453,0.239,-0.08831209,0.3404917,75,0,0.1195985,9.5,0,0,0,0,0,0.1195985,119.5985,0,0,0,0,0,0,0,0,0,0,0,0
1.185875,Movement,70,14,0.1422312,-0.03276038,0.3835453,0.239,-0.08831209,0.3404917,75,0,0.1195985,9.5,0,0,0,0,0,0.1195985,119.5985,0,0,0,0,0,0,0,0,0,0,0,0
1.189613,Movement,70,14,0.1422312,-0.03276038,0.3835453,0.239,-0.08831209,0.3404917,75,0,0.1195985,9.5,0,0,0,0,0,0.1195985,119.5985,0,0,0,0,0,0,0,0,0,0,0,0
1.194603,Movement,70,14,0.1422312,-0.03276038,0.3835453,0.239,-0.08831209,0.3404917,75,0,0.1195985,9.5,0,0,0,0,0,0.1195985,119.5985,0,0,0,0,0,0,0,0,0,0,0,0
1.198036,Movement,70,14,0.1422312,-0.03276038,0.3835453,0.239,-0.08831209,0.3404917,75,0,0.1195985,9.5,0,0,0,0,0,0.1195985,119.5985,0,0,0,0,0,0,0,0,0,0,0,0
1.201164,Movement,70,14,0.1422312,-0.03276038,0.3835453,0.239,-0.08831209,0.3404917,75,0,0.1195985,9.5,0,0,0,0,0,0.1195985,119.5985,0,0,0,0,0,0,0,0,0,0,0,0
1.204628,Movement,70,14,0.1422312,-0.03276038,0.3835453,0.239,-0.08831209,0.3404917,75,0,0.1195985,9.5,0,0,0,0,0,0.1195985,119.5985,0,0,0,0,0,0,0,0,0,0,0,0
1.20916,Movement,70,14,0.1422312,-0.03276038,0.3835453,0.239,-0.08831209,0.3404917,75,0,0.1195985,9.5,0,0,0,0,0,0.1195985,119.5985,0,0,0,0,0,0,0,0,0,0,0,0
1.212593,Movement,70,14,0.1422312,-0.03276038,0.3835453,0.239,-0.08831209,0.3404917,75,0,0.1195985,9.5,0,0,0,0,0,0.1195985,119.5985,0,0,0,0,0,0,0,0,0,0,0,0
1.216377,Movement,70,14,0.1422312,-0.03276038,0.3835453,0.239,-0.08831209,0.3404917,75,0,0.1195985,9.5,0,0,0,0,0,0.1195985,119.5985,0,0,0,0,0,0,0,0,0,0,0,0
1.220238,Movement,70,14,0.1422312,-0.03276038,0.3835453,0.239,-0.08831209,0.3404917,75,0,0.1195985,9.5,0,0,0,0,0,0.1195985,119.5985,0,0,0,0,0,0,0,0,0,0,0,0
1.226128,Movement,70,14,0.1422312,-0.03276038,0.3835453,0.239,-0.08831209,0.3404917,75,0,0.1195985,9.5,0,0,0,0,0,0.1195985,119.5985,0,0,0,0,0,0,0,0,0,0,0,0
1.229942,Movement,70,14,0.1422312,-0.03276038,0.3835453,0.239,-0.08831209,0.3404917,75,0,0.1195985,9.5,0,0,0,0,0,0.1195985,119.5985,0,0,0,0,0,0,0,0,0,0,0,0
1.235222,Movement,70,14,0.1422312,-0.03276038,0.3835453,0.239,-0.08831209,0.3404917,75,0,0.1195985,9.5,0,0,0,0,0,0.1195985,119.5985,0,0,0,0,0,0,0,0,0,0,0,0
1.240929,Movement,70,14,0.1422312,-0.03276038,0.3835453,0.239,-0.08831209,0.3404917,75,0,0.1195985,9.5,0,0,0,0,0,0.1195985,119.5985,0,0,0,0,0,0,0,0,0,0,0,0
1.245125,Movement,70,14,0.1422312,-0.03276038,0.3835453,0.239,-0.08831209,0.3404917,75,0,0.1195985,9.5,0,0,0,0,0,0.1195985,119.5985,0,0,0,0,0,0,0,0,0,0,0,0
1.249199,Movement,70,14,0.1422312,-0.03276038,0.3835453,0.239,-0.08831209,0.3404917,75,0,0.1195985,9.5,0,0,0,0,0,0.1195985,119.5985,0,0,0,0,0,0,0,0,0,0,0,0
1.254646,Movement,70,14,0.1422312,-0.03276038,0.3835453,0.239,-0.08831209,0.3404917,75,0,0.1195985,9.5,0,0,0,0,0,0.1195985,119.5985,0,0,0,0,0,0,0,0,0,0,0,0
1.260216,Movement,70,14,0.1422312,-0.03276038,0.3835453,0.239,-0.08831209,0.3404917,75,0,0.1195985,9.5,0,0,0,0,0,0.1195985,119.5985,0,0,0,0,0,0,0,0,0,0,0,0
1.265053,Movement,70,14,0.1422312,-0.03276038,0.3835453,0.239,-0.08831209,0.3404917,75,0,0.1195985,9.5,0,0,0,0,0,0.1195985,119.5985,0,0,0,0,0,0,0,0,0,0,0,0
1.269005,Movement,70,14,0.1422312,-0.03276038,0.3835453,0.239,-0.08831209,0.3404917,75,0,0.1195985,9.5,0,0,0,0,0,0.1195985,119.5985,0,0,0,0,0,0,0,0,0,0,0,0
1.273262,Movement,70,14,0.1422312,-0.03276038,0.3835453,0.239,-0.08831209,0.3404917,75,0,0.1195985,9.5,0,0,0,0,0,0.1195985,119.5985,0,0,0,0,0,0,0,0,0,0,0,0
1.278893,Movement,70,14,0.1422312,-0.03276038,0.3835453,0.239,-0.08831209,0.3404917,75,0,0.1195985,9.5,0,0,0,0,0,0.1195985,119.5985,0,0,0,0,0,0,0,0,0,0,0,0
1.283409,Movement,70,14,0.1422312,-0.03276038,0.3835453,0.239,-0.08831209,0.3404917,75,0,0.1195985,9.5,0,0,0,0,0,0.1195985,119.5985,0,0,0,0,0,0,0,0,0,0,0,0
1.288094,Movement,70,14,0.1422312,-0.03276038,0.3835453,0.239,-0.08831209,0.3404917,75,0,0.1195985,9.5,0,0,0,0,0,0.1195985,119.5985,0,0,0,0,0,0,0,0,0,0,0,0
1.292885,Movement,70,14,0.1422312,-0.03276038,0.3835453,0.239,-0.08831209,0.3404917,75,0,0.1195985,9.5,0,0,0,0,0,0.1195985,119.5985,0,0,0,0,0,0,0,0,0,0,0,0
1.296608,Movement,70,14,0.1422312,-0.03276038,0.3835453,0.239,-0.08831209,0.3404917,75,0,0.1195985,9.5,0,0,0,0,0,0.1195985,119.5985,0,0,0,0,0,0,0,0,0,0,0,0
1.300667,Movement,70,14,0.1422312,-0.03276038,0.3835453,0.239,-0.08831209,0.3404917,75,0,0.1195985,9.5,0,0,0,0,0,0.1195985,119.5985,0,0,0,0,0,0,0,0,0,0,0,0
1.305092,Movement,70,14,0.1422312,-0.03276038,0.3835453,0.239,-0.08831209,0.3404917,75,0,0.1195985,9.5,0,0,0,0,0,0.1195985,119.5985,0,0,0,0,0,0,0,0,0,0,0,0
1.309837,Movement,70,14,0.1422312,-0.03276038,0.3835453,0.239,-0.08831209,0.3404917,75,0,0.1195985,9.5,0,0,0,0,0,0.1195985,119.5985,0,0,0,0,0,0,0,0,0,0,0,0
1.314384,Movement,70,14,0.1422312,-0.03276038,0.3835453,0.239,-0.08831209,0.3404917,75,0,0.1195985,9.5,0,0,0,0,0,0.1195985,119.5985,0,0,0,0,0,0,0,0,0,0,0,0
1.318413,Movement,70,14,0.1422312,-0.03276038,0.3835453,0.239,-0.08831209,0.3404917,75,0,0.1195985,9.5,0,0,0,0,0,0.1195985,119.5985,0,0,0,0,0,0,0,0,0,0,0,0
1.322456,Movement,70,14,0.1422312,-0.03276038,0.3835453,0.239,-0.08831209,0.3404917,75,0,0.1195985,9.5,0,0,0,0,0,0.1195985,119.5985,0,0,0,0,0,0,0,0,0,0,0,0
1.326866,Movement,70,14,0.1422312,-0.03276038,0.3835453,0.239,-0.08831209,0.3404917,75,0,0.1195985,9.5,0,0,0,0,0,0.1195985,119.5985,0,0,0,0,0,0,0,0,0,0,0,0
1.33091,Movement,70,14,0.1422312,-0.03276038,0.3835453,0.239,-0.08831209,0.3404917,75,0,0.1195985,9.5,0,0,0,0,0,0.1195985,119.5985,0,0,0,0,0,0,0,0,0,0,0,0
1.334724,Movement,70,14,0.1422312,-0.03276038,0.3835453,0.239,-0.08831209,0.3404917,75,0,0.1195985,9.5,0,0,0,0,0,0.1195985,119.5985,0,0,0,0,0,0,0,0,0,0,0,0
1.338387,Movement,70,14,0.1422312,-0.03276038,0.3835453,0.239,-0.08831209,0.3404917,75,0,0.1195985,9.5,0,0,0,0,0,0.1195985,119.5985,0,0,0,0,0,0,0,0,0,0,0,0
1.342796,Movement,70,14,0.1422312,-0.03276038,0.3835453,0.239,-0.08831209,0.3404917,75,0,0.1195985,9.5,0,0,0,0,0,0.1195985,119.5985,0,0,0,0,0,0,0,0,0,0,0,0
1.34716,Movement,70,14,0.1422312,-0.03276038,0.3835453,0.239,-0.08831209,0.3404917,75,0,0.1195985,9.5,0,0,0,0,0,0.1195985,119.5985,0,0,0,0,0,0,0,0,0,0,0,0
1.352562,Movement,70,14,0.1422312,-0.03276038,0.3835453,0.239,-0.08831209,0.3404917,75,0,0.1195985,9.5,0,0,0,0,0,0.1195985,119.5985,0,0,0,0,0,0,0,0,0,0,0,0
1.356514,Movement,70,14,0.1422312,-0.03276038,0.3835453,0.239,-0.08831209,0.3404917,75,0,0.1195985,9.5,0,0,0,0,0,0.1195985,119.5985,0,0,0,0,0,0,0,0,0,0,0,0
1.36042,Movement,70,14,0.1422312,-0.03276038,0.3835453,0.239,-0.08831209,0.3404917,75,0,0.1195985,9.5,0,0,0,0,0,0.1195985,119.5985,0,0,0,0,0,0,0,0,0,0,0,0
1.364769,Movement,70,14,0.1422312,-0.03276038,0.3835453,0.239,-0.08831209,0.3404917,75,0,0.1195985,9.5,0,0,0,0,0,0.1195985,119.5985,0,0,0,0,0,0,0,0,0,0,0,0
1.368462,Movement,70,14,0.1422312,-0.03276038,0.3835453,0.239,-0.08831209,0.3404917,75,0,0.1195985,9.5,0,0,0,0,0,0.1195985,119.5985,0,0,0,0,0,0,0,0,0,0,0,0
1.372322,Movement,70,14,0.1422312,-0.03276038,0.3835453,0.239,-0.08831209,0.3404917,75,0,0.1195985,9.5,0,0,0,0,0,0.1195985,119.5985,0,0,0,0,0,0,0,0,0,0,0,0
1.376289,Movement,70,14,0.1422312,-0.03276038,0.3835453,0.239,-0.08831209,0.3404917,75,0,0.1195985,9.5,0,0,0,0,0,0.1195985,119.5985,0,0,0,0,0,0,0,0,0,0,0,0
1.380074,Movement,70,14,0.1422312,-0.03276038,0.3835453,0.239,-0.08831209,0.3404917,75,0,0.1195985,9.5,0,0,0,0,0,0.1195985,119.5985,0,0,0,0,0,0,0,0,0,0,0,0
1.384102,Movement,70,14,0.1422312,-0.03276038,0.3835453,0.239,-0.08831209,0.3404917,75,0,0.1195985,9.5,0,0,0,0,0,0.1195985,119.5985,0,0,0,0,0,0,0,0,0,0,0,0
1.387901,Movement,70,14,0.1422312,-0.03276038,0.3835453,0.239,-0.08831209,0.3404917,75,0,0.1195985,9.5,0,0,0,0,0,0.1195985,119.5985,0,0,0,0,0,0,0,0,0,0,0,0
1.392311,Movement,70,14,0.1422312,-0.03276038,0.3835453,0.239,-0.08831209,0.3404917,75,0,0.1195985,9.5,0,0,0,0,0,0.1195985,119.5985,0,0,0,0,0,0,0,0,0,0,0,0
1.395943,Movement,70,14,0.1422312,-0.03276038,0.3835453,0.239,-0.08831209,0.3404917,75,0,0.1195985,9.5,0,0,0,0,0,0.1195985,119.5985,0,0,0,0,0,0,0,0,0,0,0,0
1.399818,Movement,70,14,0.1422312,-0.03276038,0.3835453,0.239,-0.08831209,0.3404917,75,0,0.1195985,9.5,0,0,0,0,0,0.1195985,119.5985,0,0,0,0,0,0,0,0,0,0,0,0
1.404045,Movement,70,14,0.1422312,-0.03276038,0.3835453,0.239,-0.08831209,0.3404917,75,0,0.1195985,9.5,0,0,0,0,0,0.1195985,119.5985,0,0,0,0,0,0,0,0,0,0,0,0
1.408333,Movement,70,14,0.1422312,-0.03276038,0.3835453,0.239,-0.08831209,0.3404917,75,0,0.1195985,9.5,0,0,0,0,0,0.1195985,119.5985,0,0,0,0,0,0,0,0,0,0,0,0
1.412483,Movement,70,14,0.1422312,-0.03276038,0.3835453,0.239,-0.08831209,0.3404917,75,0,0.1195985,9.5,0,0,0,0,0,0.1195985,119.5985,0,0,0,0,0,0,0,0,0,0,0,0
1.416344,Movement,70,14,0.1422312,-0.03276038,0.3835453,0.239,-0.08831209,0.3404917,75,0,0.1195985,9.5,0,0,0,0,0,0.1195985,119.5985,0,0,0,0,0,0,0,0,0,0,0,0
1.420036,Movement,70,14,0.1422312,-0.03276038,0.3835453,0.239,-0.08831209,0.3404917,75,0,0.1195985,9.5,0,0,0,0,0,0.1195985,119.5985,0,0,0,0,0,0,0,0,0,0,0,0
1.424614,Movement,70,14,0.1422312,-0.03276038,0.3835453,0.239,-0.08831209,0.3404917,75,0,0.1195985,9.5,0,0,0,0,0,0.1195985,119.5985,0,0,0,0,0,0,0,0,0,0,0,0
1.428535,Movement,70,14,0.1422312,-0.03276038,0.3835453,0.239,-0.08831209,0.3404917,75,0,0.1195985,9.5,0,0,0,0,0,0.1195985,119.5985,0,0,0,0,0,0,0,0,0,0,0,0
1.432045,Movement,70,14,0.1422312,-0.03276038,0.3835453,0.239,-0.08831209,0.3404917,75,0,0.1195985,9.5,0,0,0,0,0,0.1195985,119.5985,0,0,0,0,0,0,0,0,0,0,0,0
1.435539,Movement,70,14,0.1422312,-0.03276038,0.3835453,0.239,-0.08831209,0.3404917,75,0,0.1195985,9.5,0,0,0,0,0,0.1195985,119.5985,0,0,0,0,0,0,0,0,0,0,0,0
1.439583,Movement,70,14,0.1422312,-0.03276038,0.3835453,0.239,-0.08831209,0.3404917,75,0,0.1195985,9.5,0,0,0,0,0,0.1195985,119.5985,0,0,0,0,0,0,0,0,0,0,0,0
1.443932,Movement,70,14,0.1422312,-0.03276038,0.3835453,0.239,-0.08831209,0.3404917,75,0,0.1195985,9.5,0,0,0,0,0,0.1195985,119.5985,0,0,0,0,0,0,0,0,0,0,0,0
1.448402,Movement,70,14,0.1422312,-0.03276038,0.3835453,0.239,-0.08831209,0.3404917,75,0,0.1195985,9.5,0,0,0,0,0,0.1195985,119.5985,0,0,0,0,0,0,0,0,0,0,0,0
1.452324,Movement,70,14,0.1422312,-0.03276038,0.3835453,0.239,-0.08831209,0.3404917,75,0,0.1195985,9.5,0,0,0,0,0,0.1195985,119.5985,0,0,0,0,0,0,0,0,0,0,0,0
1.456352,Movement,70,14,0.1422312,-0.03276038,0.3835453,0.239,-0.08831209,0.3404917,75,0,0.1195985,9.5,0,0,0,0,0,0.1195985,119.5985,0,0,0,0,0,0,0,0,0,0,0,0
1.460167,Movement,70,14,0.1422312,-0.03276038,0.3835453,0.239,-0.08831209,0.3404917,75,0,0.1195985,9.5,0,0,0,0,0,0.1195985,119.5985,0,0,0,0,0,0,0,0,0,0,0,0
1.464455,Movement,70,14,0.1422312,-0.03276038,0.3835453,0.239,-0.08831209,0.3404917,75,0,0.1195985,9.5,0,0,0,0,0,0.1195985,119.5985,0,0,0,0,0,0,0,0,0,0,0,0
1.468681,Movement,70,14,0.1422312,-0.03276038,0.3835453,0.239,-0.08831209,0.3404917,75,0,0.1195985,9.5,0,0,0,0,0,0.1195985,119.5985,0,0,0,0,0,0,0,0,0,0,0,0
1.473366,Movement,70,14,0.1422312,-0.03276038,0.3835453,0.239,-0.08831209,0.3404917,75,0,0.1195985,9.5,0,0,0,0,0,0.1195985,119.5985,0,0,0,0,0,0,0,0,0,0,0,0
1.477333,Movement,70,14,0.1422312,-0.03276038,0.3835453,0.239,-0.08831209,0.3404917,75,0,0.1195985,9.5,0,0,0,0,0,0.1195985,119.5985,0,0,0,0,0,0,0,0,0,0,0,0
1.481606,Movement,70,14,0.1422312,-0.03276038,0.3835453,0.239,-0.08831209,0.3404917,75,0,0.1195985,9.5,0,0,0,0,0,0.1195985,119.5985,0,0,0,0,0,0,0,0,0,0,0,0
1.485298,Movement,70,14,0.1422312,-0.03276038,0.3835453,0.239,-0.08831209,0.3404917,75,0,0.1195985,9.5,0,0,0,0,0,0.1195985,119.5985,0,0,0,0,0,0,0,0,0,0,0,0
1.489464,Movement,70,14,0.1422312,-0.03276038,0.3835453,0.239,-0.08831209,0.3404917,75,0,0.1195985,9.5,0,0,0,0,0,0.1195985,119.5985,0,0,0,0,0,0,0,0,0,0,0,0
1.493187,Movement,70,14,0.1422312,-0.03276038,0.3835453,0.239,-0.08831209,0.3404917,75,0,0.1195985,9.5,0,0,0,0,0,0.1195985,119.5985,0,0,0,0,0,0,0,0,0,0,0,0
1.496956,Movement,70,14,0.1422312,-0.03276038,0.3835453,0.239,-0.08831209,0.3404917,75,0,0.1195985,9.5,0,0,0,0,0,0.1195985,119.5985,0,0,0,0,0,0,0,0,0,0,0,0
1.500755,Movement,70,14,0.1422312,-0.03276038,0.3835453,0.239,-0.08831209,0.3404917,75,0,0.1195985,9.5,0,0,0,0,0,0.1195985,119.5985,0,0,0,0,0,0,0,0,0,0,0,0
1.508461,Movement,70,14,0.1422312,-0.03276038,0.3835453,0.239,-0.08831209,0.3404917,75,0,0.1195985,9.5,0,0,0,0,0,0.1195985,119.5985,0,0,0,0,0,0,0,0,0,0,0,0
1.512123,Movement,70,14,0.1422312,-0.03276038,0.3835453,0.239,-0.08831209,0.3404917,75,0,0.1195985,9.5,0,0,0,0,0,0.1195985,119.5985,0,0,0,0,0,0,0,0,0,0,0,0
1.515663,Movement,70,14,0.1422312,-0.03276038,0.3835453,0.239,-0.08831209,0.3404917,75,0,0.1195985,9.5,0,0,0,0,0,0.1195985,119.5985,0,0,0,0,0,0,0,0,0,0,0,0
1.519096,Movement,70,14,0.1422312,-0.03276038,0.3835453,0.239,-0.08831209,0.3404917,75,0,0.1195985,9.5,0,0,0,0,0,0.1195985,119.5985,0,0,0,0,0,0,0,0,0,0,0,0
1.523125,Movement,70,14,0.1422312,-0.03276038,0.3835453,0.239,-0.08831209,0.3404917,75,0,0.1195985,9.5,0,0,0,0,0,0.1195985,119.5985,0,0,0,0,0,0,0,0,0,0,0,0
1.526848,Movement,70,14,0.1422312,-0.03276038,0.3835453,0.239,-0.08831209,0.3404917,75,0,0.1195985,9.5,0,0,0,0,0,0.1195985,119.5985,0,0,0,0,0,0,0,0,0,0,0,0
1.53019,Movement,70,14,0.1422312,-0.03276038,0.3835453,0.239,-0.08831209,0.3404917,75,0,0.1195985,9.5,0,0,0,0,0,0.1195985,119.5985,0,0,0,0,0,0,0,0,0,0,0,0
1.533699,Movement,70,14,0.1422312,-0.03276038,0.3835453,0.239,-0.08831209,0.3404917,75,0,0.1195985,9.5,0,0,0,0,0,0.1195985,119.5985,0,0,0,0,0,0,0,0,0,0,0,0
1.537361,Movement,70,14,0.1422312,-0.03276038,0.3835453,0.239,-0.08831209,0.3404917,75,0,0.1195985,9.5,0,0,0,0,0,0.1195985,119.5985,0,0,0,0,0,0,0,0,0,0,0,0
1.541222,Movement,70,14,0.1422312,-0.03276038,0.3835453,0.239,-0.08831209,0.3404917,75,0,0.1195985,9.5,0,0,0,0,0,0.1195985,119.5985,0,0,0,0,0,0,0,0,0,0,0,0
1.544868,Movement,70,14,0.1422312,-0.03276038,0.3835453,0.239,-0.08831209,0.3404917,75,0,0.1195985,9.5,0,0,0,0,0,0.1195985,119.5985,0,0,0,0,0,0,0,0,0,0,0,0
1.548317,Movement,70,14,0.1422312,-0.03276038,0.3835453,0.239,-0.08831209,0.3404917,75,0,0.1195985,9.5,0,0,0,0,0,0.1195985,119.5985,0,0,0,0,0,0,0,0,0,0,0,0
1.552406,Movement,70,14,0.1422312,-0.03276038,0.3835453,0.239,-0.08831209,0.3404917,75,0,0.1195985,9.5,0,0,0,0,0,0.1195985,119.5985,0,0,0,0,0,0,0,0,0,0,0,0
1.556068,Movement,70,14,0.1422312,-0.03276038,0.3835453,0.239,-0.08831209,0.3404917,75,0,0.1195985,9.5,0,0,0,0,0,0.1195985,119.5985,0,0,0,0,0,0,0,0,0,0,0,0
1.55909,Movement,70,14,0.1422312,-0.03276038,0.3835453,0.239,-0.08831209,0.3404917,75,0,0.1195985,9.5,0,0,0,0,0,0.1195985,119.5985,0,0,0,0,0,0,0,0,0,0,0,0
1.562538,Movement,70,14,0.1422312,-0.03276038,0.3835453,0.239,-0.08831209,0.3404917,75,0,0.1195985,9.5,0,0,0,0,0,0.1195985,119.5985,0,0,0,0,0,0,0,0,0,0,0,0
1.566841,Movement,70,14,0.1422312,-0.03276038,0.3835453,0.239,-0.08831209,0.3404917,75,0,0.1195985,9.5,0,0,0,0,0,0.1195985,119.5985,0,0,0,0,0,0,0,0,0,0,0,0
1.571129,Movement,70,14,0.1422312,-0.03276038,0.3835453,0.239,-0.08831209,0.3404917,75,0,0.1195985,9.5,0,0,0,0,0,0.1195985,119.5985,0,0,0,0,0,0,0,0,0,0,0,0
1.574959,Movement,70,14,0.1422312,-0.03276038,0.3835453,0.239,-0.08831209,0.3404917,75,0,0.1195985,9.5,0,0,0,0,0,0.1195985,119.5985,0,0,0,0,0,0,0,0,0,0,0,0
1.588631,Movement,70,14,0.1422312,-0.03276038,0.3835453,0.239,-0.08831209,0.3404917,75,0,0.1195985,9.5,0,0,0,0,0,0.1195985,119.5985,0,0,0,0,0,0,0,0,0,0,0,0
1.593117,Movement,70,14,0.1422312,-0.03276038,0.3835453,0.239,-0.08831209,0.3404917,75,0,0.1195985,9.5,0,0,0,0,0,0.1195985,119.5985,0,0,0,0,0,0,0,0,0,0,0,0
1.597359,Movement,70,14,0.1422312,-0.03276038,0.3835453,0.239,-0.08831209,0.3404917,75,0,0.1195985,9.5,0,0,0,0,0,0.1195985,119.5985,0,0,0,0,0,0,0,0,0,0,0,0
1.601402,Movement,70,14,0.1422312,-0.03276038,0.3835453,0.239,-0.08831209,0.3404917,75,0,0.1195985,9.5,0,0,0,0,0,0.1195985,119.5985,0,0,0,0,0,0,0,0,0,0,0,0
1.604774,Movement,70,14,0.1422312,-0.03276038,0.3835453,0.239,-0.08831209,0.3404917,75,0,0.1195985,9.5,0,0,0,0,0,0.1195985,119.5985,0,0,0,0,0,0,0,0,0,0,0,0
1.608543,Movement,70,14,0.1422312,-0.03276038,0.3835453,0.239,-0.08831209,0.3404917,75,0,0.1195985,9.5,0,0,0,0,0,0.1195985,119.5985,0,0,0,0,0,0,0,0,0,0,0,0
1.611977,Movement,70,14,0.1422312,-0.03276038,0.3835453,0.239,-0.08831209,0.3404917,75,0,0.1195985,9.5,0,0,0,0,0,0.1195985,119.5985,0,0,0,0,0,0,0,0,0,0,0,0
1.615746,Movement,70,14,0.1422312,-0.03276038,0.3835453,0.239,-0.08831209,0.3404917,75,0,0.1195985,9.5,0,0,0,0,0,0.1195985,119.5985,0,0,0,0,0,0,0,0,0,0,0,0
1.619087,Movement,70,14,0.1422312,-0.03276038,0.3835453,0.239,-0.08831209,0.3404917,75,0,0.1195985,9.5,0,0,0,0,0,0.1195985,119.5985,0,0,0,0,0,0,0,0,0,0,0,0
1.622627,Movement,70,14,0.1422312,-0.03276038,0.3835453,0.239,-0.08831209,0.3404917,75,0,0.1195985,9.5,0,0,0,0,0,0.1195985,119.5985,0,0,0,0,0,0,0,0,0,0,0,0
1.626366,Movement,70,14,0.1422312,-0.03276038,0.3835453,0.239,-0.08831209,0.3404917,75,0,0.1195985,9.5,0,0,0,0,0,0.1195985,119.5985,0,0,0,0,0,0,0,0,0,0,0,0
1.629646,Movement,70,14,0.1422312,-0.03276038,0.3835453,0.239,-0.08831209,0.3404917,75,0,0.1195985,9.5,0,0,0,0,0,0.1195985,119.5985,0,0,0,0,0,0,0,0,0,0,0,0
1.633369,Movement,70,14,0.1422312,-0.03276038,0.3835453,0.239,-0.08831209,0.3404917,75,0,0.1195985,9.5,0,0,0,0,0,0.1195985,119.5985,0,0,0,0,0,0,0,0,0,0,0,0
1.636436,Movement,70,14,0.1422312,-0.03276038,0.3835453,0.239,-0.08831209,0.3404917,75,0,0.1195985,9.5,0,0,0,0,0,0.1195985,119.5985,0,0,0,0,0,0,0,0,0,0,0,0
1.640175,Movement,70,14,0.1422312,-0.03276038,0.3835453,0.239,-0.08831209,0.3404917,75,0,0.1195985,9.5,0,0,0,0,0,0.1195985,119.5985,0,0,0,0,0,0,0,0,0,0,0,0
1.643806,Movement,70,14,0.1422312,-0.03276038,0.3835453,0.239,-0.08831209,0.3404917,75,0,0.1195985,9.5,0,0,0,0,0,0.1195985,119.5985,0,0,0,0,0,0,0,0,0,0,0,0
1.647652,Movement,70,14,0.1422312,-0.03276038,0.3835453,0.239,-0.08831209,0.3404917,75,0,0.1195985,9.5,0,0,0,0,0,0.1195985,119.5985,0,0,0,0,0,0,0,0,0,0,0,0
1.651222,Movement,70,14,0.1422312,-0.03276038,0.3835453,0.239,-0.08831209,0.3404917,75,0,0.1195985,9.5,0,0,0,0,0,0.1195985,119.5985,0,0,0,0,0,0,0,0,0,0,0,0
1.654396,Movement,70,14,0.1422312,-0.03276038,0.3835453,0.239,-0.08831209,0.3404917,75,0,0.1195985,9.5,0,0,0,0,0,0.1195985,119.5985,0,0,0,0,0,0,0,0,0,0,0,0
1.658012,Movement,70,14,0.1422312,-0.03276038,0.3835453,0.239,-0.08831209,0.3404917,75,0,0.1195985,9.5,0,0,0,0,0,0.1195985,119.5985,0,0,0,0,0,0,0,0,0,0,0,0
1.66114,Movement,70,14,0.1422312,-0.03276038,0.3835453,0.239,-0.08831209,0.3404917,75,0,0.1195985,9.5,0,0,0,0,0,0.1195985,119.5985,0,0,0,0,0,0,0,0,0,0,0,0
1.665718,Movement,70,14,0.1422312,-0.03276038,0.3835453,0.239,-0.08831209,0.3404917,75,0,0.1195985,9.5,0,0,0,0,0,0.1195985,119.5985,0,0,0,0,0,0,0,0,0,0,0,0
1.668968,Movement,70,14,0.1422312,-0.03276038,0.3835453,0.239,-0.08831209,0.3404917,75,0,0.1195985,9.5,0,0,0,0,0,0.1195985,119.5985,0,0,0,0,0,0,0,0,0,0,0,0
1.672752,Movement,70,14,0.1422312,-0.03276038,0.3835453,0.239,-0.08831209,0.3404917,75,0,0.1195985,9.5,0,0,0,0,0,0.1195985,119.5985,0,0,0,0,0,0,0,0,0,0,0,0
1.676048,Movement,70,14,0.1422312,-0.03276038,0.3835453,0.239,-0.08831209,0.3404917,75,0,0.1195985,9.5,0,0,0,0,0,0.1195985,119.5985,0,0,0,0,0,0,0,0,0,0,0,0
1.679924,Movement,70,14,0.1422312,-0.03276038,0.3835453,0.239,-0.08831209,0.3404917,75,0,0.1195985,9.5,0,0,0,0,0,0.1195985,119.5985,0,0,0,0,0,0,0,0,0,0,0,0
1.683601,Movement,70,14,0.1422312,-0.03276038,0.3835453,0.239,-0.08831209,0.3404917,75,0,0.1195985,9.5,0,0,0,0,0,0.1195985,119.5985,0,0,0,0,0,0,0,0,0,0,0,0
1.686653,Movement,70,14,0.1422312,-0.03276038,0.3835453,0.239,-0.08831209,0.3404917,75,0,0.1195985,9.5,0,0,0,0,0,0.1195985,119.5985,0,0,0,0,0,0,0,0,0,0,0,0
1.690178,Movement,70,14,0.1422312,-0.03276038,0.3835453,0.239,-0.08831209,0.3404917,75,0,0.1195985,9.5,0,0,0,0,0,0.1195985,119.5985,0,0,0,0,0,0,0,0,0,0,0,0
1.693947,Movement,70,14,0.1422312,-0.03276038,0.3835453,0.239,-0.08831209,0.3404917,75,0,0.1195985,9.5,0,0,0,0,0,0.1195985,119.5985,0,0,0,0,0,0,0,0,0,0,0,0
1.697197,Movement,70,14,0.1422312,-0.03276038,0.3835453,0.239,-0.08831209,0.3404917,75,0,0.1195985,9.5,0,0,0,0,0,0.1195985,119.5985,0,0,0,0,0,0,0,0,0,0,0,0
1.700752,Movement,70,14,0.1422312,-0.03276038,0.3835453,0.239,-0.08831209,0.3404917,75,0,0.1195985,9.5,0,0,0,0,0,0.1195985,119.5985,0,0,0,0,0,0,0,0,0,0,0,0
1.704231,Movement,70,14,0.1422312,-0.03276038,0.3835453,0.239,-0.08831209,0.3404917,75,0,0.1195985,9.5,0,0,0,0,0,0.1195985,119.5985,0,0,0,0,0,0,0,0,0,0,0,0
1.708595,Movement,70,14,0.1422312,-0.03276038,0.3835453,0.239,-0.08831209,0.3404917,75,0,0.1195985,9.5,0,0,0,0,0,0.1195985,119.5985,0,0,0,0,0,0,0,0,0,0,0,0
1.711861,Movement,70,14,0.1422312,-0.03276038,0.3835453,0.239,-0.08831209,0.3404917,75,0,0.1195985,9.5,0,0,0,0,0,0.1195985,119.5985,0,0,0,0,0,0,0,0,0,0,0,0
1.715126,Movement,70,14,0.1422312,-0.03276038,0.3835453,0.239,-0.08831209,0.3404917,75,0,0.1195985,9.5,0,0,0,0,0,0.1195985,119.5985,0,0,0,0,0,0,0,0,0,0,0,0
1.718483,Movement,70,14,0.1422312,-0.03276038,0.3835453,0.239,-0.08831209,0.3404917,75,0,0.1195985,9.5,0,0,0,0,0,0.1195985,119.5985,0,0,0,0,0,0,0,0,0,0,0,0
1.722237,Movement,70,14,0.1422312,-0.03276038,0.3835453,0.239,-0.08831209,0.3404917,75,0,0.1195985,9.5,0,0,0,0,0,0.1195985,119.5985,0,0,0,0,0,0,0,0,0,0,0,0
1.727089,Movement,70,14,0.1422312,-0.03276038,0.3835453,0.239,-0.08831209,0.3404917,75,0,0.1195985,9.5,0,0,0,0,0,0.1195985,119.5985,0,0,0,0,0,0,0,0,0,0,0,0
1.730537,Movement,70,14,0.1422312,-0.03276038,0.3835453,0.239,-0.08831209,0.3404917,75,0,0.1195985,9.5,0,0,0,0,0,0.1195985,119.5985,0,0,0,0,0,0,0,0,0,0,0,0
1.733681,Movement,70,14,0.1422312,-0.03276038,0.3835453,0.239,-0.08831209,0.3404917,75,0,0.1195985,9.5,0,0,0,0,0,0.1195985,119.5985,0,0,0,0,0,0,0,0,0,0,0,0
1.7369,Movement,70,14,0.1422312,-0.03276038,0.3835453,0.239,-0.08831209,0.3404917,75,0,0.1195985,9.5,0,0,0,0,0,0.1195985,119.5985,0,0,0,0,0,0,0,0,0,0,0,0
1.740868,Movement,70,14,0.1422312,-0.03276038,0.3835453,0.239,-0.08831209,0.3404917,75,0,0.1195985,9.5,0,0,0,0,0,0.1195985,119.5985,0,0,0,0,0,0,0,0,0,0,0,0
1.745155,Movement,70,14,0.1422312,-0.03276038,0.3835453,0.239,-0.08831209,0.3404917,75,0,0.1195985,9.5,0,0,0,0,0,0.1195985,119.5985,0,0,0,0,0,0,0,0,0,0,0,0
1.748543,Movement,70,14,0.1422312,-0.03276038,0.3835453,0.239,-0.08831209,0.3404917,75,0,0.1195985,9.5,0,0,0,0,0,0.1195985,119.5985,0,0,0,0,0,0,0,0,0,0,0,0
1.751762,Movement,70,14,0.1422312,-0.03276038,0.3835453,0.239,-0.08831209,0.3404917,75,0,0.1195985,9.5,0,0,0,0,0,0.1195985,119.5985,0,0,0,0,0,0,0,0,0,0,0,0
1.75486,Movement,70,14,0.1422312,-0.03276038,0.3835453,0.239,-0.08831209,0.3404917,75,0,0.1195985,9.5,0,0,0,0,0,0.1195985,119.5985,0,0,0,0,0,0,0,0,0,0,0,0
1.759193,Movement,70,14,0.1422312,-0.03276038,0.3835453,0.239,-0.08831209,0.3404917,75,0,0.1195985,9.5,0,0,0,0,0,0.1195985,119.5985,0,0,0,0,0,0,0,0,0,0,0,0
1.762627,Movement,70,14,0.1422312,-0.03276038,0.3835453,0.239,-0.08831209,0.3404917,75,0,0.1195985,9.5,0,0,0,0,0,0.1195985,119.5985,0,0,0,0,0,0,0,0,0,0,0,0
1.766975,Movement,70,14,0.1422312,-0.03276038,0.3835453,0.239,-0.08831209,0.3404917,75,0,0.1195985,9.5,0,0,0,0,0,0.1195985,119.5985,0,0,0,0,0,0,0,0,0,0,0,0
1.770164,Movement,70,14,0.1422312,-0.03276038,0.3835453,0.239,-0.08831209,0.3404917,75,0,0.1195985,9.5,0,0,0,0,0,0.1195985,119.5985,0,0,0,0,0,0,0,0,0,0,0,0
1.774467,Movement,70,14,0.1422312,-0.03276038,0.3835453,0.239,-0.08831209,0.3404917,75,0,0.1195985,9.5,0,0,0,0,0,0.1195985,119.5985,0,0,0,0,0,0,0,0,0,0,0,0
1.777596,Movement,70,14,0.1422312,-0.03276038,0.3835453,0.239,-0.08831209,0.3404917,75,0,0.1195985,9.5,0,0,0,0,0,0.1195985,119.5985,0,0,0,0,0,0,0,0,0,0,0,0
1.780846,Movement,70,14,0.1422312,-0.03276038,0.3835453,0.239,-0.08831209,0.3404917,75,0,0.1195985,9.5,0,0,0,0,0,0.1195985,119.5985,0,0,0,0,0,0,0,0,0,0,0,0
1.784248,Movement,70,14,0.1422312,-0.03276038,0.3835453,0.239,-0.08831209,0.3404917,75,0,0.1195985,9.5,0,0,0,0,0,0.1195985,119.5985,0,0,0,0,0,0,0,0,0,0,0,0
1.787712,Movement,70,14,0.1422312,-0.03276038,0.3835453,0.239,-0.08831209,0.3404917,75,0,0.1195985,9.5,0,0,0,0,0,0.1195985,119.5985,0,0,0,0,0,0,0,0,0,0,0,0
1.791832,Movement,70,14,0.1422312,-0.03276038,0.3835453,0.239,-0.08831209,0.3404917,75,0,0.1195985,9.5,0,0,0,0,0,0.1195985,119.5985,0,0,0,0,0,0,0,0,0,0,0,0
1.79493,Movement,70,14,0.1422312,-0.03276038,0.3835453,0.239,-0.08831209,0.3404917,75,0,0.1195985,9.5,0,0,0,0,0,0.1195985,119.5985,0,0,0,0,0,0,0,0,0,0,0,0
1.798317,Movement,70,14,0.1422312,-0.03276038,0.3835453,0.239,-0.08831209,0.3404917,75,0,0.1195985,9.5,0,0,0,0,0,0.1195985,119.5985,0,0,0,0,0,0,0,0,0,0,0,0
1.801582,Movement,70,14,0.1422312,-0.03276038,0.3835453,0.239,-0.08831209,0.3404917,75,0,0.1195985,9.5,0,0,0,0,0,0.1195985,119.5985,0,0,0,0,0,0,0,0,0,0,0,0
1.805367,Movement,70,14,0.1422312,-0.03276038,0.3835453,0.239,-0.08831209,0.3404917,75,0,0.1195985,9.5,0,0,0,0,0,0.1195985,119.5985,0,0,0,0,0,0,0,0,0,0,0,0
1.809196,Movement,70,14,0.1422312,-0.03276038,0.3835453,0.239,-0.08831209,0.3404917,75,0,0.1195985,9.5,0,0,0,0,0,0.1195985,119.5985,0,0,0,0,0,0,0,0,0,0,0,0
1.812294,Movement,70,14,0.1422312,-0.03276038,0.3835453,0.239,-0.08831209,0.3404917,75,0,0.1195985,9.5,0,0,0,0,0,0.1195985,119.5985,0,0,0,0,0,0,0,0,0,0,0,0
1.816093,Movement,70,14,0.1422312,-0.03276038,0.3835453,0.239,-0.08831209,0.3404917,75,0,0.1195985,9.5,0,0,0,0,0,0.1195985,119.5985,0,0,0,0,0,0,0,0,0,0,0,0
1.81916,Movement,70,14,0.1422312,-0.03276038,0.3835453,0.239,-0.08831209,0.3404917,75,0,0.1195985,9.5,0,0,0,0,0,0.1195985,119.5985,0,0,0,0,0,0,0,0,0,0,0,0
1.823235,Movement,70,14,0.1422312,-0.03276038,0.3835453,0.239,-0.08831209,0.3404917,75,0,0.1195985,9.5,0,0,0,0,0,0.1195985,119.5985,0,0,0,0,0,0,0,0,0,0,0,0
1.826759,Movement,70,14,0.1422312,-0.03276038,0.3835453,0.239,-0.08831209,0.3404917,75,0,0.1195985,9.5,0,0,0,0,0,0.1195985,119.5985,0,0,0,0,0,0,0,0,0,0,0,0
1.830177,Movement,70,14,0.1422312,-0.03276038,0.3835453,0.239,-0.08831209,0.3404917,75,0,0.1195985,9.5,0,0,0,0,0,0.1195985,119.5985,0,0,0,0,0,0,0,0,0,0,0,0
1.833549,Movement,70,14,0.1422312,-0.03276038,0.3835453,0.239,-0.08831209,0.3404917,75,0,0.1195985,9.5,0,0,0,0,0,0.1195985,119.5985,0,0,0,0,0,0,0,0,0,0,0,0
1.836769,Movement,70,14,0.1422312,-0.03276038,0.3835453,0.239,-0.08831209,0.3404917,75,0,0.1195985,9.5,0,0,0,0,0,0.1195985,119.5985,0,0,0,0,0,0,0,0,0,0,0,0
1.840599,Movement,70,14,0.1422312,-0.03276038,0.3835453,0.239,-0.08831209,0.3404917,75,0,0.1195985,9.5,0,0,0,0,0,0.1195985,119.5985,0,0,0,0,0,0,0,0,0,0,0,0
1.844063,Movement,70,14,0.1422312,-0.03276038,0.3835453,0.239,-0.08831209,0.3404917,75,0,0.1195985,9.5,0,0,0,0,0,0.1195985,119.5985,0,0,0,0,0,0,0,0,0,0,0,0
1.847313,Movement,70,14,0.1422312,-0.03276038,0.3835453,0.239,-0.08831209,0.3404917,75,0,0.1195985,9.5,0,0,0,0,0,0.1195985,119.5985,0,0,0,0,0,0,0,0,0,0,0,0
1.850945,Movement,70,14,0.1422312,-0.03276038,0.3835453,0.239,-0.08831209,0.3404917,75,0,0.1195985,9.5,0,0,0,0,0,0.1195985,119.5985,0,0,0,0,0,0,0,0,0,0,0,0
1.854362,Movement,70,14,0.1422312,-0.03276038,0.3835453,0.239,-0.08831209,0.3404917,75,0,0.1195985,9.5,0,0,0,0,0,0.1195985,119.5985,0,0,0,0,0,0,0,0,0,0,0,0
1.858574,Movement,70,14,0.1422312,-0.03276038,0.3835453,0.239,-0.08831209,0.3404917,75,0,0.1195985,9.5,0,0,0,0,0,0.1195985,119.5985,0,0,0,0,0,0,0,0,0,0,0,0
1.861702,Movement,70,14,0.1422312,-0.03276038,0.3835453,0.239,-0.08831209,0.3404917,75,0,0.1195985,9.5,0,0,0,0,0,0.1195985,119.5985,0,0,0,0,0,0,0,0,0,0,0,0
1.865761,Movement,70,14,0.1422312,-0.03276038,0.3835453,0.239,-0.08831209,0.3404917,75,0,0.1195985,9.5,0,0,0,0,0,0.1195985,119.5985,0,0,0,0,0,0,0,0,0,0,0,0
1.869698,Movement,70,14,0.1422312,-0.03276038,0.3835453,0.239,-0.08831209,0.3404917,75,0,0.1195985,9.5,0,0,0,0,0,0.1195985,119.5985,0,0,0,0,0,0,0,0,0,0,0,0
1.873619,Movement,70,14,0.1422312,-0.03276038,0.3835453,0.239,-0.08831209,0.3404917,75,0,0.1195985,9.5,0,0,0,0,0,0.1195985,119.5985,0,0,0,0,0,0,0,0,0,0,0,0
1.876671,Movement,70,14,0.1422312,-0.03276038,0.3835453,0.239,-0.08831209,0.3404917,75,0,0.1195985,9.5,0,0,0,0,0,0.1195985,119.5985,0,0,0,0,0,0,0,0,0,0,0,0
1.880028,Movement,70,14,0.1422312,-0.03276038,0.3835453,0.239,-0.08831209,0.3404917,75,0,0.1195985,9.5,0,0,0,0,0,0.1195985,119.5985,0,0,0,0,0,0,0,0,0,0,0,0
1.883858,Movement,70,14,0.1422312,-0.03276038,0.3835453,0.239,-0.08831209,0.3404917,75,0,0.1195985,9.5,0,0,0,0,0,0.1195985,119.5985,0,0,0,0,0,0,0,0,0,0,0,0
1.887947,Movement,70,14,0.1422312,-0.03276038,0.3835453,0.239,-0.08831209,0.3404917,75,0,0.1195985,9.5,0,0,0,0,0,0.1195985,119.5985,0,0,0,0,0,0,0,0,0,0,0,0
1.892555,Movement,70,14,0.1422312,-0.03276038,0.3835453,0.239,-0.08831209,0.3404917,75,0,0.1195985,9.5,0,0,0,0,0,0.1195985,119.5985,0,0,0,0,0,0,0,0,0,0,0,0
1.896065,Movement,70,14,0.1422312,-0.03276038,0.3835453,0.239,-0.08831209,0.3404917,75,0,0.1195985,9.5,0,0,0,0,0,0.1195985,119.5985,0,0,0,0,0,0,0,0,0,0,0,0
1.900352,Movement,70,14,0.1422312,-0.03276038,0.3835453,0.239,-0.08831209,0.3404917,75,0,0.1195985,9.5,0,0,0,0,0,0.1195985,119.5985,0,0,0,0,0,0,0,0,0,0,0,0
1.904579,Movement,70,14,0.1422312,-0.03276038,0.3835453,0.239,-0.08831209,0.3404917,75,0,0.1195985,9.5,0,0,0,0,0,0.1195985,119.5985,0,0,0,0,0,0,0,0,0,0,0,0
1.908623,Movement,70,14,0.1422312,-0.03276038,0.3835453,0.239,-0.08831209,0.3404917,75,0,0.1195985,9.5,0,0,0,0,0,0.1195985,119.5985,0,0,0,0,0,0,0,0,0,0,0,0
1.911949,Movement,70,14,0.1422312,-0.03276038,0.3835453,0.239,-0.08831209,0.3404917,75,0,0.1195985,9.5,0,0,0,0,0,0.1195985,119.5985,0,0,0,0,0,0,0,0,0,0,0,0
1.917992,Movement,70,14,0.1422312,-0.03276038,0.3835453,0.239,-0.08831209,0.3404917,75,0,0.1195985,9.5,0,0,0,0,0,0.1195985,119.5985,0,0,0,0,0,0,0,0,0,0,0,0
1.922966,Movement,70,14,0.1422312,-0.03276038,0.3835453,0.239,-0.08831209,0.3404917,75,0,0.1195985,9.5,0,0,0,0,0,0.1195985,119.5985,0,0,0,0,0,0,0,0,0,0,0,0
1.928078,Movement,70,14,0.1422312,-0.03276038,0.3835453,0.239,-0.08831209,0.3404917,75,0,0.1195985,9.5,0,0,0,0,0,0.1195985,119.5985,0,0,0,0,0,0,0,0,0,0,0,0
1.932945,Movement,70,14,0.1422312,-0.03276038,0.3835453,0.239,-0.08831209,0.3404917,75,0,0.1195985,9.5,0,0,0,0,0,0.1195985,119.5985,0,0,0,0,0,0,0,0,0,0,0,0
1.938026,Movement,70,14,0.1422312,-0.03276038,0.3835453,0.239,-0.08831209,0.3404917,75,0,0.1195985,9.5,0,0,0,0,0,0.1195985,119.5985,0,0,0,0,0,0,0,0,0,0,0,0
1.943092,Movement,70,14,0.1422312,-0.03276038,0.3835453,0.239,-0.08831209,0.3404917,75,0,0.1195985,9.5,0,0,0,0,0,0.1195985,119.5985,0,0,0,0,0,0,0,0,0,0,0,0
1.947258,Movement,70,14,0.1422312,-0.03276038,0.3835453,0.239,-0.08831209,0.3404917,75,0,0.1195985,9.5,0,0,0,0,0,0.1195985,119.5985,0,0,0,0,0,0,0,0,0,0,0,0
1.951897,Movement,70,14,0.1422312,-0.03276038,0.3835453,0.239,-0.08831209,0.3404917,75,0,0.1195985,9.5,0,0,0,0,0,0.1195985,119.5985,0,0,0,0,0,0,0,0,0,0,0,0
1.956703,Movement,70,14,0.1422312,-0.03276038,0.3835453,0.239,-0.08831209,0.3404917,75,0,0.1195985,9.5,0,0,0,0,0,0.1195985,119.5985,0,0,0,0,0,0,0,0,0,0,0,0
1.960197,Movement,70,14,0.1422312,-0.03276038,0.3835453,0.239,-0.08831209,0.3404917,75,0,0.1195985,9.5,0,0,0,0,0,0.1195985,119.5985,0,0,0,0,0,0,0,0,0,0,0,0
1.964745,Movement,70,14,0.1422312,-0.03276038,0.3835453,0.239,-0.08831209,0.3404917,75,0,0.1195985,9.5,0,0,0,0,0,0.1195985,119.5985,0,0,0,0,0,0,0,0,0,0,0,0
1.969124,Movement,70,14,0.1422312,-0.03276038,0.3835453,0.239,-0.08831209,0.3404917,75,0,0.1195985,9.5,0,0,0,0,0,0.1195985,119.5985,0,0,0,0,0,0,0,0,0,0,0,0
1.972801,Movement,70,14,0.1422312,-0.03276038,0.3835453,0.239,-0.08831209,0.3404917,75,0,0.1195985,9.5,0,0,0,0,0,0.1195985,119.5985,0,0,0,0,0,0,0,0,0,0,0,0
1.978096,Movement,70,14,0.1422312,-0.03276038,0.3835453,0.239,-0.08831209,0.3404917,75,0,0.1195985,9.5,0,0,0,0,0,0.1195985,119.5985,0,0,0,0,0,0,0,0,0,0,0,0
1.981895,Movement,70,14,0.1422312,-0.03276038,0.3835453,0.239,-0.08831209,0.3404917,75,0,0.1195985,9.5,0,0,0,0,0,0.1195985,119.5985,0,0,0,0,0,0,0,0,0,0,0,0
1.985634,Movement,70,14,0.1422312,-0.03276038,0.3835453,0.239,-0.08831209,0.3404917,75,0,0.1195985,9.5,0,0,0,0,0,0.1195985,119.5985,0,0,0,0,0,0,0,0,0,0,0,0
1.989098,Movement,70,14,0.1422312,-0.03276038,0.3835453,0.239,-0.08831209,0.3404917,75,0,0.1195985,9.5,0,0,0,0,0,0.1195985,119.5985,0,0,0,0,0,0,0,0,0,0,0,0
1.993263,Movement,70,14,0.1422312,-0.03276038,0.3835453,0.239,-0.08831209,0.3404917,75,0,0.1195985,9.5,0,0,0,0,0,0.1195985,119.5985,0,0,0,0,0,0,0,0,0,0,0,0
1.997154,Movement,70,14,0.1422312,-0.03276038,0.3835453,0.239,-0.08831209,0.3404917,75,0,0.1195985,9.5,0,0,0,0,0,0.1195985,119.5985,0,0,0,0,0,0,0,0,0,0,0,0
2.000374,Movement,70,14,0.1422312,-0.03276038,0.3835453,0.239,-0.08831209,0.3404917,75,0,0.1195985,9.5,0,0,0,0,0,0.1195985,119.5985,0,0,0,0,0,0,0,0,0,0,0,0
2.003777,Movement,70,14,0.1422312,-0.03276038,0.3835453,0.239,-0.08831209,0.3404917,75,0,0.1195985,9.5,0,0,0,0,0,0.1195985,119.5985,0,0,0,0,0,0,0,0,0,0,0,0
2.00808,Movement,70,14,0.1422312,-0.03276038,0.3835453,0.239,-0.08831209,0.3404917,75,0,0.1195985,9.5,0,0,0,0,0,0.1195985,119.5985,0,0,0,0,0,0,0,0,0,0,0,0
2.011574,Movement,70,14,0.1422312,-0.03276038,0.3835453,0.239,-0.08831209,0.3404917,75,0,0.1195985,9.5,0,0,0,0,0,0.1195985,119.5985,0,0,0,0,0,0,0,0,0,0,0,0
2.015083,Movement,70,14,0.1422312,-0.03276038,0.3835453,0.239,-0.08831209,0.3404917,75,0,0.1195985,9.5,0,0,0,0,0,0.1195985,119.5985,0,0,0,0,0,0,0,0,0,0,0,0
2.018318,Movement,70,14,0.1422312,-0.03276038,0.3835453,0.239,-0.08831209,0.3404917,75,0,0.1195985,9.5,0,0,0,0,0,0.1195985,119.5985,0,0,0,0,0,0,0,0,0,0,0,0
2.02166,Movement,70,14,0.1422312,-0.03276038,0.3835453,0.239,-0.08831209,0.3404917,75,0,0.1195985,9.5,0,0,0,0,0,0.1195985,119.5985,0,0,0,0,0,0,0,0,0,0,0,0
2.026237,Movement,70,14,0.1422312,-0.03276038,0.3835453,0.239,-0.08831209,0.3404917,75,0,0.1195985,9.5,0,0,0,0,0,0.1195985,119.5985,0,0,0,0,0,0,0,0,0,0,0,0
2.029655,Movement,70,14,0.1422312,-0.03276038,0.3835453,0.239,-0.08831209,0.3404917,75,0,0.1195985,9.5,0,0,0,0,0,0.1195985,119.5985,0,0,0,0,0,0,0,0,0,0,0,0
2.033165,Movement,70,14,0.1422312,-0.03276038,0.3835453,0.239,-0.08831209,0.3404917,75,0,0.1195985,9.5,0,0,0,0,0,0.1195985,119.5985,0,0,0,0,0,0,0,0,0,0,0,0
2.036507,Movement,70,14,0.1422312,-0.03276038,0.3835453,0.239,-0.08831209,0.3404917,75,0,0.1195985,9.5,0,0,0,0,0,0.1195985,119.5985,0,0,0,0,0,0,0,0,0,0,0,0
2.040031,Movement,70,14,0.1422312,-0.03276038,0.3835453,0.239,-0.08831209,0.3404917,75,0,0.1195985,9.5,0,0,0,0,0,0.1195985,119.5985,0,0,0,0,0,0,0,0,0,0,0,0
2.043556,Movement,70,14,0.1422312,-0.03276038,0.3835453,0.239,-0.08831209,0.3404917,75,0,0.1195985,9.5,0,0,0,0,0,0.1195985,119.5985,0,0,0,0,0,0,0,0,0,0,0,0
2.047035,Movement,70,14,0.1422312,-0.03276038,0.3835453,0.239,-0.08831209,0.3404917,75,0,0.1195985,9.5,0,0,0,0,0,0.1195985,119.5985,0,0,0,0,0,0,0,0,0,0,0,0
2.050392,Movement,70,14,0.1422312,-0.03276038,0.3835453,0.239,-0.08831209,0.3404917,75,0,0.1195985,9.5,0,0,0,0,0,0.1195985,119.5985,0,0,0,0,0,0,0,0,0,0,0,0
2.053749,Movement,70,14,0.1422312,-0.03276038,0.3835453,0.239,-0.08831209,0.3404917,75,0,0.1195985,9.5,0,0,0,0,0,0.1195985,119.5985,0,0,0,0,0,0,0,0,0,0,0,0
2.057701,Movement,70,14,0.1422312,-0.03276038,0.3835453,0.239,-0.08831209,0.3404917,75,0,0.1195985,9.5,0,0,0,0,0,0.1195985,119.5985,0,0,0,0,0,0,0,0,0,0,0,0
2.061073,Movement,70,14,0.1422312,-0.03276038,0.3835453,0.239,-0.08831209,0.3404917,75,0,0.1195985,9.5,0,0,0,0,0,0.1195985,119.5985,0,0,0,0,0,0,0,0,0,0,0,0
2.065132,Movement,70,14,0.1422312,-0.03276038,0.3835453,0.239,-0.08831209,0.3404917,75,0,0.1195985,9.5,0,0,0,0,0,0.1195985,119.5985,0,0,0,0,0,0,0,0,0,0,0,0
2.068428,Movement,70,14,0.1422312,-0.03276038,0.3835453,0.239,-0.08831209,0.3404917,75,0,0.1195985,9.5,0,0,0,0,0,0.1195985,119.5985,0,0,0,0,0,0,0,0,0,0,0,0
2.071571,Movement,70,14,0.1422312,-0.03276038,0.3835453,0.239,-0.08831209,0.3404917,75,0,0.1195985,9.5,0,0,0,0,0,0.1195985,119.5985,0,0,0,0,0,0,0,0,0,0,0,0
2.075615,Movement,70,14,0.1422312,-0.03276038,0.3835453,0.239,-0.08831209,0.3404917,75,0,0.1195985,9.5,0,0,0,0,0,0.1195985,119.5985,0,0,0,0,0,0,0,0,0,0,0,0
2.078835,Movement,70,14,0.1422312,-0.03276038,0.3835453,0.239,-0.08831209,0.3404917,75,0,0.1195985,9.5,0,0,0,0,0,0.1195985,119.5985,0,0,0,0,0,0,0,0,0,0,0,0
2.082146,Movement,70,14,0.1422312,-0.03276038,0.3835453,0.239,-0.08831209,0.3404917,75,0,0.1195985,9.5,0,0,0,0,0,0.1195985,119.5985,0,0,0,0,0,0,0,0,0,0,0,0
2.085762,Movement,70,14,0.1422312,-0.03276038,0.3835453,0.239,-0.08831209,0.3404917,75,0,0.1195985,9.5,0,0,0,0,0,0.1195985,119.5985,0,0,0,0,0,0,0,0,0,0,0,0
2.089531,Movement,70,14,0.1422312,-0.03276038,0.3835453,0.239,-0.08831209,0.3404917,75,0,0.1195985,9.5,0,0,0,0,0,0.1195985,119.5985,0,0,0,0,0,0,0,0,0,0,0,0
2.093224,Movement,70,14,0.1422312,-0.03276038,0.3835453,0.239,-0.08831209,0.3404917,75,0,0.1195985,9.5,0,0,0,0,0,0.1195985,119.5985,0,0,0,0,0,0,0,0,0,0,0,0
2.096565,Movement,70,14,0.1422312,-0.03276038,0.3835453,0.239,-0.08831209,0.3404917,75,0,0.1195985,9.5,0,0,0,0,0,0.1195985,119.5985,0,0,0,0,0,0,0,0,0,0,0,0
2.100243,Movement,70,14,0.1422312,-0.03276038,0.3835453,0.239,-0.08831209,0.3404917,75,0,0.1195985,9.5,0,0,0,0,0,0.1195985,119.5985,0,0,0,0,0,0,0,0,0,0,0,0
2.103889,Movement,70,14,0.1422312,-0.03276038,0.3835453,0.239,-0.08831209,0.3404917,75,0,0.1195985,9.5,0,0,0,0,0,0.1195985,119.5985,0,0,0,0,0,0,0,0,0,0,0,0
2.10833,Movement,70,14,0.1422312,-0.03276038,0.3835453,0.239,-0.08831209,0.3404917,75,0,0.1195985,9.5,0,0,0,0,0,0.1195985,119.5985,0,0,0,0,0,0,0,0,0,0,0,0
2.111763,Movement,70,14,0.1422312,-0.03276038,0.3835453,0.239,-0.08831209,0.3404917,75,0,0.1195985,9.5,0,0,0,0,0,0.1195985,119.5985,0,0,0,0,0,0,0,0,0,0,0,0
2.115211,Movement,70,14,0.1422312,-0.03276038,0.3835453,0.239,-0.08831209,0.3404917,75,0,0.1195985,9.5,0,0,0,0,0,0.1195985,119.5985,0,0,0,0,0,0,0,0,0,0,0,0
2.118263,Movement,70,14,0.1422312,-0.03276038,0.3835453,0.239,-0.08831209,0.3404917,75,0,0.1195985,9.5,0,0,0,0,0,0.1195985,119.5985,0,0,0,0,0,0,0,0,0,0,0,0
2.122154,Movement,70,14,0.1422312,-0.03276038,0.3835453,0.239,-0.08831209,0.3404917,75,0,0.1195985,9.5,0,0,0,0,0,0.1195985,119.5985,0,0,0,0,0,0,0,0,0,0,0,0
2.126045,Movement,70,14,0.1422312,-0.03276038,0.3835453,0.239,-0.08831209,0.3404917,75,0,0.1195985,9.5,0,0,0,0,0,0.1195985,119.5985,0,0,0,0,0,0,0,0,0,0,0,0
2.12928,Movement,70,14,0.1422312,-0.03276038,0.3835453,0.239,-0.08831209,0.3404917,75,0,0.1195985,9.5,0,0,0,0,0,0.1195985,119.5985,0,0,0,0,0,0,0,0,0,0,0,0
2.133003,Movement,70,14,0.1422312,-0.03276038,0.3835453,0.239,-0.08831209,0.3404917,75,0,0.1195985,9.5,0,0,0,0,0,0.1195985,119.5985,0,0,0,0,0,0,0,0,0,0,0,0
2.136192,Movement,70,14,0.1422312,-0.03276038,0.3835453,0.239,-0.08831209,0.3404917,75,0,0.1195985,9.5,0,0,0,0,0,0.1195985,119.5985,0,0,0,0,0,0,0,0,0,0,0,0
2.139915,Movement,70,14,0.1422312,-0.03276038,0.3835453,0.239,-0.08831209,0.3404917,75,0,0.1195985,9.5,0,0,0,0,0,0.1195985,119.5985,0,0,0,0,0,0,0,0,0,0,0,0
2.143547,Movement,70,14,0.1422312,-0.03276038,0.3835453,0.239,-0.08831209,0.3404917,75,0,0.1195985,9.5,0,0,0,0,0,0.1195985,119.5985,0,0,0,0,0,0,0,0,0,0,0,0
2.146706,Movement,70,14,0.1422312,-0.03276038,0.3835453,0.239,-0.08831209,0.3404917,75,0,0.1195985,9.5,0,0,0,0,0,0.1195985,119.5985,0,0,0,0,0,0,0,0,0,0,0,0
2.150642,Movement,70,14,0.1422312,-0.03276038,0.3835453,0.239,-0.08831209,0.3404917,75,0,0.1195985,9.5,0,0,0,0,0,0.1195985,119.5985,0,0,0,0,0,0,0,0,0,0,0,0
2.154091,Movement,70,14,0.1422312,-0.03276038,0.3835453,0.239,-0.08831209,0.3404917,75,0,0.1195985,9.5,0,0,0,0,0,0.1195985,119.5985,0,0,0,0,0,0,0,0,0,0,0,0
2.158546,Movement,70,14,0.1422312,-0.03276038,0.3835453,0.239,-0.08831209,0.3404917,75,0,0.1195985,9.5,0,0,0,0,0,0.1195985,119.5985,0,0,0,0,0,0,0,0,0,0,0,0
2.161598,Movement,70,14,0.1422312,-0.03276038,0.3835453,0.239,-0.08831209,0.3404917,75,0,0.1195985,9.5,0,0,0,0,0,0.1195985,119.5985,0,0,0,0,0,0,0,0,0,0,0,0
2.165504,Movement,70,14,0.1422312,-0.03276038,0.3835453,0.239,-0.08831209,0.3404917,75,0,0.1195985,9.5,0,0,0,0,0,0.1195985,119.5985,0,0,0,0,0,0,0,0,0,0,0,0
2.168968,Movement,70,14,0.1422312,-0.03276038,0.3835453,0.239,-0.08831209,0.3404917,75,0,0.1195985,9.5,0,0,0,0,0,0.1195985,119.5985,0,0,0,0,0,0,0,0,0,0,0,0
2.172447,Movement,70,14,0.1422312,-0.03276038,0.3835453,0.239,-0.08831209,0.3404917,75,0,0.1195985,9.5,0,0,0,0,0,0.1195985,119.5985,0,0,0,0,0,0,0,0,0,0,0,0
2.175804,Movement,70,14,0.1422312,-0.03276038,0.3835453,0.239,-0.08831209,0.3404917,75,0,0.1195985,9.5,0,0,0,0,0,0.1195985,119.5985,0,0,0,0,0,0,0,0,0,0,0,0
2.178795,Movement,70,14,0.1422312,-0.03276038,0.3835453,0.239,-0.08831209,0.3404917,75,0,0.1195985,9.5,0,0,0,0,0,0.1195985,119.5985,0,0,0,0,0,0,0,0,0,0,0,0
2.182701,Movement,70,14,0.1422312,-0.03276038,0.3835453,0.239,-0.08831209,0.3404917,75,0,0.1195985,9.5,0,0,0,0,0,0.1195985,119.5985,0,0,0,0,0,0,0,0,0,0,0,0
2.18615,Movement,70,14,0.1422312,-0.03276038,0.3835453,0.239,-0.08831209,0.3404917,75,0,0.1195985,9.5,0,0,0,0,0,0.1195985,119.5985,0,0,0,0,0,0,0,0,0,0,0,0
2.189705,Movement,70,14,0.1422312,-0.03276038,0.3835453,0.239,-0.08831209,0.3404917,75,0,0.1195985,9.5,0,0,0,0,0,0.1195985,119.5985,0,0,0,0,0,0,0,0,0,0,0,0
2.193062,Movement,70,14,0.1422312,-0.03276038,0.3835453,0.239,-0.08831209,0.3404917,75,0,0.1195985,9.5,0,0,0,0,0,0.1195985,119.5985,0,0,0,0,0,0,0,0,0,0,0,0
2.196266,Movement,70,14,0.1422312,-0.03276038,0.3835453,0.239,-0.08831209,0.3404917,75,0,0.1195985,9.5,0,0,0,0,0,0.1195985,119.5985,0,0,0,0,0,0,0,0,0,0,0,0
2.200462,Movement,70,14,0.1422312,-0.03276038,0.3835453,0.239,-0.08831209,0.3404917,75,0,0.1195985,9.5,0,0,0,0,0,0.1195985,119.5985,0,0,0,0,0,0,0,0,0,0,0,0
2.20385,Movement,70,14,0.1422312,-0.03276038,0.3835453,0.239,-0.08831209,0.3404917,75,0,0.1195985,9.5,0,0,0,0,0,0.1195985,119.5985,0,0,0,0,0,0,0,0,0,0,0,0
2.207512,Movement,70,14,0.1422312,-0.03276038,0.3835453,0.239,-0.08831209,0.3404917,75,0,0.1195985,9.5,0,0,0,0,0,0.1195985,119.5985,0,0,0,0,0,0,0,0,0,0,0,0
2.21093,Movement,70,14,0.1422312,-0.03276038,0.3835453,0.239,-0.08831209,0.3404917,75,0,0.1195985,9.5,0,0,0,0,0,0.1195985,119.5985,0,0,0,0,0,0,0,0,0,0,0,0
2.214851,Movement,70,14,0.1422312,-0.03276038,0.3835453,0.239,-0.08831209,0.3404917,75,0,0.1195985,9.5,0,0,0,0,0,0.1195985,119.5985,0,0,0,0,0,0,0,0,0,0,0,0
2.218407,Movement,70,14,0.1422312,-0.03276038,0.3835453,0.239,-0.08831209,0.3404917,75,0,0.1195985,9.5,0,0,0,0,0,0.1195985,119.5985,0,0,0,0,0,0,0,0,0,0,0,0
2.221565,Movement,70,14,0.1422312,-0.03276038,0.3835453,0.239,-0.08831209,0.3404917,75,0,0.1195985,9.5,0,0,0,0,0,0.1195985,119.5985,0,0,0,0,0,0,0,0,0,0,0,0
2.226051,Movement,70,14,0.1422312,-0.03276038,0.3835453,0.239,-0.08831209,0.3404917,75,0,0.1195985,9.5,0,0,0,0,0,0.1195985,119.5985,0,0,0,0,0,0,0,0,0,0,0,0
2.229256,Movement,70,14,0.1422312,-0.03276038,0.3835453,0.239,-0.08831209,0.3404917,75,0,0.1195985,9.5,0,0,0,0,0,0.1195985,119.5985,0,0,0,0,0,0,0,0,0,0,0,0
2.232597,Movement,70,14,0.1422312,-0.03276038,0.3835453,0.239,-0.08831209,0.3404917,75,0,0.1195985,9.5,0,0,0,0,0,0.1195985,119.5985,0,0,0,0,0,0,0,0,0,0,0,0
2.235695,Movement,70,14,0.1422312,-0.03276038,0.3835453,0.239,-0.08831209,0.3404917,75,0,0.1195985,9.5,0,0,0,0,0,0.1195985,119.5985,0,0,0,0,0,0,0,0,0,0,0,0
2.239677,Movement,70,14,0.1422312,-0.03276038,0.3835453,0.239,-0.08831209,0.3404917,75,0,0.1195985,9.5,0,0,0,0,0,0.1195985,119.5985,0,0,0,0,0,0,0,0,0,0,0,0
2.24366,Movement,70,14,0.1422312,-0.03276038,0.3835453,0.239,-0.08831209,0.3404917,75,0,0.1195985,9.5,0,0,0,0,0,0.1195985,119.5985,0,0,0,0,0,0,0,0,0,0,0,0
2.247093,Movement,70,14,0.1422312,-0.03276038,0.3835453,0.239,-0.08831209,0.3404917,75,0,0.1195985,9.5,0,0,0,0,0,0.1195985,119.5985,0,0,0,0,0,0,0,0,0,0,0,0
2.250496,Movement,70,14,0.1422312,-0.03276038,0.3835453,0.239,-0.08831209,0.3404917,75,0,0.1195985,9.5,0,0,0,0,0,0.1195985,119.5985,0,0,0,0,0,0,0,0,0,0,0,0
2.253487,Movement,70,14,0.1422312,-0.03276038,0.3835453,0.239,-0.08831209,0.3404917,75,0,0.1195985,9.5,0,0,0,0,0,0.1195985,119.5985,0,0,0,0,0,0,0,0,0,0,0,0
2.257027,Movement,70,14,0.1422312,-0.03276038,0.3835453,0.239,-0.08831209,0.3404917,75,0,0.1195985,9.5,0,0,0,0,0,0.1195985,119.5985,0,0,0,0,0,0,0,0,0,0,0,0
2.260674,Movement,70,14,0.1422312,-0.03276038,0.3835453,0.239,-0.08831209,0.3404917,75,0,0.1195985,9.5,0,0,0,0,0,0.1195985,119.5985,0,0,0,0,0,0,0,0,0,0,0,0
2.264458,Movement,70,14,0.1422312,-0.03276038,0.3835453,0.239,-0.08831209,0.3404917,75,0,0.1195985,9.5,0,0,0,0,0,0.1195985,119.5985,0,0,0,0,0,0,0,0,0,0,0,0
2.267662,Movement,70,14,0.1422312,-0.03276038,0.3835453,0.239,-0.08831209,0.3404917,75,0,0.1195985,9.5,0,0,0,0,0,0.1195985,119.5985,0,0,0,0,0,0,0,0,0,0,0,0
2.270943,Movement,70,14,0.1422312,-0.03276038,0.3835453,0.239,-0.08831209,0.3404917,75,0,0.1195985,9.5,0,0,0,0,0,0.1195985,119.5985,0,0,0,0,0,0,0,0,0,0,0,0
2.274986,Movement,70,14,0.1422312,-0.03276038,0.3835453,0.239,-0.08831209,0.3404917,75,0,0.1195985,9.5,0,0,0,0,0,0.1195985,119.5985,0,0,0,0,0,0,0,0,0,0,0,0
2.278694,Movement,70,14,0.1422312,-0.03276038,0.3835453,0.239,-0.08831209,0.3404917,75,0,0.1195985,9.5,0,0,0,0,0,0.1195985,119.5985,0,0,0,0,0,0,0,0,0,0,0,0
2.282585,Movement,70,14,0.1422312,-0.03276038,0.3835453,0.239,-0.08831209,0.3404917,75,0,0.1195985,9.5,0,0,0,0,0,0.1195985,119.5985,0,0,0,0,0,0,0,0,0,0,0,0
2.285973,Movement,70,14,0.1422312,-0.03276038,0.3835453,0.239,-0.08831209,0.3404917,75,0,0.1195985,9.5,0,0,0,0,0,0.1195985,119.5985,0,0,0,0,0,0,0,0,0,0,0,0
2.289558,Movement,70,14,0.1422312,-0.03276038,0.3835453,0.239,-0.08831209,0.3404917,75,0,0.1195985,9.5,0,0,0,0,0,0.1195985,119.5985,0,0,0,0,0,0,0,0,0,0,0,0
2.293251,Movement,70,14,0.1422312,-0.03276038,0.3835453,0.239,-0.08831209,0.3404917,75,0,0.1195985,9.5,0,0,0,0,0,0.1195985,119.5985,0,0,0,0,0,0,0,0,0,0,0,0
2.296349,Movement,70,14,0.1422312,-0.03276038,0.3835453,0.239,-0.08831209,0.3404917,75,0,0.1195985,9.5,0,0,0,0,0,0.1195985,119.5985,0,0,0,0,0,0,0,0,0,0,0,0
2.299721,Movement,70,14,0.1422312,-0.03276038,0.3835453,0.239,-0.08831209,0.3404917,75,0,0.1195985,9.5,0,0,0,0,0,0.1195985,119.5985,0,0,0,0,0,0,0,0,0,0,0,0
2.303108,Movement,70,14,0.1422312,-0.03276038,0.3835453,0.239,-0.08831209,0.3404917,75,0,0.1195985,9.5,0,0,0,0,0,0.1195985,119.5985,0,0,0,0,0,0,0,0,0,0,0,0
2.307076,Movement,70,14,0.1422312,-0.03276038,0.3835453,0.239,-0.08831209,0.3404917,75,0,0.1195985,9.5,0,0,0,0,0,0.1195985,119.5985,0,0,0,0,0,0,0,0,0,0,0,0
2.310616,Movement,70,14,0.1422312,-0.03276038,0.3835453,0.239,-0.08831209,0.3404917,75,0,0.1195985,9.5,0,0,0,0,0,0.1195985,119.5985,0,0,0,0,0,0,0,0,0,0,0,0
2.31385,Movement,70,14,0.1422312,-0.03276038,0.3835453,0.239,-0.08831209,0.3404917,75,0,0.1195985,9.5,0,0,0,0,0,0.1195985,119.5985,0,0,0,0,0,0,0,0,0,0,0,0
2.316963,Movement,70,14,0.1422312,-0.03276038,0.3835453,0.239,-0.08831209,0.3404917,75,0,0.1195985,9.5,0,0,0,0,0,0.1195985,119.5985,0,0,0,0,0,0,0,0,0,0,0,0
2.320244,Movement,70,14,0.1422312,-0.03276038,0.3835453,0.239,-0.08831209,0.3404917,75,0,0.1195985,9.5,0,0,0,0,0,0.1195985,119.5985,0,0,0,0,0,0,0,0,0,0,0,0
2.324669,Movement,70,14,0.1422312,-0.03276038,0.3835453,0.239,-0.08831209,0.3404917,75,0,0.1195985,9.5,0,0,0,0,0,0.1195985,119.5985,0,0,0,0,0,0,0,0,0,0,0,0
2.328102,Movement,70,14,0.1422312,-0.03276038,0.3835453,0.239,-0.08831209,0.3404917,75,0,0.1195985,9.5,0,0,0,0,0,0.1195985,119.5985,0,0,0,0,0,0,0,0,0,0,0,0
2.331886,Movement,70,14,0.1422312,-0.03276038,0.3835453,0.239,-0.08831209,0.3404917,75,0,0.1195985,9.5,0,0,0,0,0,0.1195985,119.5985,0,0,0,0,0,0,0,0,0,0,0,0
2.335167,Movement,70,14,0.1422312,-0.03276038,0.3835453,0.239,-0.08831209,0.3404917,75,0,0.1195985,9.5,0,0,0,0,0,0.1195985,119.5985,0,0,0,0,0,0,0,0,0,0,0,0
2.338997,Movement,70,14,0.1422312,-0.03276038,0.3835453,0.239,-0.08831209,0.3404917,75,0,0.1195985,9.5,0,0,0,0,0,0.1195985,119.5985,0,0,0,0,0,0,0,0,0,0,0,0
2.342995,Movement,70,14,0.1422312,-0.03276038,0.3835453,0.239,-0.08831209,0.3404917,75,0,0.1195985,9.5,0,0,0,0,0,0.1195985,119.5985,0,0,0,0,0,0,0,0,0,0,0,0
2.34687,Movement,70,14,0.1422312,-0.03276038,0.3835453,0.239,-0.08831209,0.3404917,75,0,0.1195985,9.5,0,0,0,0,0,0.1195985,119.5985,0,0,0,0,0,0,0,0,0,0,0,0
2.350258,Movement,70,14,0.1422312,-0.03276038,0.3835453,0.239,-0.08831209,0.3404917,75,0,0.1195985,9.5,0,0,0,0,0,0.1195985,119.5985,0,0,0,0,0,0,0,0,0,0,0,0
2.353859,Movement,70,14,0.1422312,-0.03276038,0.3835453,0.239,-0.08831209,0.3404917,75,0,0.1195985,9.5,0,0,0,0,0,0.1195985,119.5985,0,0,0,0,0,0,0,0,0,0,0,0
2.357735,Movement,70,14,0.1422312,-0.03276038,0.3835453,0.239,-0.08831209,0.3404917,75,0,0.1195985,9.5,0,0,0,0,0,0.1195985,119.5985,0,0,0,0,0,0,0,0,0,0,0,0
2.361031,Movement,70,14,0.1422312,-0.03276038,0.3835453,0.239,-0.08831209,0.3404917,75,0,0.1195985,9.5,0,0,0,0,0,0.1195985,119.5985,0,0,0,0,0,0,0,0,0,0,0,0
2.364632,Movement,70,14,0.1422312,-0.03276038,0.3835453,0.239,-0.08831209,0.3404917,75,0,0.1195985,9.5,0,0,0,0,0,0.1195985,119.5985,0,0,0,0,0,0,0,0,0,0,0,0
2.367851,Movement,70,14,0.1422312,-0.03276038,0.3835453,0.239,-0.08831209,0.3404917,75,0,0.1195985,9.5,0,0,0,0,0,0.1195985,119.5985,0,0,0,0,0,0,0,0,0,0,0,0
2.371513,Movement,70,14,0.1422312,-0.03276038,0.3835453,0.239,-0.08831209,0.3404917,75,0,0.1195985,9.5,0,0,0,0,0,0.1195985,119.5985,0,0,0,0,0,0,0,0,0,0,0,0
2.375359,Movement,70,14,0.1422312,-0.03276038,0.3835453,0.239,-0.08831209,0.3404917,75,0,0.1195985,9.5,0,0,0,0,0,0.1195985,119.5985,0,0,0,0,0,0,0,0,0,0,0,0
2.378502,Movement,70,14,0.1422312,-0.03276038,0.3835453,0.239,-0.08831209,0.3404917,75,0,0.1195985,9.5,0,0,0,0,0,0.1195985,119.5985,0,0,0,0,0,0,0,0,0,0,0,0
2.381966,Movement,70,14,0.1422312,-0.03276038,0.3835453,0.239,-0.08831209,0.3404917,75,0,0.1195985,9.5,0,0,0,0,0,0.1195985,119.5985,0,0,0,0,0,0,0,0,0,0,0,0
2.385674,Movement,70,14,0.1422312,-0.03276038,0.3835453,0.239,-0.08831209,0.3404917,75,0,0.1195985,9.5,0,0,0,0,0,0.1195985,119.5985,0,0,0,0,0,0,0,0,0,0,0,0
2.390083,Movement,70,14,0.1422312,-0.03276038,0.3835453,0.239,-0.08831209,0.3404917,75,0,0.1195985,9.5,0,0,0,0,0,0.1195985,119.5985,0,0,0,0,0,0,0,0,0,0,0,0
2.393623,Movement,70,14,0.1422312,-0.03276038,0.3835453,0.239,-0.08831209,0.3404917,75,0,0.1195985,9.5,0,0,0,0,0,0.1195985,119.5985,0,0,0,0,0,0,0,0,0,0,0,0
2.396706,Movement,70,14,0.1422312,-0.03276038,0.3835453,0.239,-0.08831209,0.3404917,75,0,0.1195985,9.5,0,0,0,0,0,0.1195985,119.5985,0,0,0,0,0,0,0,0,0,0,0,0
2.399986,Movement,70,14,0.1422312,-0.03276038,0.3835453,0.239,-0.08831209,0.3404917,75,0,0.1195985,9.5,0,0,0,0,0,0.1195985,119.5985,0,0,0,0,0,0,0,0,0,0,0,0
2.403801,Movement,70,14,0.1422312,-0.03276038,0.3835453,0.239,-0.08831209,0.3404917,75,0,0.1195985,9.5,0,0,0,0,0,0.1195985,119.5985,0,0,0,0,0,0,0,0,0,0,0,0
2.407692,Movement,70,14,0.1422312,-0.03276038,0.3835453,0.239,-0.08831209,0.3404917,75,0,0.1195985,9.5,0,0,0,0,0,0.1195985,119.5985,0,0,0,0,0,0,0,0,0,0,0,0
2.410988,Movement,70,14,0.1422312,-0.03276038,0.3835453,0.239,-0.08831209,0.3404917,75,0,0.1195985,9.5,0,0,0,0,0,0.1195985,119.5985,0,0,0,0,0,0,0,0,0,0,0,0
2.414574,Movement,70,14,0.1422312,-0.03276038,0.3835453,0.239,-0.08831209,0.3404917,75,0,0.1195985,9.5,0,0,0,0,0,0.1195985,119.5985,0,0,0,0,0,0,0,0,0,0,0,0
2.417946,Movement,70,14,0.1422312,-0.03276038,0.3835453,0.239,-0.08831209,0.3404917,75,0,0.1195985,9.5,0,0,0,0,0,0.1195985,119.5985,0,0,0,0,0,0,0,0,0,0,0,0
2.421272,Movement,70,14,0.1422312,-0.03276038,0.3835453,0.239,-0.08831209,0.3404917,75,0,0.1195985,9.5,0,0,0,0,0,0.1195985,119.5985,0,0,0,0,0,0,0,0,0,0,0,0
2.425377,Movement,70,14,0.1422312,-0.03276038,0.3835453,0.239,-0.08831209,0.3404917,75,0,0.1195985,9.5,0,0,0,0,0,0.1195985,119.5985,0,0,0,0,0,0,0,0,0,0,0,0
2.428398,Movement,70,14,0.1422312,-0.03276038,0.3835453,0.239,-0.08831209,0.3404917,75,0,0.1195985,9.5,0,0,0,0,0,0.1195985,119.5985,0,0,0,0,0,0,0,0,0,0,0,0
2.43232,Movement,70,14,0.1422312,-0.03276038,0.3835453,0.239,-0.08831209,0.3404917,75,0,0.1195985,9.5,0,0,0,0,0,0.1195985,119.5985,0,0,0,0,0,0,0,0,0,0,0,0
2.435783,Movement,70,14,0.1422312,-0.03276038,0.3835453,0.239,-0.08831209,0.3404917,75,0,0.1195985,9.5,0,0,0,0,0,0.1195985,119.5985,0,0,0,0,0,0,0,0,0,0,0,0
2.439262,Movement,70,14,0.1422312,-0.03276038,0.3835453,0.239,-0.08831209,0.3404917,75,0,0.1195985,9.5,0,0,0,0,0,0.1195985,119.5985,0,0,0,0,0,0,0,0,0,0,0,0
2.442635,Movement,70,14,0.1422312,-0.03276038,0.3835453,0.239,-0.08831209,0.3404917,75,0,0.1195985,9.5,0,0,0,0,0,0.1195985,119.5985,0,0,0,0,0,0,0,0,0,0,0,0
2.446129,Movement,70,14,0.1422312,-0.03276038,0.3835453,0.239,-0.08831209,0.3404917,75,0,0.1195985,9.5,0,0,0,0,0,0.1195985,119.5985,0,0,0,0,0,0,0,0,0,0,0,0
2.449699,Movement,70,14,0.1422312,-0.03276038,0.3835453,0.239,-0.08831209,0.3404917,75,0,0.1195985,9.5,0,0,0,0,0,0.1195985,119.5985,0,0,0,0,0,0,0,0,0,0,0,0
2.453346,Movement,70,14,0.1422312,-0.03276038,0.3835453,0.239,-0.08831209,0.3404917,75,0,0.1195985,9.5,0,0,0,0,0,0.1195985,119.5985,0,0,0,0,0,0,0,0,0,0,0,0
2.456642,Movement,70,14,0.1422312,-0.03276038,0.3835453,0.239,-0.08831209,0.3404917,75,0,0.1195985,9.5,0,0,0,0,0,0.1195985,119.5985,0,0,0,0,0,0,0,0,0,0,0,0
2.459984,Movement,70,14,0.1422312,-0.03276038,0.3835453,0.239,-0.08831209,0.3404917,75,0,0.1195985,9.5,0,0,0,0,0,0.1195985,119.5985,0,0,0,0,0,0,0,0,0,0,0,0
2.463432,Movement,70,14,0.1422312,-0.03276038,0.3835453,0.239,-0.08831209,0.3404917,75,0,0.1195985,9.5,0,0,0,0,0,0.1195985,119.5985,0,0,0,0,0,0,0,0,0,0,0,0
2.467094,Movement,70,14,0.1422312,-0.03276038,0.3835453,0.239,-0.08831209,0.3404917,75,0,0.1195985,9.5,0,0,0,0,0,0.1195985,119.5985,0,0,0,0,0,0,0,0,0,0,0,0
2.470375,Movement,70,14,0.1422312,-0.03276038,0.3835453,0.239,-0.08831209,0.3404917,75,0,0.1195985,9.5,0,0,0,0,0,0.1195985,119.5985,0,0,0,0,0,0,0,0,0,0,0,0
2.474098,Movement,70,14,0.1422312,-0.03276038,0.3835453,0.239,-0.08831209,0.3404917,75,0,0.1195985,9.5,0,0,0,0,0,0.1195985,119.5985,0,0,0,0,0,0,0,0,0,0,0,0
2.477501,Movement,70,14,0.1422312,-0.03276038,0.3835453,0.239,-0.08831209,0.3404917,75,0,0.1195985,9.5,0,0,0,0,0,0.1195985,119.5985,0,0,0,0,0,0,0,0,0,0,0,0
2.481255,Movement,70,14,0.1422312,-0.03276038,0.3835453,0.239,-0.08831209,0.3404917,75,0,0.1195985,9.5,0,0,0,0,0,0.1195985,119.5985,0,0,0,0,0,0,0,0,0,0,0,0
2.485176,Movement,70,14,0.1422312,-0.03276038,0.3835453,0.239,-0.08831209,0.3404917,75,0,0.1195985,9.5,0,0,0,0,0,0.1195985,119.5985,0,0,0,0,0,0,0,0,0,0,0,0
2.488365,Movement,70,14,0.1422312,-0.03276038,0.3835453,0.239,-0.08831209,0.3404917,75,0,0.1195985,9.5,0,0,0,0,0,0.1195985,119.5985,0,0,0,0,0,0,0,0,0,0,0,0
2.492088,Movement,70,14,0.1422312,-0.03276038,0.3835453,0.239,-0.08831209,0.3404917,75,0,0.1195985,9.5,0,0,0,0,0,0.1195985,119.5985,0,0,0,0,0,0,0,0,0,0,0,0
2.495201,Movement,70,14,0.1422312,-0.03276038,0.3835453,0.239,-0.08831209,0.3404917,75,0,0.1195985,9.5,0,0,0,0,0,0.1195985,119.5985,0,0,0,0,0,0,0,0,0,0,0,0
2.499046,Movement,70,14,0.1422312,-0.03276038,0.3835453,0.239,-0.08831209,0.3404917,75,0,0.1195985,9.5,0,0,0,0,0,0.1195985,119.5985,0,0,0,0,0,0,0,0,0,0,0,0
2.502281,Movement,70,14,0.1422312,-0.03276038,0.3835453,0.239,-0.08831209,0.3404917,75,0,0.1195985,9.5,0,0,0,0,0,0.1195985,119.5985,0,0,0,0,0,0,0,0,0,0,0,0
2.506218,Movement,70,14,0.1422312,-0.03276038,0.3835453,0.239,-0.08831209,0.3404917,75,0,0.1195985,9.5,0,0,0,0,0,0.1195985,119.5985,0,0,0,0,0,0,0,0,0,0,0,0
2.512703,Movement,70,14,0.1422312,-0.03276038,0.3835453,0.239,-0.08831209,0.3404917,75,0,0.1195985,9.5,0,0,0,0,0,0.1195985,119.5985,0,0,0,0,0,0,0,0,0,0,0,0
2.516884,Movement,70,14,0.1422312,-0.03276038,0.3835453,0.239,-0.08831209,0.3404917,75,0,0.1195985,9.5,0,0,0,0,0,0.1195985,119.5985,0,0,0,0,0,0,0,0,0,0,0,0
2.520241,Movement,70,14,0.1422312,-0.03276038,0.3835453,0.239,-0.08831209,0.3404917,75,0,0.1195985,9.5,0,0,0,0,0,0.1195985,119.5985,0,0,0,0,0,0,0,0,0,0,0,0
2.524284,Movement,70,14,0.1422312,-0.03276038,0.3835453,0.239,-0.08831209,0.3404917,75,0,0.1195985,9.5,0,0,0,0,0,0.1195985,119.5985,0,0,0,0,0,0,0,0,0,0,0,0
2.527519,Movement,70,14,0.1422312,-0.03276038,0.3835453,0.239,-0.08831209,0.3404917,75,0,0.1195985,9.5,0,0,0,0,0,0.1195985,119.5985,0,0,0,0,0,0,0,0,0,0,0,0
2.531059,Movement,70,14,0.1422312,-0.03276038,0.3835453,0.239,-0.08831209,0.3404917,75,0,0.1195985,9.5,0,0,0,0,0,0.1195985,119.5985,0,0,0,0,0,0,0,0,0,0,0,0
2.534508,Movement,70,14,0.1422312,-0.03276038,0.3835453,0.239,-0.08831209,0.3404917,75,0,0.1195985,9.5,0,0,0,0,0,0.1195985,119.5985,0,0,0,0,0,0,0,0,0,0,0,0
2.537926,Movement,70,14,0.1422312,-0.03276038,0.3835453,0.239,-0.08831209,0.3404917,75,0,0.1195985,9.5,0,0,0,0,0,0.1195985,119.5985,0,0,0,0,0,0,0,0,0,0,0,0
2.541374,Movement,70,14,0.1422312,-0.03276038,0.3835453,0.239,-0.08831209,0.3404917,75,0,0.1195985,9.5,0,0,0,0,0,0.1195985,119.5985,0,0,0,0,0,0,0,0,0,0,0,0
2.545631,Movement,70,14,0.1422312,-0.03276038,0.3835453,0.239,-0.08831209,0.3404917,75,0,0.1195985,9.5,0,0,0,0,0,0.1195985,119.5985,0,0,0,0,0,0,0,0,0,0,0,0
2.549217,Movement,70,14,0.1422312,-0.03276038,0.3835453,0.239,-0.08831209,0.3404917,75,0,0.1195985,9.5,0,0,0,0,0,0.1195985,119.5985,0,0,0,0,0,0,0,0,0,0,0,0
2.553001,Movement,70,14,0.1422312,-0.03276038,0.3835453,0.239,-0.08831209,0.3404917,75,0,0.1195985,9.5,0,0,0,0,0,0.1195985,119.5985,0,0,0,0,0,0,0,0,0,0,0,0
2.556664,Movement,70,14,0.1422312,-0.03276038,0.3835453,0.239,-0.08831209,0.3404917,75,0,0.1195985,9.5,0,0,0,0,0,0.1195985,119.5985,0,0,0,0,0,0,0,0,0,0,0,0
2.55999,Movement,70,14,0.1422312,-0.03276038,0.3835453,0.239,-0.08831209,0.3404917,75,0,0.1195985,9.5,0,0,0,0,0,0.1195985,119.5985,0,0,0,0,0,0,0,0,0,0,0,0
2.564354,Movement,70,14,0.1422312,-0.03276038,0.3835453,0.239,-0.08831209,0.3404917,75,0,0.1195985,9.5,0,0,0,0,0,0.1195985,119.5985,0,0,0,0,0,0,0,0,0,0,0,0
2.568703,Movement,70,14,0.1422312,-0.03276038,0.3835453,0.239,-0.08831209,0.3404917,75,0,0.1195985,9.5,0,0,0,0,0,0.1195985,119.5985,0,0,0,0,0,0,0,0,0,0,0,0
2.572273,Movement,70,14,0.1422312,-0.03276038,0.3835453,0.239,-0.08831209,0.3404917,75,0,0.1195985,9.5,0,0,0,0,0,0.1195985,119.5985,0,0,0,0,0,0,0,0,0,0,0,0
2.5756,Movement,70,14,0.1422312,-0.03276038,0.3835453,0.239,-0.08831209,0.3404917,75,0,0.1195985,9.5,0,0,0,0,0,0.1195985,119.5985,0,0,0,0,0,0,0,0,0,0,0,0
2.579094,Movement,70,14,0.1422312,-0.03276038,0.3835453,0.239,-0.08831209,0.3404917,75,0,0.1195985,9.5,0,0,0,0,0,0.1195985,119.5985,0,0,0,0,0,0,0,0,0,0,0,0
2.582832,Movement,70,14,0.1422312,-0.03276038,0.3835453,0.239,-0.08831209,0.3404917,75,0,0.1195985,9.5,0,0,0,0,0,0.1195985,119.5985,0,0,0,0,0,0,0,0,0,0,0,0
2.586479,Movement,70,14,0.1422312,-0.03276038,0.3835453,0.239,-0.08831209,0.3404917,75,0,0.1195985,9.5,0,0,0,0,0,0.1195985,119.5985,0,0,0,0,0,0,0,0,0,0,0,0
2.590096,Movement,70,14,0.1422312,-0.03276038,0.3835453,0.239,-0.08831209,0.3404917,75,0,0.1195985,9.5,0,0,0,0,0,0.1195985,119.5985,0,0,0,0,0,0,0,0,0,0,0,0
2.593513,Movement,70,14,0.1422312,-0.03276038,0.3835453,0.239,-0.08831209,0.3404917,75,0,0.1195985,9.5,0,0,0,0,0,0.1195985,119.5985,0,0,0,0,0,0,0,0,0,0,0,0
2.597542,Movement,70,14,0.1422312,-0.03276038,0.3835453,0.239,-0.08831209,0.3404917,75,0,0.1195985,9.5,0,0,0,0,0,0.1195985,119.5985,0,0,0,0,0,0,0,0,0,0,0,0
2.60128,Movement,70,14,0.1422312,-0.03276038,0.3835453,0.239,-0.08831209,0.3404917,75,0,0.1195985,9.5,0,0,0,0,0,0.1195985,119.5985,0,0,0,0,0,0,0,0,0,0,0,0
2.605064,Movement,70,14,0.1422312,-0.03276038,0.3835453,0.239,-0.08831209,0.3404917,75,0,0.1195985,9.5,0,0,0,0,0,0.1195985,119.5985,0,0,0,0,0,0,0,0,0,0,0,0
2.60862,Movement,70,14,0.1422312,-0.03276038,0.3835453,0.239,-0.08831209,0.3404917,75,0,0.1195985,9.5,0,0,0,0,0,0.1195985,119.5985,0,0,0,0,0,0,0,0,0,0,0,0
2.612083,Movement,70,14,0.1422312,-0.03276038,0.3835453,0.239,-0.08831209,0.3404917,75,0,0.1195985,9.5,0,0,0,0,0,0.1195985,119.5985,0,0,0,0,0,0,0,0,0,0,0,0
2.616264,Movement,70,14,0.1422312,-0.03276038,0.3835453,0.239,-0.08831209,0.3404917,75,0,0.1195985,9.5,0,0,0,0,0,0.1195985,119.5985,0,0,0,0,0,0,0,0,0,0,0,0
2.619621,Movement,70,14,0.1422312,-0.03276038,0.3835453,0.239,-0.08831209,0.3404917,75,0,0.1195985,9.5,0,0,0,0,0,0.1195985,119.5985,0,0,0,0,0,0,0,0,0,0,0,0
2.623146,Movement,70,14,0.1422312,-0.03276038,0.3835453,0.239,-0.08831209,0.3404917,75,0,0.1195985,9.5,0,0,0,0,0,0.1195985,119.5985,0,0,0,0,0,0,0,0,0,0,0,0
2.627312,Movement,70,14,0.1422312,-0.03276038,0.3835453,0.239,-0.08831209,0.3404917,75,0,0.1195985,9.5,0,0,0,0,0,0.1195985,119.5985,0,0,0,0,0,0,0,0,0,0,0,0
2.631676,Movement,70,14,0.1422312,-0.03276038,0.3835453,0.239,-0.08831209,0.3404917,75,0,0.1195985,9.5,0,0,0,0,0,0.1195985,119.5985,0,0,0,0,0,0,0,0,0,0,0,0
2.635292,Movement,70,14,0.1422312,-0.03276038,0.3835453,0.239,-0.08831209,0.3404917,75,0,0.1195985,9.5,0,0,0,0,0,0.1195985,119.5985,0,0,0,0,0,0,0,0,0,0,0,0
2.639153,Movement,70,14,0.1422312,-0.03276038,0.3835453,0.239,-0.08831209,0.3404917,75,0,0.1195985,9.5,0,0,0,0,0,0.1195985,119.5985,0,0,0,0,0,0,0,0,0,0,0,0
2.643089,Movement,70,14,0.1422312,-0.03276038,0.3835453,0.239,-0.08831209,0.3404917,75,0,0.1195985,9.5,0,0,0,0,0,0.1195985,119.5985,0,0,0,0,0,0,0,0,0,0,0,0
2.64724,Movement,70,14,0.1422312,-0.03276038,0.3835453,0.239,-0.08831209,0.3404917,75,0,0.1195985,9.5,0,0,0,0,0,0.1195985,119.5985,0,0,0,0,0,0,0,0,0,0,0,0
2.651146,Movement,70,14,0.1422312,-0.03276038,0.3835453,0.239,-0.08831209,0.3404917,75,0,0.1195985,9.5,0,0,0,0,0,0.1195985,119.5985,0,0,0,0,0,0,0,0,0,0,0,0
2.654655,Movement,70,14,0.1422312,-0.03276038,0.3835453,0.239,-0.08831209,0.3404917,75,0,0.1195985,9.5,0,0,0,0,0,0.1195985,119.5985,0,0,0,0,0,0,0,0,0,0,0,0
2.659004,Movement,70,14,0.1422312,-0.03276038,0.3835453,0.239,-0.08831209,0.3404917,75,0,0.1195985,9.5,0,0,0,0,0,0.1195985,119.5985,0,0,0,0,0,0,0,0,0,0,0,0
2.66227,Movement,70,14,0.1422312,-0.03276038,0.3835453,0.239,-0.08831209,0.3404917,75,0,0.1195985,9.5,0,0,0,0,0,0.1195985,119.5985,0,0,0,0,0,0,0,0,0,0,0,0
2.666756,Movement,70,14,0.1422312,-0.03276038,0.3835453,0.239,-0.08831209,0.3404917,75,0,0.1195985,9.5,0,0,0,0,0,0.1195985,119.5985,0,0,0,0,0,0,0,0,0,0,0,0
2.670692,Movement,70,14,0.1422312,-0.03276038,0.3835453,0.239,-0.08831209,0.3404917,75,0,0.1195985,9.5,0,0,0,0,0,0.1195985,119.5985,0,0,0,0,0,0,0,0,0,0,0,0
2.675011,Movement,70,14,0.1422312,-0.03276038,0.3835453,0.239,-0.08831209,0.3404917,75,0,0.1195985,9.5,0,0,0,0,0,0.1195985,119.5985,0,0,0,0,0,0,0,0,0,0,0,0
2.678841,Movement,70,14,0.1422312,-0.03276038,0.3835453,0.239,-0.08831209,0.3404917,75,0,0.1195985,9.5,0,0,0,0,0,0.1195985,119.5985,0,0,0,0,0,0,0,0,0,0,0,0
2.682945,Movement,70,14,0.1422312,-0.03276038,0.3835453,0.239,-0.08831209,0.3404917,75,0,0.1195985,9.5,0,0,0,0,0,0.1195985,119.5985,0,0,0,0,0,0,0,0,0,0,0,0
2.694908,Movement,70,14,0.1422312,-0.03276038,0.3835453,0.239,-0.08831209,0.3404917,75,0,0.1195985,9.5,0,0,0,0,0,0.1195985,119.5985,0,0,0,0,0,0,0,0,0,0,0,0
2.698738,Movement,70,14,0.1422312,-0.03276038,0.3835453,0.239,-0.08831209,0.3404917,75,0,0.1195985,9.5,0,0,0,0,0,0.1195985,119.5985,0,0,0,0,0,0,0,0,0,0,0,0
2.703682,Movement,70,14,0.1422312,-0.03276038,0.3835453,0.239,-0.08831209,0.3404917,75,0,0.1195985,9.5,0,0,0,0,0,0.1195985,119.5985,0,0,0,0,0,0,0,0,0,0,0,0
2.710304,Movement,70,14,0.1422312,-0.03276038,0.3835453,0.239,-0.08831209,0.3404917,75,0,0.1195985,9.5,0,0,0,0,0,0.1195985,119.5985,0,0,0,0,0,0,0,0,0,0,0,0
2.71627,Movement,70,14,0.1422312,-0.03276038,0.3835453,0.239,-0.08831209,0.3404917,75,0,0.1195985,9.5,0,0,0,0,0,0.1195985,119.5985,0,0,0,0,0,0,0,0,0,0,0,0
2.724266,Movement,70,14,0.1422312,-0.03276038,0.3835453,0.239,-0.08831209,0.3404917,75,0,0.1195985,9.5,0,0,0,0,0,0.1195985,119.5985,0,0,0,0,0,0,0,0,0,0,0,0
2.729454,Movement,70,14,0.1422312,-0.03276038,0.3835453,0.239,-0.08831209,0.3404917,75,0,0.1195985,9.5,0,0,0,0,0,0.1195985,119.5985,0,0,0,0,0,0,0,0,0,0,0,0
2.734383,Movement,70,14,0.1422312,-0.03276038,0.3835453,0.239,-0.08831209,0.3404917,75,0,0.1195985,9.5,0,0,0,0,0,0.1195985,119.5985,0,0,0,0,0,0,0,0,0,0,0,0
2.739189,Movement,70,14,0.1422312,-0.03276038,0.3835453,0.239,-0.08831209,0.3404917,75,0,0.1195985,9.5,0,0,0,0,0,0.1195985,119.5985,0,0,0,0,0,0,0,0,0,0,0,0
2.743843,Movement,70,14,0.1422312,-0.03276038,0.3835453,0.239,-0.08831209,0.3404917,75,0,0.1195985,9.5,0,0,0,0,0,0.1195985,119.5985,0,0,0,0,0,0,0,0,0,0,0,0
2.749931,Movement,70,14,0.1422312,-0.03276038,0.3835453,0.239,-0.08831209,0.3404917,75,0,0.1195985,9.5,0,0,0,0,0,0.1195985,119.5985,0,0,0,0,0,0,0,0,0,0,0,0
2.754906,Movement,70,14,0.1422312,-0.03276038,0.3835453,0.239,-0.08831209,0.3404917,75,0,0.1195985,9.5,0,0,0,0,0,0.1195985,119.5985,0,0,0,0,0,0,0,0,0,0,0,0
2.759789,Movement,70,14,0.1422312,-0.03276038,0.3835453,0.239,-0.08831209,0.3404917,75,0,0.1195985,9.5,0,0,0,0,0,0.1195985,119.5985,0,0,0,0,0,0,0,0,0,0,0,0
2.766975,Movement,70,14,0.1422312,-0.03276038,0.3835453,0.239,-0.08831209,0.3404917,75,0,0.1195985,9.5,0,0,0,0,0,0.1195985,119.5985,0,0,0,0,0,0,0,0,0,0,0,0
2.775169,Movement,70,14,0.1422312,-0.03276038,0.3835453,0.239,-0.08831209,0.3404917,75,0,0.1195985,9.5,0,0,0,0,0,0.1195985,119.5985,0,0,0,0,0,0,0,0,0,0,0,0
2.778954,Movement,70,14,0.1422312,-0.03276038,0.3835453,0.239,-0.08831209,0.3404917,75,0,0.1195985,9.5,0,0,0,0,0,0.1195985,119.5985,0,0,0,0,0,0,0,0,0,0,0,0
2.785027,Movement,70,14,0.1422312,-0.03276038,0.3835453,0.239,-0.08831209,0.3404917,75,0,0.1195985,9.5,0,0,0,0,0,0.1195985,119.5985,0,0,0,0,0,0,0,0,0,0,0,0
2.791313,Movement,70,14,0.1422312,-0.03276038,0.3835453,0.239,-0.08831209,0.3404917,75,0,0.1195985,9.5,0,0,0,0,0,0.1195985,119.5985,0,0,0,0,0,0,0,0,0,0,0,0
2.795387,Movement,70,14,0.1422312,-0.03276038,0.3835453,0.239,-0.08831209,0.3404917,75,0,0.1195985,9.5,0,0,0,0,0,0.1195985,119.5985,0,0,0,0,0,0,0,0,0,0,0,0
2.800926,Movement,70,14,0.1422312,-0.03276038,0.3835453,0.239,-0.08831209,0.3404917,75,0,0.1195985,9.5,0,0,0,0,0,0.1195985,119.5985,0,0,0,0,0,0,0,0,0,0,0,0
2.80529,Movement,70,14,0.1422312,-0.03276038,0.3835453,0.239,-0.08831209,0.3404917,75,0,0.1195985,9.5,0,0,0,0,0,0.1195985,119.5985,0,0,0,0,0,0,0,0,0,0,0,0
2.811302,Movement,70,14,0.1422312,-0.03276038,0.3835453,0.239,-0.08831209,0.3404917,75,0,0.1195985,9.5,0,0,0,0,0,0.1195985,119.5985,0,0,0,0,0,0,0,0,0,0,0,0
2.816338,Movement,70,14,0.1422312,-0.03276038,0.3835453,0.239,-0.08831209,0.3404917,75,0,0.1195985,9.5,0,0,0,0,0,0.1195985,119.5985,0,0,0,0,0,0,0,0,0,0,0,0
2.820305,Movement,70,14,0.1422312,-0.03276038,0.3835453,0.239,-0.08831209,0.3404917,75,0,0.1195985,9.5,0,0,0,0,0,0.1195985,119.5985,0,0,0,0,0,0,0,0,0,0,0,0
2.824959,Movement,70,14,0.1422312,-0.03276038,0.3835453,0.239,-0.08831209,0.3404917,75,0,0.1195985,9.5,0,0,0,0,0,0.1195985,119.5985,0,0,0,0,0,0,0,0,0,0,0,0
2.829826,Movement,70,14,0.1422312,-0.03276038,0.3835453,0.239,-0.08831209,0.3404917,75,0,0.1195985,9.5,0,0,0,0,0,0.1195985,119.5985,0,0,0,0,0,0,0,0,0,0,0,0
2.837349,Movement,70,14,0.1422312,-0.03276038,0.3835453,0.239,-0.08831209,0.3404917,75,0,0.1195985,9.5,0,0,0,0,0,0.1195985,119.5985,0,0,0,0,0,0,0,0,0,0,0,0
2.843544,Movement,70,14,0.1422312,-0.03276038,0.3835453,0.239,-0.08831209,0.3404917,75,0,0.1195985,9.5,0,0,0,0,0,0.1195985,119.5985,0,0,0,0,0,0,0,0,0,0,0,0
2.848228,Movement,70,14,0.1422312,-0.03276038,0.3835453,0.239,-0.08831209,0.3404917,75,0,0.1195985,9.5,0,0,0,0,0,0.1195985,119.5985,0,0,0,0,0,0,0,0,0,0,0,0
2.851997,Movement,70,14,0.1422312,-0.03276038,0.3835453,0.239,-0.08831209,0.3404917,75,0,0.1195985,9.5,0,0,0,0,0,0.1195985,119.5985,0,0,0,0,0,0,0,0,0,0,0,0
2.856895,Movement,70,14,0.1422312,-0.03276038,0.3835453,0.239,-0.08831209,0.3404917,75,0,0.1195985,9.5,0,0,0,0,0,0.1195985,119.5985,0,0,0,0,0,0,0,0,0,0,0,0
2.863182,Movement,70,14,0.1422312,-0.03276038,0.3835453,0.239,-0.08831209,0.3404917,75,0,0.1195985,9.5,0,0,0,0,0,0.1195985,119.5985,0,0,0,0,0,0,0,0,0,0,0,0
2.868401,Movement,70,14,0.1422312,-0.03276038,0.3835453,0.239,-0.08831209,0.3404917,75,0,0.1195985,9.5,0,0,0,0,0,0.1195985,119.5985,0,0,0,0,0,0,0,0,0,0,0,0
2.875755,Movement,70,14,0.1422312,-0.03276038,0.3835453,0.239,-0.08831209,0.3404917,75,0,0.1195985,9.5,0,0,0,0,0,0.1195985,119.5985,0,0,0,0,0,0,0,0,0,0,0,0
2.880821,Movement,70,14,0.1422312,-0.03276038,0.3835453,0.239,-0.08831209,0.3404917,75,0,0.1195985,9.5,0,0,0,0,0,0.1195985,119.5985,0,0,0,0,0,0,0,0,0,0,0,0
2.886803,Movement,70,14,0.1422312,-0.03276038,0.3835453,0.239,-0.08831209,0.3404917,75,0,0.1195985,9.5,0,0,0,0,0,0.1195985,119.5985,0,0,0,0,0,0,0,0,0,0,0,0
2.892708,Movement,70,14,0.1422312,-0.03276038,0.3835453,0.239,-0.08831209,0.3404917,75,0,0.1195985,9.5,0,0,0,0,0,0.1195985,119.5985,0,0,0,0,0,0,0,0,0,0,0,0
2.899818,Movement,70,14,0.1422312,-0.03276038,0.3835453,0.239,-0.08831209,0.3404917,75,0,0.1195985,9.5,0,0,0,0,0,0.1195985,119.5985,0,0,0,0,0,0,0,0,0,0,0,0
2.903969,Movement,70,14,0.1422312,-0.03276038,0.3835453,0.239,-0.08831209,0.3404917,75,0,0.1195985,9.5,0,0,0,0,0,0.1195985,119.5985,0,0,0,0,0,0,0,0,0,0,0,0
2.910118,Movement,70,14,0.1422312,-0.03276038,0.3835453,0.239,-0.08831209,0.3404917,75,0,0.1195985,9.5,0,0,0,0,0,0.1195985,119.5985,0,0,0,0,0,0,0,0,0,0,0,0
2.914986,Movement,70,14,0.1422312,-0.03276038,0.3835453,0.239,-0.08831209,0.3404917,75,0,0.1195985,9.5,0,0,0,0,0,0.1195985,119.5985,0,0,0,0,0,0,0,0,0,0,0,0
2.919029,Movement,70,14,0.1422312,-0.03276038,0.3835453,0.239,-0.08831209,0.3404917,75,0,0.1195985,9.5,0,0,0,0,0,0.1195985,119.5985,0,0,0,0,0,0,0,0,0,0,0,0
2.924324,Movement,70,14,0.1422312,-0.03276038,0.3835453,0.239,-0.08831209,0.3404917,75,0,0.1195985,9.5,0,0,0,0,0,0.1195985,119.5985,0,0,0,0,0,0,0,0,0,0,0,0
2.929543,Movement,70,14,0.1422312,-0.03276038,0.3835453,0.239,-0.08831209,0.3404917,75,0,0.1195985,9.5,0,0,0,0,0,0.1195985,119.5985,0,0,0,0,0,0,0,0,0,0,0,0
2.934258,Movement,70,14,0.1422312,-0.03276038,0.3835453,0.239,-0.08831209,0.3404917,75,0,0.1195985,9.5,0,0,0,0,0,0.1195985,119.5985,0,0,0,0,0,0,0,0,0,0,0,0
2.9403,Movement,70,14,0.1422312,-0.03276038,0.3835453,0.239,-0.08831209,0.3404917,75,0,0.1195985,9.5,0,0,0,0,0,0.1195985,119.5985,0,0,0,0,0,0,0,0,0,0,0,0
2.945152,Movement,70,14,0.1422312,-0.03276038,0.3835453,0.239,-0.08831209,0.3404917,75,0,0.1195985,9.5,0,0,0,0,0,0.1195985,119.5985,0,0,0,0,0,0,0,0,0,0,0,0
2.94976,Movement,70,14,0.1422312,-0.03276038,0.3835453,0.239,-0.08831209,0.3404917,75,0,0.1195985,9.5,0,0,0,0,0,0.1195985,119.5985,0,0,0,0,0,0,0,0,0,0,0,0
2.954964,Movement,70,14,0.1422312,-0.03276038,0.3835453,0.239,-0.08831209,0.3404917,75,0,0.1195985,9.5,0,0,0,0,0,0.1195985,119.5985,0,0,0,0,0,0,0,0,0,0,0,0
2.959969,Movement,70,14,0.1422312,-0.03276038,0.3835453,0.239,-0.08831209,0.3404917,75,0,0.1195985,9.5,0,0,0,0,0,0.1195985,119.5985,0,0,0,0,0,0,0,0,0,0,0,0
2.965904,Movement,70,14,0.1422312,-0.03276038,0.3835453,0.239,-0.08831209,0.3404917,75,0,0.1195985,9.5,0,0,0,0,0,0.1195985,119.5985,0,0,0,0,0,0,0,0,0,0,0,0
2.971428,Movement,70,14,0.1422312,-0.03276038,0.3835453,0.239,-0.08831209,0.3404917,75,0,0.1195985,9.5,0,0,0,0,0,0.1195985,119.5985,0,0,0,0,0,0,0,0,0,0,0,0
2.978249,Movement,70,14,0.1422312,-0.03276038,0.3835453,0.239,-0.08831209,0.3404917,75,0,0.1195985,9.5,0,0,0,0,0,0.1195985,119.5985,0,0,0,0,0,0,0,0,0,0,0,0
2.983772,Movement,70,14,0.1422312,-0.03276038,0.3835453,0.239,-0.08831209,0.3404917,75,0,0.1195985,9.5,0,0,0,0,0,0.1195985,119.5985,0,0,0,0,0,0,0,0,0,0,0,0
2.992393,Movement,70,14,0.1422312,-0.03276038,0.3835453,0.239,-0.08831209,0.3404917,75,0,0.1195985,9.5,0,0,0,0,0,0.1195985,119.5985,0,0,0,0,0,0,0,0,0,0,0,0
2.996101,Movement,70,14,0.1422312,-0.03276038,0.3835453,0.239,-0.08831209,0.3404917,75,0,0.1195985,9.5,0,0,0,0,0,0.1195985,119.5985,0,0,0,0,0,0,0,0,0,0,0,0
3.000496,Movement,70,14,0.1422312,-0.03276038,0.3835453,0.239,-0.08831209,0.3404917,75,0,0.1195985,9.5,0,0,0,0,0,0.1195985,119.5985,0,0,0,0,0,0,0,0,0,0,0,0
3.004585,Movement,70,14,0.1422312,-0.03276038,0.3835453,0.239,-0.08831209,0.3404917,75,0,0.1195985,9.5,0,0,0,0,0,0.1195985,119.5985,0,0,0,0,0,0,0,0,0,0,0,0
3.008888,Movement,70,14,0.1422312,-0.03276038,0.3835453,0.239,-0.08831209,0.3404917,75,0,0.1195985,9.5,0,0,0,0,0,0.1195985,119.5985,0,0,0,0,0,0,0,0,0,0,0,0
3.012779,Movement,70,14,0.1422312,-0.03276038,0.3835453,0.239,-0.08831209,0.3404917,75,0,0.1195985,9.5,0,0,0,0,0,0.1195985,119.5985,0,0,0,0,0,0,0,0,0,0,0,0
3.017998,Movement,70,14,0.1422312,-0.03276038,0.3835453,0.239,-0.08831209,0.3404917,75,0,0.1195985,9.5,0,0,0,0,0,0.1195985,119.5985,0,0,0,0,0,0,0,0,0,0,0,0
3.023567,Movement,70,14,0.1422312,-0.03276038,0.3835453,0.239,-0.08831209,0.3404917,75,0,0.1195985,9.5,0,0,0,0,0,0.1195985,119.5985,0,0,0,0,0,0,0,0,0,0,0,0
3.027458,Movement,70,14,0.1422312,-0.03276038,0.3835453,0.239,-0.08831209,0.3404917,75,0,0.1195985,9.5,0,0,0,0,0,0.1195985,119.5985,0,0,0,0,0,0,0,0,0,0,0,0
3.031761,Movement,70,14,0.1422312,-0.03276038,0.3835453,0.239,-0.08831209,0.3404917,75,0,0.1195985,9.5,0,0,0,0,0,0.1195985,119.5985,0,0,0,0,0,0,0,0,0,0,0,0
3.036766,Movement,70,14,0.1422312,-0.03276038,0.3835453,0.239,-0.08831209,0.3404917,75,0,0.1195985,9.5,0,0,0,0,0,0.1195985,119.5985,0,0,0,0,0,0,0,0,0,0,0,0
3.041954,Movement,70,14,0.1422312,-0.03276038,0.3835453,0.239,-0.08831209,0.3404917,75,0,0.1195985,9.5,0,0,0,0,0,0.1195985,119.5985,0,0,0,0,0,0,0,0,0,0,0,0
3.047432,Movement,70,14,0.1422312,-0.03276038,0.3835453,0.239,-0.08831209,0.3404917,75,0,0.1195985,9.5,0,0,0,0,0,0.1195985,119.5985,0,0,0,0,0,0,0,0,0,0,0,0
3.051537,Movement,70,14,0.1422312,-0.03276038,0.3835453,0.239,-0.08831209,0.3404917,75,0,0.1195985,9.5,0,0,0,0,0,0.1195985,119.5985,0,0,0,0,0,0,0,0,0,0,0,0
3.055962,Movement,70,14,0.1422312,-0.03276038,0.3835453,0.239,-0.08831209,0.3404917,75,0,0.1195985,9.5,0,0,0,0,0,0.1195985,119.5985,0,0,0,0,0,0,0,0,0,0,0,0
3.06002,Movement,70,14,0.1422312,-0.03276038,0.3835453,0.239,-0.08831209,0.3404917,75,0,0.1195985,9.5,0,0,0,0,0,0.1195985,119.5985,0,0,0,0,0,0,0,0,0,0,0,0
3.064674,Movement,70,14,0.1422312,-0.03276038,0.3835453,0.239,-0.08831209,0.3404917,75,0,0.1195985,9.5,0,0,0,0,0,0.1195985,119.5985,0,0,0,0,0,0,0,0,0,0,0,0
3.069862,Movement,70,14,0.1422312,-0.03276038,0.3835453,0.239,-0.08831209,0.3404917,75,0,0.1195985,9.5,0,0,0,0,0,0.1195985,119.5985,0,0,0,0,0,0,0,0,0,0,0,0
3.073936,Movement,70,14,0.1422312,-0.03276038,0.3835453,0.239,-0.08831209,0.3404917,75,0,0.1195985,9.5,0,0,0,0,0,0.1195985,119.5985,0,0,0,0,0,0,0,0,0,0,0,0
3.078667,Movement,70,14,0.1422312,-0.03276038,0.3835453,0.239,-0.08831209,0.3404917,75,0,0.1195985,9.5,0,0,0,0,0,0.1195985,119.5985,0,0,0,0,0,0,0,0,0,0,0,0
3.083977,Movement,70,14,0.1422312,-0.03276038,0.3835453,0.239,-0.08831209,0.3404917,75,0,0.1195985,9.5,0,0,0,0,0,0.1195985,119.5985,0,0,0,0,0,0,0,0,0,0,0,0
3.089867,Movement,70,14,0.1422312,-0.03276038,0.3835453,0.239,-0.08831209,0.3404917,75,0,0.1195985,9.5,0,0,0,0,0,0.1195985,119.5985,0,0,0,0,0,0,0,0,0,0,0,0
3.095055,Movement,70,14,0.1422312,-0.03276038,0.3835453,0.239,-0.08831209,0.3404917,75,0,0.1195985,9.5,0,0,0,0,0,0.1195985,119.5985,0,0,0,0,0,0,0,0,0,0,0,0
3.099602,Movement,70,14,0.1422312,-0.03276038,0.3835453,0.239,-0.08831209,0.3404917,75,0,0.1195985,9.5,0,0,0,0,0,0.1195985,119.5985,0,0,0,0,0,0,0,0,0,0,0,0
3.10511,Movement,70,14,0.1422312,-0.03276038,0.3835453,0.239,-0.08831209,0.3404917,75,0,0.1195985,9.5,0,0,0,0,0,0.1195985,119.5985,0,0,0,0,0,0,0,0,0,0,0,0
3.110542,Movement,70,14,0.1422312,-0.03276038,0.3835453,0.239,-0.08831209,0.3404917,75,0,0.1195985,9.5,0,0,0,0,0,0.1195985,119.5985,0,0,0,0,0,0,0,0,0,0,0,0
3.116188,Movement,70,14,0.1422312,-0.03276038,0.3835453,0.239,-0.08831209,0.3404917,75,0,0.1195985,9.5,0,0,0,0,0,0.1195985,119.5985,0,0,0,0,0,0,0,0,0,0,0,0
3.120384,Movement,70,14,0.1422312,-0.03276038,0.3835453,0.239,-0.08831209,0.3404917,75,0,0.1195985,9.5,0,0,0,0,0,0.1195985,119.5985,0,0,0,0,0,0,0,0,0,0,0,0
3.125191,Movement,70,14,0.1422312,-0.03276038,0.3835453,0.239,-0.08831209,0.3404917,75,0,0.1195985,9.5,0,0,0,0,0,0.1195985,119.5985,0,0,0,0,0,0,0,0,0,0,0,0
3.130302,Movement,70,14,0.1422312,-0.03276038,0.3835453,0.239,-0.08831209,0.3404917,75,0,0.1195985,9.5,0,0,0,0,0,0.1195985,119.5985,0,0,0,0,0,0,0,0,0,0,0,0
3.134178,Movement,70,14,0.1422312,-0.03276038,0.3835453,0.239,-0.08831209,0.3404917,75,0,0.1195985,9.5,0,0,0,0,0,0.1195985,119.5985,0,0,0,0,0,0,0,0,0,0,0,0
3.137917,Movement,70,14,0.1422312,-0.03276038,0.3835453,0.239,-0.08831209,0.3404917,75,0,0.1195985,9.5,0,0,0,0,0,0.1195985,119.5985,0,0,0,0,0,0,0,0,0,0,0,0
3.142647,Movement,70,14,0.1422312,-0.03276038,0.3835453,0.239,-0.08831209,0.3404917,75,0,0.1195985,9.5,0,0,0,0,0,0.1195985,119.5985,0,0,0,0,0,0,0,0,0,0,0,0
3.146706,Movement,70,14,0.1422312,-0.03276038,0.3835453,0.239,-0.08831209,0.3404917,75,0,0.1195985,9.5,0,0,0,0,0,0.1195985,119.5985,0,0,0,0,0,0,0,0,0,0,0,0
3.150642,Movement,70,14,0.1422312,-0.03276038,0.3835453,0.239,-0.08831209,0.3404917,75,0,0.1195985,9.5,0,0,0,0,0,0.1195985,119.5985,0,0,0,0,0,0,0,0,0,0,0,0
3.154213,Movement,70,14,0.1422312,-0.03276038,0.3835453,0.239,-0.08831209,0.3404917,75,0,0.1195985,9.5,0,0,0,0,0,0.1195985,119.5985,0,0,0,0,0,0,0,0,0,0,0,0
3.158836,Movement,70,14,0.1422312,-0.03276038,0.3835453,0.239,-0.08831209,0.3404917,75,0,0.1195985,9.5,0,0,0,0,0,0.1195985,119.5985,0,0,0,0,0,0,0,0,0,0,0,0
3.162498,Movement,70,14,0.1422312,-0.03276038,0.3835453,0.239,-0.08831209,0.3404917,75,0,0.1195985,9.5,0,0,0,0,0,0.1195985,119.5985,0,0,0,0,0,0,0,0,0,0,0,0
3.167641,Movement,70,14,0.1422312,-0.03276038,0.3835453,0.239,-0.08831209,0.3404917,75,0,0.1195985,9.5,0,0,0,0,0,0.1195985,119.5985,0,0,0,0,0,0,0,0,0,0,0,0
3.171822,Movement,70,14,0.1422312,-0.03276038,0.3835453,0.239,-0.08831209,0.3404917,75,0,0.1195985,9.5,0,0,0,0,0,0.1195985,119.5985,0,0,0,0,0,0,0,0,0,0,0,0
3.176765,Movement,70,14,0.1422312,-0.03276038,0.3835453,0.239,-0.08831209,0.3404917,75,0,0.1195985,9.5,0,0,0,0,0,0.1195985,119.5985,0,0,0,0,0,0,0,0,0,0,0,0
3.183113,Movement,70,14,0.1422312,-0.03276038,0.3835453,0.239,-0.08831209,0.3404917,75,0,0.1195985,9.5,0,0,0,0,0,0.1195985,119.5985,0,0,0,0,0,0,0,0,0,0,0,0
3.186211,Movement,70,14,0.1422312,-0.03276038,0.3835453,0.239,-0.08831209,0.3404917,75,0,0.1195985,9.5,0,0,0,0,0,0.1195985,119.5985,0,0,0,0,0,0,0,0,0,0,0,0
3.192757,Movement,70,14,0.1422312,-0.03276038,0.3835453,0.239,-0.08831209,0.3404917,75,0,0.1195985,9.5,0,0,0,0,0,0.1195985,119.5985,0,0,0,0,0,0,0,0,0,0,0,0
3.198097,Movement,70,14,0.1422312,-0.03276038,0.3835453,0.239,-0.08831209,0.3404917,75,0,0.1195985,9.5,0,0,0,0,0,0.1195985,119.5985,0,0,0,0,0,0,0,0,0,0,0,0
3.202354,Movement,70,14,0.1422312,-0.03276038,0.3835453,0.239,-0.08831209,0.3404917,75,0,0.1195985,9.5,0,0,0,0,0,0.1195985,119.5985,0,0,0,0,0,0,0,0,0,0,0,0
3.207497,Movement,70,14,0.1422312,-0.03276038,0.3835453,0.239,-0.08831209,0.3404917,75,0,0.1195985,9.5,0,0,0,0,0,0.1195985,119.5985,0,0,0,0,0,0,0,0,0,0,0,0
3.212471,Movement,70,14,0.1422312,-0.03276038,0.3835453,0.239,-0.08831209,0.3404917,75,0,0.1195985,9.5,0,0,0,0,0,0.1195985,119.5985,0,0,0,0,0,0,0,0,0,0,0,0
3.215553,Movement,70,14,0.1422312,-0.03276038,0.3835453,0.239,-0.08831209,0.3404917,75,0,0.1195985,9.5,0,0,0,0,0,0.1195985,119.5985,0,0,0,0,0,0,0,0,0,0,0,0
3.221001,Movement,70,14,0.1422312,-0.03276038,0.3835453,0.239,-0.08831209,0.3404917,75,0,0.1195985,9.5,0,0,0,0,0,0.1195985,119.5985,0,0,0,0,0,0,0,0,0,0,0,0
3.226555,Movement,70,14,0.1422312,-0.03276038,0.3835453,0.239,-0.08831209,0.3404917,75,0,0.1195985,9.5,0,0,0,0,0,0.1195985,119.5985,0,0,0,0,0,0,0,0,0,0,0,0
3.231178,Movement,70,14,0.1422312,-0.03276038,0.3835453,0.239,-0.08831209,0.3404917,75,0,0.1195985,9.5,0,0,0,0,0,0.1195985,119.5985,0,0,0,0,0,0,0,0,0,0,0,0
3.234871,Movement,70,14,0.1422312,-0.03276038,0.3835453,0.239,-0.08831209,0.3404917,75,0,0.1195985,9.5,0,0,0,0,0,0.1195985,119.5985,0,0,0,0,0,0,0,0,0,0,0,0
3.239067,Movement,70,14,0.1422312,-0.03276038,0.3835453,0.239,-0.08831209,0.3404917,75,0,0.1195985,9.5,0,0,0,0,0,0.1195985,119.5985,0,0,0,0,0,0,0,0,0,0,0,0
3.243111,Movement,70,14,0.1422312,-0.03276038,0.3835453,0.239,-0.08831209,0.3404917,75,0,0.1195985,9.5,0,0,0,0,0,0.1195985,119.5985,0,0,0,0,0,0,0,0,0,0,0,0
3.249229,Movement,70,14,0.1422312,-0.03276038,0.3835453,0.239,-0.08831209,0.3404917,75,0,0.1195985,9.5,0,0,0,0,0,0.1195985,119.5985,0,0,0,0,0,0,0,0,0,0,0,0
3.253242,Movement,70,14,0.1422312,-0.03276038,0.3835453,0.239,-0.08831209,0.3404917,75,0,0.1195985,9.5,0,0,0,0,0,0.1195985,119.5985,0,0,0,0,0,0,0,0,0,0,0,0
3.260002,Movement,70,14,0.1422312,-0.03276038,0.3835453,0.239,-0.08831209,0.3404917,75,0,0.1195985,9.5,0,0,0,0,0,0.1195985,119.5985,0,0,0,0,0,0,0,0,0,0,0,0
3.264137,Movement,70,14,0.1422312,-0.03276038,0.3835453,0.239,-0.08831209,0.3404917,75,0,0.1195985,9.5,0,0,0,0,0,0.1195985,119.5985,0,0,0,0,0,0,0,0,0,0,0,0
3.268044,Movement,70,14,0.1422312,-0.03276038,0.3835453,0.239,-0.08831209,0.3404917,75,0,0.1195985,9.5,0,0,0,0,0,0.1195985,119.5985,0,0,0,0,0,0,0,0,0,0,0,0
3.272545,Movement,70,14,0.1422312,-0.03276038,0.3835453,0.239,-0.08831209,0.3404917,75,0,0.1195985,9.5,0,0,0,0,0,0.1195985,119.5985,0,0,0,0,0,0,0,0,0,0,0,0
3.277657,Movement,70,14,0.1422312,-0.03276038,0.3835453,0.239,-0.08831209,0.3404917,75,0,0.1195985,9.5,0,0,0,0,0,0.1195985,119.5985,0,0,0,0,0,0,0,0,0,0,0,0
3.282265,Movement,70,14,0.1422312,-0.03276038,0.3835453,0.239,-0.08831209,0.3404917,75,0,0.1195985,9.5,0,0,0,0,0,0.1195985,119.5985,0,0,0,0,0,0,0,0,0,0,0,0
3.288353,Movement,70,14,0.1422312,-0.03276038,0.3835453,0.239,-0.08831209,0.3404917,75,0,0.1195985,9.5,0,0,0,0,0,0.1195985,119.5985,0,0,0,0,0,0,0,0,0,0,0,0
3.293434,Movement,70,14,0.1422312,-0.03276038,0.3835453,0.239,-0.08831209,0.3404917,75,0,0.1195985,9.5,0,0,0,0,0,0.1195985,119.5985,0,0,0,0,0,0,0,0,0,0,0,0
3.297844,Movement,70,14,0.1422312,-0.03276038,0.3835453,0.239,-0.08831209,0.3404917,75,0,0.1195985,9.5,0,0,0,0,0,0.1195985,119.5985,0,0,0,0,0,0,0,0,0,0,0,0
3.303261,Movement,70,14,0.1422312,-0.03276038,0.3835453,0.239,-0.08831209,0.3404917,75,0,0.1195985,9.5,0,0,0,0,0,0.1195985,119.5985,0,0,0,0,0,0,0,0,0,0,0,0
3.307106,Movement,70,14,0.1422312,-0.03276038,0.3835453,0.239,-0.08831209,0.3404917,75,0,0.1195985,9.5,0,0,0,0,0,0.1195985,119.5985,0,0,0,0,0,0,0,0,0,0,0,0
3.311546,Movement,70,14,0.1422312,-0.03276038,0.3835453,0.239,-0.08831209,0.3404917,75,0,0.1195985,9.5,0,0,0,0,0,0.1195985,119.5985,0,0,0,0,0,0,0,0,0,0,0,0
3.317284,Movement,70,14,0.1422312,-0.03276038,0.3835453,0.239,-0.08831209,0.3404917,75,0,0.1195985,9.5,0,0,0,0,0,0.1195985,119.5985,0,0,0,0,0,0,0,0,0,0,0,0
3.320366,Movement,70,14,0.1422312,-0.03276038,0.3835453,0.239,-0.08831209,0.3404917,75,0,0.1195985,9.5,0,0,0,0,0,0.1195985,119.5985,0,0,0,0,0,0,0,0,0,0,0,0
3.325401,Movement,70,14,0.1422312,-0.03276038,0.3835453,0.239,-0.08831209,0.3404917,75,0,0.1195985,9.5,0,0,0,0,0,0.1195985,119.5985,0,0,0,0,0,0,0,0,0,0,0,0
3.330269,Movement,70,14,0.1422312,-0.03276038,0.3835453,0.239,-0.08831209,0.3404917,75,0,0.1195985,9.5,0,0,0,0,0,0.1195985,119.5985,0,0,0,0,0,0,0,0,0,0,0,0
3.333214,Movement,70,14,0.1422312,-0.03276038,0.3835453,0.239,-0.08831209,0.3404917,75,0,0.1195985,9.5,0,0,0,0,0,0.1195985,119.5985,0,0,0,0,0,0,0,0,0,0,0,0
3.336037,Movement,70,14,0.1422312,-0.03276038,0.3835453,0.239,-0.08831209,0.3404917,75,0,0.1195985,9.5,0,0,0,0,0,0.1195985,119.5985,0,0,0,0,0,0,0,0,0,0,0,0
3.339226,Movement,70,14,0.1422312,-0.03276038,0.3835453,0.239,-0.08831209,0.3404917,75,0,0.1195985,9.5,0,0,0,0,0,0.1195985,119.5985,0,0,0,0,0,0,0,0,0,0,0,0
3.343742,Movement,70,14,0.1422312,-0.03276038,0.3835453,0.239,-0.08831209,0.3404917,75,0,0.1195985,9.5,0,0,0,0,0,0.1195985,119.5985,0,0,0,0,0,0,0,0,0,0,0,0
3.34832,Movement,70,14,0.1422312,-0.03276038,0.3835453,0.239,-0.08831209,0.3404917,75,0,0.1195985,9.5,0,0,0,0,0,0.1195985,119.5985,0,0,0,0,0,0,0,0,0,0,0,0
3.351662,Movement,70,14,0.1422312,-0.03276038,0.3835453,0.239,-0.08831209,0.3404917,75,0,0.1195985,9.5,0,0,0,0,0,0.1195985,119.5985,0,0,0,0,0,0,0,0,0,0,0,0
3.354729,Movement,70,14,0.1422312,-0.03276038,0.3835453,0.239,-0.08831209,0.3404917,75,0,0.1195985,9.5,0,0,0,0,0,0.1195985,119.5985,0,0,0,0,0,0,0,0,0,0,0,0
3.36013,Movement,70,14,0.1422312,-0.03276038,0.3835453,0.239,-0.08831209,0.3404917,75,0,0.1195985,9.5,0,0,0,0,0,0.1195985,119.5985,0,0,0,0,0,0,0,0,0,0,0,0
3.363777,Movement,70,14,0.1422312,-0.03276038,0.3835453,0.239,-0.08831209,0.3404917,75,0,0.1195985,9.5,0,0,0,0,0,0.1195985,119.5985,0,0,0,0,0,0,0,0,0,0,0,0
3.36866,Movement,70,14,0.1422312,-0.03276038,0.3835453,0.239,-0.08831209,0.3404917,75,0,0.1195985,9.5,0,0,0,0,0,0.1195985,119.5985,0,0,0,0,0,0,0,0,0,0,0,0
3.372765,Movement,70,14,0.1422312,-0.03276038,0.3835453,0.239,-0.08831209,0.3404917,75,0,0.1195985,9.5,0,0,0,0,0,0.1195985,119.5985,0,0,0,0,0,0,0,0,0,0,0,0
3.378181,Movement,70,14,0.1422312,-0.03276038,0.3835453,0.239,-0.08831209,0.3404917,75,0,0.1195985,9.5,0,0,0,0,0,0.1195985,119.5985,0,0,0,0,0,0,0,0,0,0,0,0
3.382622,Movement,70,14,0.1422312,-0.03276038,0.3835453,0.239,-0.08831209,0.3404917,75,0,0.1195985,9.5,0,0,0,0,0,0.1195985,119.5985,0,0,0,0,0,0,0,0,0,0,0,0
3.386299,Movement,70,14,0.1422312,-0.03276038,0.3835453,0.239,-0.08831209,0.3404917,75,0,0.1195985,9.5,0,0,0,0,0,0.1195985,119.5985,0,0,0,0,0,0,0,0,0,0,0,0
3.390678,Movement,70,14,0.1422312,-0.03276038,0.3835453,0.239,-0.08831209,0.3404917,75,0,0.1195985,9.5,0,0,0,0,0,0.1195985,119.5985,0,0,0,0,0,0,0,0,0,0,0,0
3.395943,Movement,70,14,0.1422312,-0.03276038,0.3835453,0.239,-0.08831209,0.3404917,75,0,0.1195985,9.5,0,0,0,0,0,0.1195985,119.5985,0,0,0,0,0,0,0,0,0,0,0,0
3.39959,Movement,70,14,0.1422312,-0.03276038,0.3835453,0.239,-0.08831209,0.3404917,75,0,0.1195985,9.5,0,0,0,0,0,0.1195985,119.5985,0,0,0,0,0,0,0,0,0,0,0,0
3.402672,Movement,70,14,0.1422312,-0.03276038,0.3835453,0.239,-0.08831209,0.3404917,75,0,0.1195985,9.5,0,0,0,0,0,0.1195985,119.5985,0,0,0,0,0,0,0,0,0,0,0,0
3.407036,Movement,70,14,0.1422312,-0.03276038,0.3835453,0.239,-0.08831209,0.3404917,75,0,0.1195985,9.5,0,0,0,0,0,0.1195985,119.5985,0,0,0,0,0,0,0,0,0,0,0,0
3.410149,Movement,70,14,0.1422312,-0.03276038,0.3835453,0.239,-0.08831209,0.3404917,75,0,0.1195985,9.5,0,0,0,0,0,0.1195985,119.5985,0,0,0,0,0,0,0,0,0,0,0,0
3.414772,Movement,70,14,0.1422312,-0.03276038,0.3835453,0.239,-0.08831209,0.3404917,75,0,0.1195985,9.5,0,0,0,0,0,0.1195985,119.5985,0,0,0,0,0,0,0,0,0,0,0,0
3.418373,Movement,70,14,0.1422312,-0.03276038,0.3835453,0.239,-0.08831209,0.3404917,75,0,0.1195985,9.5,0,0,0,0,0,0.1195985,119.5985,0,0,0,0,0,0,0,0,0,0,0,0
3.421898,Movement,70,14,0.1422312,-0.03276038,0.3835453,0.239,-0.08831209,0.3404917,75,0,0.1195985,9.5,0,0,0,0,0,0.1195985,119.5985,0,0,0,0,0,0,0,0,0,0,0,0
3.426003,Movement,70,14,0.1422312,-0.03276038,0.3835453,0.239,-0.08831209,0.3404917,75,0,0.1195985,9.5,0,0,0,0,0,0.1195985,119.5985,0,0,0,0,0,0,0,0,0,0,0,0
3.429573,Movement,70,14,0.1422312,-0.03276038,0.3835453,0.239,-0.08831209,0.3404917,75,0,0.1195985,9.5,0,0,0,0,0,0.1195985,119.5985,0,0,0,0,0,0,0,0,0,0,0,0
3.433495,Movement,70,14,0.1422312,-0.03276038,0.3835453,0.239,-0.08831209,0.3404917,75,0,0.1195985,9.5,0,0,0,0,0,0.1195985,119.5985,0,0,0,0,0,0,0,0,0,0,0,0
3.436745,Movement,70,14,0.1422312,-0.03276038,0.3835453,0.239,-0.08831209,0.3404917,75,0,0.1195985,9.5,0,0,0,0,0,0.1195985,119.5985,0,0,0,0,0,0,0,0,0,0,0,0
3.440559,Movement,70,14,0.1422312,-0.03276038,0.3835453,0.239,-0.08831209,0.3404917,75,0,0.1195985,9.5,0,0,0,0,0,0.1195985,119.5985,0,0,0,0,0,0,0,0,0,0,0,0
3.444206,Movement,70,14,0.1422312,-0.03276038,0.3835453,0.239,-0.08831209,0.3404917,75,0,0.1195985,9.5,0,0,0,0,0,0.1195985,119.5985,0,0,0,0,0,0,0,0,0,0,0,0
3.447792,Movement,70,14,0.1422312,-0.03276038,0.3835453,0.239,-0.08831209,0.3404917,75,0,0.1195985,9.5,0,0,0,0,0,0.1195985,119.5985,0,0,0,0,0,0,0,0,0,0,0,0
3.451073,Movement,70,14,0.1422312,-0.03276038,0.3835453,0.239,-0.08831209,0.3404917,75,0,0.1195985,9.5,0,0,0,0,0,0.1195985,119.5985,0,0,0,0,0,0,0,0,0,0,0,0
3.455101,Movement,70,14,0.1422312,-0.03276038,0.3835453,0.239,-0.08831209,0.3404917,75,0,0.1195985,9.5,0,0,0,0,0,0.1195985,119.5985,0,0,0,0,0,0,0,0,0,0,0,0
3.458458,Movement,70,14,0.1422312,-0.03276038,0.3835453,0.239,-0.08831209,0.3404917,75,0,0.1195985,9.5,0,0,0,0,0,0.1195985,119.5985,0,0,0,0,0,0,0,0,0,0,0,0
3.461922,Movement,70,14,0.1422312,-0.03276038,0.3835453,0.239,-0.08831209,0.3404917,75,0,0.1195985,9.5,0,0,0,0,0,0.1195985,119.5985,0,0,0,0,0,0,0,0,0,0,0,0
3.465874,Movement,70,14,0.1422312,-0.03276038,0.3835453,0.239,-0.08831209,0.3404917,75,0,0.1195985,9.5,0,0,0,0,0,0.1195985,119.5985,0,0,0,0,0,0,0,0,0,0,0,0
3.46981,Movement,70,14,0.1422312,-0.03276038,0.3835453,0.239,-0.08831209,0.3404917,75,0,0.1195985,9.5,0,0,0,0,0,0.1195985,119.5985,0,0,0,0,0,0,0,0,0,0,0,0
3.473305,Movement,70,14,0.1422312,-0.03276038,0.3835453,0.239,-0.08831209,0.3404917,75,0,0.1195985,9.5,0,0,0,0,0,0.1195985,119.5985,0,0,0,0,0,0,0,0,0,0,0,0
3.477196,Movement,70,14,0.1422312,-0.03276038,0.3835453,0.239,-0.08831209,0.3404917,75,0,0.1195985,9.5,0,0,0,0,0,0.1195985,119.5985,0,0,0,0,0,0,0,0,0,0,0,0
3.480766,Movement,70,14,0.1422312,-0.03276038,0.3835453,0.239,-0.08831209,0.3404917,75,0,0.1195985,9.5,0,0,0,0,0,0.1195985,119.5985,0,0,0,0,0,0,0,0,0,0,0,0
3.484917,Movement,70,14,0.1422312,-0.03276038,0.3835453,0.239,-0.08831209,0.3404917,75,0,0.1195985,9.5,0,0,0,0,0,0.1195985,119.5985,0,0,0,0,0,0,0,0,0,0,0,0
3.487877,Movement,70,14,0.1422312,-0.03276038,0.3835453,0.239,-0.08831209,0.3404917,75,0,0.1195985,9.5,0,0,0,0,0,0.1195985,119.5985,0,0,0,0,0,0,0,0,0,0,0,0
3.490807,Movement,70,14,0.1422312,-0.03276038,0.3835453,0.239,-0.08831209,0.3404917,75,0,0.1195985,9.5,0,0,0,0,0,0.1195985,119.5985,0,0,0,0,0,0,0,0,0,0,0,0
3.493767,Movement,70,14,0.1422312,-0.03276038,0.3835453,0.239,-0.08831209,0.3404917,75,0,0.1195985,9.5,0,0,0,0,0,0.1195985,119.5985,0,0,0,0,0,0,0,0,0,0,0,0
3.496696,Movement,70,14,0.1422312,-0.03276038,0.3835453,0.239,-0.08831209,0.3404917,75,0,0.1195985,9.5,0,0,0,0,0,0.1195985,119.5985,0,0,0,0,0,0,0,0,0,0,0,0
3.500053,Movement,70,14,0.1422312,-0.03276038,0.3835453,0.239,-0.08831209,0.3404917,75,0,0.1195985,9.5,0,0,0,0,0,0.1195985,119.5985,0,0,0,0,0,0,0,0,0,0,0,0
3.504356,Movement,70,14,0.1422312,-0.03276038,0.3835453,0.239,-0.08831209,0.3404917,75,0,0.1195985,9.5,0,0,0,0,0,0.1195985,119.5985,0,0,0,0,0,0,0,0,0,0,0,0
3.507607,Movement,70,14,0.1422312,-0.03276038,0.3835453,0.239,-0.08831209,0.3404917,75,0,0.1195985,9.5,0,0,0,0,0,0.1195985,119.5985,0,0,0,0,0,0,0,0,0,0,0,0
3.510658,Movement,70,14,0.1422312,-0.03276038,0.3835453,0.239,-0.08831209,0.3404917,75,0,0.1195985,9.5,0,0,0,0,0,0.1195985,119.5985,0,0,0,0,0,0,0,0,0,0,0,0
3.513786,Movement,70,14,0.1422312,-0.03276038,0.3835453,0.239,-0.08831209,0.3404917,75,0,0.1195985,9.5,0,0,0,0,0,0.1195985,119.5985,0,0,0,0,0,0,0,0,0,0,0,0
3.518761,Movement,70,14,0.1422312,-0.03276038,0.3835453,0.239,-0.08831209,0.3404917,75,0,0.1195985,9.5,0,0,0,0,0,0.1195985,119.5985,0,0,0,0,0,0,0,0,0,0,0,0
3.522362,Movement,70,14,0.1422312,-0.03276038,0.3835453,0.239,-0.08831209,0.3404917,75,0,0.1195985,9.5,0,0,0,0,0,0.1195985,119.5985,0,0,0,0,0,0,0,0,0,0,0,0
3.52581,Movement,70,14,0.1422312,-0.03276038,0.3835453,0.239,-0.08831209,0.3404917,75,0,0.1195985,9.5,0,0,0,0,0,0.1195985,119.5985,0,0,0,0,0,0,0,0,0,0,0,0
3.530479,Movement,70,14,0.1422312,-0.03276038,0.3835453,0.239,-0.08831209,0.3404917,75,0,0.1195985,9.5,0,0,0,0,0,0.1195985,119.5985,0,0,0,0,0,0,0,0,0,0,0,0
3.535973,Movement,70,14,0.1422312,-0.03276038,0.3835453,0.239,-0.08831209,0.3404917,75,0,0.1195985,9.5,0,0,0,0,0,0.1195985,119.5985,0,0,0,0,0,0,0,0,0,0,0,0
3.540337,Movement,70,14,0.1422312,-0.03276038,0.3835453,0.239,-0.08831209,0.3404917,75,0,0.1195985,9.5,0,0,0,0,0,0.1195985,119.5985,0,0,0,0,0,0,0,0,0,0,0,0
3.544914,Movement,70,14,0.1422312,-0.03276038,0.3835453,0.239,-0.08831209,0.3404917,75,0,0.1195985,9.5,0,0,0,0,0,0.1195985,119.5985,0,0,0,0,0,0,0,0,0,0,0,0
3.549965,Movement,70,14,0.1422312,-0.03276038,0.3835453,0.239,-0.08831209,0.3404917,75,0,0.1195985,9.5,0,0,0,0,0,0.1195985,119.5985,0,0,0,0,0,0,0,0,0,0,0,0
3.554253,Movement,70,14,0.1422312,-0.03276038,0.3835453,0.239,-0.08831209,0.3404917,75,0,0.1195985,9.5,0,0,0,0,0,0.1195985,119.5985,0,0,0,0,0,0,0,0,0,0,0,0
3.557457,Movement,70,14,0.1422312,-0.03276038,0.3835453,0.239,-0.08831209,0.3404917,75,0,0.1195985,9.5,0,0,0,0,0,0.1195985,119.5985,0,0,0,0,0,0,0,0,0,0,0,0
3.563942,Movement,70,14,0.1422312,-0.03276038,0.3835453,0.239,-0.08831209,0.3404917,75,0,0.1195985,9.5,0,0,0,0,0,0.1195985,119.5985,0,0,0,0,0,0,0,0,0,0,0,0
3.568993,Movement,70,14,0.1422312,-0.03276038,0.3835453,0.239,-0.08831209,0.3404917,75,0,0.1195985,9.5,0,0,0,0,0,0.1195985,119.5985,0,0,0,0,0,0,0,0,0,0,0,0
3.574242,Movement,70,14,0.1422312,-0.03276038,0.3835453,0.239,-0.08831209,0.3404917,75,0,0.1195985,9.5,0,0,0,0,0,0.1195985,119.5985,0,0,0,0,0,0,0,0,0,0,0,0
3.579384,Movement,70,14,0.1422312,-0.03276038,0.3835453,0.239,-0.08831209,0.3404917,75,0,0.1195985,9.5,0,0,0,0,0,0.1195985,119.5985,0,0,0,0,0,0,0,0,0,0,0,0
3.584068,Movement,70,14,0.1422312,-0.03276038,0.3835453,0.239,-0.08831209,0.3404917,75,0,0.1195985,9.5,0,0,0,0,0,0.1195985,119.5985,0,0,0,0,0,0,0,0,0,0,0,0
3.588768,Movement,70,14,0.1422312,-0.03276038,0.3835453,0.239,-0.08831209,0.3404917,75,0,0.1195985,9.5,0,0,0,0,0,0.1195985,119.5985,0,0,0,0,0,0,0,0,0,0,0,0
3.593666,Movement,70,14,0.1422312,-0.03276038,0.3835453,0.239,-0.08831209,0.3404917,75,0,0.1195985,9.5,0,0,0,0,0,0.1195985,119.5985,0,0,0,0,0,0,0,0,0,0,0,0
3.596977,Movement,70,14,0.1422312,-0.03276038,0.3835453,0.239,-0.08831209,0.3404917,75,0,0.1195985,9.5,0,0,0,0,0,0.1195985,119.5985,0,0,0,0,0,0,0,0,0,0,0,0
3.601601,Movement,70,14,0.1422312,-0.03276038,0.3835453,0.239,-0.08831209,0.3404917,75,0,0.1195985,9.5,0,0,0,0,0,0.1195985,119.5985,0,0,0,0,0,0,0,0,0,0,0,0
3.605125,Movement,70,14,0.1422312,-0.03276038,0.3835453,0.239,-0.08831209,0.3404917,75,0,0.1195985,9.5,0,0,0,0,0,0.1195985,119.5985,0,0,0,0,0,0,0,0,0,0,0,0
3.610603,Movement,70,14,0.1422312,-0.03276038,0.3835453,0.239,-0.08831209,0.3404917,75,0,0.1195985,9.5,0,0,0,0,0,0.1195985,119.5985,0,0,0,0,0,0,0,0,0,0,0,0
3.61544,Movement,70,14,0.1422312,-0.03276038,0.3835453,0.239,-0.08831209,0.3404917,75,0,0.1195985,9.5,0,0,0,0,0,0.1195985,119.5985,0,0,0,0,0,0,0,0,0,0,0,0
3.618706,Movement,70,14,0.1422312,-0.03276038,0.3835453,0.239,-0.08831209,0.3404917,75,0,0.1195985,9.5,0,0,0,0,0,0.1195985,119.5985,0,0,0,0,0,0,0,0,0,0,0,0
3.62429,Movement,70,14,0.1422312,-0.03276038,0.3835453,0.239,-0.08831209,0.3404917,75,0,0.1195985,9.5,0,0,0,0,0,0.1195985,119.5985,0,0,0,0,0,0,0,0,0,0,0,0
3.628258,Movement,70,14,0.1422312,-0.03276038,0.3835453,0.239,-0.08831209,0.3404917,75,0,0.1195985,9.5,0,0,0,0,0,0.1195985,119.5985,0,0,0,0,0,0,0,0,0,0,0,0
3.631401,Movement,70,14,0.1422312,-0.03276038,0.3835453,0.239,-0.08831209,0.3404917,75,0,0.1195985,9.5,0,0,0,0,0,0.1195985,119.5985,0,0,0,0,0,0,0,0,0,0,0,0
3.634651,Movement,70,14,0.1422312,-0.03276038,0.3835453,0.239,-0.08831209,0.3404917,75,0,0.1195985,9.5,0,0,0,0,0,0.1195985,119.5985,0,0,0,0,0,0,0,0,0,0,0,0
3.637535,Movement,70,14,0.1422312,-0.03276038,0.3835453,0.239,-0.08831209,0.3404917,75,0,0.1195985,9.5,0,0,0,0,0,0.1195985,119.5985,0,0,0,0,0,0,0,0,0,0,0,0
3.641258,Movement,70,14,0.1422312,-0.03276038,0.3835453,0.239,-0.08831209,0.3404917,75,0,0.1195985,9.5,0,0,0,0,0,0.1195985,119.5985,0,0,0,0,0,0,0,0,0,0,0,0
3.644783,Movement,70,14,0.1422312,-0.03276038,0.3835453,0.239,-0.08831209,0.3404917,75,0,0.1195985,9.5,0,0,0,0,0,0.1195985,119.5985,0,0,0,0,0,0,0,0,0,0,0,0
3.648018,Movement,70,14,0.1422312,-0.03276038,0.3835453,0.239,-0.08831209,0.3404917,75,0,0.1195985,9.5,0,0,0,0,0,0.1195985,119.5985,0,0,0,0,0,0,0,0,0,0,0,0
3.651619,Movement,70,14,0.1422312,-0.03276038,0.3835453,0.239,-0.08831209,0.3404917,75,0,0.1195985,9.5,0,0,0,0,0,0.1195985,119.5985,0,0,0,0,0,0,0,0,0,0,0,0
3.655098,Movement,70,14,0.1422312,-0.03276038,0.3835453,0.239,-0.08831209,0.3404917,75,0,0.1195985,9.5,0,0,0,0,0,0.1195985,119.5985,0,0,0,0,0,0,0,0,0,0,0,0
3.658562,Movement,70,14,0.1422312,-0.03276038,0.3835453,0.239,-0.08831209,0.3404917,75,0,0.1195985,9.5,0,0,0,0,0,0.1195985,119.5985,0,0,0,0,0,0,0,0,0,0,0,0
3.663078,Movement,70,14,0.1422312,-0.03276038,0.3835453,0.239,-0.08831209,0.3404917,75,0,0.1195985,9.5,0,0,0,0,0,0.1195985,119.5985,0,0,0,0,0,0,0,0,0,0,0,0
3.667213,Movement,70,14,0.1422312,-0.03276038,0.3835453,0.239,-0.08831209,0.3404917,75,0,0.1195985,9.5,0,0,0,0,0,0.1195985,119.5985,0,0,0,0,0,0,0,0,0,0,0,0
3.670525,Movement,70,14,0.1422312,-0.03276038,0.3835453,0.239,-0.08831209,0.3404917,75,0,0.1195985,9.5,0,0,0,0,0,0.1195985,119.5985,0,0,0,0,0,0,0,0,0,0,0,0
3.673897,Movement,70,14,0.1422312,-0.03276038,0.3835453,0.239,-0.08831209,0.3404917,75,0,0.1195985,9.5,0,0,0,0,0,0.1195985,119.5985,0,0,0,0,0,0,0,0,0,0,0,0
3.677452,Movement,70,14,0.1422312,-0.03276038,0.3835453,0.239,-0.08831209,0.3404917,75,0,0.1195985,9.5,0,0,0,0,0,0.1195985,119.5985,0,0,0,0,0,0,0,0,0,0,0,0
3.680504,Movement,70,14,0.1422312,-0.03276038,0.3835453,0.239,-0.08831209,0.3404917,75,0,0.1195985,9.5,0,0,0,0,0,0.1195985,119.5985,0,0,0,0,0,0,0,0,0,0,0,0
3.684334,Movement,70,14,0.1422312,-0.03276038,0.3835453,0.239,-0.08831209,0.3404917,75,0,0.1195985,9.5,0,0,0,0,0,0.1195985,119.5985,0,0,0,0,0,0,0,0,0,0,0,0
3.689156,Movement,70,14,0.1422312,-0.03276038,0.3835453,0.239,-0.08831209,0.3404917,75,0,0.1195985,9.5,0,0,0,0,0,0.1195985,119.5985,0,0,0,0,0,0,0,0,0,0,0,0
3.69265,Movement,70,14,0.1422312,-0.03276038,0.3835453,0.239,-0.08831209,0.3404917,75,0,0.1195985,9.5,0,0,0,0,0,0.1195985,119.5985,0,0,0,0,0,0,0,0,0,0,0,0
3.695641,Movement,70,14,0.1422312,-0.03276038,0.3835453,0.239,-0.08831209,0.3404917,75,0,0.1195985,9.5,0,0,0,0,0,0.1195985,119.5985,0,0,0,0,0,0,0,0,0,0,0,0
3.698891,Movement,70,14,0.1422312,-0.03276038,0.3835453,0.239,-0.08831209,0.3404917,75,0,0.1195985,9.5,0,0,0,0,0,0.1195985,119.5985,0,0,0,0,0,0,0,0,0,0,0,0
3.702034,Movement,70,14,0.1422312,-0.03276038,0.3835453,0.239,-0.08831209,0.3404917,75,0,0.1195985,9.5,0,0,0,0,0,0.1195985,119.5985,0,0,0,0,0,0,0,0,0,0,0,0
3.707054,Movement,70,14,0.1422312,-0.03276038,0.3835453,0.239,-0.08831209,0.3404917,75,0,0.1195985,9.5,0,0,0,0,0,0.1195985,119.5985,0,0,0,0,0,0,0,0,0,0,0,0
3.710396,Movement,70,14,0.1422312,-0.03276038,0.3835453,0.239,-0.08831209,0.3404917,75,0,0.1195985,9.5,0,0,0,0,0,0.1195985,119.5985,0,0,0,0,0,0,0,0,0,0,0,0
3.713463,Movement,70,14,0.1422312,-0.03276038,0.3835453,0.239,-0.08831209,0.3404917,75,0,0.1195985,9.5,0,0,0,0,0,0.1195985,119.5985,0,0,0,0,0,0,0,0,0,0,0,0
3.717445,Movement,70,14,0.1422312,-0.03276038,0.3835453,0.239,-0.08831209,0.3404917,75,0,0.1195985,9.5,0,0,0,0,0,0.1195985,119.5985,0,0,0,0,0,0,0,0,0,0,0,0
3.720818,Movement,70,14,0.1422312,-0.03276038,0.3835453,0.239,-0.08831209,0.3404917,75,0,0.1195985,9.5,0,0,0,0,0,0.1195985,119.5985,0,0,0,0,0,0,0,0,0,0,0,0
3.724815,Movement,70,14,0.1422312,-0.03276038,0.3835453,0.239,-0.08831209,0.3404917,75,0,0.1195985,9.5,0,0,0,0,0,0.1195985,119.5985,0,0,0,0,0,0,0,0,0,0,0,0
3.728477,Movement,70,14,0.1422312,-0.03276038,0.3835453,0.239,-0.08831209,0.3404917,75,0,0.1195985,9.5,0,0,0,0,0,0.1195985,119.5985,0,0,0,0,0,0,0,0,0,0,0,0
3.73275,Movement,70,14,0.1422312,-0.03276038,0.3835453,0.239,-0.08831209,0.3404917,75,0,0.1195985,9.5,0,0,0,0,0,0.1195985,119.5985,0,0,0,0,0,0,0,0,0,0,0,0
3.735893,Movement,70,14,0.1422312,-0.03276038,0.3835453,0.239,-0.08831209,0.3404917,75,0,0.1195985,9.5,0,0,0,0,0,0.1195985,119.5985,0,0,0,0,0,0,0,0,0,0,0,0
3.740059,Movement,70,14,0.1422312,-0.03276038,0.3835453,0.239,-0.08831209,0.3404917,75,0,0.1195985,9.5,0,0,0,0,0,0.1195985,119.5985,0,0,0,0,0,0,0,0,0,0,0,0
3.743431,Movement,70,14,0.1422312,-0.03276038,0.3835453,0.239,-0.08831209,0.3404917,75,0,0.1195985,9.5,0,0,0,0,0,0.1195985,119.5985,0,0,0,0,0,0,0,0,0,0,0,0
3.746468,Movement,70,14,0.1422312,-0.03276038,0.3835453,0.239,-0.08831209,0.3404917,75,0,0.1195985,9.5,0,0,0,0,0,0.1195985,119.5985,0,0,0,0,0,0,0,0,0,0,0,0
3.750282,Movement,70,14,0.1422312,-0.03276038,0.3835453,0.239,-0.08831209,0.3404917,75,0,0.1195985,9.5,0,0,0,0,0,0.1195985,119.5985,0,0,0,0,0,0,0,0,0,0,0,0
3.753242,Movement,70,14,0.1422312,-0.03276038,0.3835453,0.239,-0.08831209,0.3404917,75,0,0.1195985,9.5,0,0,0,0,0,0.1195985,119.5985,0,0,0,0,0,0,0,0,0,0,0,0
3.757011,Movement,70,14,0.1422312,-0.03276038,0.3835453,0.239,-0.08831209,0.3404917,75,0,0.1195985,9.5,0,0,0,0,0,0.1195985,119.5985,0,0,0,0,0,0,0,0,0,0,0,0
3.760231,Movement,70,14,0.1422312,-0.03276038,0.3835453,0.239,-0.08831209,0.3404917,75,0,0.1195985,9.5,0,0,0,0,0,0.1195985,119.5985,0,0,0,0,0,0,0,0,0,0,0,0
3.763771,Movement,70,14,0.1422312,-0.03276038,0.3835453,0.239,-0.08831209,0.3404917,75,0,0.1195985,9.5,0,0,0,0,0,0.1195985,119.5985,0,0,0,0,0,0,0,0,0,0,0,0
3.767097,Movement,70,14,0.1422312,-0.03276038,0.3835453,0.239,-0.08831209,0.3404917,75,0,0.1195985,9.5,0,0,0,0,0,0.1195985,119.5985,0,0,0,0,0,0,0,0,0,0,0,0
3.770439,Movement,70,14,0.1422312,-0.03276038,0.3835453,0.239,-0.08831209,0.3404917,75,0,0.1195985,9.5,0,0,0,0,0,0.1195985,119.5985,0,0,0,0,0,0,0,0,0,0,0,0
3.774467,Movement,70,14,0.1422312,-0.03276038,0.3835453,0.239,-0.08831209,0.3404917,75,0,0.1195985,9.5,0,0,0,0,0,0.1195985,119.5985,0,0,0,0,0,0,0,0,0,0,0,0
3.777733,Movement,70,14,0.1422312,-0.03276038,0.3835453,0.239,-0.08831209,0.3404917,75,0,0.1195985,9.5,0,0,0,0,0,0.1195985,119.5985,0,0,0,0,0,0,0,0,0,0,0,0
3.781685,Movement,70,14,0.1422312,-0.03276038,0.3835453,0.239,-0.08831209,0.3404917,75,0,0.1195985,9.5,0,0,0,0,0,0.1195985,119.5985,0,0,0,0,0,0,0,0,0,0,0,0
3.78521,Movement,70,14,0.1422312,-0.03276038,0.3835453,0.239,-0.08831209,0.3404917,75,0,0.1195985,9.5,0,0,0,0,0,0.1195985,119.5985,0,0,0,0,0,0,0,0,0,0,0,0
3.788368,Movement,70,14,0.1422312,-0.03276038,0.3835453,0.239,-0.08831209,0.3404917,75,0,0.1195985,9.5,0,0,0,0,0,0.1195985,119.5985,0,0,0,0,0,0,0,0,0,0,0,0
3.79229,Movement,70,14,0.1422312,-0.03276038,0.3835453,0.239,-0.08831209,0.3404917,75,0,0.1195985,9.5,0,0,0,0,0,0.1195985,119.5985,0,0,0,0,0,0,0,0,0,0,0,0
3.795769,Movement,70,14,0.1422312,-0.03276038,0.3835453,0.239,-0.08831209,0.3404917,75,0,0.1195985,9.5,0,0,0,0,0,0.1195985,119.5985,0,0,0,0,0,0,0,0,0,0,0,0
3.799522,Movement,70,14,0.1422312,-0.03276038,0.3835453,0.239,-0.08831209,0.3404917,75,0,0.1195985,9.5,0,0,0,0,0,0.1195985,119.5985,0,0,0,0,0,0,0,0,0,0,0,0
3.802544,Movement,70,14,0.1422312,-0.03276038,0.3835453,0.239,-0.08831209,0.3404917,75,0,0.1195985,9.5,0,0,0,0,0,0.1195985,119.5985,0,0,0,0,0,0,0,0,0,0,0,0
3.806602,Movement,70,14,0.1422312,-0.03276038,0.3835453,0.239,-0.08831209,0.3404917,75,0,0.1195985,9.5,0,0,0,0,0,0.1195985,119.5985,0,0,0,0,0,0,0,0,0,0,0,0
3.810371,Movement,70,14,0.1422312,-0.03276038,0.3835453,0.239,-0.08831209,0.3404917,75,0,0.1195985,9.5,0,0,0,0,0,0.1195985,119.5985,0,0,0,0,0,0,0,0,0,0,0,0
3.813713,Movement,70,14,0.1422312,-0.03276038,0.3835453,0.239,-0.08831209,0.3404917,75,0,0.1195985,9.5,0,0,0,0,0,0.1195985,119.5985,0,0,0,0,0,0,0,0,0,0,0,0
3.817101,Movement,70,14,0.1422312,-0.03276038,0.3835453,0.239,-0.08831209,0.3404917,75,0,0.1195985,9.5,0,0,0,0,0,0.1195985,119.5985,0,0,0,0,0,0,0,0,0,0,0,0
3.82029,Movement,70,14,0.1422312,-0.03276038,0.3835453,0.239,-0.08831209,0.3404917,75,0,0.1195985,9.5,0,0,0,0,0,0.1195985,119.5985,0,0,0,0,0,0,0,0,0,0,0,0
3.824593,Movement,70,14,0.1422312,-0.03276038,0.3835453,0.239,-0.08831209,0.3404917,75,0,0.1195985,9.5,0,0,0,0,0,0.1195985,119.5985,0,0,0,0,0,0,0,0,0,0,0,0
3.827736,Movement,70,14,0.1422312,-0.03276038,0.3835453,0.239,-0.08831209,0.3404917,75,0,0.1195985,9.5,0,0,0,0,0,0.1195985,119.5985,0,0,0,0,0,0,0,0,0,0,0,0
3.831245,Movement,70,14,0.1422312,-0.03276038,0.3835453,0.239,-0.08831209,0.3404917,75,0,0.1195985,9.5,0,0,0,0,0,0.1195985,119.5985,0,0,0,0,0,0,0,0,0,0,0,0
3.834496,Movement,70,14,0.1422312,-0.03276038,0.3835453,0.239,-0.08831209,0.3404917,75,0,0.1195985,9.5,0,0,0,0,0,0.1195985,119.5985,0,0,0,0,0,0,0,0,0,0,0,0
3.837639,Movement,70,14,0.1422312,-0.03276038,0.3835453,0.239,-0.08831209,0.3404917,75,0,0.1195985,9.5,0,0,0,0,0,0.1195985,119.5985,0,0,0,0,0,0,0,0,0,0,0,0
3.841759,Movement,70,14,0.1422312,-0.03276038,0.3835453,0.239,-0.08831209,0.3404917,75,0,0.1195985,9.5,0,0,0,0,0,0.1195985,119.5985,0,0,0,0,0,0,0,0,0,0,0,0
3.845299,Movement,70,14,0.1422312,-0.03276038,0.3835453,0.239,-0.08831209,0.3404917,75,0,0.1195985,9.5,0,0,0,0,0,0.1195985,119.5985,0,0,0,0,0,0,0,0,0,0,0,0
3.849159,Movement,70,14,0.1422312,-0.03276038,0.3835453,0.239,-0.08831209,0.3404917,75,0,0.1195985,9.5,0,0,0,0,0,0.1195985,119.5985,0,0,0,0,0,0,0,0,0,0,0,0
3.852211,Movement,70,14,0.1422312,-0.03276038,0.3835453,0.239,-0.08831209,0.3404917,75,0,0.1195985,9.5,0,0,0,0,0,0.1195985,119.5985,0,0,0,0,0,0,0,0,0,0,0,0
3.855675,Movement,70,14,0.1422312,-0.03276038,0.3835453,0.239,-0.08831209,0.3404917,75,0,0.1195985,9.5,0,0,0,0,0,0.1195985,119.5985,0,0,0,0,0,0,0,0,0,0,0,0
3.85952,Movement,70,14,0.1422312,-0.03276038,0.3835453,0.239,-0.08831209,0.3404917,75,0,0.1195985,9.5,0,0,0,0,0,0.1195985,119.5985,0,0,0,0,0,0,0,0,0,0,0,0
3.862724,Movement,70,14,0.1422312,-0.03276038,0.3835453,0.239,-0.08831209,0.3404917,75,0,0.1195985,9.5,0,0,0,0,0,0.1195985,119.5985,0,0,0,0,0,0,0,0,0,0,0,0
3.866386,Movement,70,14,0.1422312,-0.03276038,0.3835453,0.239,-0.08831209,0.3404917,75,0,0.1195985,9.5,0,0,0,0,0,0.1195985,119.5985,0,0,0,0,0,0,0,0,0,0,0,0
3.86953,Movement,70,14,0.1422312,-0.03276038,0.3835453,0.239,-0.08831209,0.3404917,75,0,0.1195985,9.5,0,0,0,0,0,0.1195985,119.5985,0,0,0,0,0,0,0,0,0,0,0,0
3.873436,Movement,70,14,0.1422312,-0.03276038,0.3835453,0.239,-0.08831209,0.3404917,75,0,0.1195985,9.5,0,0,0,0,0,0.1195985,119.5985,0,0,0,0,0,0,0,0,0,0,0,0
3.876884,Movement,70,14,0.1422312,-0.03276038,0.3835453,0.239,-0.08831209,0.3404917,75,0,0.1195985,9.5,0,0,0,0,0,0.1195985,119.5985,0,0,0,0,0,0,0,0,0,0,0,0
3.880501,Movement,70,14,0.1422312,-0.03276038,0.3835453,0.239,-0.08831209,0.3404917,75,0,0.1195985,9.5,0,0,0,0,0,0.1195985,119.5985,0,0,0,0,0,0,0,0,0,0,0,0
3.8843,Movement,70,14,0.1422312,-0.03276038,0.3835453,0.239,-0.08831209,0.3404917,75,0,0.1195985,9.5,0,0,0,0,0,0.1195985,119.5985,0,0,0,0,0,0,0,0,0,0,0,0
3.887291,Movement,70,14,0.1422312,-0.03276038,0.3835453,0.239,-0.08831209,0.3404917,75,0,0.1195985,9.5,0,0,0,0,0,0.1195985,119.5985,0,0,0,0,0,0,0,0,0,0,0,0
3.891182,Movement,70,14,0.1422312,-0.03276038,0.3835453,0.239,-0.08831209,0.3404917,75,0,0.1195985,9.5,0,0,0,0,0,0.1195985,119.5985,0,0,0,0,0,0,0,0,0,0,0,0
3.894447,Movement,70,14,0.1422312,-0.03276038,0.3835453,0.239,-0.08831209,0.3404917,75,0,0.1195985,9.5,0,0,0,0,0,0.1195985,119.5985,0,0,0,0,0,0,0,0,0,0,0,0
3.897728,Movement,70,14,0.1422312,-0.03276038,0.3835453,0.239,-0.08831209,0.3404917,75,0,0.1195985,9.5,0,0,0,0,0,0.1195985,119.5985,0,0,0,0,0,0,0,0,0,0,0,0
3.90081,Movement,70,14,0.1422312,-0.03276038,0.3835453,0.239,-0.08831209,0.3404917,75,0,0.1195985,9.5,0,0,0,0,0,0.1195985,119.5985,0,0,0,0,0,0,0,0,0,0,0,0
3.904381,Movement,70,14,0.1422312,-0.03276038,0.3835453,0.239,-0.08831209,0.3404917,75,0,0.1195985,9.5,0,0,0,0,0,0.1195985,119.5985,0,0,0,0,0,0,0,0,0,0,0,0
3.908318,Movement,70,14,0.1422312,-0.03276038,0.3835453,0.239,-0.08831209,0.3404917,75,0,0.1195985,9.5,0,0,0,0,0,0.1195985,119.5985,0,0,0,0,0,0,0,0,0,0,0,0
3.9114,Movement,70,14,0.1422312,-0.03276038,0.3835453,0.239,-0.08831209,0.3404917,75,0,0.1195985,9.5,0,0,0,0,0,0.1195985,119.5985,0,0,0,0,0,0,0,0,0,0,0,0
3.914909,Movement,70,14,0.1422312,-0.03276038,0.3835453,0.239,-0.08831209,0.3404917,75,0,0.1195985,9.5,0,0,0,0,0,0.1195985,119.5985,0,0,0,0,0,0,0,0,0,0,0,0
3.917992,Movement,70,14,0.1422312,-0.03276038,0.3835453,0.239,-0.08831209,0.3404917,75,0,0.1195985,9.5,0,0,0,0,0,0.1195985,119.5985,0,0,0,0,0,0,0,0,0,0,0,0
3.921181,Movement,70,14,0.1422312,-0.03276038,0.3835453,0.239,-0.08831209,0.3404917,75,0,0.1195985,9.5,0,0,0,0,0,0.1195985,119.5985,0,0,0,0,0,0,0,0,0,0,0,0
3.925697,Movement,70,14,0.1422312,-0.03276038,0.3835453,0.239,-0.08831209,0.3404917,75,0,0.1195985,9.5,0,0,0,0,0,0.1195985,119.5985,0,0,0,0,0,0,0,0,0,0,0,0
3.929314,Movement,70,14,0.1422312,-0.03276038,0.3835453,0.239,-0.08831209,0.3404917,75,0,0.1195985,9.5,0,0,0,0,0,0.1195985,119.5985,0,0,0,0,0,0,0,0,0,0,0,0
3.93354,Movement,70,14,0.1422312,-0.03276038,0.3835453,0.239,-0.08831209,0.3404917,75,0,0.1195985,9.5,0,0,0,0,0,0.1195985,119.5985,0,0,0,0,0,0,0,0,0,0,0,0
3.936607,Movement,70,14,0.1422312,-0.03276038,0.3835453,0.239,-0.08831209,0.3404917,75,0,0.1195985,9.5,0,0,0,0,0,0.1195985,119.5985,0,0,0,0,0,0,0,0,0,0,0,0
3.941673,Movement,70,14,0.1422312,-0.03276038,0.3835453,0.239,-0.08831209,0.3404917,75,0,0.1195985,9.5,0,0,0,0,0,0.1195985,119.5985,0,0,0,0,0,0,0,0,0,0,0,0
3.945915,Movement,70,14,0.1422312,-0.03276038,0.3835453,0.239,-0.08831209,0.3404917,75,0,0.1195985,9.5,0,0,0,0,0,0.1195985,119.5985,0,0,0,0,0,0,0,0,0,0,0,0
3.949806,Movement,70,14,0.1422312,-0.03276038,0.3835453,0.239,-0.08831209,0.3404917,75,0,0.1195985,9.5,0,0,0,0,0,0.1195985,119.5985,0,0,0,0,0,0,0,0,0,0,0,0
3.953545,Movement,70,14,0.1422312,-0.03276038,0.3835453,0.239,-0.08831209,0.3404917,75,0,0.1195985,9.5,0,0,0,0,0,0.1195985,119.5985,0,0,0,0,0,0,0,0,0,0,0,0
3.957542,Movement,70,14,0.1422312,-0.03276038,0.3835453,0.239,-0.08831209,0.3404917,75,0,0.1195985,9.5,0,0,0,0,0,0.1195985,119.5985,0,0,0,0,0,0,0,0,0,0,0,0
3.960899,Movement,70,14,0.1422312,-0.03276038,0.3835453,0.239,-0.08831209,0.3404917,75,0,0.1195985,9.5,0,0,0,0,0,0.1195985,119.5985,0,0,0,0,0,0,0,0,0,0,0,0
3.964409,Movement,70,14,0.1422312,-0.03276038,0.3835453,0.239,-0.08831209,0.3404917,75,0,0.1195985,9.5,0,0,0,0,0,0.1195985,119.5985,0,0,0,0,0,0,0,0,0,0,0,0
3.967873,Movement,70,14,0.1422312,-0.03276038,0.3835453,0.239,-0.08831209,0.3404917,75,0,0.1195985,9.5,0,0,0,0,0,0.1195985,119.5985,0,0,0,0,0,0,0,0,0,0,0,0
3.971336,Movement,70,14,0.1422312,-0.03276038,0.3835453,0.239,-0.08831209,0.3404917,75,0,0.1195985,9.5,0,0,0,0,0,0.1195985,119.5985,0,0,0,0,0,0,0,0,0,0,0,0
3.974831,Movement,70,14,0.1422312,-0.03276038,0.3835453,0.239,-0.08831209,0.3404917,75,0,0.1195985,9.5,0,0,0,0,0,0.1195985,119.5985,0,0,0,0,0,0,0,0,0,0,0,0
3.978477,Movement,70,14,0.1422312,-0.03276038,0.3835453,0.239,-0.08831209,0.3404917,75,0,0.1195985,9.5,0,0,0,0,0,0.1195985,119.5985,0,0,0,0,0,0,0,0,0,0,0,0
3.981941,Movement,70,14,0.1422312,-0.03276038,0.3835453,0.239,-0.08831209,0.3404917,75,0,0.1195985,9.5,0,0,0,0,0,0.1195985,119.5985,0,0,0,0,0,0,0,0,0,0,0,0
3.985847,Movement,70,14,0.1422312,-0.03276038,0.3835453,0.239,-0.08831209,0.3404917,75,0,0.1195985,9.5,0,0,0,0,0,0.1195985,119.5985,0,0,0,0,0,0,0,0,0,0,0,0
3.989601,Movement,70,14,0.1422312,-0.03276038,0.3835453,0.239,-0.08831209,0.3404917,75,0,0.1195985,9.5,0,0,0,0,0,0.1195985,119.5985,0,0,0,0,0,0,0,0,0,0,0,0
3.992851,Movement,70,14,0.1422312,-0.03276038,0.3835453,0.239,-0.08831209,0.3404917,75,0,0.1195985,9.5,0,0,0,0,0,0.1195985,119.5985,0,0,0,0,0,0,0,0,0,0,0,0
3.995811,Movement,70,14,0.1422312,-0.03276038,0.3835453,0.239,-0.08831209,0.3404917,75,0,0.1195985,9.5,0,0,0,0,0,0.1195985,119.5985,0,0,0,0,0,0,0,0,0,0,0,0
4.002525,Movement,70,14,0.1422312,-0.03276038,0.3835453,0.239,-0.08831209,0.3404917,75,0,0.1195985,9.5,0,0,0,0,0,0.1195985,119.5985,0,0,0,0,0,0,0,0,0,0,0,0
4.006737,Movement,70,14,0.1422312,-0.03276038,0.3835453,0.239,-0.08831209,0.3404917,75,0,0.1195985,9.5,0,0,0,0,0,0.1195985,119.5985,0,0,0,0,0,0,0,0,0,0,0,0
4.010124,Movement,70,14,0.1422312,-0.03276038,0.3835453,0.239,-0.08831209,0.3404917,75,0,0.1195985,9.5,0,0,0,0,0,0.1195985,119.5985,0,0,0,0,0,0,0,0,0,0,0,0
4.013664,Movement,70,14,0.1422312,-0.03276038,0.3835453,0.239,-0.08831209,0.3404917,75,0,0.1195985,9.5,0,0,0,0,0,0.1195985,119.5985,0,0,0,0,0,0,0,0,0,0,0,0
4.017708,Movement,70,14,0.1422312,-0.03276038,0.3835453,0.239,-0.08831209,0.3404917,75,0,0.1195985,9.5,0,0,0,0,0,0.1195985,119.5985,0,0,0,0,0,0,0,0,0,0,0,0
4.020973,Movement,70,14,0.1422312,-0.03276038,0.3835453,0.239,-0.08831209,0.3404917,75,0,0.1195985,9.5,0,0,0,0,0,0.1195985,119.5985,0,0,0,0,0,0,0,0,0,0,0,0
4.025337,Movement,70,14,0.1422312,-0.03276038,0.3835453,0.239,-0.08831209,0.3404917,75,0,0.1195985,9.5,0,0,0,0,0,0.1195985,119.5985,0,0,0,0,0,0,0,0,0,0,0,0
4.028587,Movement,70,14,0.1422312,-0.03276038,0.3835453,0.239,-0.08831209,0.3404917,75,0,0.1195985,9.5,0,0,0,0,0,0.1195985,119.5985,0,0,0,0,0,0,0,0,0,0,0,0
4.032127,Movement,70,14,0.1422312,-0.03276038,0.3835453,0.239,-0.08831209,0.3404917,75,0,0.1195985,9.5,0,0,0,0,0,0.1195985,119.5985,0,0,0,0,0,0,0,0,0,0,0,0
4.035225,Movement,70,14,0.1422312,-0.03276038,0.3835453,0.239,-0.08831209,0.3404917,75,0,0.1195985,9.5,0,0,0,0,0,0.1195985,119.5985,0,0,0,0,0,0,0,0,0,0,0,0
4.038582,Movement,70,14,0.1422312,-0.03276038,0.3835453,0.239,-0.08831209,0.3404917,75,0,0.1195985,9.5,0,0,0,0,0,0.1195985,119.5985,0,0,0,0,0,0,0,0,0,0,0,0
4.043068,Movement,70,14,0.1422312,-0.03276038,0.3835453,0.239,-0.08831209,0.3404917,75,0,0.1195985,9.5,0,0,0,0,0,0.1195985,119.5985,0,0,0,0,0,0,0,0,0,0,0,0
4.046394,Movement,70,14,0.1422312,-0.03276038,0.3835453,0.239,-0.08831209,0.3404917,75,0,0.1195985,9.5,0,0,0,0,0,0.1195985,119.5985,0,0,0,0,0,0,0,0,0,0,0,0
4.050987,Movement,70,14,0.1422312,-0.03276038,0.3835453,0.239,-0.08831209,0.3404917,75,0,0.1195985,9.5,0,0,0,0,0,0.1195985,119.5985,0,0,0,0,0,0,0,0,0,0,0,0
4.054207,Movement,70,14,0.1422312,-0.03276038,0.3835453,0.239,-0.08831209,0.3404917,75,0,0.1195985,9.5,0,0,0,0,0,0.1195985,119.5985,0,0,0,0,0,0,0,0,0,0,0,0
4.058281,Movement,70,14,0.1422312,-0.03276038,0.3835453,0.239,-0.08831209,0.3404917,75,0,0.1195985,9.5,0,0,0,0,0,0.1195985,119.5985,0,0,0,0,0,0,0,0,0,0,0,0
4.061546,Movement,70,14,0.1422312,-0.03276038,0.3835453,0.239,-0.08831209,0.3404917,75,0,0.1195985,9.5,0,0,0,0,0,0.1195985,119.5985,0,0,0,0,0,0,0,0,0,0,0,0
4.06559,Movement,70,14,0.1422312,-0.03276038,0.3835453,0.239,-0.08831209,0.3404917,75,0,0.1195985,9.5,0,0,0,0,0,0.1195985,119.5985,0,0,0,0,0,0,0,0,0,0,0,0
4.068794,Movement,70,14,0.1422312,-0.03276038,0.3835453,0.239,-0.08831209,0.3404917,75,0,0.1195985,9.5,0,0,0,0,0,0.1195985,119.5985,0,0,0,0,0,0,0,0,0,0,0,0
4.072319,Movement,70,14,0.1422312,-0.03276038,0.3835453,0.239,-0.08831209,0.3404917,75,0,0.1195985,9.5,0,0,0,0,0,0.1195985,119.5985,0,0,0,0,0,0,0,0,0,0,0,0
4.075935,Movement,70,14,0.1422312,-0.03276038,0.3835453,0.239,-0.08831209,0.3404917,75,0,0.1195985,9.5,0,0,0,0,0,0.1195985,119.5985,0,0,0,0,0,0,0,0,0,0,0,0
4.079582,Movement,70,14,0.1422312,-0.03276038,0.3835453,0.239,-0.08831209,0.3404917,75,0,0.1195985,9.5,0,0,0,0,0,0.1195985,119.5985,0,0,0,0,0,0,0,0,0,0,0,0
4.083153,Movement,70,14,0.1422312,-0.03276038,0.3835453,0.239,-0.08831209,0.3404917,75,0,0.1195985,9.5,0,0,0,0,0,0.1195985,119.5985,0,0,0,0,0,0,0,0,0,0,0,0
4.08683,Movement,70,14,0.1422312,-0.03276038,0.3835453,0.239,-0.08831209,0.3404917,75,0,0.1195985,9.5,0,0,0,0,0,0.1195985,119.5985,0,0,0,0,0,0,0,0,0,0,0,0
4.091026,Movement,70,14,0.1422312,-0.03276038,0.3835453,0.239,-0.08831209,0.3404917,75,0,0.1195985,9.5,0,0,0,0,0,0.1195985,119.5985,0,0,0,0,0,0,0,0,0,0,0,0
4.094566,Movement,70,14,0.1422312,-0.03276038,0.3835453,0.239,-0.08831209,0.3404917,75,0,0.1195985,9.5,0,0,0,0,0,0.1195985,119.5985,0,0,0,0,0,0,0,0,0,0,0,0
4.097801,Movement,70,14,0.1422312,-0.03276038,0.3835453,0.239,-0.08831209,0.3404917,75,0,0.1195985,9.5,0,0,0,0,0,0.1195985,119.5985,0,0,0,0,0,0,0,0,0,0,0,0
4.101112,Movement,70,14,0.1422312,-0.03276038,0.3835453,0.239,-0.08831209,0.3404917,75,0,0.1195985,9.5,0,0,0,0,0,0.1195985,119.5985,0,0,0,0,0,0,0,0,0,0,0,0
4.104973,Movement,70,14,0.1422312,-0.03276038,0.3835453,0.239,-0.08831209,0.3404917,75,0,0.1195985,9.5,0,0,0,0,0,0.1195985,119.5985,0,0,0,0,0,0,0,0,0,0,0,0
4.109489,Movement,70,14,0.1422312,-0.03276038,0.3835453,0.239,-0.08831209,0.3404917,75,0,0.1195985,9.5,0,0,0,0,0,0.1195985,119.5985,0,0,0,0,0,0,0,0,0,0,0,0
4.113228,Movement,70,14,0.1422312,-0.03276038,0.3835453,0.239,-0.08831209,0.3404917,75,0,0.1195985,9.5,0,0,0,0,0,0.1195985,119.5985,0,0,0,0,0,0,0,0,0,0,0,0
4.11721,Movement,70,14,0.1422312,-0.03276038,0.3835453,0.239,-0.08831209,0.3404917,75,0,0.1195985,9.5,0,0,0,0,0,0.1195985,119.5985,0,0,0,0,0,0,0,0,0,0,0,0
4.120735,Movement,70,14,0.1422312,-0.03276038,0.3835453,0.239,-0.08831209,0.3404917,75,0,0.1195985,9.5,0,0,0,0,0,0.1195985,119.5985,0,0,0,0,0,0,0,0,0,0,0,0
4.125694,Movement,70,14,0.1422312,-0.03276038,0.3835453,0.239,-0.08831209,0.3404917,75,0,0.1195985,9.5,0,0,0,0,0,0.1195985,119.5985,0,0,0,0,0,0,0,0,0,0,0,0
4.129448,Movement,70,14,0.1422312,-0.03276038,0.3835453,0.239,-0.08831209,0.3404917,75,0,0.1195985,9.5,0,0,0,0,0,0.1195985,119.5985,0,0,0,0,0,0,0,0,0,0,0,0
4.133308,Movement,70,14,0.1422312,-0.03276038,0.3835453,0.239,-0.08831209,0.3404917,75,0,0.1195985,9.5,0,0,0,0,0,0.1195985,119.5985,0,0,0,0,0,0,0,0,0,0,0,0
4.137077,Movement,70,14,0.1422312,-0.03276038,0.3835453,0.239,-0.08831209,0.3404917,75,0,0.1195985,9.5,0,0,0,0,0,0.1195985,119.5985,0,0,0,0,0,0,0,0,0,0,0,0
4.142143,Movement,70,14,0.1422312,-0.03276038,0.3835453,0.239,-0.08831209,0.3404917,75,0,0.1195985,9.5,0,0,0,0,0,0.1195985,119.5985,0,0,0,0,0,0,0,0,0,0,0,0
4.145821,Movement,70,14,0.1422312,-0.03276038,0.3835453,0.239,-0.08831209,0.3404917,75,0,0.1195985,9.5,0,0,0,0,0,0.1195985,119.5985,0,0,0,0,0,0,0,0,0,0,0,0
4.150383,Movement,70,14,0.1422312,-0.03276038,0.3835453,0.239,-0.08831209,0.3404917,75,0,0.1195985,9.5,0,0,0,0,0,0.1195985,119.5985,0,0,0,0,0,0,0,0,0,0,0,0
4.154411,Movement,70,14,0.1422312,-0.03276038,0.3835453,0.239,-0.08831209,0.3404917,75,0,0.1195985,9.5,0,0,0,0,0,0.1195985,119.5985,0,0,0,0,0,0,0,0,0,0,0,0
4.158806,Movement,70,14,0.1422312,-0.03276038,0.3835453,0.239,-0.08831209,0.3404917,75,0,0.1195985,9.5,0,0,0,0,0,0.1195985,119.5985,0,0,0,0,0,0,0,0,0,0,0,0
4.162178,Movement,70,14,0.1422312,-0.03276038,0.3835453,0.239,-0.08831209,0.3404917,75,0,0.1195985,9.5,0,0,0,0,0,0.1195985,119.5985,0,0,0,0,0,0,0,0,0,0,0,0
4.166389,Movement,70,14,0.1422312,-0.03276038,0.3835453,0.239,-0.08831209,0.3404917,75,0,0.1195985,9.5,0,0,0,0,0,0.1195985,119.5985,0,0,0,0,0,0,0,0,0,0,0,0
4.169945,Movement,70,14,0.1422312,-0.03276038,0.3835453,0.239,-0.08831209,0.3404917,75,0,0.1195985,9.5,0,0,0,0,0,0.1195985,119.5985,0,0,0,0,0,0,0,0,0,0,0,0
4.17408,Movement,70,14,0.1422312,-0.03276038,0.3835453,0.239,-0.08831209,0.3404917,75,0,0.1195985,9.5,0,0,0,0,0,0.1195985,119.5985,0,0,0,0,0,0,0,0,0,0,0,0
4.178093,Movement,70,14,0.1422312,-0.03276038,0.3835453,0.239,-0.08831209,0.3404917,75,0,0.1195985,9.5,0,0,0,0,0,0.1195985,119.5985,0,0,0,0,0,0,0,0,0,0,0,0
4.182076,Movement,70,14,0.1422312,-0.03276038,0.3835453,0.239,-0.08831209,0.3404917,75,0,0.1195985,9.5,0,0,0,0,0,0.1195985,119.5985,0,0,0,0,0,0,0,0,0,0,0,0
4.194176,Movement,70,14,0.1422312,-0.03276038,0.3835453,0.239,-0.08831209,0.3404917,75,0,0.1195985,9.5,0,0,0,0,0,0.1195985,119.5985,0,0,0,0,0,0,0,0,0,0,0,0
4.19796,Movement,70,14,0.1422312,-0.03276038,0.3835453,0.239,-0.08831209,0.3404917,75,0,0.1195985,9.5,0,0,0,0,0,0.1195985,119.5985,0,0,0,0,0,0,0,0,0,0,0,0
4.20182,Movement,70,14,0.1422312,-0.03276038,0.3835453,0.239,-0.08831209,0.3404917,75,0,0.1195985,9.5,0,0,0,0,0,0.1195985,119.5985,0,0,0,0,0,0,0,0,0,0,0,0
4.206139,Movement,70,14,0.1422312,-0.03276038,0.3835453,0.239,-0.08831209,0.3404917,75,0,0.1195985,9.5,0,0,0,0,0,0.1195985,119.5985,0,0,0,0,0,0,0,0,0,0,0,0
4.209816,Movement,70,14,0.1422312,-0.03276038,0.3835453,0.239,-0.08831209,0.3404917,75,0,0.1195985,9.5,0,0,0,0,0,0.1195985,119.5985,0,0,0,0,0,0,0,0,0,0,0,0
4.213005,Movement,70,14,0.1422312,-0.03276038,0.3835453,0.239,-0.08831209,0.3404917,75,0,0.1195985,9.5,0,0,0,0,0,0.1195985,119.5985,0,0,0,0,0,0,0,0,0,0,0,0
4.216805,Movement,70,14,0.1422312,-0.03276038,0.3835453,0.239,-0.08831209,0.3404917,75,0,0.1195985,9.5,0,0,0,0,0,0.1195985,119.5985,0,0,0,0,0,0,0,0,0,0,0,0
4.220192,Movement,70,14,0.1422312,-0.03276038,0.3835453,0.239,-0.08831209,0.3404917,75,0,0.1195985,9.5,0,0,0,0,0,0.1195985,119.5985,0,0,0,0,0,0,0,0,0,0,0,0
4.224632,Movement,70,14,0.1422312,-0.03276038,0.3835453,0.239,-0.08831209,0.3404917,75,0,0.1195985,9.5,0,0,0,0,0,0.1195985,119.5985,0,0,0,0,0,0,0,0,0,0,0,0
4.228325,Movement,70,14,0.1422312,-0.03276038,0.3835453,0.239,-0.08831209,0.3404917,75,0,0.1195985,9.5,0,0,0,0,0,0.1195985,119.5985,0,0,0,0,0,0,0,0,0,0,0,0
4.232185,Movement,70,14,0.1422312,-0.03276038,0.3835453,0.239,-0.08831209,0.3404917,75,0,0.1195985,9.5,0,0,0,0,0,0.1195985,119.5985,0,0,0,0,0,0,0,0,0,0,0,0
4.236076,Movement,70,14,0.1422312,-0.03276038,0.3835453,0.239,-0.08831209,0.3404917,75,0,0.1195985,9.5,0,0,0,0,0,0.1195985,119.5985,0,0,0,0,0,0,0,0,0,0,0,0
4.239876,Movement,70,14,0.1422312,-0.03276038,0.3835453,0.239,-0.08831209,0.3404917,75,0,0.1195985,9.5,0,0,0,0,0,0.1195985,119.5985,0,0,0,0,0,0,0,0,0,0,0,0
4.243279,Movement,70,14,0.1422312,-0.03276038,0.3835453,0.239,-0.08831209,0.3404917,75,0,0.1195985,9.5,0,0,0,0,0,0.1195985,119.5985,0,0,0,0,0,0,0,0,0,0,0,0
4.246941,Movement,70,14,0.1422312,-0.03276038,0.3835453,0.239,-0.08831209,0.3404917,75,0,0.1195985,9.5,0,0,0,0,0,0.1195985,119.5985,0,0,0,0,0,0,0,0,0,0,0,0
4.251228,Movement,70,14,0.1422312,-0.03276038,0.3835453,0.239,-0.08831209,0.3404917,75,0,0.1195985,9.5,0,0,0,0,0,0.1195985,119.5985,0,0,0,0,0,0,0,0,0,0,0,0
4.254204,Movement,70,14,0.1422312,-0.03276038,0.3835453,0.239,-0.08831209,0.3404917,75,0,0.1195985,9.5,0,0,0,0,0,0.1195985,119.5985,0,0,0,0,0,0,0,0,0,0,0,0
4.258446,Movement,70,14,0.1422312,-0.03276038,0.3835453,0.239,-0.08831209,0.3404917,75,0,0.1195985,9.5,0,0,0,0,0,0.1195985,119.5985,0,0,0,0,0,0,0,0,0,0,0,0
4.262108,Movement,70,14,0.1422312,-0.03276038,0.3835453,0.239,-0.08831209,0.3404917,75,0,0.1195985,9.5,0,0,0,0,0,0.1195985,119.5985,0,0,0,0,0,0,0,0,0,0,0,0
4.26635,Movement,70,14,0.1422312,-0.03276038,0.3835453,0.239,-0.08831209,0.3404917,75,0,0.1195985,9.5,0,0,0,0,0,0.1195985,119.5985,0,0,0,0,0,0,0,0,0,0,0,0
4.269417,Movement,70,14,0.1422312,-0.03276038,0.3835453,0.239,-0.08831209,0.3404917,75,0,0.1195985,9.5,0,0,0,0,0,0.1195985,119.5985,0,0,0,0,0,0,0,0,0,0,0,0
4.272835,Movement,70,14,0.1422312,-0.03276038,0.3835453,0.239,-0.08831209,0.3404917,75,0,0.1195985,9.5,0,0,0,0,0,0.1195985,119.5985,0,0,0,0,0,0,0,0,0,0,0,0
4.276604,Movement,70,14,0.1422312,-0.03276038,0.3835453,0.239,-0.08831209,0.3404917,75,0,0.1195985,9.5,0,0,0,0,0,0.1195985,119.5985,0,0,0,0,0,0,0,0,0,0,0,0
4.280144,Movement,70,14,0.1422312,-0.03276038,0.3835453,0.239,-0.08831209,0.3404917,75,0,0.1195985,9.5,0,0,0,0,0,0.1195985,119.5985,0,0,0,0,0,0,0,0,0,0,0,0
4.284203,Movement,70,14,0.1422312,-0.03276038,0.3835453,0.239,-0.08831209,0.3404917,75,0,0.1195985,9.5,0,0,0,0,0,0.1195985,119.5985,0,0,0,0,0,0,0,0,0,0,0,0
4.2873,Movement,70,14,0.1422312,-0.03276038,0.3835453,0.239,-0.08831209,0.3404917,75,0,0.1195985,9.5,0,0,0,0,0,0.1195985,119.5985,0,0,0,0,0,0,0,0,0,0,0,0
4.292564,Movement,70,14,0.1422312,-0.03276038,0.3835453,0.239,-0.08831209,0.3404917,75,0,0.1195985,9.5,0,0,0,0,0,0.1195985,119.5985,0,0,0,0,0,0,0,0,0,0,0,0
4.297142,Movement,70,14,0.1422312,-0.03276038,0.3835453,0.239,-0.08831209,0.3404917,75,0,0.1195985,9.5,0,0,0,0,0,0.1195985,119.5985,0,0,0,0,0,0,0,0,0,0,0,0
4.302193,Movement,70,14,0.1422312,-0.03276038,0.3835453,0.239,-0.08831209,0.3404917,75,0,0.1195985,9.5,0,0,0,0,0,0.1195985,119.5985,0,0,0,0,0,0,0,0,0,0,0,0
4.306847,Movement,70,14,0.1422312,-0.03276038,0.3835453,0.239,-0.08831209,0.3404917,75,0,0.1195985,9.5,0,0,0,0,0,0.1195985,119.5985,0,0,0,0,0,0,0,0,0,0,0,0
4.311501,Movement,70,14,0.1422312,-0.03276038,0.3835453,0.239,-0.08831209,0.3404917,75,0,0.1195985,9.5,0,0,0,0,0,0.1195985,119.5985,0,0,0,0,0,0,0,0,0,0,0,0
4.31443,Movement,70,14,0.1422312,-0.03276038,0.3835453,0.239,-0.08831209,0.3404917,75,0,0.1195985,9.5,0,0,0,0,0,0.1195985,119.5985,0,0,0,0,0,0,0,0,0,0,0,0
4.317741,Movement,70,14,0.1422312,-0.03276038,0.3835453,0.239,-0.08831209,0.3404917,75,0,0.1195985,9.5,0,0,0,0,0,0.1195985,119.5985,0,0,0,0,0,0,0,0,0,0,0,0
4.322334,Movement,70,14,0.1422312,-0.03276038,0.3835453,0.239,-0.08831209,0.3404917,75,0,0.1195985,9.5,0,0,0,0,0,0.1195985,119.5985,0,0,0,0,0,0,0,0,0,0,0,0
4.32737,Movement,70,14,0.1422312,-0.03276038,0.3835453,0.239,-0.08831209,0.3404917,75,0,0.1195985,9.5,0,0,0,0,0,0.1195985,119.5985,0,0,0,0,0,0,0,0,0,0,0,0
4.331963,Movement,70,14,0.1422312,-0.03276038,0.3835453,0.239,-0.08831209,0.3404917,75,0,0.1195985,9.5,0,0,0,0,0,0.1195985,119.5985,0,0,0,0,0,0,0,0,0,0,0,0
4.334999,Movement,70,14,0.1422312,-0.03276038,0.3835453,0.239,-0.08831209,0.3404917,75,0,0.1195985,9.5,0,0,0,0,0,0.1195985,119.5985,0,0,0,0,0,0,0,0,0,0,0,0
4.337883,Movement,70,14,0.1422312,-0.03276038,0.3835453,0.239,-0.08831209,0.3404917,75,0,0.1195985,9.5,0,0,0,0,0,0.1195985,119.5985,0,0,0,0,0,0,0,0,0,0,0,0
4.342766,Movement,70,14,0.1422312,-0.03276038,0.3835453,0.239,-0.08831209,0.3404917,75,0,0.1195985,9.5,0,0,0,0,0,0.1195985,119.5985,0,0,0,0,0,0,0,0,0,0,0,0
4.347145,Movement,70,14,0.1422312,-0.03276038,0.3835453,0.239,-0.08831209,0.3404917,75,0,0.1195985,9.5,0,0,0,0,0,0.1195985,119.5985,0,0,0,0,0,0,0,0,0,0,0,0
4.352287,Movement,70,14,0.1422312,-0.03276038,0.3835453,0.239,-0.08831209,0.3404917,75,0,0.1195985,9.5,0,0,0,0,0,0.1195985,119.5985,0,0,0,0,0,0,0,0,0,0,0,0
4.355843,Movement,70,14,0.1422312,-0.03276038,0.3835453,0.239,-0.08831209,0.3404917,75,0,0.1195985,9.5,0,0,0,0,0,0.1195985,119.5985,0,0,0,0,0,0,0,0,0,0,0,0
4.360054,Movement,70,14,0.1422312,-0.03276038,0.3835453,0.239,-0.08831209,0.3404917,75,0,0.1195985,9.5,0,0,0,0,0,0.1195985,119.5985,0,0,0,0,0,0,0,0,0,0,0,0
4.365013,Movement,70,14,0.1422312,-0.03276038,0.3835453,0.239,-0.08831209,0.3404917,75,0,0.1195985,9.5,0,0,0,0,0,0.1195985,119.5985,0,0,0,0,0,0,0,0,0,0,0,0
4.368126,Movement,70,14,0.1422312,-0.03276038,0.3835453,0.239,-0.08831209,0.3404917,75,0,0.1195985,9.5,0,0,0,0,0,0.1195985,119.5985,0,0,0,0,0,0,0,0,0,0,0,0
4.371773,Movement,70,14,0.1422312,-0.03276038,0.3835453,0.239,-0.08831209,0.3404917,75,0,0.1195985,9.5,0,0,0,0,0,0.1195985,119.5985,0,0,0,0,0,0,0,0,0,0,0,0
4.376808,Movement,70,14,0.1422312,-0.03276038,0.3835453,0.239,-0.08831209,0.3404917,75,0,0.1195985,9.5,0,0,0,0,0,0.1195985,119.5985,0,0,0,0,0,0,0,0,0,0,0,0
4.380577,Movement,70,14,0.1422312,-0.03276038,0.3835453,0.239,-0.08831209,0.3404917,75,0,0.1195985,9.5,0,0,0,0,0,0.1195985,119.5985,0,0,0,0,0,0,0,0,0,0,0,0
4.384056,Movement,70,14,0.1422312,-0.03276038,0.3835453,0.239,-0.08831209,0.3404917,75,0,0.1195985,9.5,0,0,0,0,0,0.1195985,119.5985,0,0,0,0,0,0,0,0,0,0,0,0
4.387123,Movement,70,14,0.1422312,-0.03276038,0.3835453,0.239,-0.08831209,0.3404917,75,0,0.1195985,9.5,0,0,0,0,0,0.1195985,119.5985,0,0,0,0,0,0,0,0,0,0,0,0
4.391579,Movement,70,14,0.1422312,-0.03276038,0.3835453,0.239,-0.08831209,0.3404917,75,0,0.1195985,9.5,0,0,0,0,0,0.1195985,119.5985,0,0,0,0,0,0,0,0,0,0,0,0
4.395927,Movement,70,14,0.1422312,-0.03276038,0.3835453,0.239,-0.08831209,0.3404917,75,0,0.1195985,9.5,0,0,0,0,0,0.1195985,119.5985,0,0,0,0,0,0,0,0,0,0,0,0
4.399483,Movement,70,14,0.1422312,-0.03276038,0.3835453,0.239,-0.08831209,0.3404917,75,0,0.1195985,9.5,0,0,0,0,0,0.1195985,119.5985,0,0,0,0,0,0,0,0,0,0,0,0
4.402779,Movement,70,14,0.1422312,-0.03276038,0.3835453,0.239,-0.08831209,0.3404917,75,0,0.1195985,9.5,0,0,0,0,0,0.1195985,119.5985,0,0,0,0,0,0,0,0,0,0,0,0
4.40815,Movement,70,14,0.1422312,-0.03276038,0.3835453,0.239,-0.08831209,0.3404917,75,0,0.1195985,9.5,0,0,0,0,0,0.1195985,119.5985,0,0,0,0,0,0,0,0,0,0,0,0
4.411446,Movement,70,14,0.1422312,-0.03276038,0.3835453,0.239,-0.08831209,0.3404917,75,0,0.1195985,9.5,0,0,0,0,0,0.1195985,119.5985,0,0,0,0,0,0,0,0,0,0,0,0
4.415001,Movement,70,14,0.1422312,-0.03276038,0.3835453,0.239,-0.08831209,0.3404917,75,0,0.1195985,9.5,0,0,0,0,0,0.1195985,119.5985,0,0,0,0,0,0,0,0,0,0,0,0
4.418312,Movement,70,14,0.1422312,-0.03276038,0.3835453,0.239,-0.08831209,0.3404917,75,0,0.1195985,9.5,0,0,0,0,0,0.1195985,119.5985,0,0,0,0,0,0,0,0,0,0,0,0
4.421806,Movement,70,14,0.1422312,-0.03276038,0.3835453,0.239,-0.08831209,0.3404917,75,0,0.1195985,9.5,0,0,0,0,0,0.1195985,119.5985,0,0,0,0,0,0,0,0,0,0,0,0
4.426979,Movement,70,14,0.1422312,-0.03276038,0.3835453,0.239,-0.08831209,0.3404917,75,0,0.1195985,9.5,0,0,0,0,0,0.1195985,119.5985,0,0,0,0,0,0,0,0,0,0,0,0
4.431313,Movement,70,14,0.1422312,-0.03276038,0.3835453,0.239,-0.08831209,0.3404917,75,0,0.1195985,9.5,0,0,0,0,0,0.1195985,119.5985,0,0,0,0,0,0,0,0,0,0,0,0
4.434761,Movement,70,14,0.1422312,-0.03276038,0.3835453,0.239,-0.08831209,0.3404917,75,0,0.1195985,9.5,0,0,0,0,0,0.1195985,119.5985,0,0,0,0,0,0,0,0,0,0,0,0
4.438606,Movement,70,14,0.1422312,-0.03276038,0.3835453,0.239,-0.08831209,0.3404917,75,0,0.1195985,9.5,0,0,0,0,0,0.1195985,119.5985,0,0,0,0,0,0,0,0,0,0,0,0
4.442253,Movement,70,14,0.1422312,-0.03276038,0.3835453,0.239,-0.08831209,0.3404917,75,0,0.1195985,9.5,0,0,0,0,0,0.1195985,119.5985,0,0,0,0,0,0,0,0,0,0,0,0
4.445671,Movement,70,14,0.1422312,-0.03276038,0.3835453,0.239,-0.08831209,0.3404917,75,0,0.1195985,9.5,0,0,0,0,0,0.1195985,119.5985,0,0,0,0,0,0,0,0,0,0,0,0
4.448997,Movement,70,14,0.1422312,-0.03276038,0.3835453,0.239,-0.08831209,0.3404917,75,0,0.1195985,9.5,0,0,0,0,0,0.1195985,119.5985,0,0,0,0,0,0,0,0,0,0,0,0
4.453743,Movement,70,14,0.1422312,-0.03276038,0.3835453,0.239,-0.08831209,0.3404917,75,0,0.1195985,9.5,0,0,0,0,0,0.1195985,119.5985,0,0,0,0,0,0,0,0,0,0,0,0
4.458763,Movement,70,14,0.1422312,-0.03276038,0.3835453,0.239,-0.08831209,0.3404917,75,0,0.1195985,9.5,0,0,0,0,0,0.1195985,119.5985,0,0,0,0,0,0,0,0,0,0,0,0
4.461967,Movement,70,14,0.1422312,-0.03276038,0.3835453,0.239,-0.08831209,0.3404917,75,0,0.1195985,9.5,0,0,0,0,0,0.1195985,119.5985,0,0,0,0,0,0,0,0,0,0,0,0
4.466988,Movement,70,14,0.1422312,-0.03276038,0.3835453,0.239,-0.08831209,0.3404917,75,0,0.1195985,9.5,0,0,0,0,0,0.1195985,119.5985,0,0,0,0,0,0,0,0,0,0,0,0
4.470207,Movement,70,14,0.1422312,-0.03276038,0.3835453,0.239,-0.08831209,0.3404917,75,0,0.1195985,9.5,0,0,0,0,0,0.1195985,119.5985,0,0,0,0,0,0,0,0,0,0,0,0
4.473824,Movement,70,14,0.1422312,-0.03276038,0.3835453,0.239,-0.08831209,0.3404917,75,0,0.1195985,9.5,0,0,0,0,0,0.1195985,119.5985,0,0,0,0,0,0,0,0,0,0,0,0
4.478691,Movement,70,14,0.1422312,-0.03276038,0.3835453,0.239,-0.08831209,0.3404917,75,0,0.1195985,9.5,0,0,0,0,0,0.1195985,119.5985,0,0,0,0,0,0,0,0,0,0,0,0
4.482735,Movement,70,14,0.1422312,-0.03276038,0.3835453,0.239,-0.08831209,0.3404917,75,0,0.1195985,9.5,0,0,0,0,0,0.1195985,119.5985,0,0,0,0,0,0,0,0,0,0,0,0
4.487267,Movement,70,14,0.1422312,-0.03276038,0.3835453,0.239,-0.08831209,0.3404917,75,0,0.1195985,9.5,0,0,0,0,0,0.1195985,119.5985,0,0,0,0,0,0,0,0,0,0,0,0
4.491051,Movement,70,14,0.1422312,-0.03276038,0.3835453,0.239,-0.08831209,0.3404917,75,0,0.1195985,9.5,0,0,0,0,0,0.1195985,119.5985,0,0,0,0,0,0,0,0,0,0,0,0
4.494301,Movement,70,14,0.1422312,-0.03276038,0.3835453,0.239,-0.08831209,0.3404917,75,0,0.1195985,9.5,0,0,0,0,0,0.1195985,119.5985,0,0,0,0,0,0,0,0,0,0,0,0
4.497704,Movement,70,14,0.1422312,-0.03276038,0.3835453,0.239,-0.08831209,0.3404917,75,0,0.1195985,9.5,0,0,0,0,0,0.1195985,119.5985,0,0,0,0,0,0,0,0,0,0,0,0
4.501122,Movement,70,14,0.1422312,-0.03276038,0.3835453,0.239,-0.08831209,0.3404917,75,0,0.1195985,9.5,0,0,0,0,0,0.1195985,119.5985,0,0,0,0,0,0,0,0,0,0,0,0
4.505867,Movement,70,14,0.1422312,-0.03276038,0.3835453,0.239,-0.08831209,0.3404917,75,0,0.1195985,9.5,0,0,0,0,0,0.1195985,119.5985,0,0,0,0,0,0,0,0,0,0,0,0
4.509178,Movement,70,14,0.1422312,-0.03276038,0.3835453,0.239,-0.08831209,0.3404917,75,0,0.1195985,9.5,0,0,0,0,0,0.1195985,119.5985,0,0,0,0,0,0,0,0,0,0,0,0
4.513618,Movement,70,14,0.1422312,-0.03276038,0.3835453,0.239,-0.08831209,0.3404917,75,0,0.1195985,9.5,0,0,0,0,0,0.1195985,119.5985,0,0,0,0,0,0,0,0,0,0,0,0
4.517204,Movement,70,14,0.1422312,-0.03276038,0.3835453,0.239,-0.08831209,0.3404917,75,0,0.1195985,9.5,0,0,0,0,0,0.1195985,119.5985,0,0,0,0,0,0,0,0,0,0,0,0
4.520454,Movement,70,14,0.1422312,-0.03276038,0.3835453,0.239,-0.08831209,0.3404917,75,0,0.1195985,9.5,0,0,0,0,0,0.1195985,119.5985,0,0,0,0,0,0,0,0,0,0,0,0
4.524422,Movement,70,14,0.1422312,-0.03276038,0.3835453,0.239,-0.08831209,0.3404917,75,0,0.1195985,9.5,0,0,0,0,0,0.1195985,119.5985,0,0,0,0,0,0,0,0,0,0,0,0
4.527626,Movement,70,14,0.1422312,-0.03276038,0.3835453,0.239,-0.08831209,0.3404917,75,0,0.1195985,9.5,0,0,0,0,0,0.1195985,119.5985,0,0,0,0,0,0,0,0,0,0,0,0
4.531425,Movement,70,14,0.1422312,-0.03276038,0.3835453,0.239,-0.08831209,0.3404917,75,0,0.1195985,9.5,0,0,0,0,0,0.1195985,119.5985,0,0,0,0,0,0,0,0,0,0,0,0
4.534569,Movement,70,14,0.1422312,-0.03276038,0.3835453,0.239,-0.08831209,0.3404917,75,0,0.1195985,9.5,0,0,0,0,0,0.1195985,119.5985,0,0,0,0,0,0,0,0,0,0,0,0
4.53756,Movement,70,14,0.1422312,-0.03276038,0.3835453,0.239,-0.08831209,0.3404917,75,0,0.1195985,9.5,0,0,0,0,0,0.1195985,119.5985,0,0,0,0,0,0,0,0,0,0,0,0
4.541359,Movement,70,14,0.1422312,-0.03276038,0.3835453,0.239,-0.08831209,0.3404917,75,0,0.1195985,9.5,0,0,0,0,0,0.1195985,119.5985,0,0,0,0,0,0,0,0,0,0,0,0
4.544792,Movement,70,14,0.1422312,-0.03276038,0.3835453,0.239,-0.08831209,0.3404917,75,0,0.1195985,9.5,0,0,0,0,0,0.1195985,119.5985,0,0,0,0,0,0,0,0,0,0,0,0
4.548759,Movement,70,14,0.1422312,-0.03276038,0.3835453,0.239,-0.08831209,0.3404917,75,0,0.1195985,9.5,0,0,0,0,0,0.1195985,119.5985,0,0,0,0,0,0,0,0,0,0,0,0
4.553291,Movement,70,14,0.1422312,-0.03276038,0.3835453,0.239,-0.08831209,0.3404917,75,0,0.1195985,9.5,0,0,0,0,0,0.1195985,119.5985,0,0,0,0,0,0,0,0,0,0,0,0
4.556664,Movement,70,14,0.1422312,-0.03276038,0.3835453,0.239,-0.08831209,0.3404917,75,0,0.1195985,9.5,0,0,0,0,0,0.1195985,119.5985,0,0,0,0,0,0,0,0,0,0,0,0
4.560127,Movement,70,14,0.1422312,-0.03276038,0.3835453,0.239,-0.08831209,0.3404917,75,0,0.1195985,9.5,0,0,0,0,0,0.1195985,119.5985,0,0,0,0,0,0,0,0,0,0,0,0
4.56411,Movement,70,14,0.1422312,-0.03276038,0.3835453,0.239,-0.08831209,0.3404917,75,0,0.1195985,9.5,0,0,0,0,0,0.1195985,119.5985,0,0,0,0,0,0,0,0,0,0,0,0
4.567299,Movement,70,14,0.1422312,-0.03276038,0.3835453,0.239,-0.08831209,0.3404917,75,0,0.1195985,9.5,0,0,0,0,0,0.1195985,119.5985,0,0,0,0,0,0,0,0,0,0,0,0
4.571358,Movement,70,14,0.1422312,-0.03276038,0.3835453,0.239,-0.08831209,0.3404917,75,0,0.1195985,9.5,0,0,0,0,0,0.1195985,119.5985,0,0,0,0,0,0,0,0,0,0,0,0
4.574669,Movement,70,14,0.1422312,-0.03276038,0.3835453,0.239,-0.08831209,0.3404917,75,0,0.1195985,9.5,0,0,0,0,0,0.1195985,119.5985,0,0,0,0,0,0,0,0,0,0,0,0
4.577812,Movement,70,14,0.1422312,-0.03276038,0.3835453,0.239,-0.08831209,0.3404917,75,0,0.1195985,9.5,0,0,0,0,0,0.1195985,119.5985,0,0,0,0,0,0,0,0,0,0,0,0
4.581856,Movement,70,14,0.1422312,-0.03276038,0.3835453,0.239,-0.08831209,0.3404917,75,0,0.1195985,9.5,0,0,0,0,0,0.1195985,119.5985,0,0,0,0,0,0,0,0,0,0,0,0
4.585472,Movement,70,14,0.1422312,-0.03276038,0.3835453,0.239,-0.08831209,0.3404917,75,0,0.1195985,9.5,0,0,0,0,0,0.1195985,119.5985,0,0,0,0,0,0,0,0,0,0,0,0
4.590401,Movement,70,14,0.1422312,-0.03276038,0.3835453,0.239,-0.08831209,0.3404917,75,0,0.1195985,9.5,0,0,0,0,0,0.1195985,119.5985,0,0,0,0,0,0,0,0,0,0,0,0
4.594032,Movement,70,14,0.1422312,-0.03276038,0.3835453,0.239,-0.08831209,0.3404917,75,0,0.1195985,9.5,0,0,0,0,0,0.1195985,119.5985,0,0,0,0,0,0,0,0,0,0,0,0
4.59803,Movement,70,14,0.1422312,-0.03276038,0.3835453,0.239,-0.08831209,0.3404917,75,0,0.1195985,9.5,0,0,0,0,0,0.1195985,119.5985,0,0,0,0,0,0,0,0,0,0,0,0
4.601509,Movement,70,14,0.1422312,-0.03276038,0.3835453,0.239,-0.08831209,0.3404917,75,0,0.1195985,9.5,0,0,0,0,0,0.1195985,119.5985,0,0,0,0,0,0,0,0,0,0,0,0
4.605263,Movement,70,14,0.1422312,-0.03276038,0.3835453,0.239,-0.08831209,0.3404917,75,0,0.1195985,9.5,0,0,0,0,0,0.1195985,119.5985,0,0,0,0,0,0,0,0,0,0,0,0
4.608452,Movement,70,14,0.1422312,-0.03276038,0.3835453,0.239,-0.08831209,0.3404917,75,0,0.1195985,9.5,0,0,0,0,0,0.1195985,119.5985,0,0,0,0,0,0,0,0,0,0,0,0
4.612541,Movement,70,14,0.1422312,-0.03276038,0.3835453,0.239,-0.08831209,0.3404917,75,0,0.1195985,9.5,0,0,0,0,0,0.1195985,119.5985,0,0,0,0,0,0,0,0,0,0,0,0
4.616051,Movement,70,14,0.1422312,-0.03276038,0.3835453,0.239,-0.08831209,0.3404917,75,0,0.1195985,9.5,0,0,0,0,0,0.1195985,119.5985,0,0,0,0,0,0,0,0,0,0,0,0
4.619514,Movement,70,14,0.1422312,-0.03276038,0.3835453,0.239,-0.08831209,0.3404917,75,0,0.1195985,9.5,0,0,0,0,0,0.1195985,119.5985,0,0,0,0,0,0,0,0,0,0,0,0
4.622902,Movement,70,14,0.1422312,-0.03276038,0.3835453,0.239,-0.08831209,0.3404917,75,0,0.1195985,9.5,0,0,0,0,0,0.1195985,119.5985,0,0,0,0,0,0,0,0,0,0,0,0
4.626717,Movement,70,14,0.1422312,-0.03276038,0.3835453,0.239,-0.08831209,0.3404917,75,0,0.1195985,9.5,0,0,0,0,0,0.1195985,119.5985,0,0,0,0,0,0,0,0,0,0,0,0
4.63015,Movement,70,14,0.1422312,-0.03276038,0.3835453,0.239,-0.08831209,0.3404917,75,0,0.1195985,9.5,0,0,0,0,0,0.1195985,119.5985,0,0,0,0,0,0,0,0,0,0,0,0
4.633568,Movement,70,14,0.1422312,-0.03276038,0.3835453,0.239,-0.08831209,0.3404917,75,0,0.1195985,9.5,0,0,0,0,0,0.1195985,119.5985,0,0,0,0,0,0,0,0,0,0,0,0
4.636955,Movement,70,14,0.1422312,-0.03276038,0.3835453,0.239,-0.08831209,0.3404917,75,0,0.1195985,9.5,0,0,0,0,0,0.1195985,119.5985,0,0,0,0,0,0,0,0,0,0,0,0
4.640373,Movement,70,14,0.1422312,-0.03276038,0.3835453,0.239,-0.08831209,0.3404917,75,0,0.1195985,9.5,0,0,0,0,0,0.1195985,119.5985,0,0,0,0,0,0,0,0,0,0,0,0
4.644096,Movement,70,14,0.1422312,-0.03276038,0.3835453,0.239,-0.08831209,0.3404917,75,0,0.1195985,9.5,0,0,0,0,0,0.1195985,119.5985,0,0,0,0,0,0,0,0,0,0,0,0
4.647377,Movement,70,14,0.1422312,-0.03276038,0.3835453,0.239,-0.08831209,0.3404917,75,0,0.1195985,9.5,0,0,0,0,0,0.1195985,119.5985,0,0,0,0,0,0,0,0,0,0,0,0
4.650688,Movement,70,14,0.1422312,-0.03276038,0.3835453,0.239,-0.08831209,0.3404917,75,0,0.1195985,9.5,0,0,0,0,0,0.1195985,119.5985,0,0,0,0,0,0,0,0,0,0,0,0
4.654182,Movement,70,14,0.1422312,-0.03276038,0.3835453,0.239,-0.08831209,0.3404917,75,0,0.1195985,9.5,0,0,0,0,0,0.1195985,119.5985,0,0,0,0,0,0,0,0,0,0,0,0
4.658012,Movement,70,14,0.1422312,-0.03276038,0.3835453,0.239,-0.08831209,0.3404917,75,0,0.1195985,9.5,0,0,0,0,0,0.1195985,119.5985,0,0,0,0,0,0,0,0,0,0,0,0
4.661507,Movement,70,14,0.1422312,-0.03276038,0.3835453,0.239,-0.08831209,0.3404917,75,0,0.1195985,9.5,0,0,0,0,0,0.1195985,119.5985,0,0,0,0,0,0,0,0,0,0,0,0
4.665337,Movement,70,14,0.1422312,-0.03276038,0.3835453,0.239,-0.08831209,0.3404917,75,0,0.1195985,9.5,0,0,0,0,0,0.1195985,119.5985,0,0,0,0,0,0,0,0,0,0,0,0
4.668602,Movement,70,14,0.1422312,-0.03276038,0.3835453,0.239,-0.08831209,0.3404917,75,0,0.1195985,9.5,0,0,0,0,0,0.1195985,119.5985,0,0,0,0,0,0,0,0,0,0,0,0
4.672356,Movement,70,14,0.1422312,-0.03276038,0.3835453,0.239,-0.08831209,0.3404917,75,0,0.1195985,9.5,0,0,0,0,0,0.1195985,119.5985,0,0,0,0,0,0,0,0,0,0,0,0
4.675575,Movement,70,14,0.1422312,-0.03276038,0.3835453,0.239,-0.08831209,0.3404917,75,0,0.1195985,9.5,0,0,0,0,0,0.1195985,119.5985,0,0,0,0,0,0,0,0,0,0,0,0
4.678719,Movement,70,14,0.1422312,-0.03276038,0.3835453,0.239,-0.08831209,0.3404917,75,0,0.1195985,9.5,0,0,0,0,0,0.1195985,119.5985,0,0,0,0,0,0,0,0,0,0,0,0
4.682671,Movement,70,14,0.1422312,-0.03276038,0.3835453,0.239,-0.08831209,0.3404917,75,0,0.1195985,9.5,0,0,0,0,0,0.1195985,119.5985,0,0,0,0,0,0,0,0,0,0,0,0
4.68618,Movement,70,14,0.1422312,-0.03276038,0.3835453,0.239,-0.08831209,0.3404917,75,0,0.1195985,9.5,0,0,0,0,0,0.1195985,119.5985,0,0,0,0,0,0,0,0,0,0,0,0
4.690681,Movement,70,14,0.1422312,-0.03276038,0.3835453,0.239,-0.08831209,0.3404917,75,0,0.1195985,9.5,0,0,0,0,0,0.1195985,119.5985,0,0,0,0,0,0,0,0,0,0,0,0
4.694176,Movement,70,14,0.1422312,-0.03276038,0.3835453,0.239,-0.08831209,0.3404917,75,0,0.1195985,9.5,0,0,0,0,0,0.1195985,119.5985,0,0,0,0,0,0,0,0,0,0,0,0
4.697838,Movement,70,14,0.1422312,-0.03276038,0.3835453,0.239,-0.08831209,0.3404917,75,0,0.1195985,9.5,0,0,0,0,0,0.1195985,119.5985,0,0,0,0,0,0,0,0,0,0,0,0
4.701134,Movement,70,14,0.1422312,-0.03276038,0.3835453,0.239,-0.08831209,0.3404917,75,0,0.1195985,9.5,0,0,0,0,0,0.1195985,119.5985,0,0,0,0,0,0,0,0,0,0,0,0
4.705452,Movement,70,14,0.1422312,-0.03276038,0.3835453,0.239,-0.08831209,0.3404917,75,0,0.1195985,9.5,0,0,0,0,0,0.1195985,119.5985,0,0,0,0,0,0,0,0,0,0,0,0
4.709038,Movement,70,14,0.1422312,-0.03276038,0.3835453,0.239,-0.08831209,0.3404917,75,0,0.1195985,9.5,0,0,0,0,0,0.1195985,119.5985,0,0,0,0,0,0,0,0,0,0,0,0
4.712303,Movement,70,14,0.1422312,-0.03276038,0.3835453,0.239,-0.08831209,0.3404917,75,0,0.1195985,9.5,0,0,0,0,0,0.1195985,119.5985,0,0,0,0,0,0,0,0,0,0,0,0
4.715767,Movement,70,14,0.1422312,-0.03276038,0.3835453,0.239,-0.08831209,0.3404917,75,0,0.1195985,9.5,0,0,0,0,0,0.1195985,119.5985,0,0,0,0,0,0,0,0,0,0,0,0
4.719246,Movement,70,14,0.1422312,-0.03276038,0.3835453,0.239,-0.08831209,0.3404917,75,0,0.1195985,9.5,0,0,0,0,0,0.1195985,119.5985,0,0,0,0,0,0,0,0,0,0,0,0
4.722816,Movement,70,14,0.1422312,-0.03276038,0.3835453,0.239,-0.08831209,0.3404917,75,0,0.1195985,9.5,0,0,0,0,0,0.1195985,119.5985,0,0,0,0,0,0,0,0,0,0,0,0
4.727272,Movement,70,14,0.1422312,-0.03276038,0.3835453,0.239,-0.08831209,0.3404917,75,0,0.1195985,9.5,0,0,0,0,0,0.1195985,119.5985,0,0,0,0,0,0,0,0,0,0,0,0
4.731422,Movement,70,14,0.1422312,-0.03276038,0.3835453,0.239,-0.08831209,0.3404917,75,0,0.1195985,9.5,0,0,0,0,0,0.1195985,119.5985,0,0,0,0,0,0,0,0,0,0,0,0
4.73513,Movement,70,14,0.1422312,-0.03276038,0.3835453,0.239,-0.08831209,0.3404917,75,0,0.1195985,9.5,0,0,0,0,0,0.1195985,119.5985,0,0,0,0,0,0,0,0,0,0,0,0
4.738319,Movement,70,14,0.1422312,-0.03276038,0.3835453,0.239,-0.08831209,0.3404917,75,0,0.1195985,9.5,0,0,0,0,0,0.1195985,119.5985,0,0,0,0,0,0,0,0,0,0,0,0
4.742531,Movement,70,14,0.1422312,-0.03276038,0.3835453,0.239,-0.08831209,0.3404917,75,0,0.1195985,9.5,0,0,0,0,0,0.1195985,119.5985,0,0,0,0,0,0,0,0,0,0,0,0
4.746071,Movement,70,14,0.1422312,-0.03276038,0.3835453,0.239,-0.08831209,0.3404917,75,0,0.1195985,9.5,0,0,0,0,0,0.1195985,119.5985,0,0,0,0,0,0,0,0,0,0,0,0
4.749428,Movement,70,14,0.1422312,-0.03276038,0.3835453,0.239,-0.08831209,0.3404917,75,0,0.1195985,9.5,0,0,0,0,0,0.1195985,119.5985,0,0,0,0,0,0,0,0,0,0,0,0
4.752769,Movement,70,14,0.1422312,-0.03276038,0.3835453,0.239,-0.08831209,0.3404917,75,0,0.1195985,9.5,0,0,0,0,0,0.1195985,119.5985,0,0,0,0,0,0,0,0,0,0,0,0
4.756386,Movement,70,14,0.1422312,-0.03276038,0.3835453,0.239,-0.08831209,0.3404917,75,0,0.1195985,9.5,0,0,0,0,0,0.1195985,119.5985,0,0,0,0,0,0,0,0,0,0,0,0
4.759666,Movement,70,14,0.1422312,-0.03276038,0.3835453,0.239,-0.08831209,0.3404917,75,0,0.1195985,9.5,0,0,0,0,0,0.1195985,119.5985,0,0,0,0,0,0,0,0,0,0,0,0
4.762947,Movement,70,14,0.1422312,-0.03276038,0.3835453,0.239,-0.08831209,0.3404917,75,0,0.1195985,9.5,0,0,0,0,0,0.1195985,119.5985,0,0,0,0,0,0,0,0,0,0,0,0
4.766747,Movement,70,14,0.1422312,-0.03276038,0.3835453,0.239,-0.08831209,0.3404917,75,0,0.1195985,9.5,0,0,0,0,0,0.1195985,119.5985,0,0,0,0,0,0,0,0,0,0,0,0
4.769844,Movement,70,14,0.1422312,-0.03276038,0.3835453,0.239,-0.08831209,0.3404917,75,0,0.1195985,9.5,0,0,0,0,0,0.1195985,119.5985,0,0,0,0,0,0,0,0,0,0,0,0
4.773293,Movement,70,14,0.1422312,-0.03276038,0.3835453,0.239,-0.08831209,0.3404917,75,0,0.1195985,9.5,0,0,0,0,0,0.1195985,119.5985,0,0,0,0,0,0,0,0,0,0,0,0
4.776787,Movement,70,14,0.1422312,-0.03276038,0.3835453,0.239,-0.08831209,0.3404917,75,0,0.1195985,9.5,0,0,0,0,0,0.1195985,119.5985,0,0,0,0,0,0,0,0,0,0,0,0
4.77993,Movement,70,14,0.1422312,-0.03276038,0.3835453,0.239,-0.08831209,0.3404917,75,0,0.1195985,9.5,0,0,0,0,0,0.1195985,119.5985,0,0,0,0,0,0,0,0,0,0,0,0
4.783867,Movement,70,14,0.1422312,-0.03276038,0.3835453,0.239,-0.08831209,0.3404917,75,0,0.1195985,9.5,0,0,0,0,0,0.1195985,119.5985,0,0,0,0,0,0,0,0,0,0,0,0
4.787331,Movement,70,14,0.1422312,-0.03276038,0.3835453,0.239,-0.08831209,0.3404917,75,0,0.1195985,9.5,0,0,0,0,0,0.1195985,119.5985,0,0,0,0,0,0,0,0,0,0,0,0
4.791344,Movement,70,14,0.1422312,-0.03276038,0.3835453,0.239,-0.08831209,0.3404917,75,0,0.1195985,9.5,0,0,0,0,0,0.1195985,119.5985,0,0,0,0,0,0,0,0,0,0,0,0
4.794441,Movement,70,14,0.1422312,-0.03276038,0.3835453,0.239,-0.08831209,0.3404917,75,0,0.1195985,9.5,0,0,0,0,0,0.1195985,119.5985,0,0,0,0,0,0,0,0,0,0,0,0
4.798027,Movement,70,14,0.1422312,-0.03276038,0.3835453,0.239,-0.08831209,0.3404917,75,0,0.1195985,9.5,0,0,0,0,0,0.1195985,119.5985,0,0,0,0,0,0,0,0,0,0,0,0
4.80143,Movement,70,14,0.1422312,-0.03276038,0.3835453,0.239,-0.08831209,0.3404917,75,0,0.1195985,9.5,0,0,0,0,0,0.1195985,119.5985,0,0,0,0,0,0,0,0,0,0,0,0
4.805473,Movement,70,14,0.1422312,-0.03276038,0.3835453,0.239,-0.08831209,0.3404917,75,0,0.1195985,9.5,0,0,0,0,0,0.1195985,119.5985,0,0,0,0,0,0,0,0,0,0,0,0
4.80912,Movement,70,14,0.1422312,-0.03276038,0.3835453,0.239,-0.08831209,0.3404917,75,0,0.1195985,9.5,0,0,0,0,0,0.1195985,119.5985,0,0,0,0,0,0,0,0,0,0,0,0
4.812447,Movement,70,14,0.1422312,-0.03276038,0.3835453,0.239,-0.08831209,0.3404917,75,0,0.1195985,9.5,0,0,0,0,0,0.1195985,119.5985,0,0,0,0,0,0,0,0,0,0,0,0
4.815788,Movement,70,14,0.1422312,-0.03276038,0.3835453,0.239,-0.08831209,0.3404917,75,0,0.1195985,9.5,0,0,0,0,0,0.1195985,119.5985,0,0,0,0,0,0,0,0,0,0,0,0
4.818993,Movement,70,14,0.1422312,-0.03276038,0.3835453,0.239,-0.08831209,0.3404917,75,0,0.1195985,9.5,0,0,0,0,0,0.1195985,119.5985,0,0,0,0,0,0,0,0,0,0,0,0
4.822227,Movement,70,14,0.1422312,-0.03276038,0.3835453,0.239,-0.08831209,0.3404917,75,0,0.1195985,9.5,0,0,0,0,0,0.1195985,119.5985,0,0,0,0,0,0,0,0,0,0,0,0
4.825874,Movement,70,14,0.1422312,-0.03276038,0.3835453,0.239,-0.08831209,0.3404917,75,0,0.1195985,9.5,0,0,0,0,0,0.1195985,119.5985,0,0,0,0,0,0,0,0,0,0,0,0
4.829109,Movement,70,14,0.1422312,-0.03276038,0.3835453,0.239,-0.08831209,0.3404917,75,0,0.1195985,9.5,0,0,0,0,0,0.1195985,119.5985,0,0,0,0,0,0,0,0,0,0,0,0
4.832649,Movement,70,14,0.1422312,-0.03276038,0.3835453,0.239,-0.08831209,0.3404917,75,0,0.1195985,9.5,0,0,0,0,0,0.1195985,119.5985,0,0,0,0,0,0,0,0,0,0,0,0
4.835838,Movement,70,14,0.1422312,-0.03276038,0.3835453,0.239,-0.08831209,0.3404917,75,0,0.1195985,9.5,0,0,0,0,0,0.1195985,119.5985,0,0,0,0,0,0,0,0,0,0,0,0
4.839241,Movement,70,14,0.1422312,-0.03276038,0.3835453,0.239,-0.08831209,0.3404917,75,0,0.1195985,9.5,0,0,0,0,0,0.1195985,119.5985,0,0,0,0,0,0,0,0,0,0,0,0
4.843178,Movement,70,14,0.1422312,-0.03276038,0.3835453,0.239,-0.08831209,0.3404917,75,0,0.1195985,9.5,0,0,0,0,0,0.1195985,119.5985,0,0,0,0,0,0,0,0,0,0,0,0
4.84684,Movement,70,14,0.1422312,-0.03276038,0.3835453,0.239,-0.08831209,0.3404917,75,0,0.1195985,9.5,0,0,0,0,0,0.1195985,119.5985,0,0,0,0,0,0,0,0,0,0,0,0
4.850197,Movement,70,14,0.1422312,-0.03276038,0.3835453,0.239,-0.08831209,0.3404917,75,0,0.1195985,9.5,0,0,0,0,0,0.1195985,119.5985,0,0,0,0,0,0,0,0,0,0,0,0
4.853523,Movement,70,14,0.1422312,-0.03276038,0.3835453,0.239,-0.08831209,0.3404917,75,0,0.1195985,9.5,0,0,0,0,0,0.1195985,119.5985,0,0,0,0,0,0,0,0,0,0,0,0
4.857292,Movement,70,14,0.1422312,-0.03276038,0.3835453,0.239,-0.08831209,0.3404917,75,0,0.1195985,9.5,0,0,0,0,0,0.1195985,119.5985,0,0,0,0,0,0,0,0,0,0,0,0
4.860558,Movement,70,14,0.1422312,-0.03276038,0.3835453,0.239,-0.08831209,0.3404917,75,0,0.1195985,9.5,0,0,0,0,0,0.1195985,119.5985,0,0,0,0,0,0,0,0,0,0,0,0
4.864067,Movement,70,14,0.1422312,-0.03276038,0.3835453,0.239,-0.08831209,0.3404917,75,0,0.1195985,9.5,0,0,0,0,0,0.1195985,119.5985,0,0,0,0,0,0,0,0,0,0,0,0
4.867317,Movement,70,14,0.1422312,-0.03276038,0.3835453,0.239,-0.08831209,0.3404917,75,0,0.1195985,9.5,0,0,0,0,0,0.1195985,119.5985,0,0,0,0,0,0,0,0,0,0,0,0
4.870293,Movement,70,14,0.1422312,-0.03276038,0.3835453,0.239,-0.08831209,0.3404917,75,0,0.1195985,9.5,0,0,0,0,0,0.1195985,119.5985,0,0,0,0,0,0,0,0,0,0,0,0
4.874062,Movement,70,14,0.1422312,-0.03276038,0.3835453,0.239,-0.08831209,0.3404917,75,0,0.1195985,9.5,0,0,0,0,0,0.1195985,119.5985,0,0,0,0,0,0,0,0,0,0,0,0
4.877235,Movement,70,14,0.1422312,-0.03276038,0.3835453,0.239,-0.08831209,0.3404917,75,0,0.1195985,9.5,0,0,0,0,0,0.1195985,119.5985,0,0,0,0,0,0,0,0,0,0,0,0
4.880531,Movement,70,14,0.1422312,-0.03276038,0.3835453,0.239,-0.08831209,0.3404917,75,0,0.1195985,9.5,0,0,0,0,0,0.1195985,119.5985,0,0,0,0,0,0,0,0,0,0,0,0
4.884407,Movement,70,14,0.1422312,-0.03276038,0.3835453,0.239,-0.08831209,0.3404917,75,0,0.1195985,9.5,0,0,0,0,0,0.1195985,119.5985,0,0,0,0,0,0,0,0,0,0,0,0
4.88752,Movement,70,14,0.1422312,-0.03276038,0.3835453,0.239,-0.08831209,0.3404917,75,0,0.1195985,9.5,0,0,0,0,0,0.1195985,119.5985,0,0,0,0,0,0,0,0,0,0,0,0
4.891289,Movement,70,14,0.1422312,-0.03276038,0.3835453,0.239,-0.08831209,0.3404917,75,0,0.1195985,9.5,0,0,0,0,0,0.1195985,119.5985,0,0,0,0,0,0,0,0,0,0,0,0
4.894478,Movement,70,14,0.1422312,-0.03276038,0.3835453,0.239,-0.08831209,0.3404917,75,0,0.1195985,9.5,0,0,0,0,0,0.1195985,119.5985,0,0,0,0,0,0,0,0,0,0,0,0
4.898048,Movement,70,14,0.1422312,-0.03276038,0.3835453,0.239,-0.08831209,0.3404917,75,0,0.1195985,9.5,0,0,0,0,0,0.1195985,119.5985,0,0,0,0,0,0,0,0,0,0,0,0
4.901329,Movement,70,14,0.1422312,-0.03276038,0.3835453,0.239,-0.08831209,0.3404917,75,0,0.1195985,9.5,0,0,0,0,0,0.1195985,119.5985,0,0,0,0,0,0,0,0,0,0,0,0
4.904778,Movement,70,14,0.1422312,-0.03276038,0.3835453,0.239,-0.08831209,0.3404917,75,0,0.1195985,9.5,0,0,0,0,0,0.1195985,119.5985,0,0,0,0,0,0,0,0,0,0,0,0
4.908638,Movement,70,14,0.1422312,-0.03276038,0.3835453,0.239,-0.08831209,0.3404917,75,0,0.1195985,9.5,0,0,0,0,0,0.1195985,119.5985,0,0,0,0,0,0,0,0,0,0,0,0
4.911888,Movement,70,14,0.1422312,-0.03276038,0.3835453,0.239,-0.08831209,0.3404917,75,0,0.1195985,9.5,0,0,0,0,0,0.1195985,119.5985,0,0,0,0,0,0,0,0,0,0,0,0
4.915306,Movement,70,14,0.1422312,-0.03276038,0.3835453,0.239,-0.08831209,0.3404917,75,0,0.1195985,9.5,0,0,0,0,0,0.1195985,119.5985,0,0,0,0,0,0,0,0,0,0,0,0
4.918556,Movement,70,14,0.1422312,-0.03276038,0.3835453,0.239,-0.08831209,0.3404917,75,0,0.1195985,9.5,0,0,0,0,0,0.1195985,119.5985,0,0,0,0,0,0,0,0,0,0,0,0
4.922417,Movement,70,14,0.1422312,-0.03276038,0.3835453,0.239,-0.08831209,0.3404917,75,0,0.1195985,9.5,0,0,0,0,0,0.1195985,119.5985,0,0,0,0,0,0,0,0,0,0,0,0
4.926353,Movement,70,14,0.1422312,-0.03276038,0.3835453,0.239,-0.08831209,0.3404917,75,0,0.1195985,9.5,0,0,0,0,0,0.1195985,119.5985,0,0,0,0,0,0,0,0,0,0,0,0
4.929375,Movement,70,14,0.1422312,-0.03276038,0.3835453,0.239,-0.08831209,0.3404917,75,0,0.1195985,9.5,0,0,0,0,0,0.1195985,119.5985,0,0,0,0,0,0,0,0,0,0,0,0
4.932915,Movement,70,14,0.1422312,-0.03276038,0.3835453,0.239,-0.08831209,0.3404917,75,0,0.1195985,9.5,0,0,0,0,0,0.1195985,119.5985,0,0,0,0,0,0,0,0,0,0,0,0
4.936287,Movement,70,14,0.1422312,-0.03276038,0.3835453,0.239,-0.08831209,0.3404917,75,0,0.1195985,9.5,0,0,0,0,0,0.1195985,119.5985,0,0,0,0,0,0,0,0,0,0,0,0
4.940819,Movement,70,14,0.1422312,-0.03276038,0.3835453,0.239,-0.08831209,0.3404917,75,0,0.1195985,9.5,0,0,0,0,0,0.1195985,119.5985,0,0,0,0,0,0,0,0,0,0,0,0
4.944206,Movement,70,14,0.1422312,-0.03276038,0.3835453,0.239,-0.08831209,0.3404917,75,0,0.1195985,9.5,0,0,0,0,0,0.1195985,119.5985,0,0,0,0,0,0,0,0,0,0,0,0
4.947411,Movement,70,14,0.1422312,-0.03276038,0.3835453,0.239,-0.08831209,0.3404917,75,0,0.1195985,9.5,0,0,0,0,0,0.1195985,119.5985,0,0,0,0,0,0,0,0,0,0,0,0
4.951134,Movement,70,14,0.1422312,-0.03276038,0.3835453,0.239,-0.08831209,0.3404917,75,0,0.1195985,9.5,0,0,0,0,0,0.1195985,119.5985,0,0,0,0,0,0,0,0,0,0,0,0
4.954704,Movement,70,14,0.1422312,-0.03276038,0.3835453,0.239,-0.08831209,0.3404917,75,0,0.1195985,9.5,0,0,0,0,0,0.1195985,119.5985,0,0,0,0,0,0,0,0,0,0,0,0
4.958412,Movement,70,14,0.1422312,-0.03276038,0.3835453,0.239,-0.08831209,0.3404917,75,0,0.1195985,9.5,0,0,0,0,0,0.1195985,119.5985,0,0,0,0,0,0,0,0,0,0,0,0
4.961678,Movement,70,14,0.1422312,-0.03276038,0.3835453,0.239,-0.08831209,0.3404917,75,0,0.1195985,9.5,0,0,0,0,0,0.1195985,119.5985,0,0,0,0,0,0,0,0,0,0,0,0
4.965691,Movement,70,14,0.1422312,-0.03276038,0.3835453,0.239,-0.08831209,0.3404917,75,0,0.1195985,9.5,0,0,0,0,0,0.1195985,119.5985,0,0,0,0,0,0,0,0,0,0,0,0
4.9692,Movement,70,14,0.1422312,-0.03276038,0.3835453,0.239,-0.08831209,0.3404917,75,0,0.1195985,9.5,0,0,0,0,0,0.1195985,119.5985,0,0,0,0,0,0,0,0,0,0,0,0
4.972847,Movement,70,14,0.1422312,-0.03276038,0.3835453,0.239,-0.08831209,0.3404917,75,0,0.1195985,9.5,0,0,0,0,0,0.1195985,119.5985,0,0,0,0,0,0,0,0,0,0,0,0
4.976311,Movement,70,14,0.1422312,-0.03276038,0.3835453,0.239,-0.08831209,0.3404917,75,0,0.1195985,9.5,0,0,0,0,0,0.1195985,119.5985,0,0,0,0,0,0,0,0,0,0,0,0
4.979561,Movement,70,14,0.1422312,-0.03276038,0.3835453,0.239,-0.08831209,0.3404917,75,0,0.1195985,9.5,0,0,0,0,0,0.1195985,119.5985,0,0,0,0,0,0,0,0,0,0,0,0
4.983406,Movement,70,14,0.1422312,-0.03276038,0.3835453,0.239,-0.08831209,0.3404917,75,0,0.1195985,9.5,0,0,0,0,0,0.1195985,119.5985,0,0,0,0,0,0,0,0,0,0,0,0
4.986961,Movement,70,14,0.1422312,-0.03276038,0.3835453,0.239,-0.08831209,0.3404917,75,0,0.1195985,9.5,0,0,0,0,0,0.1195985,119.5985,0,0,0,0,0,0,0,0,0,0,0,0
4.991417,Movement,70,14,0.1422312,-0.03276038,0.3835453,0.239,-0.08831209,0.3404917,75,0,0.1195985,9.5,0,0,0,0,0,0.1195985,119.5985,0,0,0,0,0,0,0,0,0,0,0,0
4.994743,Movement,70,14,0.1422312,-0.03276038,0.3835453,0.239,-0.08831209,0.3404917,75,0,0.1195985,9.5,0,0,0,0,0,0.1195985,119.5985,0,0,0,0,0,0,0,0,0,0,0,0
4.998253,Movement,70,14,0.1422312,-0.03276038,0.3835453,0.239,-0.08831209,0.3404917,75,0,0.1195985,9.5,0,0,0,0,0,0.1195985,119.5985,0,0,0,0,0,0,0,0,0,0,0,0
5.001747,Movement,70,14,0.1422312,-0.03276038,0.3835453,0.239,-0.08831209,0.3404917,75,0,0.1195985,9.5,0,0,0,0,0,0.1195985,119.5985,0,0,0,0,0,0,0,0,0,0,0,0
5.005791,Movement,70,14,0.1422312,-0.03276038,0.3835453,0.239,-0.08831209,0.3404917,75,0,0.1195985,9.5,0,0,0,0,0,0.1195985,119.5985,0,0,0,0,0,0,0,0,0,0,0,0
5.009514,Movement,70,14,0.1422312,-0.03276038,0.3835453,0.239,-0.08831209,0.3404917,75,0,0.1195985,9.5,0,0,0,0,0,0.1195985,119.5985,0,0,0,0,0,0,0,0,0,0,0,0
5.012978,Movement,70,14,0.1422312,-0.03276038,0.3835453,0.239,-0.08831209,0.3404917,75,0,0.1195985,9.5,0,0,0,0,0,0.1195985,119.5985,0,0,0,0,0,0,0,0,0,0,0,0
5.016777,Movement,70,14,0.1422312,-0.03276038,0.3835453,0.239,-0.08831209,0.3404917,75,0,0.1195985,9.5,0,0,0,0,0,0.1195985,119.5985,0,0,0,0,0,0,0,0,0,0,0,0
5.01989,Movement,70,14,0.1422312,-0.03276038,0.3835453,0.239,-0.08831209,0.3404917,75,0,0.1195985,9.5,0,0,0,0,0,0.1195985,119.5985,0,0,0,0,0,0,0,0,0,0,0,0
5.023994,Movement,70,14,0.1422312,-0.03276038,0.3835453,0.239,-0.08831209,0.3404917,75,0,0.1195985,9.5,0,0,0,0,0,0.1195985,119.5985,0,0,0,0,0,0,0,0,0,0,0,0
5.027397,Movement,70,14,0.1422312,-0.03276038,0.3835453,0.239,-0.08831209,0.3404917,75,0,0.1195985,9.5,0,0,0,0,0,0.1195985,119.5985,0,0,0,0,0,0,0,0,0,0,0,0
5.031013,Movement,70,14,0.1422312,-0.03276038,0.3835453,0.239,-0.08831209,0.3404917,75,0,0.1195985,9.5,0,0,0,0,0,0.1195985,119.5985,0,0,0,0,0,0,0,0,0,0,0,0
5.035439,Movement,70,14,0.1422312,-0.03276038,0.3835453,0.239,-0.08831209,0.3404917,75,0,0.1195985,9.5,0,0,0,0,0,0.1195985,119.5985,0,0,0,0,0,0,0,0,0,0,0,0
5.038979,Movement,70,14,0.1422312,-0.03276038,0.3835453,0.239,-0.08831209,0.3404917,75,0,0.1195985,9.5,0,0,0,0,0,0.1195985,119.5985,0,0,0,0,0,0,0,0,0,0,0,0
5.043831,Movement,70,14,0.1422312,-0.03276038,0.3835453,0.239,-0.08831209,0.3404917,75,0,0.1195985,9.5,0,0,0,0,0,0.1195985,119.5985,0,0,0,0,0,0,0,0,0,0,0,0
5.050728,Movement,70,14,0.1422312,-0.03276038,0.3835453,0.239,-0.08831209,0.3404917,75,0,0.1195985,9.5,0,0,0,0,0,0.1195985,119.5985,0,0,0,0,0,0,0,0,0,0,0,0
5.053764,Movement,70,14,0.1422312,-0.03276038,0.3835453,0.239,-0.08831209,0.3404917,75,0,0.1195985,9.5,0,0,0,0,0,0.1195985,119.5985,0,0,0,0,0,0,0,0,0,0,0,0
5.059105,Movement,70,14,0.1422312,-0.03276038,0.3835453,0.239,-0.08831209,0.3404917,75,0,0.1195985,9.5,0,0,0,0,0,0.1195985,119.5985,0,0,0,0,0,0,0,0,0,0,0,0
5.06414,Movement,70,14,0.1422312,-0.03276038,0.3835453,0.239,-0.08831209,0.3404917,75,0,0.1195985,9.5,0,0,0,0,0,0.1195985,119.5985,0,0,0,0,0,0,0,0,0,0,0,0
5.068932,Movement,70,14,0.1422312,-0.03276038,0.3835453,0.239,-0.08831209,0.3404917,75,0,0.1195985,9.5,0,0,0,0,0,0.1195985,119.5985,0,0,0,0,0,0,0,0,0,0,0,0
5.076271,Movement,70,14,0.1422312,-0.03276038,0.3835453,0.239,-0.08831209,0.3404917,75,0,0.1195985,9.5,0,0,0,0,0,0.1195985,119.5985,0,0,0,0,0,0,0,0,0,0,0,0
5.083977,Movement,70,14,0.1422312,-0.03276038,0.3835453,0.239,-0.08831209,0.3404917,75,0,0.1195985,9.5,0,0,0,0,0,0.1195985,119.5985,0,0,0,0,0,0,0,0,0,0,0,0
5.088203,Movement,70,14,0.1422312,-0.03276038,0.3835453,0.239,-0.08831209,0.3404917,75,0,0.1195985,9.5,0,0,0,0,0,0.1195985,119.5985,0,0,0,0,0,0,0,0,0,0,0,0
5.095146,Movement,70,14,0.1422312,-0.03276038,0.3835453,0.239,-0.08831209,0.3404917,75,0,0.1195985,9.5,0,0,0,0,0,0.1195985,119.5985,0,0,0,0,0,0,0,0,0,0,0,0
5.099602,Movement,70,14,0.1422312,-0.03276038,0.3835453,0.239,-0.08831209,0.3404917,75,0,0.1195985,9.5,0,0,0,0,0,0.1195985,119.5985,0,0,0,0,0,0,0,0,0,0,0,0
5.10421,Movement,70,14,0.1422312,-0.03276038,0.3835453,0.239,-0.08831209,0.3404917,75,0,0.1195985,9.5,0,0,0,0,0,0.1195985,119.5985,0,0,0,0,0,0,0,0,0,0,0,0
5.113914,Movement,70,14,0.1422312,-0.03276038,0.3835453,0.239,-0.08831209,0.3404917,75,0,0.1195985,9.5,0,0,0,0,0,0.1195985,119.5985,0,0,0,0,0,0,0,0,0,0,0,0
5.119789,Movement,70,14,0.1422312,-0.03276038,0.3835453,0.239,-0.08831209,0.3404917,75,0,0.1195985,9.5,0,0,0,0,0,0.1195985,119.5985,0,0,0,0,0,0,0,0,0,0,0,0
5.127907,Movement,70,14,0.1422312,-0.03276038,0.3835453,0.239,-0.08831209,0.3404917,75,0,0.1195985,9.5,0,0,0,0,0,0.1195985,119.5985,0,0,0,0,0,0,0,0,0,0,0,0
5.134758,Movement,70,14,0.1422312,-0.03276038,0.3835453,0.239,-0.08831209,0.3404917,75,0,0.1195985,9.5,0,0,0,0,0,0.1195985,119.5985,0,0,0,0,0,0,0,0,0,0,0,0
5.140968,Movement,70,14,0.1422312,-0.03276038,0.3835453,0.239,-0.08831209,0.3404917,75,0,0.1195985,9.5,0,0,0,0,0,0.1195985,119.5985,0,0,0,0,0,0,0,0,0,0,0,0
5.144936,Movement,70,14,0.1422312,-0.03276038,0.3835453,0.239,-0.08831209,0.3404917,75,0,0.1195985,9.5,0,0,0,0,0,0.1195985,119.5985,0,0,0,0,0,0,0,0,0,0,0,0
5.149193,Movement,70,14,0.1422312,-0.03276038,0.3835453,0.239,-0.08831209,0.3404917,75,0,0.1195985,9.5,0,0,0,0,0,0.1195985,119.5985,0,0,0,0,0,0,0,0,0,0,0,0
5.15313,Movement,70,14,0.1422312,-0.03276038,0.3835453,0.239,-0.08831209,0.3404917,75,0,0.1195985,9.5,0,0,0,0,0,0.1195985,119.5985,0,0,0,0,0,0,0,0,0,0,0,0
5.159889,Movement,70,14,0.1422312,-0.03276038,0.3835453,0.239,-0.08831209,0.3404917,75,0,0.1195985,9.5,0,0,0,0,0,0.1195985,119.5985,0,0,0,0,0,0,0,0,0,0,0,0
5.165123,Movement,70,14,0.1422312,-0.03276038,0.3835453,0.239,-0.08831209,0.3404917,75,0,0.1195985,9.5,0,0,0,0,0,0.1195985,119.5985,0,0,0,0,0,0,0,0,0,0,0,0
5.169746,Movement,70,14,0.1422312,-0.03276038,0.3835453,0.239,-0.08831209,0.3404917,75,0,0.1195985,9.5,0,0,0,0,0,0.1195985,119.5985,0,0,0,0,0,0,0,0,0,0,0,0
5.177956,Movement,70,14,0.1422312,-0.03276038,0.3835453,0.239,-0.08831209,0.3404917,75,0,0.1195985,9.5,0,0,0,0,0,0.1195985,119.5985,0,0,0,0,0,0,0,0,0,0,0,0
5.183037,Movement,70,14,0.1422312,-0.03276038,0.3835453,0.239,-0.08831209,0.3404917,75,0,0.1195985,9.5,0,0,0,0,0,0.1195985,119.5985,0,0,0,0,0,0,0,0,0,0,0,0
5.189278,Movement,70,14,0.1422312,-0.03276038,0.3835453,0.239,-0.08831209,0.3404917,75,0,0.1195985,9.5,0,0,0,0,0,0.1195985,119.5985,0,0,0,0,0,0,0,0,0,0,0,0
5.193886,Movement,70,14,0.1422312,-0.03276038,0.3835453,0.239,-0.08831209,0.3404917,75,0,0.1195985,9.5,0,0,0,0,0,0.1195985,119.5985,0,0,0,0,0,0,0,0,0,0,0,0
5.199089,Movement,70,14,0.1422312,-0.03276038,0.3835453,0.239,-0.08831209,0.3404917,75,0,0.1195985,9.5,0,0,0,0,0,0.1195985,119.5985,0,0,0,0,0,0,0,0,0,0,0,0
5.204323,Movement,70,14,0.1422312,-0.03276038,0.3835453,0.239,-0.08831209,0.3404917,75,0,0.1195985,9.5,0,0,0,0,0,0.1195985,119.5985,0,0,0,0,0,0,0,0,0,0,0,0
5.21003,Movement,70,14,0.1422312,-0.03276038,0.3835453,0.239,-0.08831209,0.3404917,75,0,0.1195985,9.5,0,0,0,0,0,0.1195985,119.5985,0,0,0,0,0,0,0,0,0,0,0,0
5.215355,Movement,70,14,0.1422312,-0.03276038,0.3835453,0.239,-0.08831209,0.3404917,75,0,0.1195985,9.5,0,0,0,0,0,0.1195985,119.5985,0,0,0,0,0,0,0,0,0,0,0,0
5.220467,Movement,70,14,0.1422312,-0.03276038,0.3835453,0.239,-0.08831209,0.3404917,75,0,0.1195985,9.5,0,0,0,0,0,0.1195985,119.5985,0,0,0,0,0,0,0,0,0,0,0,0
5.226295,Movement,70,14,0.1422312,-0.03276038,0.3835453,0.239,-0.08831209,0.3404917,75,0,0.1195985,9.5,0,0,0,0,0,0.1195985,119.5985,0,0,0,0,0,0,0,0,0,0,0,0
5.231987,Movement,70,14,0.1422312,-0.03276038,0.3835453,0.239,-0.08831209,0.3404917,75,0,0.1195985,9.5,0,0,0,0,0,0.1195985,119.5985,0,0,0,0,0,0,0,0,0,0,0,0
5.237129,Movement,70,14,0.1422312,-0.03276038,0.3835453,0.239,-0.08831209,0.3404917,75,0,0.1195985,9.5,0,0,0,0,0,0.1195985,119.5985,0,0,0,0,0,0,0,0,0,0,0,0
5.244911,Movement,70,14,0.1422312,-0.03276038,0.3835453,0.239,-0.08831209,0.3404917,75,0,0.1195985,9.5,0,0,0,0,0,0.1195985,119.5985,0,0,0,0,0,0,0,0,0,0,0,0
5.252007,Movement,70,14,0.1422312,-0.03276038,0.3835453,0.239,-0.08831209,0.3404917,75,0,0.1195985,9.5,0,0,0,0,0,0.1195985,119.5985,0,0,0,0,0,0,0,0,0,0,0,0
5.256279,Movement,70,14,0.1422312,-0.03276038,0.3835453,0.239,-0.08831209,0.3404917,75,0,0.1195985,9.5,0,0,0,0,0,0.1195985,119.5985,0,0,0,0,0,0,0,0,0,0,0,0
5.261284,Movement,70,14,0.1422312,-0.03276038,0.3835453,0.239,-0.08831209,0.3404917,75,0,0.1195985,9.5,0,0,0,0,0,0.1195985,119.5985,0,0,0,0,0,0,0,0,0,0,0,0
5.266487,Movement,70,14,0.1422312,-0.03276038,0.3835453,0.239,-0.08831209,0.3404917,75,0,0.1195985,9.5,0,0,0,0,0,0.1195985,119.5985,0,0,0,0,0,0,0,0,0,0,0,0
5.271187,Movement,70,14,0.1422312,-0.03276038,0.3835453,0.239,-0.08831209,0.3404917,75,0,0.1195985,9.5,0,0,0,0,0,0.1195985,119.5985,0,0,0,0,0,0,0,0,0,0,0,0
5.276726,Movement,70,14,0.1422312,-0.03276038,0.3835453,0.239,-0.08831209,0.3404917,75,0,0.1195985,9.5,0,0,0,0,0,0.1195985,119.5985,0,0,0,0,0,0,0,0,0,0,0,0
5.280983,Movement,70,14,0.1422312,-0.03276038,0.3835453,0.239,-0.08831209,0.3404917,75,0,0.1195985,9.5,0,0,0,0,0,0.1195985,119.5985,0,0,0,0,0,0,0,0,0,0,0,0
5.286659,Movement,70,14,0.1422312,-0.03276038,0.3835453,0.239,-0.08831209,0.3404917,75,0,0.1195985,9.5,0,0,0,0,0,0.1195985,119.5985,0,0,0,0,0,0,0,0,0,0,0,0
5.292183,Movement,70,14,0.1422312,-0.03276038,0.3835453,0.239,-0.08831209,0.3404917,75,0,0.1195985,9.5,0,0,0,0,0,0.1195985,119.5985,0,0,0,0,0,0,0,0,0,0,0,0
5.297829,Movement,70,14,0.1422312,-0.03276038,0.3835453,0.239,-0.08831209,0.3404917,75,0,0.1195985,9.5,0,0,0,0,0,0.1195985,119.5985,0,0,0,0,0,0,0,0,0,0,0,0
5.302071,Movement,70,14,0.1422312,-0.03276038,0.3835453,0.239,-0.08831209,0.3404917,75,0,0.1195985,9.5,0,0,0,0,0,0.1195985,119.5985,0,0,0,0,0,0,0,0,0,0,0,0
5.307259,Movement,70,14,0.1422312,-0.03276038,0.3835453,0.239,-0.08831209,0.3404917,75,0,0.1195985,9.5,0,0,0,0,0,0.1195985,119.5985,0,0,0,0,0,0,0,0,0,0,0,0
5.311913,Movement,70,14,0.1422312,-0.03276038,0.3835453,0.239,-0.08831209,0.3404917,75,0,0.1195985,9.5,0,0,0,0,0,0.1195985,119.5985,0,0,0,0,0,0,0,0,0,0,0,0
5.316002,Movement,70,14,0.1422312,-0.03276038,0.3835453,0.239,-0.08831209,0.3404917,75,0,0.1195985,9.5,0,0,0,0,0,0.1195985,119.5985,0,0,0,0,0,0,0,0,0,0,0,0
5.322258,Movement,70,14,0.1422312,-0.03276038,0.3835453,0.239,-0.08831209,0.3404917,75,0,0.1195985,9.5,0,0,0,0,0,0.1195985,119.5985,0,0,0,0,0,0,0,0,0,0,0,0
5.329384,Movement,70,14,0.1422312,-0.03276038,0.3835453,0.239,-0.08831209,0.3404917,75,0,0.1195985,9.5,0,0,0,0,0,0.1195985,119.5985,0,0,0,0,0,0,0,0,0,0,0,0
5.334145,Movement,70,14,0.1422312,-0.03276038,0.3835453,0.239,-0.08831209,0.3404917,75,0,0.1195985,9.5,0,0,0,0,0,0.1195985,119.5985,0,0,0,0,0,0,0,0,0,0,0,0
5.341896,Movement,70,14,0.1422312,-0.03276038,0.3835453,0.239,-0.08831209,0.3404917,75,0,0.1195985,9.5,0,0,0,0,0,0.1195985,119.5985,0,0,0,0,0,0,0,0,0,0,0,0
5.347176,Movement,70,14,0.1422312,-0.03276038,0.3835453,0.239,-0.08831209,0.3404917,75,0,0.1195985,9.5,0,0,0,0,0,0.1195985,119.5985,0,0,0,0,0,0,0,0,0,0,0,0
5.35215,Movement,70,14,0.1422312,-0.03276038,0.3835453,0.239,-0.08831209,0.3404917,75,0,0.1195985,9.5,0,0,0,0,0,0.1195985,119.5985,0,0,0,0,0,0,0,0,0,0,0,0
5.358681,Movement,70,14,0.1422312,-0.03276038,0.3835453,0.239,-0.08831209,0.3404917,75,0,0.1195985,9.5,0,0,0,0,0,0.1195985,119.5985,0,0,0,0,0,0,0,0,0,0,0,0
5.36454,Movement,70,14,0.1422312,-0.03276038,0.3835453,0.239,-0.08831209,0.3404917,75,0,0.1195985,9.5,0,0,0,0,0,0.1195985,119.5985,0,0,0,0,0,0,0,0,0,0,0,0
5.370033,Movement,70,14,0.1422312,-0.03276038,0.3835453,0.239,-0.08831209,0.3404917,75,0,0.1195985,9.5,0,0,0,0,0,0.1195985,119.5985,0,0,0,0,0,0,0,0,0,0,0,0
5.376198,Movement,70,14,0.1422312,-0.03276038,0.3835453,0.239,-0.08831209,0.3404917,75,0,0.1195985,9.5,0,0,0,0,0,0.1195985,119.5985,0,0,0,0,0,0,0,0,0,0,0,0
5.380821,Movement,70,14,0.1422312,-0.03276038,0.3835453,0.239,-0.08831209,0.3404917,75,0,0.1195985,9.5,0,0,0,0,0,0.1195985,119.5985,0,0,0,0,0,0,0,0,0,0,0,0
5.385185,Movement,70,14,0.1422312,-0.03276038,0.3835453,0.239,-0.08831209,0.3404917,75,0,0.1195985,9.5,0,0,0,0,0,0.1195985,119.5985,0,0,0,0,0,0,0,0,0,0,0,0
5.390358,Movement,70,14,0.1422312,-0.03276038,0.3835453,0.239,-0.08831209,0.3404917,75,0,0.1195985,9.5,0,0,0,0,0,0.1195985,119.5985,0,0,0,0,0,0,0,0,0,0,0,0
5.394783,Movement,70,14,0.1422312,-0.03276038,0.3835453,0.239,-0.08831209,0.3404917,75,0,0.1195985,9.5,0,0,0,0,0,0.1195985,119.5985,0,0,0,0,0,0,0,0,0,0,0,0
5.401863,Movement,70,14,0.1422312,-0.03276038,0.3835453,0.239,-0.08831209,0.3404917,75,0,0.1195985,9.5,0,0,0,0,0,0.1195985,119.5985,0,0,0,0,0,0,0,0,0,0,0,0
5.407921,Movement,70,14,0.1422312,-0.03276038,0.3835453,0.239,-0.08831209,0.3404917,75,0,0.1195985,9.5,0,0,0,0,0,0.1195985,119.5985,0,0,0,0,0,0,0,0,0,0,0,0
5.417091,Movement,70,14,0.1422312,-0.03276038,0.3835453,0.239,-0.08831209,0.3404917,75,0,0.1195985,9.5,0,0,0,0,0,0.1195985,119.5985,0,0,0,0,0,0,0,0,0,0,0,0
5.421227,Movement,70,14,0.1422312,-0.03276038,0.3835453,0.239,-0.08831209,0.3404917,75,0,0.1195985,9.5,0,0,0,0,0,0.1195985,119.5985,0,0,0,0,0,0,0,0,0,0,0,0
5.42942,Movement,70,14,0.1422312,-0.03276038,0.3835453,0.239,-0.08831209,0.3404917,75,0,0.1195985,9.5,0,0,0,0,0,0.1195985,119.5985,0,0,0,0,0,0,0,0,0,0,0,0
5.434227,Movement,70,14,0.1422312,-0.03276038,0.3835453,0.239,-0.08831209,0.3404917,75,0,0.1195985,9.5,0,0,0,0,0,0.1195985,119.5985,0,0,0,0,0,0,0,0,0,0,0,0
5.438347,Movement,70,14,0.1422312,-0.03276038,0.3835453,0.239,-0.08831209,0.3404917,75,0,0.1195985,9.5,0,0,0,0,0,0.1195985,119.5985,0,0,0,0,0,0,0,0,0,0,0,0
5.443092,Movement,70,14,0.1422312,-0.03276038,0.3835453,0.239,-0.08831209,0.3404917,75,0,0.1195985,9.5,0,0,0,0,0,0.1195985,119.5985,0,0,0,0,0,0,0,0,0,0,0,0
5.448174,Movement,70,14,0.1422312,-0.03276038,0.3835453,0.239,-0.08831209,0.3404917,75,0,0.1195985,9.5,0,0,0,0,0,0.1195985,119.5985,0,0,0,0,0,0,0,0,0,0,0,0
5.452385,Movement,70,14,0.1422312,-0.03276038,0.3835453,0.239,-0.08831209,0.3404917,75,0,0.1195985,9.5,0,0,0,0,0,0.1195985,119.5985,0,0,0,0,0,0,0,0,0,0,0,0
5.457588,Movement,70,14,0.1422312,-0.03276038,0.3835453,0.239,-0.08831209,0.3404917,75,0,0.1195985,9.5,0,0,0,0,0,0.1195985,119.5985,0,0,0,0,0,0,0,0,0,0,0,0
5.461922,Movement,70,14,0.1422312,-0.03276038,0.3835453,0.239,-0.08831209,0.3404917,75,0,0.1195985,9.5,0,0,0,0,0,0.1195985,119.5985,0,0,0,0,0,0,0,0,0,0,0,0
5.466927,Movement,70,14,0.1422312,-0.03276038,0.3835453,0.239,-0.08831209,0.3404917,75,0,0.1195985,9.5,0,0,0,0,0,0.1195985,119.5985,0,0,0,0,0,0,0,0,0,0,0,0
5.470695,Movement,70,14,0.1422312,-0.03276038,0.3835453,0.239,-0.08831209,0.3404917,75,0,0.1195985,9.5,0,0,0,0,0,0.1195985,119.5985,0,0,0,0,0,0,0,0,0,0,0,0
5.475258,Movement,70,14,0.1422312,-0.03276038,0.3835453,0.239,-0.08831209,0.3404917,75,0,0.1195985,9.5,0,0,0,0,0,0.1195985,119.5985,0,0,0,0,0,0,0,0,0,0,0,0
5.479378,Movement,70,14,0.1422312,-0.03276038,0.3835453,0.239,-0.08831209,0.3404917,75,0,0.1195985,9.5,0,0,0,0,0,0.1195985,119.5985,0,0,0,0,0,0,0,0,0,0,0,0
5.484688,Movement,70,14,0.1422312,-0.03276038,0.3835453,0.239,-0.08831209,0.3404917,75,0,0.1195985,9.5,0,0,0,0,0,0.1195985,119.5985,0,0,0,0,0,0,0,0,0,0,0,0
5.490013,Movement,70,14,0.1422312,-0.03276038,0.3835453,0.239,-0.08831209,0.3404917,75,0,0.1195985,9.5,0,0,0,0,0,0.1195985,119.5985,0,0,0,0,0,0,0,0,0,0,0,0
5.495522,Movement,70,14,0.1422312,-0.03276038,0.3835453,0.239,-0.08831209,0.3404917,75,0,0.1195985,9.5,0,0,0,0,0,0.1195985,119.5985,0,0,0,0,0,0,0,0,0,0,0,0
5.50013,Movement,70,14,0.1422312,-0.03276038,0.3835453,0.239,-0.08831209,0.3404917,75,0,0.1195985,9.5,0,0,0,0,0,0.1195985,119.5985,0,0,0,0,0,0,0,0,0,0,0,0
5.504768,Movement,70,14,0.1422312,-0.03276038,0.3835453,0.239,-0.08831209,0.3404917,75,0,0.1195985,9.5,0,0,0,0,0,0.1195985,119.5985,0,0,0,0,0,0,0,0,0,0,0,0
5.509895,Movement,70,14,0.1422312,-0.03276038,0.3835453,0.239,-0.08831209,0.3404917,75,0,0.1195985,9.5,0,0,0,0,0,0.1195985,119.5985,0,0,0,0,0,0,0,0,0,0,0,0
5.514351,Movement,70,14,0.1422312,-0.03276038,0.3835453,0.239,-0.08831209,0.3404917,75,0,0.1195985,9.5,0,0,0,0,0,0.1195985,119.5985,0,0,0,0,0,0,0,0,0,0,0,0
5.518333,Movement,70,14,0.1422312,-0.03276038,0.3835453,0.239,-0.08831209,0.3404917,75,0,0.1195985,9.5,0,0,0,0,0,0.1195985,119.5985,0,0,0,0,0,0,0,0,0,0,0,0
5.522835,Movement,70,14,0.1422312,-0.03276038,0.3835453,0.239,-0.08831209,0.3404917,75,0,0.1195985,9.5,0,0,0,0,0,0.1195985,119.5985,0,0,0,0,0,0,0,0,0,0,0,0
5.527031,Movement,70,14,0.1422312,-0.03276038,0.3835453,0.239,-0.08831209,0.3404917,75,0,0.1195985,9.5,0,0,0,0,0,0.1195985,119.5985,0,0,0,0,0,0,0,0,0,0,0,0
5.530281,Movement,70,14,0.1422312,-0.03276038,0.3835453,0.239,-0.08831209,0.3404917,75,0,0.1195985,9.5,0,0,0,0,0,0.1195985,119.5985,0,0,0,0,0,0,0,0,0,0,0,0
5.534126,Movement,70,14,0.1422312,-0.03276038,0.3835453,0.239,-0.08831209,0.3404917,75,0,0.1195985,9.5,0,0,0,0,0,0.1195985,119.5985,0,0,0,0,0,0,0,0,0,0,0,0
5.537895,Movement,70,14,0.1422312,-0.03276038,0.3835453,0.239,-0.08831209,0.3404917,75,0,0.1195985,9.5,0,0,0,0,0,0.1195985,119.5985,0,0,0,0,0,0,0,0,0,0,0,0
5.541206,Movement,70,14,0.1422312,-0.03276038,0.3835453,0.239,-0.08831209,0.3404917,75,0,0.1195985,9.5,0,0,0,0,0,0.1195985,119.5985,0,0,0,0,0,0,0,0,0,0,0,0
5.545525,Movement,70,14,0.1422312,-0.03276038,0.3835453,0.239,-0.08831209,0.3404917,75,0,0.1195985,9.5,0,0,0,0,0,0.1195985,119.5985,0,0,0,0,0,0,0,0,0,0,0,0
5.54995,Movement,70,14,0.1422312,-0.03276038,0.3835453,0.239,-0.08831209,0.3404917,75,0,0.1195985,9.5,0,0,0,0,0,0.1195985,119.5985,0,0,0,0,0,0,0,0,0,0,0,0
5.554802,Movement,70,14,0.1422312,-0.03276038,0.3835453,0.239,-0.08831209,0.3404917,75,0,0.1195985,9.5,0,0,0,0,0,0.1195985,119.5985,0,0,0,0,0,0,0,0,0,0,0,0
5.558952,Movement,70,14,0.1422312,-0.03276038,0.3835453,0.239,-0.08831209,0.3404917,75,0,0.1195985,9.5,0,0,0,0,0,0.1195985,119.5985,0,0,0,0,0,0,0,0,0,0,0,0
5.562645,Movement,70,14,0.1422312,-0.03276038,0.3835453,0.239,-0.08831209,0.3404917,75,0,0.1195985,9.5,0,0,0,0,0,0.1195985,119.5985,0,0,0,0,0,0,0,0,0,0,0,0
5.566689,Movement,70,14,0.1422312,-0.03276038,0.3835453,0.239,-0.08831209,0.3404917,75,0,0.1195985,9.5,0,0,0,0,0,0.1195985,119.5985,0,0,0,0,0,0,0,0,0,0,0,0
5.570595,Movement,70,14,0.1422312,-0.03276038,0.3835453,0.239,-0.08831209,0.3404917,75,0,0.1195985,9.5,0,0,0,0,0,0.1195985,119.5985,0,0,0,0,0,0,0,0,0,0,0,0
5.574959,Movement,70,14,0.1422312,-0.03276038,0.3835453,0.239,-0.08831209,0.3404917,75,0,0.1195985,9.5,0,0,0,0,0,0.1195985,119.5985,0,0,0,0,0,0,0,0,0,0,0,0
5.578331,Movement,70,14,0.1422312,-0.03276038,0.3835453,0.239,-0.08831209,0.3404917,75,0,0.1195985,9.5,0,0,0,0,0,0.1195985,119.5985,0,0,0,0,0,0,0,0,0,0,0,0
5.583656,Movement,70,14,0.1422312,-0.03276038,0.3835453,0.239,-0.08831209,0.3404917,75,0,0.1195985,9.5,0,0,0,0,0,0.1195985,119.5985,0,0,0,0,0,0,0,0,0,0,0,0
5.588829,Movement,70,14,0.1422312,-0.03276038,0.3835453,0.239,-0.08831209,0.3404917,75,0,0.1195985,9.5,0,0,0,0,0,0.1195985,119.5985,0,0,0,0,0,0,0,0,0,0,0,0
5.59301,Movement,70,14,0.1422312,-0.03276038,0.3835453,0.239,-0.08831209,0.3404917,75,0,0.1195985,9.5,0,0,0,0,0,0.1195985,119.5985,0,0,0,0,0,0,0,0,0,0,0,0
5.598091,Movement,70,14,0.1422312,-0.03276038,0.3835453,0.239,-0.08831209,0.3404917,75,0,0.1195985,9.5,0,0,0,0,0,0.1195985,119.5985,0,0,0,0,0,0,0,0,0,0,0,0
5.604866,Movement,70,14,0.1422312,-0.03276038,0.3835453,0.239,-0.08831209,0.3404917,75,0,0.1195985,9.5,0,0,0,0,0,0.1195985,119.5985,0,0,0,0,0,0,0,0,0,0,0,0
5.610023,Movement,70,14,0.1422312,-0.03276038,0.3835453,0.239,-0.08831209,0.3404917,75,0,0.1195985,9.5,0,0,0,0,0,0.1195985,119.5985,0,0,0,0,0,0,0,0,0,0,0,0
5.614906,Movement,70,14,0.1422312,-0.03276038,0.3835453,0.239,-0.08831209,0.3404917,75,0,0.1195985,9.5,0,0,0,0,0,0.1195985,119.5985,0,0,0,0,0,0,0,0,0,0,0,0
5.619789,Movement,70,14,0.1422312,-0.03276038,0.3835453,0.239,-0.08831209,0.3404917,75,0,0.1195985,9.5,0,0,0,0,0,0.1195985,119.5985,0,0,0,0,0,0,0,0,0,0,0,0
5.626015,Movement,70,14,0.1422312,-0.03276038,0.3835453,0.239,-0.08831209,0.3404917,75,0,0.1195985,9.5,0,0,0,0,0,0.1195985,119.5985,0,0,0,0,0,0,0,0,0,0,0,0
5.636116,Movement,70,14,0.1422312,-0.03276038,0.3835453,0.239,-0.08831209,0.3404917,75,0,0.1195985,9.5,0,0,0,0,0,0.1195985,119.5985,0,0,0,0,0,0,0,0,0,0,0,0
5.646034,Movement,70,14,0.1422312,-0.03276038,0.3835453,0.239,-0.08831209,0.3404917,75,0,0.1195985,9.5,0,0,0,0,0,0.1195985,119.5985,0,0,0,0,0,0,0,0,0,0,0,0
5.65316,Movement,70,14,0.1422312,-0.03276038,0.3835453,0.239,-0.08831209,0.3404917,75,0,0.1195985,9.5,0,0,0,0,0,0.1195985,119.5985,0,0,0,0,0,0,0,0,0,0,0,0
5.664299,Movement,70,14,0.1422312,-0.03276038,0.3835453,0.239,-0.08831209,0.3404917,75,0,0.1195985,9.5,0,0,0,0,0,0.1195985,119.5985,0,0,0,0,0,0,0,0,0,0,0,0
5.672951,Movement,70,14,0.1422312,-0.03276038,0.3835453,0.239,-0.08831209,0.3404917,75,0,0.1195985,9.5,0,0,0,0,0,0.1195985,119.5985,0,0,0,0,0,0,0,0,0,0,0,0
5.679558,Movement,70,14,0.1422312,-0.03276038,0.3835453,0.239,-0.08831209,0.3404917,75,0,0.1195985,9.5,0,0,0,0,0,0.1195985,119.5985,0,0,0,0,0,0,0,0,0,0,0,0
5.688942,Movement,70,14,0.1422312,-0.03276038,0.3835453,0.239,-0.08831209,0.3404917,75,0,0.1195985,9.5,0,0,0,0,0,0.1195985,119.5985,0,0,0,0,0,0,0,0,0,0,0,0
5.696007,Movement,70,14,0.1422312,-0.03276038,0.3835453,0.239,-0.08831209,0.3404917,75,0,0.1195985,9.5,0,0,0,0,0,0.1195985,119.5985,0,0,0,0,0,0,0,0,0,0,0,0
5.7024,Movement,70,14,0.1422312,-0.03276038,0.3835453,0.239,-0.08831209,0.3404917,75,0,0.1195985,9.5,0,0,0,0,0,0.1195985,119.5985,0,0,0,0,0,0,0,0,0,0,0,0
5.708427,Movement,70,14,0.1422312,-0.03276038,0.3835453,0.239,-0.08831209,0.3404917,75,0,0.1195985,9.5,0,0,0,0,0,0.1195985,119.5985,0,0,0,0,0,0,0,0,0,0,0,0
5.713707,Movement,70,14,0.1422312,-0.03276038,0.3835453,0.239,-0.08831209,0.3404917,75,0,0.1195985,9.5,0,0,0,0,0,0.1195985,119.5985,0,0,0,0,0,0,0,0,0,0,0,0
5.721855,Movement,70,14,0.1422312,-0.03276038,0.3835453,0.239,-0.08831209,0.3404917,75,0,0.1195985,9.5,0,0,0,0,0,0.1195985,119.5985,0,0,0,0,0,0,0,0,0,0,0,0
5.727989,Movement,70,14,0.1422312,-0.03276038,0.3835453,0.239,-0.08831209,0.3404917,75,0,0.1195985,9.5,0,0,0,0,0,0.1195985,119.5985,0,0,0,0,0,0,0,0,0,0,0,0
5.733177,Movement,70,14,0.1422312,-0.03276038,0.3835453,0.239,-0.08831209,0.3404917,75,0,0.1195985,9.5,0,0,0,0,0,0.1195985,119.5985,0,0,0,0,0,0,0,0,0,0,0,0
5.73774,Movement,70,14,0.1422312,-0.03276038,0.3835453,0.239,-0.08831209,0.3404917,75,0,0.1195985,9.5,0,0,0,0,0,0.1195985,119.5985,0,0,0,0,0,0,0,0,0,0,0,0
5.74218,Movement,70,14,0.1422312,-0.03276038,0.3835453,0.239,-0.08831209,0.3404917,75,0,0.1195985,9.5,0,0,0,0,0,0.1195985,119.5985,0,0,0,0,0,0,0,0,0,0,0,0
5.747795,Movement,70,14,0.1422312,-0.03276038,0.3835453,0.239,-0.08831209,0.3404917,75,0,0.1195985,9.5,0,0,0,0,0,0.1195985,119.5985,0,0,0,0,0,0,0,0,0,0,0,0
5.753014,Movement,70,14,0.1422312,-0.03276038,0.3835453,0.239,-0.08831209,0.3404917,75,0,0.1195985,9.5,0,0,0,0,0,0.1195985,119.5985,0,0,0,0,0,0,0,0,0,0,0,0
5.758476,Movement,70,14,0.1422312,-0.03276038,0.3835453,0.239,-0.08831209,0.3404917,75,0,0.1195985,9.5,0,0,0,0,0,0.1195985,119.5985,0,0,0,0,0,0,0,0,0,0,0,0
5.766792,Movement,70,14,0.1422312,-0.03276038,0.3835453,0.239,-0.08831209,0.3404917,75,0,0.1195985,9.5,0,0,0,0,0,0.1195985,119.5985,0,0,0,0,0,0,0,0,0,0,0,0
5.773308,Movement,70,14,0.1422312,-0.03276038,0.3835453,0.239,-0.08831209,0.3404917,75,0,0.1195985,9.5,0,0,0,0,0,0.1195985,119.5985,0,0,0,0,0,0,0,0,0,0,0,0
5.778267,Movement,70,14,0.1422312,-0.03276038,0.3835453,0.239,-0.08831209,0.3404917,75,0,0.1195985,9.5,0,0,0,0,0,0.1195985,119.5985,0,0,0,0,0,0,0,0,0,0,0,0
5.782982,Movement,70,14,0.1422312,-0.03276038,0.3835453,0.239,-0.08831209,0.3404917,75,0,0.1195985,9.5,0,0,0,0,0,0.1195985,119.5985,0,0,0,0,0,0,0,0,0,0,0,0
5.787071,Movement,70,14,0.1422312,-0.03276038,0.3835453,0.239,-0.08831209,0.3404917,75,0,0.1195985,9.5,0,0,0,0,0,0.1195985,119.5985,0,0,0,0,0,0,0,0,0,0,0,0
5.793221,Movement,70,14,0.1422312,-0.03276038,0.3835453,0.239,-0.08831209,0.3404917,75,0,0.1195985,9.5,0,0,0,0,0,0.1195985,119.5985,0,0,0,0,0,0,0,0,0,0,0,0
5.798271,Movement,70,14,0.1422312,-0.03276038,0.3835453,0.239,-0.08831209,0.3404917,75,0,0.1195985,9.5,0,0,0,0,0,0.1195985,119.5985,0,0,0,0,0,0,0,0,0,0,0,0
5.802895,Movement,70,14,0.1422312,-0.03276038,0.3835453,0.239,-0.08831209,0.3404917,75,0,0.1195985,9.5,0,0,0,0,0,0.1195985,119.5985,0,0,0,0,0,0,0,0,0,0,0,0
5.808998,Movement,70,14,0.1422312,-0.03276038,0.3835453,0.239,-0.08831209,0.3404917,75,0,0.1195985,9.5,0,0,0,0,0,0.1195985,119.5985,0,0,0,0,0,0,0,0,0,0,0,0
5.813408,Movement,70,14,0.1422312,-0.03276038,0.3835453,0.239,-0.08831209,0.3404917,75,0,0.1195985,9.5,0,0,0,0,0,0.1195985,119.5985,0,0,0,0,0,0,0,0,0,0,0,0
5.817848,Movement,70,14,0.1422312,-0.03276038,0.3835453,0.239,-0.08831209,0.3404917,75,0,0.1195985,9.5,0,0,0,0,0,0.1195985,119.5985,0,0,0,0,0,0,0,0,0,0,0,0
5.825752,Movement,70,14,0.1422312,-0.03276038,0.3835453,0.239,-0.08831209,0.3404917,75,0,0.1195985,9.5,0,0,0,0,0,0.1195985,119.5985,0,0,0,0,0,0,0,0,0,0,0,0
5.830101,Movement,70,14,0.1422312,-0.03276038,0.3835453,0.239,-0.08831209,0.3404917,75,0,0.1195985,9.5,0,0,0,0,0,0.1195985,119.5985,0,0,0,0,0,0,0,0,0,0,0,0
5.834984,Movement,70,14,0.1422312,-0.03276038,0.3835453,0.239,-0.08831209,0.3404917,75,0,0.1195985,9.5,0,0,0,0,0,0.1195985,119.5985,0,0,0,0,0,0,0,0,0,0,0,0
5.841255,Movement,70,14,0.1422312,-0.03276038,0.3835453,0.239,-0.08831209,0.3404917,75,0,0.1195985,9.5,0,0,0,0,0,0.1195985,119.5985,0,0,0,0,0,0,0,0,0,0,0,0
5.846855,Movement,70,14,0.1422312,-0.03276038,0.3835453,0.239,-0.08831209,0.3404917,75,0,0.1195985,9.5,0,0,0,0,0,0.1195985,119.5985,0,0,0,0,0,0,0,0,0,0,0,0
5.853035,Movement,70,14,0.1422312,-0.03276038,0.3835453,0.239,-0.08831209,0.3404917,75,0,0.1195985,9.5,0,0,0,0,0,0.1195985,119.5985,0,0,0,0,0,0,0,0,0,0,0,0
5.859947,Movement,70,14,0.1422312,-0.03276038,0.3835453,0.239,-0.08831209,0.3404917,75,0,0.1195985,9.5,0,0,0,0,0,0.1195985,119.5985,0,0,0,0,0,0,0,0,0,0,0,0
5.865395,Movement,70,14,0.1422312,-0.03276038,0.3835453,0.239,-0.08831209,0.3404917,75,0,0.1195985,9.5,0,0,0,0,0,0.1195985,119.5985,0,0,0,0,0,0,0,0,0,0,0,0
5.870308,Movement,70,14,0.1422312,-0.03276038,0.3835453,0.239,-0.08831209,0.3404917,75,0,0.1195985,9.5,0,0,0,0,0,0.1195985,119.5985,0,0,0,0,0,0,0,0,0,0,0,0
5.876656,Movement,70,14,0.1422312,-0.03276038,0.3835453,0.239,-0.08831209,0.3404917,75,0,0.1195985,9.5,0,0,0,0,0,0.1195985,119.5985,0,0,0,0,0,0,0,0,0,0,0,0
5.882927,Movement,70,14,0.1422312,-0.03276038,0.3835453,0.239,-0.08831209,0.3404917,75,0,0.1195985,9.5,0,0,0,0,0,0.1195985,119.5985,0,0,0,0,0,0,0,0,0,0,0,0
5.888268,Movement,70,14,0.1422312,-0.03276038,0.3835453,0.239,-0.08831209,0.3404917,75,0,0.1195985,9.5,0,0,0,0,0,0.1195985,119.5985,0,0,0,0,0,0,0,0,0,0,0,0
5.89492,Movement,70,14,0.1422312,-0.03276038,0.3835453,0.239,-0.08831209,0.3404917,75,0,0.1195985,9.5,0,0,0,0,0,0.1195985,119.5985,0,0,0,0,0,0,0,0,0,0,0,0
5.900154,Movement,70,14,0.1422312,-0.03276038,0.3835453,0.239,-0.08831209,0.3404917,75,0,0.1195985,9.5,0,0,0,0,0,0.1195985,119.5985,0,0,0,0,0,0,0,0,0,0,0,0
5.905418,Movement,70,14,0.1422312,-0.03276038,0.3835453,0.239,-0.08831209,0.3404917,75,0,0.1195985,9.5,0,0,0,0,0,0.1195985,119.5985,0,0,0,0,0,0,0,0,0,0,0,0
5.910072,Movement,70,14,0.1422312,-0.03276038,0.3835453,0.239,-0.08831209,0.3404917,75,0,0.1195985,9.5,0,0,0,0,0,0.1195985,119.5985,0,0,0,0,0,0,0,0,0,0,0,0
5.915504,Movement,70,14,0.1422312,-0.03276038,0.3835453,0.239,-0.08831209,0.3404917,75,0,0.1195985,9.5,0,0,0,0,0,0.1195985,119.5985,0,0,0,0,0,0,0,0,0,0,0,0
5.920891,Movement,70,14,0.1422312,-0.03276038,0.3835453,0.239,-0.08831209,0.3404917,75,0,0.1195985,9.5,0,0,0,0,0,0.1195985,119.5985,0,0,0,0,0,0,0,0,0,0,0,0
5.926186,Movement,70,14,0.1422312,-0.03276038,0.3835453,0.239,-0.08831209,0.3404917,75,0,0.1195985,9.5,0,0,0,0,0,0.1195985,119.5985,0,0,0,0,0,0,0,0,0,0,0,0
5.93203,Movement,70,14,0.1422312,-0.03276038,0.3835453,0.239,-0.08831209,0.3404917,75,0,0.1195985,9.5,0,0,0,0,0,0.1195985,119.5985,0,0,0,0,0,0,0,0,0,0,0,0
5.937019,Movement,70,14,0.1422312,-0.03276038,0.3835453,0.239,-0.08831209,0.3404917,75,0,0.1195985,9.5,0,0,0,0,0,0.1195985,119.5985,0,0,0,0,0,0,0,0,0,0,0,0
5.941216,Movement,70,14,0.1422312,-0.03276038,0.3835453,0.239,-0.08831209,0.3404917,75,0,0.1195985,9.5,0,0,0,0,0,0.1195985,119.5985,0,0,0,0,0,0,0,0,0,0,0,0
5.94416,Movement,70,14,0.1422312,-0.03276038,0.3835453,0.239,-0.08831209,0.3404917,75,0,0.1195985,9.5,0,0,0,0,0,0.1195985,119.5985,0,0,0,0,0,0,0,0,0,0,0,0
5.947136,Movement,70,14,0.1422312,-0.03276038,0.3835453,0.239,-0.08831209,0.3404917,75,0,0.1195985,9.5,0,0,0,0,0,0.1195985,119.5985,0,0,0,0,0,0,0,0,0,0,0,0
5.95179,Movement,70,14,0.1422312,-0.03276038,0.3835453,0.239,-0.08831209,0.3404917,75,0,0.1195985,9.5,0,0,0,0,0,0.1195985,119.5985,0,0,0,0,0,0,0,0,0,0,0,0
5.955055,Movement,70,14,0.1422312,-0.03276038,0.3835453,0.239,-0.08831209,0.3404917,75,0,0.1195985,9.5,0,0,0,0,0,0.1195985,119.5985,0,0,0,0,0,0,0,0,0,0,0,0
5.958656,Movement,70,14,0.1422312,-0.03276038,0.3835453,0.239,-0.08831209,0.3404917,75,0,0.1195985,9.5,0,0,0,0,0,0.1195985,119.5985,0,0,0,0,0,0,0,0,0,0,0,0
5.962242,Movement,70,14,0.1422312,-0.03276038,0.3835453,0.239,-0.08831209,0.3404917,75,0,0.1195985,9.5,0,0,0,0,0,0.1195985,119.5985,0,0,0,0,0,0,0,0,0,0,0,0
5.966866,Movement,70,14,0.1422312,-0.03276038,0.3835453,0.239,-0.08831209,0.3404917,75,0,0.1195985,9.5,0,0,0,0,0,0.1195985,119.5985,0,0,0,0,0,0,0,0,0,0,0,0
5.970802,Movement,70,14,0.1422312,-0.03276038,0.3835453,0.239,-0.08831209,0.3404917,75,0,0.1195985,9.5,0,0,0,0,0,0.1195985,119.5985,0,0,0,0,0,0,0,0,0,0,0,0
5.977547,Movement,70,14,0.1422312,-0.03276038,0.3835453,0.239,-0.08831209,0.3404917,75,0,0.1195985,9.5,0,0,0,0,0,0.1195985,119.5985,0,0,0,0,0,0,0,0,0,0,0,0
5.982399,Movement,70,14,0.1422312,-0.03276038,0.3835453,0.239,-0.08831209,0.3404917,75,0,0.1195985,9.5,0,0,0,0,0,0.1195985,119.5985,0,0,0,0,0,0,0,0,0,0,0,0
5.98748,Movement,70,14,0.1422312,-0.03276038,0.3835453,0.239,-0.08831209,0.3404917,75,0,0.1195985,9.5,0,0,0,0,0,0.1195985,119.5985,0,0,0,0,0,0,0,0,0,0,0,0
5.991722,Movement,70,14,0.1422312,-0.03276038,0.3835453,0.239,-0.08831209,0.3404917,75,0,0.1195985,9.5,0,0,0,0,0,0.1195985,119.5985,0,0,0,0,0,0,0,0,0,0,0,0
5.998512,Movement,70,14,0.1422312,-0.03276038,0.3835453,0.239,-0.08831209,0.3404917,75,0,0.1195985,9.5,0,0,0,0,0,0.1195985,119.5985,0,0,0,0,0,0,0,0,0,0,0,0
6.001854,Hold,70,14,0.1422312,-0.03276038,0.3835453,0.239,-0.08831209,0.3404917,75,0,0.1195985,9.5,0,0,0,0,0,0.1195985,119.5985,0,0,0,0,0,0,0,0,0,0,0,0
6.006401,Hold,70,14,0.1422312,-0.03276038,0.3835453,0.239,-0.08831209,0.3404917,75,0,0.1195985,9.5,0,0,0,0,0,0.1195985,119.5985,0,0,0,0,0,0,0,0,0,0,0,0
6.011391,Hold,70,14,0.1422312,-0.03276038,0.3835453,0.239,-0.08831209,0.3404917,75,0,0.1195985,9.5,0,0,0,0,0,0.1195985,119.5985,0,0,0,0,0,0,0,0,0,0,0,0
6.014946,Hold,70,14,0.1422312,-0.03276038,0.3835453,0.239,-0.08831209,0.3404917,75,0,0.1195985,9.5,0,0,0,0,0,0.1195985,119.5985,0,0,0,0,0,0,0,0,0,0,0,0
6.018349,Hold,70,14,0.1422312,-0.03276038,0.3835453,0.239,-0.08831209,0.3404917,75,0,0.1195985,9.5,0,0,0,0,0,0.1195985,119.5985,0,0,0,0,0,0,0,0,0,0,0,0
6.02195,Hold,70,14,0.1422312,-0.03276038,0.3835453,0.239,-0.08831209,0.3404917,75,0,0.1195985,9.5,0,0,0,0,0,0.1195985,119.5985,0,0,0,0,0,0,0,0,0,0,0,0
6.02639,Hold,70,14,0.1422312,-0.03276038,0.3835453,0.239,-0.08831209,0.3404917,75,0,0.1195985,9.5,0,0,0,0,0,0.1195985,119.5985,0,0,0,0,0,0,0,0,0,0,0,0
6.029869,Hold,70,14,0.1422312,-0.03276038,0.3835453,0.239,-0.08831209,0.3404917,75,0,0.1195985,9.5,0,0,0,0,0,0.1195985,119.5985,0,0,0,0,0,0,0,0,0,0,0,0
6.034737,Hold,70,14,0.1422312,-0.03276038,0.3835453,0.239,-0.08831209,0.3404917,75,0,0.1195985,9.5,0,0,0,0,0,0.1195985,119.5985,0,0,0,0,0,0,0,0,0,0,0,0
6.037727,Hold,70,14,0.1422312,-0.03276038,0.3835453,0.239,-0.08831209,0.3404917,75,0,0.1195985,9.5,0,0,0,0,0,0.1195985,119.5985,0,0,0,0,0,0,0,0,0,0,0,0
6.041435,Hold,70,14,0.1422312,-0.03276038,0.3835453,0.239,-0.08831209,0.3404917,75,0,0.1195985,9.5,0,0,0,0,0,0.1195985,119.5985,0,0,0,0,0,0,0,0,0,0,0,0
6.045158,Hold,70,14,0.1422312,-0.03276038,0.3835453,0.239,-0.08831209,0.3404917,75,0,0.1195985,9.5,0,0,0,0,0,0.1195985,119.5985,0,0,0,0,0,0,0,0,0,0,0,0
6.048439,Hold,70,14,0.1422312,-0.03276038,0.3835453,0.239,-0.08831209,0.3404917,75,0,0.1195985,9.5,0,0,0,0,0,0.1195985,119.5985,0,0,0,0,0,0,0,0,0,0,0,0
6.05172,Hold,70,14,0.1422312,-0.03276038,0.3835453,0.239,-0.08831209,0.3404917,75,0,0.1195985,9.5,0,0,0,0,0,0.1195985,119.5985,0,0,0,0,0,0,0,0,0,0,0,0
6.056099,Hold,70,14,0.1422312,-0.03276038,0.3835453,0.239,-0.08831209,0.3404917,75,0,0.1195985,9.5,0,0,0,0,0,0.1195985,119.5985,0,0,0,0,0,0,0,0,0,0,0,0
6.059807,Hold,70,14,0.1422312,-0.03276038,0.3835453,0.239,-0.08831209,0.3404917,75,0,0.1195985,9.5,0,0,0,0,0,0.1195985,119.5985,0,0,0,0,0,0,0,0,0,0,0,0
6.063866,Hold,70,14,0.1422312,-0.03276038,0.3835453,0.239,-0.08831209,0.3404917,75,0,0.1195985,9.5,0,0,0,0,0,0.1195985,119.5985,0,0,0,0,0,0,0,0,0,0,0,0
6.069664,Hold,70,14,0.1422312,-0.03276038,0.3835453,0.239,-0.08831209,0.3404917,75,0,0.1195985,9.5,0,0,0,0,0,0.1195985,119.5985,0,0,0,0,0,0,0,0,0,0,0,0
6.073296,Hold,70,14,0.1422312,-0.03276038,0.3835453,0.239,-0.08831209,0.3404917,75,0,0.1195985,9.5,0,0,0,0,0,0.1195985,119.5985,0,0,0,0,0,0,0,0,0,0,0,0
6.07679,Hold,70,14,0.1422312,-0.03276038,0.3835453,0.239,-0.08831209,0.3404917,75,0,0.1195985,9.5,0,0,0,0,0,0.1195985,119.5985,0,0,0,0,0,0,0,0,0,0,0,0
6.080345,Hold,70,14,0.1422312,-0.03276038,0.3835453,0.239,-0.08831209,0.3404917,75,0,0.1195985,9.5,0,0,0,0,0,0.1195985,119.5985,0,0,0,0,0,0,0,0,0,0,0,0
6.083931,Hold,70,14,0.1422312,-0.03276038,0.3835453,0.239,-0.08831209,0.3404917,75,0,0.1195985,9.5,0,0,0,0,0,0.1195985,119.5985,0,0,0,0,0,0,0,0,0,0,0,0
6.088509,Hold,70,14,0.1422312,-0.03276038,0.3835453,0.239,-0.08831209,0.3404917,75,0,0.1195985,9.5,0,0,0,0,0,0.1195985,119.5985,0,0,0,0,0,0,0,0,0,0,0,0
6.09272,Hold,70,14,0.1422312,-0.03276038,0.3835453,0.239,-0.08831209,0.3404917,75,0,0.1195985,9.5,0,0,0,0,0,0.1195985,119.5985,0,0,0,0,0,0,0,0,0,0,0,0
6.097221,Hold,70,14,0.1422312,-0.03276038,0.3835453,0.239,-0.08831209,0.3404917,75,0,0.1195985,9.5,0,0,0,0,0,0.1195985,119.5985,0,0,0,0,0,0,0,0,0,0,0,0
6.101707,Hold,70,14,0.1422312,-0.03276038,0.3835453,0.239,-0.08831209,0.3404917,75,0,0.1195985,9.5,0,0,0,0,0,0.1195985,119.5985,0,0,0,0,0,0,0,0,0,0,0,0
6.106926,Hold,70,14,0.1422312,-0.03276038,0.3835453,0.239,-0.08831209,0.3404917,75,0,0.1195985,9.5,0,0,0,0,0,0.1195985,119.5985,0,0,0,0,0,0,0,0,0,0,0,0
6.111595,Hold,70,14,0.1422312,-0.03276038,0.3835453,0.239,-0.08831209,0.3404917,75,0,0.1195985,9.5,0,0,0,0,0,0.1195985,119.5985,0,0,0,0,0,0,0,0,0,0,0,0
6.117134,Hold,70,14,0.1422312,-0.03276038,0.3835453,0.239,-0.08831209,0.3404917,75,0,0.1195985,9.5,0,0,0,0,0,0.1195985,119.5985,0,0,0,0,0,0,0,0,0,0,0,0
6.123055,Hold,70,14,0.1422312,-0.03276038,0.3835453,0.239,-0.08831209,0.3404917,75,0,0.1195985,9.5,0,0,0,0,0,0.1195985,119.5985,0,0,0,0,0,0,0,0,0,0,0,0
6.128609,Hold,70,14,0.1422312,-0.03276038,0.3835453,0.239,-0.08831209,0.3404917,75,0,0.1195985,9.5,0,0,0,0,0,0.1195985,119.5985,0,0,0,0,0,0,0,0,0,0,0,0
6.134529,Hold,70,14,0.1422312,-0.03276038,0.3835453,0.239,-0.08831209,0.3404917,75,0,0.1195985,9.5,0,0,0,0,0,0.1195985,119.5985,0,0,0,0,0,0,0,0,0,0,0,0
6.140053,Hold,70,14,0.1422312,-0.03276038,0.3835453,0.239,-0.08831209,0.3404917,75,0,0.1195985,9.5,0,0,0,0,0,0.1195985,119.5985,0,0,0,0,0,0,0,0,0,0,0,0
6.145149,Hold,70,14,0.1422312,-0.03276038,0.3835453,0.239,-0.08831209,0.3404917,75,0,0.1195985,9.5,0,0,0,0,0,0.1195985,119.5985,0,0,0,0,0,0,0,0,0,0,0,0
6.153069,Hold,70,14,0.1422312,-0.03276038,0.3835453,0.239,-0.08831209,0.3404917,75,0,0.1195985,9.5,0,0,0,0,0,0.1195985,119.5985,0,0,0,0,0,0,0,0,0,0,0,0
6.15789,Hold,70,14,0.1422312,-0.03276038,0.3835453,0.239,-0.08831209,0.3404917,75,0,0.1195985,9.5,0,0,0,0,0,0.1195985,119.5985,0,0,0,0,0,0,0,0,0,0,0,0
6.162254,Hold,70,14,0.1422312,-0.03276038,0.3835453,0.239,-0.08831209,0.3404917,75,0,0.1195985,9.5,0,0,0,0,0,0.1195985,119.5985,0,0,0,0,0,0,0,0,0,0,0,0
6.16732,Hold,70,14,0.1422312,-0.03276038,0.3835453,0.239,-0.08831209,0.3404917,75,0,0.1195985,9.5,0,0,0,0,0,0.1195985,119.5985,0,0,0,0,0,0,0,0,0,0,0,0
6.173241,Hold,70,14,0.1422312,-0.03276038,0.3835453,0.239,-0.08831209,0.3404917,75,0,0.1195985,9.5,0,0,0,0,0,0.1195985,119.5985,0,0,0,0,0,0,0,0,0,0,0,0
6.178947,Hold,70,14,0.1422312,-0.03276038,0.3835453,0.239,-0.08831209,0.3404917,75,0,0.1195985,9.5,0,0,0,0,0,0.1195985,119.5985,0,0,0,0,0,0,0,0,0,0,0,0
6.184532,Hold,70,14,0.1422312,-0.03276038,0.3835453,0.239,-0.08831209,0.3404917,75,0,0.1195985,9.5,0,0,0,0,0,0.1195985,119.5985,0,0,0,0,0,0,0,0,0,0,0,0
6.191673,Hold,70,14,0.1422312,-0.03276038,0.3835453,0.239,-0.08831209,0.3404917,75,0,0.1195985,9.5,0,0,0,0,0,0.1195985,119.5985,0,0,0,0,0,0,0,0,0,0,0,0
6.19651,Hold,70,14,0.1422312,-0.03276038,0.3835453,0.239,-0.08831209,0.3404917,75,0,0.1195985,9.5,0,0,0,0,0,0.1195985,119.5985,0,0,0,0,0,0,0,0,0,0,0,0
6.202873,Hold,70,14,0.1422312,-0.03276038,0.3835453,0.239,-0.08831209,0.3404917,75,0,0.1195985,9.5,0,0,0,0,0,0.1195985,119.5985,0,0,0,0,0,0,0,0,0,0,0,0
6.207909,Hold,70,14,0.1422312,-0.03276038,0.3835453,0.239,-0.08831209,0.3404917,75,0,0.1195985,9.5,0,0,0,0,0,0.1195985,119.5985,0,0,0,0,0,0,0,0,0,0,0,0
6.212914,Hold,70,14,0.1422312,-0.03276038,0.3835453,0.239,-0.08831209,0.3404917,75,0,0.1195985,9.5,0,0,0,0,0,0.1195985,119.5985,0,0,0,0,0,0,0,0,0,0,0,0
6.217949,Hold,70,14,0.1422312,-0.03276038,0.3835453,0.239,-0.08831209,0.3404917,75,0,0.1195985,9.5,0,0,0,0,0,0.1195985,119.5985,0,0,0,0,0,0,0,0,0,0,0,0
6.223503,Hold,70,14,0.1422312,-0.03276038,0.3835453,0.239,-0.08831209,0.3404917,75,0,0.1195985,9.5,0,0,0,0,0,0.1195985,119.5985,0,0,0,0,0,0,0,0,0,0,0,0
6.229393,Hold,70,14,0.1422312,-0.03276038,0.3835453,0.239,-0.08831209,0.3404917,75,0,0.1195985,9.5,0,0,0,0,0,0.1195985,119.5985,0,0,0,0,0,0,0,0,0,0,0,0
6.237785,Hold,70,14,0.1422312,-0.03276038,0.3835453,0.239,-0.08831209,0.3404917,75,0,0.1195985,9.5,0,0,0,0,0,0.1195985,119.5985,0,0,0,0,0,0,0,0,0,0,0,0
6.242088,Hold,70,14,0.1422312,-0.03276038,0.3835453,0.239,-0.08831209,0.3404917,75,0,0.1195985,9.5,0,0,0,0,0,0.1195985,119.5985,0,0,0,0,0,0,0,0,0,0,0,0
6.247429,Hold,70,14,0.1422312,-0.03276038,0.3835453,0.239,-0.08831209,0.3404917,75,0,0.1195985,9.5,0,0,0,0,0,0.1195985,119.5985,0,0,0,0,0,0,0,0,0,0,0,0
6.252113,Hold,70,14,0.1422312,-0.03276038,0.3835453,0.239,-0.08831209,0.3404917,75,0,0.1195985,9.5,0,0,0,0,0,0.1195985,119.5985,0,0,0,0,0,0,0,0,0,0,0,0
6.256355,Hold,70,14,0.1422312,-0.03276038,0.3835453,0.239,-0.08831209,0.3404917,75,0,0.1195985,9.5,0,0,0,0,0,0.1195985,119.5985,0,0,0,0,0,0,0,0,0,0,0,0
6.264793,Hold,70,14,0.1422312,-0.03276038,0.3835453,0.239,-0.08831209,0.3404917,75,0,0.1195985,9.5,0,0,0,0,0,0.1195985,119.5985,0,0,0,0,0,0,0,0,0,0,0,0
6.270103,Hold,70,14,0.1422312,-0.03276038,0.3835453,0.239,-0.08831209,0.3404917,75,0,0.1195985,9.5,0,0,0,0,0,0.1195985,119.5985,0,0,0,0,0,0,0,0,0,0,0,0
6.275322,Hold,70,14,0.1422312,-0.03276038,0.3835453,0.239,-0.08831209,0.3404917,75,0,0.1195985,9.5,0,0,0,0,0,0.1195985,119.5985,0,0,0,0,0,0,0,0,0,0,0,0
6.279488,Hold,70,14,0.1422312,-0.03276038,0.3835453,0.239,-0.08831209,0.3404917,75,0,0.1195985,9.5,0,0,0,0,0,0.1195985,119.5985,0,0,0,0,0,0,0,0,0,0,0,0
6.284874,Hold,70,14,0.1422312,-0.03276038,0.3835453,0.239,-0.08831209,0.3404917,75,0,0.1195985,9.5,0,0,0,0,0,0.1195985,119.5985,0,0,0,0,0,0,0,0,0,0,0,0
6.29026,Hold,70,14,0.1422312,-0.03276038,0.3835453,0.239,-0.08831209,0.3404917,75,0,0.1195985,9.5,0,0,0,0,0,0.1195985,119.5985,0,0,0,0,0,0,0,0,0,0,0,0
6.29496,Hold,70,14,0.1422312,-0.03276038,0.3835453,0.239,-0.08831209,0.3404917,75,0,0.1195985,9.5,0,0,0,0,0,0.1195985,119.5985,0,0,0,0,0,0,0,0,0,0,0,0
6.301003,Hold,70,14,0.1422312,-0.03276038,0.3835453,0.239,-0.08831209,0.3404917,75,0,0.1195985,9.5,0,0,0,0,0,0.1195985,119.5985,0,0,0,0,0,0,0,0,0,0,0,0
6.305244,Hold,70,14,0.1422312,-0.03276038,0.3835453,0.239,-0.08831209,0.3404917,75,0,0.1195985,9.5,0,0,0,0,0,0.1195985,119.5985,0,0,0,0,0,0,0,0,0,0,0,0
6.310387,Hold,70,14,0.1422312,-0.03276038,0.3835453,0.239,-0.08831209,0.3404917,75,0,0.1195985,9.5,0,0,0,0,0,0.1195985,119.5985,0,0,0,0,0,0,0,0,0,0,0,0
6.318855,Hold,70,14,0.1422312,-0.03276038,0.3835453,0.239,-0.08831209,0.3404917,75,0,0.1195985,9.5,0,0,0,0,0,0.1195985,119.5985,0,0,0,0,0,0,0,0,0,0,0,0
6.324944,Hold,70,14,0.1422312,-0.03276038,0.3835453,0.239,-0.08831209,0.3404917,75,0,0.1195985,9.5,0,0,0,0,0,0.1195985,119.5985,0,0,0,0,0,0,0,0,0,0,0,0
6.329048,Hold,70,14,0.1422312,-0.03276038,0.3835453,0.239,-0.08831209,0.3404917,75,0,0.1195985,9.5,0,0,0,0,0,0.1195985,119.5985,0,0,0,0,0,0,0,0,0,0,0,0
6.33387,Hold,70,14,0.1422312,-0.03276038,0.3835453,0.239,-0.08831209,0.3404917,75,0,0.1195985,9.5,0,0,0,0,0,0.1195985,119.5985,0,0,0,0,0,0,0,0,0,0,0,0
6.33886,Hold,70,14,0.1422312,-0.03276038,0.3835453,0.239,-0.08831209,0.3404917,75,0,0.1195985,9.5,0,0,0,0,0,0.1195985,119.5985,0,0,0,0,0,0,0,0,0,0,0,0
6.343758,Hold,70,14,0.1422312,-0.03276038,0.3835453,0.239,-0.08831209,0.3404917,75,0,0.1195985,9.5,0,0,0,0,0,0.1195985,119.5985,0,0,0,0,0,0,0,0,0,0,0,0
6.350105,Hold,70,14,0.1422312,-0.03276038,0.3835453,0.239,-0.08831209,0.3404917,75,0,0.1195985,9.5,0,0,0,0,0,0.1195985,119.5985,0,0,0,0,0,0,0,0,0,0,0,0
6.357185,Hold,70,14,0.1422312,-0.03276038,0.3835453,0.239,-0.08831209,0.3404917,75,0,0.1195985,9.5,0,0,0,0,0,0.1195985,119.5985,0,0,0,0,0,0,0,0,0,0,0,0
6.361,Hold,70,14,0.1422312,-0.03276038,0.3835453,0.239,-0.08831209,0.3404917,75,0,0.1195985,9.5,0,0,0,0,0,0.1195985,119.5985,0,0,0,0,0,0,0,0,0,0,0,0
6.366096,Hold,70,14,0.1422312,-0.03276038,0.3835453,0.239,-0.08831209,0.3404917,75,0,0.1195985,9.5,0,0,0,0,0,0.1195985,119.5985,0,0,0,0,0,0,0,0,0,0,0,0
6.371346,Hold,70,14,0.1422312,-0.03276038,0.3835453,0.239,-0.08831209,0.3404917,75,0,0.1195985,9.5,0,0,0,0,0,0.1195985,119.5985,0,0,0,0,0,0,0,0,0,0,0,0
6.378654,Hold,70,14,0.1422312,-0.03276038,0.3835453,0.239,-0.08831209,0.3404917,75,0,0.1195985,9.5,0,0,0,0,0,0.1195985,119.5985,0,0,0,0,0,0,0,0,0,0,0,0
6.382912,Hold,70,14,0.1422312,-0.03276038,0.3835453,0.239,-0.08831209,0.3404917,75,0,0.1195985,9.5,0,0,0,0,0,0.1195985,119.5985,0,0,0,0,0,0,0,0,0,0,0,0
6.387871,Hold,70,14,0.1422312,-0.03276038,0.3835453,0.239,-0.08831209,0.3404917,75,0,0.1195985,9.5,0,0,0,0,0,0.1195985,119.5985,0,0,0,0,0,0,0,0,0,0,0,0
6.393135,Hold,70,14,0.1422312,-0.03276038,0.3835453,0.239,-0.08831209,0.3404917,75,0,0.1195985,9.5,0,0,0,0,0,0.1195985,119.5985,0,0,0,0,0,0,0,0,0,0,0,0
6.39994,Hold,70,14,0.1422312,-0.03276038,0.3835453,0.239,-0.08831209,0.3404917,75,0,0.1195985,9.5,0,0,0,0,0,0.1195985,119.5985,0,0,0,0,0,0,0,0,0,0,0,0
6.408546,Hold,70,14,0.1422312,-0.03276038,0.3835453,0.239,-0.08831209,0.3404917,75,0,0.1195985,9.5,0,0,0,0,0,0.1195985,119.5985,0,0,0,0,0,0,0,0,0,0,0,0
6.417168,Hold,70,14,0.1422312,-0.03276038,0.3835453,0.239,-0.08831209,0.3404917,75,0,0.1195985,9.5,0,0,0,0,0,0.1195985,119.5985,0,0,0,0,0,0,0,0,0,0,0,0
6.422066,Hold,70,14,0.1422312,-0.03276038,0.3835453,0.239,-0.08831209,0.3404917,75,0,0.1195985,9.5,0,0,0,0,0,0.1195985,119.5985,0,0,0,0,0,0,0,0,0,0,0,0
6.426903,Hold,70,14,0.1422312,-0.03276038,0.3835453,0.239,-0.08831209,0.3404917,75,0,0.1195985,9.5,0,0,0,0,0,0.1195985,119.5985,0,0,0,0,0,0,0,0,0,0,0,0
6.433571,Hold,70,14,0.1422312,-0.03276038,0.3835453,0.239,-0.08831209,0.3404917,75,0,0.1195985,9.5,0,0,0,0,0,0.1195985,119.5985,0,0,0,0,0,0,0,0,0,0,0,0
6.438377,Hold,70,14,0.1422312,-0.03276038,0.3835453,0.239,-0.08831209,0.3404917,75,0,0.1195985,9.5,0,0,0,0,0,0.1195985,119.5985,0,0,0,0,0,0,0,0,0,0,0,0
6.442986,Hold,70,14,0.1422312,-0.03276038,0.3835453,0.239,-0.08831209,0.3404917,75,0,0.1195985,9.5,0,0,0,0,0,0.1195985,119.5985,0,0,0,0,0,0,0,0,0,0,0,0
6.447655,Hold,70,14,0.1422312,-0.03276038,0.3835453,0.239,-0.08831209,0.3404917,75,0,0.1195985,9.5,0,0,0,0,0,0.1195985,119.5985,0,0,0,0,0,0,0,0,0,0,0,0
6.45295,Hold,70,14,0.1422312,-0.03276038,0.3835453,0.239,-0.08831209,0.3404917,75,0,0.1195985,9.5,0,0,0,0,0,0.1195985,119.5985,0,0,0,0,0,0,0,0,0,0,0,0
6.457176,Hold,70,14,0.1422312,-0.03276038,0.3835453,0.239,-0.08831209,0.3404917,75,0,0.1195985,9.5,0,0,0,0,0,0.1195985,119.5985,0,0,0,0,0,0,0,0,0,0,0,0
6.463158,Hold,70,14,0.1422312,-0.03276038,0.3835453,0.239,-0.08831209,0.3404917,75,0,0.1195985,9.5,0,0,0,0,0,0.1195985,119.5985,0,0,0,0,0,0,0,0,0,0,0,0
6.469002,Hold,70,14,0.1422312,-0.03276038,0.3835453,0.239,-0.08831209,0.3404917,75,0,0.1195985,9.5,0,0,0,0,0,0.1195985,119.5985,0,0,0,0,0,0,0,0,0,0,0,0
6.473,Hold,70,14,0.1422312,-0.03276038,0.3835453,0.239,-0.08831209,0.3404917,75,0,0.1195985,9.5,0,0,0,0,0,0.1195985,119.5985,0,0,0,0,0,0,0,0,0,0,0,0
6.478416,Hold,70,14,0.1422312,-0.03276038,0.3835453,0.239,-0.08831209,0.3404917,75,0,0.1195985,9.5,0,0,0,0,0,0.1195985,119.5985,0,0,0,0,0,0,0,0,0,0,0,0
6.484489,Hold,70,14,0.1422312,-0.03276038,0.3835453,0.239,-0.08831209,0.3404917,75,0,0.1195985,9.5,0,0,0,0,0,0.1195985,119.5985,0,0,0,0,0,0,0,0,0,0,0,0
6.49099,Hold,70,14,0.1422312,-0.03276038,0.3835453,0.239,-0.08831209,0.3404917,75,0,0.1195985,9.5,0,0,0,0,0,0.1195985,119.5985,0,0,0,0,0,0,0,0,0,0,0,0
6.498161,Hold,70,14,0.1422312,-0.03276038,0.3835453,0.239,-0.08831209,0.3404917,75,0,0.1195985,9.5,0,0,0,0,0,0.1195985,119.5985,0,0,0,0,0,0,0,0,0,0,0,0
6.502022,Hold,70,14,0.1422312,-0.03276038,0.3835453,0.239,-0.08831209,0.3404917,75,0,0.1195985,9.5,0,0,0,0,0,0.1195985,119.5985,0,0,0,0,0,0,0,0,0,0,0,0
6.506905,Hold,70,14,0.1422312,-0.03276038,0.3835453,0.239,-0.08831209,0.3404917,75,0,0.1195985,9.5,0,0,0,0,0,0.1195985,119.5985,0,0,0,0,0,0,0,0,0,0,0,0
6.512306,Hold,70,14,0.1422312,-0.03276038,0.3835453,0.239,-0.08831209,0.3404917,75,0,0.1195985,9.5,0,0,0,0,0,0.1195985,119.5985,0,0,0,0,0,0,0,0,0,0,0,0
6.516472,Hold,70,14,0.1422312,-0.03276038,0.3835453,0.239,-0.08831209,0.3404917,75,0,0.1195985,9.5,0,0,0,0,0,0.1195985,119.5985,0,0,0,0,0,0,0,0,0,0,0,0
6.524757,Hold,70,14,0.1422312,-0.03276038,0.3835453,0.239,-0.08831209,0.3404917,75,0,0.1195985,9.5,0,0,0,0,0,0.1195985,119.5985,0,0,0,0,0,0,0,0,0,0,0,0
6.530525,Hold,70,14,0.1422312,-0.03276038,0.3835453,0.239,-0.08831209,0.3404917,75,0,0.1195985,9.5,0,0,0,0,0,0.1195985,119.5985,0,0,0,0,0,0,0,0,0,0,0,0
6.535561,Hold,70,14,0.1422312,-0.03276038,0.3835453,0.239,-0.08831209,0.3404917,75,0,0.1195985,9.5,0,0,0,0,0,0.1195985,119.5985,0,0,0,0,0,0,0,0,0,0,0,0
6.543434,Hold,70,14,0.1422312,-0.03276038,0.3835453,0.239,-0.08831209,0.3404917,75,0,0.1195985,9.5,0,0,0,0,0,0.1195985,119.5985,0,0,0,0,0,0,0,0,0,0,0,0
6.550835,Hold,70,14,0.1422312,-0.03276038,0.3835453,0.239,-0.08831209,0.3404917,75,0,0.1195985,9.5,0,0,0,0,0,0.1195985,119.5985,0,0,0,0,0,0,0,0,0,0,0,0
6.554848,Hold,70,14,0.1422312,-0.03276038,0.3835453,0.239,-0.08831209,0.3404917,75,0,0.1195985,9.5,0,0,0,0,0,0.1195985,119.5985,0,0,0,0,0,0,0,0,0,0,0,0
6.560448,Hold,70,14,0.1422312,-0.03276038,0.3835453,0.239,-0.08831209,0.3404917,75,0,0.1195985,9.5,0,0,0,0,0,0.1195985,119.5985,0,0,0,0,0,0,0,0,0,0,0,0
6.565178,Hold,70,14,0.1422312,-0.03276038,0.3835453,0.239,-0.08831209,0.3404917,75,0,0.1195985,9.5,0,0,0,0,0,0.1195985,119.5985,0,0,0,0,0,0,0,0,0,0,0,0
6.570122,Hold,70,14,0.1422312,-0.03276038,0.3835453,0.239,-0.08831209,0.3404917,75,0,0.1195985,9.5,0,0,0,0,0,0.1195985,119.5985,0,0,0,0,0,0,0,0,0,0,0,0
6.575432,Hold,70,14,0.1422312,-0.03276038,0.3835453,0.239,-0.08831209,0.3404917,75,0,0.1195985,9.5,0,0,0,0,0,0.1195985,119.5985,0,0,0,0,0,0,0,0,0,0,0,0
6.579445,Hold,70,14,0.1422312,-0.03276038,0.3835453,0.239,-0.08831209,0.3404917,75,0,0.1195985,9.5,0,0,0,0,0,0.1195985,119.5985,0,0,0,0,0,0,0,0,0,0,0,0
6.58593,Hold,70,14,0.1422312,-0.03276038,0.3835453,0.239,-0.08831209,0.3404917,75,0,0.1195985,9.5,0,0,0,0,0,0.1195985,119.5985,0,0,0,0,0,0,0,0,0,0,0,0
6.593834,Hold,70,14,0.1422312,-0.03276038,0.3835453,0.239,-0.08831209,0.3404917,75,0,0.1195985,9.5,0,0,0,0,0,0.1195985,119.5985,0,0,0,0,0,0,0,0,0,0,0,0
6.598015,Hold,70,14,0.1422312,-0.03276038,0.3835453,0.239,-0.08831209,0.3404917,75,0,0.1195985,9.5,0,0,0,0,0,0.1195985,119.5985,0,0,0,0,0,0,0,0,0,0,0,0
6.603539,Hold,70,14,0.1422312,-0.03276038,0.3835453,0.239,-0.08831209,0.3404917,75,0,0.1195985,9.5,0,0,0,0,0,0.1195985,119.5985,0,0,0,0,0,0,0,0,0,0,0,0
6.608803,Hold,70,14,0.1422312,-0.03276038,0.3835453,0.239,-0.08831209,0.3404917,75,0,0.1195985,9.5,0,0,0,0,0,0.1195985,119.5985,0,0,0,0,0,0,0,0,0,0,0,0
6.613548,Hold,70,14,0.1422312,-0.03276038,0.3835453,0.239,-0.08831209,0.3404917,75,0,0.1195985,9.5,0,0,0,0,0,0.1195985,119.5985,0,0,0,0,0,0,0,0,0,0,0,0
6.621422,Hold,70,14,0.1422312,-0.03276038,0.3835453,0.239,-0.08831209,0.3404917,75,0,0.1195985,9.5,0,0,0,0,0,0.1195985,119.5985,0,0,0,0,0,0,0,0,0,0,0,0
6.626991,Hold,70,14,0.1422312,-0.03276038,0.3835453,0.239,-0.08831209,0.3404917,75,0,0.1195985,9.5,0,0,0,0,0,0.1195985,119.5985,0,0,0,0,0,0,0,0,0,0,0,0
6.630196,Hold,70,14,0.1422312,-0.03276038,0.3835453,0.239,-0.08831209,0.3404917,75,0,0.1195985,9.5,0,0,0,0,0,0.1195985,119.5985,0,0,0,0,0,0,0,0,0,0,0,0
6.635887,Hold,70,14,0.1422312,-0.03276038,0.3835453,0.239,-0.08831209,0.3404917,75,0,0.1195985,9.5,0,0,0,0,0,0.1195985,119.5985,0,0,0,0,0,0,0,0,0,0,0,0
6.640327,Hold,70,14,0.1422312,-0.03276038,0.3835453,0.239,-0.08831209,0.3404917,75,0,0.1195985,9.5,0,0,0,0,0,0.1195985,119.5985,0,0,0,0,0,0,0,0,0,0,0,0
6.644905,Hold,70,14,0.1422312,-0.03276038,0.3835453,0.239,-0.08831209,0.3404917,75,0,0.1195985,9.5,0,0,0,0,0,0.1195985,119.5985,0,0,0,0,0,0,0,0,0,0,0,0
6.648933,Hold,70,14,0.1422312,-0.03276038,0.3835453,0.239,-0.08831209,0.3404917,75,0,0.1195985,9.5,0,0,0,0,0,0.1195985,119.5985,0,0,0,0,0,0,0,0,0,0,0,0
6.653099,Hold,70,14,0.1422312,-0.03276038,0.3835453,0.239,-0.08831209,0.3404917,75,0,0.1195985,9.5,0,0,0,0,0,0.1195985,119.5985,0,0,0,0,0,0,0,0,0,0,0,0
6.657448,Hold,70,14,0.1422312,-0.03276038,0.3835453,0.239,-0.08831209,0.3404917,75,0,0.1195985,9.5,0,0,0,0,0,0.1195985,119.5985,0,0,0,0,0,0,0,0,0,0,0,0
6.661537,Hold,70,14,0.1422312,-0.03276038,0.3835453,0.239,-0.08831209,0.3404917,75,0,0.1195985,9.5,0,0,0,0,0,0.1195985,119.5985,0,0,0,0,0,0,0,0,0,0,0,0
6.666206,Hold,70,14,0.1422312,-0.03276038,0.3835453,0.239,-0.08831209,0.3404917,75,0,0.1195985,9.5,0,0,0,0,0,0.1195985,119.5985,0,0,0,0,0,0,0,0,0,0,0,0
6.670128,Hold,70,14,0.1422312,-0.03276038,0.3835453,0.239,-0.08831209,0.3404917,75,0,0.1195985,9.5,0,0,0,0,0,0.1195985,119.5985,0,0,0,0,0,0,0,0,0,0,0,0
6.678444,Hold,70,14,0.1422312,-0.03276038,0.3835453,0.239,-0.08831209,0.3404917,75,0,0.1195985,9.5,0,0,0,0,0,0.1195985,119.5985,0,0,0,0,0,0,0,0,0,0,0,0
6.68531,Hold,70,14,0.1422312,-0.03276038,0.3835453,0.239,-0.08831209,0.3404917,75,0,0.1195985,9.5,0,0,0,0,0,0.1195985,119.5985,0,0,0,0,0,0,0,0,0,0,0,0
6.689857,Hold,70,14,0.1422312,-0.03276038,0.3835453,0.239,-0.08831209,0.3404917,75,0,0.1195985,9.5,0,0,0,0,0,0.1195985,119.5985,0,0,0,0,0,0,0,0,0,0,0,0
6.694756,Hold,70,14,0.1422312,-0.03276038,0.3835453,0.239,-0.08831209,0.3404917,75,0,0.1195985,9.5,0,0,0,0,0,0.1195985,119.5985,0,0,0,0,0,0,0,0,0,0,0,0
6.698143,Hold,70,14,0.1422312,-0.03276038,0.3835453,0.239,-0.08831209,0.3404917,75,0,0.1195985,9.5,0,0,0,0,0,0.1195985,119.5985,0,0,0,0,0,0,0,0,0,0,0,0
6.701805,Hold,70,14,0.1422312,-0.03276038,0.3835453,0.239,-0.08831209,0.3404917,75,0,0.1195985,9.5,0,0,0,0,0,0.1195985,119.5985,0,0,0,0,0,0,0,0,0,0,0,0
6.70797,Hold,70,14,0.1422312,-0.03276038,0.3835453,0.239,-0.08831209,0.3404917,75,0,0.1195985,9.5,0,0,0,0,0,0.1195985,119.5985,0,0,0,0,0,0,0,0,0,0,0,0
6.712135,Hold,70,14,0.1422312,-0.03276038,0.3835453,0.239,-0.08831209,0.3404917,75,0,0.1195985,9.5,0,0,0,0,0,0.1195985,119.5985,0,0,0,0,0,0,0,0,0,0,0,0
6.715675,Hold,70,14,0.1422312,-0.03276038,0.3835453,0.239,-0.08831209,0.3404917,75,0,0.1195985,9.5,0,0,0,0,0,0.1195985,119.5985,0,0,0,0,0,0,0,0,0,0,0,0
6.718681,Hold,70,14,0.1422312,-0.03276038,0.3835453,0.239,-0.08831209,0.3404917,75,0,0.1195985,9.5,0,0,0,0,0,0.1195985,119.5985,0,0,0,0,0,0,0,0,0,0,0,0
6.721703,Hold,70,14,0.1422312,-0.03276038,0.3835453,0.239,-0.08831209,0.3404917,75,0,0.1195985,9.5,0,0,0,0,0,0.1195985,119.5985,0,0,0,0,0,0,0,0,0,0,0,0
6.726006,Hold,70,14,0.1422312,-0.03276038,0.3835453,0.239,-0.08831209,0.3404917,75,0,0.1195985,9.5,0,0,0,0,0,0.1195985,119.5985,0,0,0,0,0,0,0,0,0,0,0,0
6.729683,Hold,70,14,0.1422312,-0.03276038,0.3835453,0.239,-0.08831209,0.3404917,75,0,0.1195985,9.5,0,0,0,0,0,0.1195985,119.5985,0,0,0,0,0,0,0,0,0,0,0,0
6.733192,Hold,70,14,0.1422312,-0.03276038,0.3835453,0.239,-0.08831209,0.3404917,75,0,0.1195985,9.5,0,0,0,0,0,0.1195985,119.5985,0,0,0,0,0,0,0,0,0,0,0,0
6.736473,Hold,70,14,0.1422312,-0.03276038,0.3835453,0.239,-0.08831209,0.3404917,75,0,0.1195985,9.5,0,0,0,0,0,0.1195985,119.5985,0,0,0,0,0,0,0,0,0,0,0,0
6.739952,Hold,70,14,0.1422312,-0.03276038,0.3835453,0.239,-0.08831209,0.3404917,75,0,0.1195985,9.5,0,0,0,0,0,0.1195985,119.5985,0,0,0,0,0,0,0,0,0,0,0,0
6.743446,Hold,70,14,0.1422312,-0.03276038,0.3835453,0.239,-0.08831209,0.3404917,75,0,0.1195985,9.5,0,0,0,0,0,0.1195985,119.5985,0,0,0,0,0,0,0,0,0,0,0,0
6.747536,Hold,70,14,0.1422312,-0.03276038,0.3835453,0.239,-0.08831209,0.3404917,75,0,0.1195985,9.5,0,0,0,0,0,0.1195985,119.5985,0,0,0,0,0,0,0,0,0,0,0,0
6.751381,Hold,70,14,0.1422312,-0.03276038,0.3835453,0.239,-0.08831209,0.3404917,75,0,0.1195985,9.5,0,0,0,0,0,0.1195985,119.5985,0,0,0,0,0,0,0,0,0,0,0,0
6.754372,Hold,70,14,0.1422312,-0.03276038,0.3835453,0.239,-0.08831209,0.3404917,75,0,0.1195985,9.5,0,0,0,0,0,0.1195985,119.5985,0,0,0,0,0,0,0,0,0,0,0,0
6.758156,Hold,70,14,0.1422312,-0.03276038,0.3835453,0.239,-0.08831209,0.3404917,75,0,0.1195985,9.5,0,0,0,0,0,0.1195985,119.5985,0,0,0,0,0,0,0,0,0,0,0,0
6.761787,Hold,70,14,0.1422312,-0.03276038,0.3835453,0.239,-0.08831209,0.3404917,75,0,0.1195985,9.5,0,0,0,0,0,0.1195985,119.5985,0,0,0,0,0,0,0,0,0,0,0,0
6.765724,Hold,70,14,0.1422312,-0.03276038,0.3835453,0.239,-0.08831209,0.3404917,75,0,0.1195985,9.5,0,0,0,0,0,0.1195985,119.5985,0,0,0,0,0,0,0,0,0,0,0,0
6.768745,Hold,70,14,0.1422312,-0.03276038,0.3835453,0.239,-0.08831209,0.3404917,75,0,0.1195985,9.5,0,0,0,0,0,0.1195985,119.5985,0,0,0,0,0,0,0,0,0,0,0,0
6.772835,Hold,70,14,0.1422312,-0.03276038,0.3835453,0.239,-0.08831209,0.3404917,75,0,0.1195985,9.5,0,0,0,0,0,0.1195985,119.5985,0,0,0,0,0,0,0,0,0,0,0,0
6.776802,Hold,70,14,0.1422312,-0.03276038,0.3835453,0.239,-0.08831209,0.3404917,75,0,0.1195985,9.5,0,0,0,0,0,0.1195985,119.5985,0,0,0,0,0,0,0,0,0,0,0,0
6.780434,Hold,70,14,0.1422312,-0.03276038,0.3835453,0.239,-0.08831209,0.3404917,75,0,0.1195985,9.5,0,0,0,0,0,0.1195985,119.5985,0,0,0,0,0,0,0,0,0,0,0,0
6.784126,Hold,70,14,0.1422312,-0.03276038,0.3835453,0.239,-0.08831209,0.3404917,75,0,0.1195985,9.5,0,0,0,0,0,0.1195985,119.5985,0,0,0,0,0,0,0,0,0,0,0,0
6.787331,Hold,70,14,0.1422312,-0.03276038,0.3835453,0.239,-0.08831209,0.3404917,75,0,0.1195985,9.5,0,0,0,0,0,0.1195985,119.5985,0,0,0,0,0,0,0,0,0,0,0,0
6.791374,Hold,70,14,0.1422312,-0.03276038,0.3835453,0.239,-0.08831209,0.3404917,75,0,0.1195985,9.5,0,0,0,0,0,0.1195985,119.5985,0,0,0,0,0,0,0,0,0,0,0,0
6.794762,Hold,70,14,0.1422312,-0.03276038,0.3835453,0.239,-0.08831209,0.3404917,75,0,0.1195985,9.5,0,0,0,0,0,0.1195985,119.5985,0,0,0,0,0,0,0,0,0,0,0,0
6.797966,Hold,70,14,0.1422312,-0.03276038,0.3835453,0.239,-0.08831209,0.3404917,75,0,0.1195985,9.5,0,0,0,0,0,0.1195985,119.5985,0,0,0,0,0,0,0,0,0,0,0,0
6.801491,Hold,70,14,0.1422312,-0.03276038,0.3835453,0.239,-0.08831209,0.3404917,75,0,0.1195985,9.5,0,0,0,0,0,0.1195985,119.5985,0,0,0,0,0,0,0,0,0,0,0,0
6.805794,Hold,70,14,0.1422312,-0.03276038,0.3835453,0.239,-0.08831209,0.3404917,75,0,0.1195985,9.5,0,0,0,0,0,0.1195985,119.5985,0,0,0,0,0,0,0,0,0,0,0,0
6.809669,Hold,70,14,0.1422312,-0.03276038,0.3835453,0.239,-0.08831209,0.3404917,75,0,0.1195985,9.5,0,0,0,0,0,0.1195985,119.5985,0,0,0,0,0,0,0,0,0,0,0,0
6.813148,Hold,70,14,0.1422312,-0.03276038,0.3835453,0.239,-0.08831209,0.3404917,75,0,0.1195985,9.5,0,0,0,0,0,0.1195985,119.5985,0,0,0,0,0,0,0,0,0,0,0,0
6.816673,Hold,70,14,0.1422312,-0.03276038,0.3835453,0.239,-0.08831209,0.3404917,75,0,0.1195985,9.5,0,0,0,0,0,0.1195985,119.5985,0,0,0,0,0,0,0,0,0,0,0,0
6.819649,Hold,70,14,0.1422312,-0.03276038,0.3835453,0.239,-0.08831209,0.3404917,75,0,0.1195985,9.5,0,0,0,0,0,0.1195985,119.5985,0,0,0,0,0,0,0,0,0,0,0,0
6.823448,Hold,70,14,0.1422312,-0.03276038,0.3835453,0.239,-0.08831209,0.3404917,75,0,0.1195985,9.5,0,0,0,0,0,0.1195985,119.5985,0,0,0,0,0,0,0,0,0,0,0,0
6.827217,Hold,70,14,0.1422312,-0.03276038,0.3835453,0.239,-0.08831209,0.3404917,75,0,0.1195985,9.5,0,0,0,0,0,0.1195985,119.5985,0,0,0,0,0,0,0,0,0,0,0,0
6.83062,Hold,70,14,0.1422312,-0.03276038,0.3835453,0.239,-0.08831209,0.3404917,75,0,0.1195985,9.5,0,0,0,0,0,0.1195985,119.5985,0,0,0,0,0,0,0,0,0,0,0,0
6.833946,Hold,70,14,0.1422312,-0.03276038,0.3835453,0.239,-0.08831209,0.3404917,75,0,0.1195985,9.5,0,0,0,0,0,0.1195985,119.5985,0,0,0,0,0,0,0,0,0,0,0,0
6.837242,Hold,70,14,0.1422312,-0.03276038,0.3835453,0.239,-0.08831209,0.3404917,75,0,0.1195985,9.5,0,0,0,0,0,0.1195985,119.5985,0,0,0,0,0,0,0,0,0,0,0,0
6.841591,Hold,70,14,0.1422312,-0.03276038,0.3835453,0.239,-0.08831209,0.3404917,75,0,0.1195985,9.5,0,0,0,0,0,0.1195985,119.5985,0,0,0,0,0,0,0,0,0,0,0,0
6.844887,Hold,70,14,0.1422312,-0.03276038,0.3835453,0.239,-0.08831209,0.3404917,75,0,0.1195985,9.5,0,0,0,0,0,0.1195985,119.5985,0,0,0,0,0,0,0,0,0,0,0,0
6.848427,Hold,70,14,0.1422312,-0.03276038,0.3835453,0.239,-0.08831209,0.3404917,75,0,0.1195985,9.5,0,0,0,0,0,0.1195985,119.5985,0,0,0,0,0,0,0,0,0,0,0,0
6.851509,Hold,70,14,0.1422312,-0.03276038,0.3835453,0.239,-0.08831209,0.3404917,75,0,0.1195985,9.5,0,0,0,0,0,0.1195985,119.5985,0,0,0,0,0,0,0,0,0,0,0,0
6.855247,Hold,70,14,0.1422312,-0.03276038,0.3835453,0.239,-0.08831209,0.3404917,75,0,0.1195985,9.5,0,0,0,0,0,0.1195985,119.5985,0,0,0,0,0,0,0,0,0,0,0,0
6.859169,Hold,70,14,0.1422312,-0.03276038,0.3835453,0.239,-0.08831209,0.3404917,75,0,0.1195985,9.5,0,0,0,0,0,0.1195985,119.5985,0,0,0,0,0,0,0,0,0,0,0,0
6.862434,Hold,70,14,0.1422312,-0.03276038,0.3835453,0.239,-0.08831209,0.3404917,75,0,0.1195985,9.5,0,0,0,0,0,0.1195985,119.5985,0,0,0,0,0,0,0,0,0,0,0,0
6.866539,Hold,70,14,0.1422312,-0.03276038,0.3835453,0.239,-0.08831209,0.3404917,75,0,0.1195985,9.5,0,0,0,0,0,0.1195985,119.5985,0,0,0,0,0,0,0,0,0,0,0,0
6.870079,Hold,70,14,0.1422312,-0.03276038,0.3835453,0.239,-0.08831209,0.3404917,75,0,0.1195985,9.5,0,0,0,0,0,0.1195985,119.5985,0,0,0,0,0,0,0,0,0,0,0,0
6.874016,Hold,70,14,0.1422312,-0.03276038,0.3835453,0.239,-0.08831209,0.3404917,75,0,0.1195985,9.5,0,0,0,0,0,0.1195985,119.5985,0,0,0,0,0,0,0,0,0,0,0,0
6.877419,Hold,70,14,0.1422312,-0.03276038,0.3835453,0.239,-0.08831209,0.3404917,75,0,0.1195985,9.5,0,0,0,0,0,0.1195985,119.5985,0,0,0,0,0,0,0,0,0,0,0,0
6.880699,Hold,70,14,0.1422312,-0.03276038,0.3835453,0.239,-0.08831209,0.3404917,75,0,0.1195985,9.5,0,0,0,0,0,0.1195985,119.5985,0,0,0,0,0,0,0,0,0,0,0,0
6.884224,Hold,70,14,0.1422312,-0.03276038,0.3835453,0.239,-0.08831209,0.3404917,75,0,0.1195985,9.5,0,0,0,0,0,0.1195985,119.5985,0,0,0,0,0,0,0,0,0,0,0,0
6.88755,Hold,70,14,0.1422312,-0.03276038,0.3835453,0.239,-0.08831209,0.3404917,75,0,0.1195985,9.5,0,0,0,0,0,0.1195985,119.5985,0,0,0,0,0,0,0,0,0,0,0,0
6.891701,Hold,70,14,0.1422312,-0.03276038,0.3835453,0.239,-0.08831209,0.3404917,75,0,0.1195985,9.5,0,0,0,0,0,0.1195985,119.5985,0,0,0,0,0,0,0,0,0,0,0,0
6.894737,Hold,70,14,0.1422312,-0.03276038,0.3835453,0.239,-0.08831209,0.3404917,75,0,0.1195985,9.5,0,0,0,0,0,0.1195985,119.5985,0,0,0,0,0,0,0,0,0,0,0,0
6.898155,Hold,70,14,0.1422312,-0.03276038,0.3835453,0.239,-0.08831209,0.3404917,75,0,0.1195985,9.5,0,0,0,0,0,0.1195985,119.5985,0,0,0,0,0,0,0,0,0,0,0,0
6.901497,Hold,70,14,0.1422312,-0.03276038,0.3835453,0.239,-0.08831209,0.3404917,75,0,0.1195985,9.5,0,0,0,0,0,0.1195985,119.5985,0,0,0,0,0,0,0,0,0,0,0,0
6.905052,Hold,70,14,0.1422312,-0.03276038,0.3835453,0.239,-0.08831209,0.3404917,75,0,0.1195985,9.5,0,0,0,0,0,0.1195985,119.5985,0,0,0,0,0,0,0,0,0,0,0,0
6.908684,Hold,70,14,0.1422312,-0.03276038,0.3835453,0.239,-0.08831209,0.3404917,75,0,0.1195985,9.5,0,0,0,0,0,0.1195985,119.5985,0,0,0,0,0,0,0,0,0,0,0,0
6.911827,Hold,70,14,0.1422312,-0.03276038,0.3835453,0.239,-0.08831209,0.3404917,75,0,0.1195985,9.5,0,0,0,0,0,0.1195985,119.5985,0,0,0,0,0,0,0,0,0,0,0,0
6.915352,Hold,70,14,0.1422312,-0.03276038,0.3835453,0.239,-0.08831209,0.3404917,75,0,0.1195985,9.5,0,0,0,0,0,0.1195985,119.5985,0,0,0,0,0,0,0,0,0,0,0,0
6.918739,Hold,70,14,0.1422312,-0.03276038,0.3835453,0.239,-0.08831209,0.3404917,75,0,0.1195985,9.5,0,0,0,0,0,0.1195985,119.5985,0,0,0,0,0,0,0,0,0,0,0,0
6.922157,Hold,70,14,0.1422312,-0.03276038,0.3835453,0.239,-0.08831209,0.3404917,75,0,0.1195985,9.5,0,0,0,0,0,0.1195985,119.5985,0,0,0,0,0,0,0,0,0,0,0,0
6.925774,Hold,70,14,0.1422312,-0.03276038,0.3835453,0.239,-0.08831209,0.3404917,75,0,0.1195985,9.5,0,0,0,0,0,0.1195985,119.5985,0,0,0,0,0,0,0,0,0,0,0,0
6.929298,Hold,70,14,0.1422312,-0.03276038,0.3835453,0.239,-0.08831209,0.3404917,75,0,0.1195985,9.5,0,0,0,0,0,0.1195985,119.5985,0,0,0,0,0,0,0,0,0,0,0,0
6.935356,Hold,70,14,0.1422312,-0.03276038,0.3835453,0.239,-0.08831209,0.3404917,75,0,0.1195985,9.5,0,0,0,0,0,0.1195985,119.5985,0,0,0,0,0,0,0,0,0,0,0,0
6.942894,Hold,70,14,0.1422312,-0.03276038,0.3835453,0.239,-0.08831209,0.3404917,75,0,0.1195985,9.5,0,0,0,0,0,0.1195985,119.5985,0,0,0,0,0,0,0,0,0,0,0,0
6.950127,Hold,70,14,0.1422312,-0.03276038,0.3835453,0.239,-0.08831209,0.3404917,75,0,0.1195985,9.5,0,0,0,0,0,0.1195985,119.5985,0,0,0,0,0,0,0,0,0,0,0,0
6.9571,Hold,70,14,0.1422312,-0.03276038,0.3835453,0.239,-0.08831209,0.3404917,75,0,0.1195985,9.5,0,0,0,0,0,0.1195985,119.5985,0,0,0,0,0,0,0,0,0,0,0,0
6.959984,Hold,70,14,0.1422312,-0.03276038,0.3835453,0.239,-0.08831209,0.3404917,75,0,0.1195985,9.5,0,0,0,0,0,0.1195985,119.5985,0,0,0,0,0,0,0,0,0,0,0,0
6.96447,Hold,70,14,0.1422312,-0.03276038,0.3835453,0.239,-0.08831209,0.3404917,75,0,0.1195985,9.5,0,0,0,0,0,0.1195985,119.5985,0,0,0,0,0,0,0,0,0,0,0,0
6.967674,Hold,70,14,0.1422312,-0.03276038,0.3835453,0.239,-0.08831209,0.3404917,75,0,0.1195985,9.5,0,0,0,0,0,0.1195985,119.5985,0,0,0,0,0,0,0,0,0,0,0,0
6.971031,Hold,70,14,0.1422312,-0.03276038,0.3835453,0.239,-0.08831209,0.3404917,75,0,0.1195985,9.5,0,0,0,0,0,0.1195985,119.5985,0,0,0,0,0,0,0,0,0,0,0,0
6.974983,Hold,70,14,0.1422312,-0.03276038,0.3835453,0.239,-0.08831209,0.3404917,75,0,0.1195985,9.5,0,0,0,0,0,0.1195985,119.5985,0,0,0,0,0,0,0,0,0,0,0,0
6.978432,Hold,70,14,0.1422312,-0.03276038,0.3835453,0.239,-0.08831209,0.3404917,75,0,0.1195985,9.5,0,0,0,0,0,0.1195985,119.5985,0,0,0,0,0,0,0,0,0,0,0,0
6.982063,Hold,70,14,0.1422312,-0.03276038,0.3835453,0.239,-0.08831209,0.3404917,75,0,0.1195985,9.5,0,0,0,0,0,0.1195985,119.5985,0,0,0,0,0,0,0,0,0,0,0,0
6.985603,Hold,70,14,0.1422312,-0.03276038,0.3835453,0.239,-0.08831209,0.3404917,75,0,0.1195985,9.5,0,0,0,0,0,0.1195985,119.5985,0,0,0,0,0,0,0,0,0,0,0,0
6.988747,Hold,70,14,0.1422312,-0.03276038,0.3835453,0.239,-0.08831209,0.3404917,75,0,0.1195985,9.5,0,0,0,0,0,0.1195985,119.5985,0,0,0,0,0,0,0,0,0,0,0,0
6.992455,Hold,70,14,0.1422312,-0.03276038,0.3835453,0.239,-0.08831209,0.3404917,75,0,0.1195985,9.5,0,0,0,0,0,0.1195985,119.5985,0,0,0,0,0,0,0,0,0,0,0,0
6.996361,Hold,70,14,0.1422312,-0.03276038,0.3835453,0.239,-0.08831209,0.3404917,75,0,0.1195985,9.5,0,0,0,0,0,0.1195985,119.5985,0,0,0,0,0,0,0,0,0,0,0,0
6.999763,Hold,70,14,0.1422312,-0.03276038,0.3835453,0.239,-0.08831209,0.3404917,75,0,0.1195985,9.5,0,0,0,0,0,0.1195985,119.5985,0,0,0,0,0,0,0,0,0,0,0,0
